Source,Location ID,City,State,Country,Latitude,Longitude,Time Zone,Elevation,Local Time Zone,Clearsky DHI Units,Clearsky DNI Units,Clearsky GHI Units,Dew Point Units,DHI Units,DNI Units,GHI Units,Solar Zenith Angle Units,Temperature Units,Pressure Units,Relative Humidity Units,Precipitable Water Units,Wind Direction Units,Wind Speed Units,Cloud Type -15,Cloud Type 0,Cloud Type 1,Cloud Type 2,Cloud Type 3,Cloud Type 4,Cloud Type 5,Cloud Type 6,Cloud Type 7,Cloud Type 8,Cloud Type 9,Cloud Type 10,Cloud Type 11,Cloud Type 12,Fill Flag 0,Fill Flag 1,Fill Flag 2,Fill Flag 3,Fill Flag 4,Fill Flag 5,Surface Albedo Units,Version
NSRDB,603402,-,-,-,38.54,-121.73,0,13,-8,w/m2,w/m2,w/m2,c,w/m2,w/m2,w/m2,Degree,c,mbar,%,cm,Degrees,m/s,N/A,Clear,Probably Clear,Fog,Water,Super-Cooled Water,Mixed,Opaque Ice,Cirrus,Overlapping,Overshooting,Unknown,Dust,Smoke,N/A,Missing Image,Low Irradiance,Exceeds Clearsky,Missing CLoud Properties,Rayleigh Violation,N/A,4.1.2.dev4+g3b38bc8.d20250228
Year,Month,Day,Hour,Minute,Temperature,Alpha,DNI,Relative Humidity,Wind Speed,Pressure
2024,1,1,0,0,11.4,1.12,4,92.46000000000001,0,1018
2024,1,1,1,0,10.5,1.1300000000000001,0,96.11,0,1018
2024,1,1,2,0,10,1.1300000000000001,0,99.24000000000001,0,1019
2024,1,1,3,0,9.8,1.1300000000000001,0,100,0,1019
2024,1,1,4,0,9.600000000000001,1.1300000000000001,0,100,0,1019
2024,1,1,5,0,9.3,1.1300000000000001,0,100,0,1019
2024,1,1,6,0,8.9,1.1400000000000001,0,99.95,0,1019
2024,1,1,7,0,8.5,1.1400000000000001,0,99.37,0,1019
2024,1,1,8,0,8.3,1.1500000000000001,0,99.04,0,1019
2024,1,1,9,0,8.3,1.1500000000000001,0,98.16,0,1019
2024,1,1,10,0,7.7,1.16,0,99.09,0,1020
2024,1,1,11,0,7.4,1.16,0,97.94,0,1020
2024,1,1,12,0,7.1000000000000005,1.16,0,96.88,0,1019
2024,1,1,13,0,6.9,1.17,0,95.41,0,1019
2024,1,1,14,0,6.800000000000001,1.18,0,94.09,0,1020
2024,1,1,15,0,6.800000000000001,1.19,0,92.73,0,1020
2024,1,1,16,0,8.200000000000001,1.21,376,88.96000000000001,0,1021
2024,1,1,17,0,9.9,1.23,666,83.09,0,1022
2024,1,1,18,0,12,1.29,801,74.36,0,1022
2024,1,1,19,0,13.9,1.28,855,65.11,0,1021
2024,1,1,20,0,15.3,1.26,875,58.54,0,1021
2024,1,1,21,0,16,1.28,868,56,0,1020
2024,1,1,22,0,16,1.27,831,57.08,0,1020
2024,1,1,23,0,15.3,1.26,748,64.32000000000001,0,1020
2024,1,2,0,0,13.100000000000001,1.25,554,72.63,0,1020
2024,1,2,1,0,12.600000000000001,1.24,0,70.36,0,1020
2024,1,2,2,0,12.200000000000001,1.24,0,74.15,0,1021
2024,1,2,3,0,11.4,1.24,0,79.5,0,1021
2024,1,2,4,0,10.3,1.24,0,86.03,0,1021
2024,1,2,5,0,9.600000000000001,1.25,0,90.96000000000001,0,1021
2024,1,2,6,0,8.700000000000001,1.26,0,97.69,0,1022
2024,1,2,7,0,7.9,1.27,0,100,0,1022
2024,1,2,8,0,7.2,1.29,0,100,0,1021
2024,1,2,9,0,7.1000000000000005,1.29,0,100,0,1022
2024,1,2,10,0,7.5,1.3,0,100,0,1022
2024,1,2,11,0,7.7,1.31,0,100,0,1021
2024,1,2,12,0,6.9,1.32,0,100,0,1021
2024,1,2,13,0,6.7,1.31,0,100,0,1021
2024,1,2,14,0,6.5,1.32,0,100,0,1021
2024,1,2,15,0,6.5,1.31,0,99.54,0,1021
2024,1,2,16,0,7.9,1.3,1,93.18,0,1021
2024,1,2,17,0,8.8,1.29,4,91.07000000000001,0,1022
2024,1,2,18,0,10.8,1.1500000000000001,12,87.10000000000001,0,1022
2024,1,2,19,0,13.600000000000001,1.12,0,78.55,0,1021
2024,1,2,20,0,15.5,1.1,0,69.76,0,1019
2024,1,2,21,0,16.3,0.75,0,64.1,0,1018
2024,1,2,22,0,15.3,0.66,109,68.88,0,1017
2024,1,2,23,0,13.9,0.62,0,78.44,0,1016
2024,1,3,0,0,12.8,0.65,123,86.24,0,1015
2024,1,3,1,0,12.100000000000001,0.6,0,92.48,0,1015
2024,1,3,2,0,11.700000000000001,0.63,0,94.03,0,1015
2024,1,3,3,0,11,0.67,0,92.51,0,1015
2024,1,3,4,0,10,0.58,0,93.04,0,1015
2024,1,3,5,0,8.700000000000001,0.55,0,95.39,0,1016
2024,1,3,6,0,8.3,0.52,0,95.78,0,1016
2024,1,3,7,0,8,0.5,0,96.04,0,1016
2024,1,3,8,0,7.5,0.47000000000000003,0,96.94,0,1017
2024,1,3,9,0,7.2,0.42,0,97.67,0,1017
2024,1,3,10,0,7.300000000000001,0.37,0,97.23,0,1017
2024,1,3,11,0,7.4,0.33,0,96.84,0,1017
2024,1,3,12,0,7.5,0.32,0,96.75,0,1017
2024,1,3,13,0,7.7,0.32,0,96.68,0,1017
2024,1,3,14,0,7.6000000000000005,0.31,0,97.3,0,1018
2024,1,3,15,0,7.5,0.33,0,97.83,0,1018
2024,1,3,16,0,8.700000000000001,0.34,0,95.63,0,1018
2024,1,3,17,0,10.200000000000001,0.38,4,91.22,0,1019
2024,1,3,18,0,11.600000000000001,0.47000000000000003,36,83.21000000000001,0,1019
2024,1,3,19,0,12.3,0.58,813,76.76,0,1019
2024,1,3,20,0,12.8,0.65,1,72.27,0,1019
2024,1,3,21,0,12.700000000000001,0.74,0,71,0,1019
2024,1,3,22,0,12.5,0.79,44,71.68,0,1019
2024,1,3,23,0,12.200000000000001,0.8300000000000001,699,73.67,0,1020
2024,1,4,0,0,10.4,0.89,501,86.34,0,1020
2024,1,4,1,0,9.1,0.9400000000000001,0,90.46000000000001,0,1021
2024,1,4,2,0,8.4,0.99,0,92.55,0,1022
2024,1,4,3,0,7.9,1.02,0,95.2,0,1022
2024,1,4,4,0,7.5,1.03,0,97.55,0,1023
2024,1,4,5,0,6.9,1.03,0,100,0,1023
2024,1,4,6,0,6,1.05,0,100,0,1023
2024,1,4,7,0,5.1000000000000005,1.06,0,100,0,1023
2024,1,4,8,0,4.6000000000000005,1.09,0,100,0,1023
2024,1,4,9,0,4.6000000000000005,1.12,0,100,0,1023
2024,1,4,10,0,4.800000000000001,1.1500000000000001,0,100,0,1023
2024,1,4,11,0,5.300000000000001,1.1500000000000001,0,98.41,0,1023
2024,1,4,12,0,5.7,1.16,0,94.17,0,1023
2024,1,4,13,0,5.5,1.17,0,93.86,0,1023
2024,1,4,14,0,4.7,1.21,0,96.9,0,1024
2024,1,4,15,0,3.8000000000000003,1.21,0,100,0,1024
2024,1,4,16,0,6.5,1.23,447,88.64,0,1025
2024,1,4,17,0,8.8,1.25,4,78.97,0,1025
2024,1,4,18,0,11.5,1.31,834,63.97,0,1026
2024,1,4,19,0,13.3,1.3,886,57.34,0,1025
2024,1,4,20,0,14.600000000000001,1.28,902,53.300000000000004,0,1024
2024,1,4,21,0,15.3,1,863,51.76,0,1024
2024,1,4,22,0,15.600000000000001,0.98,821,51.84,0,1023
2024,1,4,23,0,14.200000000000001,0.97,730,68.92,0,1023
2024,1,5,0,0,12,0.97,536,74.63,0,1023
2024,1,5,1,0,10.100000000000001,0.97,0,77.71000000000001,0,1024
2024,1,5,2,0,9.4,0.96,0,84.34,0,1024
2024,1,5,3,0,8.700000000000001,0.96,0,92.64,0,1024
2024,1,5,4,0,8.200000000000001,0.96,0,99.27,0,1024
2024,1,5,5,0,8.4,0.97,0,100,0,1024
2024,1,5,6,0,8.5,0.99,0,100,0,1024
2024,1,5,7,0,8.700000000000001,1.01,0,100,0,1024
2024,1,5,8,0,8.9,1.05,0,98.83,0,1023
2024,1,5,9,0,8.700000000000001,1.08,0,100,0,1024
2024,1,5,10,0,8,1.06,0,100,0,1024
2024,1,5,11,0,7.4,1.06,0,100,0,1024
2024,1,5,12,0,6.6000000000000005,1.05,0,100,0,1024
2024,1,5,13,0,6,1.06,0,100,0,1025
2024,1,5,14,0,5.6000000000000005,1.09,0,100,0,1025
2024,1,5,15,0,5.5,1.1300000000000001,0,100,0,1026
2024,1,5,16,0,8.200000000000001,1.16,410,93.7,0,1027
2024,1,5,17,0,10.5,1.21,711,85.03,0,1027
2024,1,5,18,0,12.8,1.37,841,76,0,1027
2024,1,5,19,0,14.4,1.37,900,67.73,0,1026
2024,1,5,20,0,15.3,1.32,914,59.44,0,1025
2024,1,5,21,0,15.700000000000001,1.22,904,53.82,0,1024
2024,1,5,22,0,15.700000000000001,1.19,869,50.800000000000004,0,1023
2024,1,5,23,0,14.600000000000001,1.16,786,56.08,0,1023
2024,1,6,0,0,11.200000000000001,0.97,585,71.25,0,1023
2024,1,6,1,0,9,0.99,0,78.89,0,1023
2024,1,6,2,0,8.4,1.01,0,82.39,0,1024
2024,1,6,3,0,7.800000000000001,1.02,0,85.83,0,1024
2024,1,6,4,0,6.7,1.05,0,90.41,0,1024
2024,1,6,5,0,5.9,1.07,0,92.26,0,1023
2024,1,6,6,0,5.7,1.09,0,90.46000000000001,0,1023
2024,1,6,7,0,5.7,1.1,0,87.93,0,1022
2024,1,6,8,0,5.7,1.1,0,86.32000000000001,0,1022
2024,1,6,9,0,7.2,1.09,0,76.86,0,1022
2024,1,6,10,0,6.800000000000001,1.08,0,78.15,0,1022
2024,1,6,11,0,5.4,1.05,0,88.52,0,1021
2024,1,6,12,0,5.1000000000000005,1,0,97.83,0,1021
2024,1,6,13,0,5.300000000000001,0.97,0,100,0,1020
2024,1,6,14,0,6,0.96,0,100,0,1020
2024,1,6,15,0,6.6000000000000005,0.98,0,100,0,1019
2024,1,6,16,0,7.800000000000001,1.01,0,99.57000000000001,0,1019
2024,1,6,17,0,9,0.99,0,93.08,0,1019
2024,1,6,18,0,9.5,0.9400000000000001,1,92.68,0,1018
2024,1,6,19,0,10.100000000000001,0.8200000000000001,0,92.12,0,1017
2024,1,6,20,0,11,0.75,3,90.11,0,1015
2024,1,6,21,0,11.5,0.66,0,89.89,0,1013
2024,1,6,22,0,11.9,0.58,2,85.95,0,1012
2024,1,6,23,0,11.700000000000001,0.64,12,79.65,0,1013
2024,1,7,0,0,9.4,0.73,265,80.89,0,1013
2024,1,7,1,0,7,0.79,0,84.5,0,1014
2024,1,7,2,0,6.2,0.81,0,83.61,0,1015
2024,1,7,3,0,5.5,0.85,0,84.03,0,1015
2024,1,7,4,0,4.9,0.91,0,84.56,0,1016
2024,1,7,5,0,4.1000000000000005,0.97,0,86.49,0,1016
2024,1,7,6,0,3.3000000000000003,1.01,0,88.42,0,1017
2024,1,7,7,0,2.6,1.03,0,89.74,0,1017
2024,1,7,8,0,2.1,1.04,0,90.44,0,1017
2024,1,7,9,0,1.7000000000000002,1.05,0,91.13,0,1017
2024,1,7,10,0,1.5,1.06,0,91.03,0,1017
2024,1,7,11,0,1.3,1.07,0,91.44,0,1018
2024,1,7,12,0,1,1.09,0,92.32000000000001,0,1018
2024,1,7,13,0,0.6000000000000001,1.11,0,93.61,0,1018
2024,1,7,14,0,0.30000000000000004,1.1300000000000001,0,94.16,0,1019
2024,1,7,15,0,0.4,1.1400000000000001,0,93.37,0,1019
2024,1,7,16,0,3.3000000000000003,1.1500000000000001,496,82.34,0,1020
2024,1,7,17,0,5.9,1.1500000000000001,761,73.07000000000001,0,1020
2024,1,7,18,0,9,1.09,862,58.45,0,1020
2024,1,7,19,0,10.9,1.09,915,50.29,0,1020
2024,1,7,20,0,12,1.11,936,45.61,0,1019
2024,1,7,21,0,12.4,1.04,544,43.96,0,1018
2024,1,7,22,0,12.4,1.07,563,44.04,0,1018
2024,1,7,23,0,11.600000000000001,1.09,807,49.660000000000004,0,1018
2024,1,8,0,0,8,1.12,627,70.52,0,1019
2024,1,8,1,0,5.6000000000000005,1.1500000000000001,0,77.48,0,1019
2024,1,8,2,0,5,1.18,0,80.19,0,1019
2024,1,8,3,0,4.5,1.19,0,83.35000000000001,0,1020
2024,1,8,4,0,4.2,1.21,0,85.46000000000001,0,1021
2024,1,8,5,0,3.8000000000000003,1.24,0,87.5,0,1021
2024,1,8,6,0,3.4000000000000004,1.29,0,88.75,0,1021
2024,1,8,7,0,3.1,1.34,0,88.47,0,1021
2024,1,8,8,0,2.8000000000000003,1.3800000000000001,0,87.82000000000001,0,1021
2024,1,8,9,0,2.4000000000000004,1.41,0,87.71000000000001,0,1022
2024,1,8,10,0,1.9000000000000001,1.42,0,87.8,0,1022
2024,1,8,11,0,1.5,1.4000000000000001,0,87.64,0,1022
2024,1,8,12,0,1.3,1.3800000000000001,0,87,0,1023
2024,1,8,13,0,1.3,1.37,0,85.44,0,1023
2024,1,8,14,0,1.2000000000000002,1.35,0,84.63,0,1024
2024,1,8,15,0,1.5,1.36,0,82.67,0,1025
2024,1,8,16,0,4.4,1.35,451,74.75,0,1026
2024,1,8,17,0,6.7,1.36,716,62.190000000000005,0,1027
2024,1,8,18,0,8.9,1.19,821,55.2,0,1027
2024,1,8,19,0,11.200000000000001,1.18,873,48.11,0,1026
2024,1,8,20,0,12.8,1.18,893,43.84,0,1025
2024,1,8,21,0,13.600000000000001,0.91,868,42.58,0,1025
2024,1,8,22,0,13.8,0.91,524,43.480000000000004,0,1025
2024,1,8,23,0,13.200000000000001,0.91,341,51.09,0,1025
2024,1,9,0,0,11.3,0.91,27,57.21,0,1025
2024,1,9,1,0,9.4,0.91,0,61.97,0,1026
2024,1,9,2,0,8.4,0.91,0,66.8,0,1026
2024,1,9,3,0,7.7,0.91,0,70.66,0,1026
2024,1,9,4,0,7.4,0.91,0,72.86,0,1027
2024,1,9,5,0,7.1000000000000005,0.92,0,75.4,0,1027
2024,1,9,6,0,6.9,0.93,0,77.64,0,1027
2024,1,9,7,0,6.4,0.9500000000000001,0,81.61,0,1027
2024,1,9,8,0,6.1000000000000005,0.98,0,84.59,0,1027
2024,1,9,9,0,6.1000000000000005,1.01,0,85.75,0,1027
2024,1,9,10,0,6.300000000000001,1.03,0,85.35000000000001,0,1026
2024,1,9,11,0,6.300000000000001,1.05,0,85.71000000000001,0,1026
2024,1,9,12,0,6.1000000000000005,1.06,0,88.63,0,1025
2024,1,9,13,0,6.4,1.07,0,90.07000000000001,0,1025
2024,1,9,14,0,6.7,1.08,0,91.69,0,1025
2024,1,9,15,0,7.1000000000000005,1.08,0,93.10000000000001,0,1025
2024,1,9,16,0,8.1,1.08,0,93.13,0,1024
2024,1,9,17,0,9.200000000000001,1.07,72,92.65,0,1024
2024,1,9,18,0,10.3,0.85,739,92.76,0,1023
2024,1,9,19,0,11.8,0.79,806,90.69,0,1023
2024,1,9,20,0,13.100000000000001,0.6900000000000001,0,83.11,0,1022
2024,1,9,21,0,14.100000000000001,0.66,826,71.10000000000001,0,1021
2024,1,9,22,0,14.200000000000001,0.67,789,64.61,0,1021
2024,1,9,23,0,13.4,0.68,702,69.26,0,1020
2024,1,10,0,0,11,0.7000000000000001,499,78.73,0,1020
2024,1,10,1,0,9.1,0.7000000000000001,0,83.48,0,1020
2024,1,10,2,0,7.5,0.71,0,94.42,0,1020
2024,1,10,3,0,6.7,0.73,0,99.79,0,1020
2024,1,10,4,0,6.1000000000000005,0.77,0,100,0,1021
2024,1,10,5,0,5.5,0.8200000000000001,0,100,0,1021
2024,1,10,6,0,5,0.88,0,100,0,1021
2024,1,10,7,0,4.4,0.91,0,100,0,1021
2024,1,10,8,0,3.9000000000000004,0.92,0,100,0,1020
2024,1,10,9,0,3.3000000000000003,0.91,0,100,0,1020
2024,1,10,10,0,2.9000000000000004,0.89,0,100,0,1020
2024,1,10,11,0,2.7,0.85,0,100,0,1019
2024,1,10,12,0,2.7,0.8,0,100,0,1019
2024,1,10,13,0,2.9000000000000004,0.73,0,100,0,1018
2024,1,10,14,0,3.7,0.64,0,100,0,1018
2024,1,10,15,0,5.300000000000001,0.5700000000000001,0,99.64,0,1017
2024,1,10,16,0,6.800000000000001,0.53,267,95.92,0,1016
2024,1,10,17,0,8.6,0.51,156,94.06,0,1016
2024,1,10,18,0,11.200000000000001,0.62,415,88.05,0,1015
2024,1,10,19,0,13,0.61,149,79.75,0,1014
2024,1,10,20,0,13.700000000000001,0.5700000000000001,72,74.72,0,1012
2024,1,10,21,0,13.700000000000001,0.4,113,74.52,0,1011
2024,1,10,22,0,13.5,0.4,314,75.86,0,1011
2024,1,10,23,0,12.9,0.39,24,79.66,0,1010
2024,1,11,0,0,11.8,0.37,5,85.14,0,1010
2024,1,11,1,0,10.8,0.39,0,88.44,0,1010
2024,1,11,2,0,9.8,0.53,0,89.37,0,1010
2024,1,11,3,0,8.8,0.76,0,88.25,0,1010
2024,1,11,4,0,7.800000000000001,1.01,0,86.65,0,1011
2024,1,11,5,0,7,1.1300000000000001,0,85.71000000000001,0,1011
2024,1,11,6,0,6.4,1.1500000000000001,0,84.75,0,1012
2024,1,11,7,0,5.9,1.11,0,81.97,0,1013
2024,1,11,8,0,5.6000000000000005,1.1400000000000001,0,77.8,0,1013
2024,1,11,9,0,5.2,1.3,0,76.48,0,1014
2024,1,11,10,0,4.3,1.42,0,80.3,0,1015
2024,1,11,11,0,3.3000000000000003,1.45,0,85.06,0,1016
2024,1,11,12,0,2.8000000000000003,1.42,0,86.11,0,1017
2024,1,11,13,0,2.3000000000000003,1.41,0,86.27,0,1018
2024,1,11,14,0,1.8,1.42,0,86.21000000000001,0,1018
2024,1,11,15,0,1.6,1.44,0,85.68,0,1019
2024,1,11,16,0,4.1000000000000005,1.48,528,74.28,0,1020
2024,1,11,17,0,6.6000000000000005,1.51,787,62,0,1021
2024,1,11,18,0,9.1,1.57,886,48.71,0,1021
2024,1,11,19,0,10.9,1.53,935,41.68,0,1021
2024,1,11,20,0,12.100000000000001,1.45,942,39.01,0,1021
2024,1,11,21,0,12.700000000000001,0.93,915,37.94,0,1020
2024,1,11,22,0,12.8,0.9,872,37.97,0,1020
2024,1,11,23,0,12.3,0.89,788,42.730000000000004,0,1020
2024,1,12,0,0,10.600000000000001,0.9,2,47.71,0,1020
2024,1,12,1,0,8.5,0.91,0,54.47,0,1021
2024,1,12,2,0,6.800000000000001,0.92,0,62.81,0,1021
2024,1,12,3,0,5.7,0.9400000000000001,0,71.62,0,1021
2024,1,12,4,0,5.4,0.9500000000000001,0,77.3,0,1021
2024,1,12,5,0,4.9,0.97,0,84.8,0,1022
2024,1,12,6,0,4.2,1,0,92.2,0,1022
2024,1,12,7,0,4.4,1.03,0,93.84,0,1022
2024,1,12,8,0,4.1000000000000005,1.04,0,97.33,0,1022
2024,1,12,9,0,3.1,1.06,0,100,0,1022
2024,1,12,10,0,3.3000000000000003,1.07,0,100,0,1022
2024,1,12,11,0,4,1.09,0,95.2,0,1022
2024,1,12,12,0,3.8000000000000003,1.1,0,94.89,0,1022
2024,1,12,13,0,3.6,1.12,0,95.33,0,1022
2024,1,12,14,0,3.4000000000000004,1.1300000000000001,0,95.77,0,1023
2024,1,12,15,0,3.2,1.1500000000000001,0,95.10000000000001,0,1024
2024,1,12,16,0,3.8000000000000003,1.1500000000000001,2,91.06,0,1024
2024,1,12,17,0,4.9,1.16,182,86.57000000000001,0,1024
2024,1,12,18,0,6.9,1.09,385,81.27,0,1024
2024,1,12,19,0,9.5,1.11,393,70.11,0,1024
2024,1,12,20,0,11.3,1.11,177,62.410000000000004,0,1023
2024,1,12,21,0,12,1.05,67,59.69,0,1022
2024,1,12,22,0,12,1.03,243,60.96,0,1022
2024,1,12,23,0,11.4,1.03,10,70.05,0,1022
2024,1,13,0,0,10.200000000000001,0.98,0,71.15,0,1022
2024,1,13,1,0,8.8,0.99,0,73.39,0,1021
2024,1,13,2,0,8,0.98,0,78,0,1022
2024,1,13,3,0,7.6000000000000005,0.99,0,80.77,0,1022
2024,1,13,4,0,7.1000000000000005,0.99,0,85.06,0,1022
2024,1,13,5,0,6.5,0.98,0,90.91,0,1022
2024,1,13,6,0,6.4,0.96,0,94.31,0,1022
2024,1,13,7,0,6.4,0.97,0,96.71000000000001,0,1022
2024,1,13,8,0,6.2,0.98,0,99.19,0,1021
2024,1,13,9,0,6.4,0.98,0,98.25,0,1021
2024,1,13,10,0,6.6000000000000005,0.98,0,96.57000000000001,0,1021
2024,1,13,11,0,6.6000000000000005,0.97,0,96.35000000000001,0,1020
2024,1,13,12,0,6.6000000000000005,0.96,0,96.63,0,1020
2024,1,13,13,0,6.5,0.96,0,97.28,0,1019
2024,1,13,14,0,6.4,0.96,0,98.05,0,1019
2024,1,13,15,0,6.7,0.98,0,96.66,0,1019
2024,1,13,16,0,7.4,0.99,5,94.61,0,1019
2024,1,13,17,0,8,1.01,0,93.78,0,1019
2024,1,13,18,0,8.6,1.1,0,93.53,0,1019
2024,1,13,19,0,9.200000000000001,1.1300000000000001,2,93.42,0,1018
2024,1,13,20,0,9.9,1.1300000000000001,57,93.48,0,1017
2024,1,13,21,0,10.4,1.12,4,93.91,0,1016
2024,1,13,22,0,11,1.09,1,94.04,0,1015
2024,1,13,23,0,11.4,1.02,248,94.85000000000001,0,1015
2024,1,14,0,0,11.8,0.97,0,94.96000000000001,0,1015
2024,1,14,1,0,12.100000000000001,0.87,0,95.07000000000001,0,1014
2024,1,14,2,0,12.4,0.74,0,94.75,0,1014
2024,1,14,3,0,12.5,0.73,0,94.97,0,1014
2024,1,14,4,0,12.600000000000001,0.68,0,94.9,0,1014
2024,1,14,5,0,12.4,0.61,0,96.05,0,1014
2024,1,14,6,0,12.100000000000001,0.63,0,96.64,0,1014
2024,1,14,7,0,11.4,0.68,0,98.10000000000001,0,1014
2024,1,14,8,0,10.8,0.72,0,98.53,0,1014
2024,1,14,9,0,10.4,0.78,0,98.51,0,1014
2024,1,14,10,0,9.700000000000001,0.8300000000000001,0,97.91,0,1015
2024,1,14,11,0,9.1,0.8300000000000001,0,96.21000000000001,0,1015
2024,1,14,12,0,8.4,0.86,0,96.11,0,1016
2024,1,14,13,0,7.9,0.87,0,95.44,0,1016
2024,1,14,14,0,7.4,0.88,0,94.94,0,1017
2024,1,14,15,0,7.1000000000000005,0.9,0,96.46000000000001,0,1018
2024,1,14,16,0,9.4,0.9,407,94.06,0,1018
2024,1,14,17,0,11.100000000000001,0.9,3,89.31,0,1019
2024,1,14,18,0,12.8,0.89,804,81.16,0,1019
2024,1,14,19,0,14.200000000000001,0.92,861,73.74,0,1019
2024,1,14,20,0,15.100000000000001,0.96,0,69.2,0,1018
2024,1,14,21,0,15.5,1,874,67.44,0,1018
2024,1,14,22,0,15.3,1.04,0,68.21000000000001,0,1018
2024,1,14,23,0,14.600000000000001,1.08,0,72.15,0,1018
2024,1,15,0,0,12.200000000000001,1.1300000000000001,0,87.62,0,1018
2024,1,15,1,0,10,1.18,0,94.78,0,1019
2024,1,15,2,0,9.3,1.2,0,100,0,1019
2024,1,15,3,0,8.700000000000001,1.21,0,100,0,1020
2024,1,15,4,0,8.4,1.23,0,100,0,1020
2024,1,15,5,0,7.9,1.24,0,100,0,1020
2024,1,15,6,0,7.300000000000001,1.26,0,100,0,1020
2024,1,15,7,0,7.1000000000000005,1.27,0,100,0,1020
2024,1,15,8,0,6.9,1.28,0,100,0,1020
2024,1,15,9,0,6.800000000000001,1.3,0,100,0,1020
2024,1,15,10,0,6.800000000000001,1.32,0,100,0,1019
2024,1,15,11,0,6.800000000000001,1.34,0,100,0,1019
2024,1,15,12,0,6.7,1.36,0,99.73,0,1019
2024,1,15,13,0,6.5,1.37,0,98.85000000000001,0,1019
2024,1,15,14,0,6.4,1.3800000000000001,0,97,0,1019
2024,1,15,15,0,6.4,1.4000000000000001,0,95.29,0,1020
2024,1,15,16,0,8,1.42,4,88.15,0,1020
2024,1,15,17,0,9.5,1.44,245,81.48,0,1020
2024,1,15,18,0,11.4,1.28,346,74.58,0,1020
2024,1,15,19,0,12.600000000000001,1.29,670,71,0,1020
2024,1,15,20,0,13.4,1.29,641,68.48,0,1019
2024,1,15,21,0,13.9,1.04,525,67.24,0,1019
2024,1,15,22,0,14,1.04,399,67.48,0,1018
2024,1,15,23,0,13.700000000000001,1.04,433,70.34,0,1018
2024,1,16,0,0,11.9,1.03,250,79.83,0,1018
2024,1,16,1,0,10.3,1.02,180,83.54,0,1019
2024,1,16,2,0,9.3,1,0,89.76,0,1019
2024,1,16,3,0,8.700000000000001,0.99,0,93.36,0,1019
2024,1,16,4,0,8.200000000000001,0.98,0,96.09,0,1020
2024,1,16,5,0,7.6000000000000005,0.98,0,99.24000000000001,0,1020
2024,1,16,6,0,6.800000000000001,0.99,0,100,0,1020
2024,1,16,7,0,6.1000000000000005,1,0,100,0,1019
2024,1,16,8,0,5.800000000000001,1.02,0,100,0,1019
2024,1,16,9,0,5.5,1.04,0,100,0,1019
2024,1,16,10,0,5.5,1.05,0,100,0,1019
2024,1,16,11,0,6,1.07,0,100,0,1018
2024,1,16,12,0,6.5,1.09,0,97.16,0,1018
2024,1,16,13,0,6.7,1.1,0,94.48,0,1018
2024,1,16,14,0,6.6000000000000005,1.11,0,94.09,0,1018
2024,1,16,15,0,6.7,1.11,0,93.48,0,1019
2024,1,16,16,0,7.7,1.1300000000000001,12,91.13,0,1019
2024,1,16,17,0,8.9,1.1500000000000001,45,87.58,0,1019
2024,1,16,18,0,10.9,1.18,0,82.10000000000001,0,1020
2024,1,16,19,0,12.200000000000001,1.22,39,77.95,0,1019
2024,1,16,20,0,12.600000000000001,1.24,3,77.5,0,1018
2024,1,16,21,0,12.4,1.24,0,79.32000000000001,0,1017
2024,1,16,22,0,12,1.24,0,82.03,0,1017
2024,1,16,23,0,11.3,1.24,9,88.14,0,1017
2024,1,17,0,0,10.4,1.22,0,93.26,0,1016
2024,1,17,1,0,9.5,1.19,0,95.7,0,1016
2024,1,17,2,0,9.200000000000001,1.1400000000000001,0,96.58,0,1015
2024,1,17,3,0,9.4,1.09,0,95.66,0,1015
2024,1,17,4,0,9.700000000000001,1.05,0,94.86,0,1015
2024,1,17,5,0,9.700000000000001,1.01,0,95.52,0,1015
2024,1,17,6,0,9.8,1.01,0,95.77,0,1014
2024,1,17,7,0,9.8,1.01,0,96.46000000000001,0,1014
2024,1,17,8,0,10.100000000000001,1.05,0,96.18,0,1013
2024,1,17,9,0,10,1.1,0,97.68,0,1013
2024,1,17,10,0,9.4,1.1400000000000001,0,99.56,0,1014
2024,1,17,11,0,8.8,1.16,0,100,0,1014
2024,1,17,12,0,8.3,1.17,0,100,0,1014
2024,1,17,13,0,7.9,1.16,0,99.62,0,1014
2024,1,17,14,0,7.2,1.1500000000000001,0,99.5,0,1015
2024,1,17,15,0,6.9,1.1300000000000001,0,99.34,0,1016
2024,1,17,16,0,9.4,1.1,7,94.87,0,1016
2024,1,17,17,0,10.700000000000001,1.08,58,91.75,0,1017
2024,1,17,18,0,12.100000000000001,0.8200000000000001,793,86.21000000000001,0,1018
2024,1,17,19,0,14,0.81,851,78.15,0,1018
2024,1,17,20,0,15.600000000000001,0.8200000000000001,695,69.84,0,1018
2024,1,17,21,0,16.2,0.81,859,66.59,0,1018
2024,1,17,22,0,16.400000000000002,0.76,826,66.05,0,1018
2024,1,17,23,0,16,0.74,486,70.33,0,1017
2024,1,18,0,0,13.8,0.74,49,80.96000000000001,0,1016
2024,1,18,1,0,12.200000000000001,0.76,0,83.11,0,1016
2024,1,18,2,0,11.200000000000001,0.78,0,89.72,0,1017
2024,1,18,3,0,10.200000000000001,0.8200000000000001,0,96.66,0,1017
2024,1,18,4,0,9.8,0.85,0,99.79,0,1018
2024,1,18,5,0,9.4,0.86,0,100,0,1018
2024,1,18,6,0,9.3,0.86,0,100,0,1018
2024,1,18,7,0,9.1,0.85,0,100,0,1018
2024,1,18,8,0,8.8,0.85,0,100,0,1018
2024,1,18,9,0,8.6,0.87,0,100,0,1018
2024,1,18,10,0,8.1,0.91,0,100,0,1018
2024,1,18,11,0,7.1000000000000005,0.9500000000000001,0,100,0,1018
2024,1,18,12,0,6.5,0.98,0,100,0,1018
2024,1,18,13,0,6.7,1.01,0,100,0,1018
2024,1,18,14,0,6.9,1.02,0,97.44,0,1018
2024,1,18,15,0,7.2,1.04,0,94.43,0,1018
2024,1,18,16,0,8.6,1.07,2,89.13,0,1018
2024,1,18,17,0,9.700000000000001,1.1,395,86.36,0,1018
2024,1,18,18,0,11,1.19,601,81.16,0,1018
2024,1,18,19,0,12.100000000000001,1.23,363,77.93,0,1018
2024,1,18,20,0,12.700000000000001,1.26,649,76.10000000000001,0,1017
2024,1,18,21,0,13.200000000000001,1.36,418,73.17,0,1016
2024,1,18,22,0,13,1.3800000000000001,57,76.82000000000001,0,1016
2024,1,18,23,0,12.3,1.4000000000000001,198,85.26,0,1016
2024,1,19,0,0,11.100000000000001,1.41,3,84.99,0,1017
2024,1,19,1,0,9.9,1.42,148,87.2,0,1017
2024,1,19,2,0,9.3,1.44,0,89.7,0,1017
2024,1,19,3,0,8.9,1.48,0,90.49,0,1017
2024,1,19,4,0,8.8,1.51,0,89.51,0,1017
2024,1,19,5,0,9,1.54,0,87.32000000000001,0,1017
2024,1,19,6,0,9.4,1.56,0,84.73,0,1017
2024,1,19,7,0,9.3,1.58,0,85.46000000000001,0,1016
2024,1,19,8,0,8.9,1.57,0,88.27,0,1016
2024,1,19,9,0,8.3,1.57,0,92.11,0,1015
2024,1,19,10,0,7.9,1.58,0,94.46000000000001,0,1015
2024,1,19,11,0,7.6000000000000005,1.59,0,95.82000000000001,0,1014
2024,1,19,12,0,7.4,1.58,0,96.55,0,1014
2024,1,19,13,0,7.300000000000001,1.56,0,96.31,0,1013
2024,1,19,14,0,7.300000000000001,1.55,0,95.43,0,1013
2024,1,19,15,0,7.4,1.55,0,94.65,0,1013
2024,1,19,16,0,9.1,1.55,8,88.59,0,1013
2024,1,19,17,0,10.600000000000001,1.56,253,84.07000000000001,0,1014
2024,1,19,18,0,12.4,1.54,129,77.56,0,1014
2024,1,19,19,0,13.8,1.48,155,74.86,0,1013
2024,1,19,20,0,14.4,1.41,55,74.17,0,1012
2024,1,19,21,0,14.700000000000001,1.3900000000000001,70,74.75,0,1011
2024,1,19,22,0,14.8,1.37,10,77.78,0,1010
2024,1,19,23,0,14,1.36,0,86.47,0,1009
2024,1,20,0,0,12.700000000000001,1.25,4,89.36,0,1009
2024,1,20,1,0,11.9,1.24,0,90.27,0,1009
2024,1,20,2,0,11.700000000000001,1.22,0,91.47,0,1009
2024,1,20,3,0,12,1.2,0,91.60000000000001,0,1009
2024,1,20,4,0,12.200000000000001,1.18,0,92.78,0,1009
2024,1,20,5,0,12.3,1.17,0,94.01,0,1008
2024,1,20,6,0,12.5,1.17,0,94.5,0,1008
2024,1,20,7,0,12.4,1.1300000000000001,0,94.82000000000001,0,1008
2024,1,20,8,0,12.3,1.07,0,94.96000000000001,0,1008
2024,1,20,9,0,12.100000000000001,1.02,0,95.23,0,1007
2024,1,20,10,0,12.200000000000001,0.9400000000000001,0,95.45,0,1007
2024,1,20,11,0,12.200000000000001,0.89,0,95.17,0,1007
2024,1,20,12,0,11.600000000000001,0.86,0,96.38,0,1007
2024,1,20,13,0,10.8,0.84,0,97.94,0,1007
2024,1,20,14,0,10.600000000000001,0.85,0,97.84,0,1007
2024,1,20,15,0,10.8,0.86,0,97.86,0,1008
2024,1,20,16,0,12.4,0.89,19,95.26,0,1008
2024,1,20,17,0,13.3,0.93,13,94.38,0,1009
2024,1,20,18,0,14.100000000000001,0.9500000000000001,7,92.77,0,1009
2024,1,20,19,0,14.8,0.9400000000000001,6,86.39,0,1009
2024,1,20,20,0,14.8,0.9,76,83.2,0,1008
2024,1,20,21,0,14.4,0.86,0,84.09,0,1007
2024,1,20,22,0,14,0.86,0,86.55,0,1007
2024,1,20,23,0,13.700000000000001,0.86,13,88.91,0,1007
2024,1,21,0,0,12.600000000000001,0.87,0,93.23,0,1007
2024,1,21,1,0,11.700000000000001,0.89,148,95.63,0,1007
2024,1,21,2,0,11.600000000000001,0.9400000000000001,0,95.92,0,1007
2024,1,21,3,0,11.600000000000001,0.97,0,95.09,0,1007
2024,1,21,4,0,11.200000000000001,0.99,0,96.31,0,1008
2024,1,21,5,0,10.8,0.96,0,97,0,1008
2024,1,21,6,0,10.9,0.93,0,96.65,0,1008
2024,1,21,7,0,11.100000000000001,0.9400000000000001,0,95.89,0,1008
2024,1,21,8,0,11.200000000000001,0.9500000000000001,0,95.91,0,1008
2024,1,21,9,0,11.100000000000001,0.9400000000000001,0,96.14,0,1008
2024,1,21,10,0,11.100000000000001,0.91,0,96.11,0,1008
2024,1,21,11,0,11,0.87,0,96.21000000000001,0,1007
2024,1,21,12,0,11,0.87,0,96.01,0,1007
2024,1,21,13,0,11.100000000000001,0.88,0,95.48,0,1008
2024,1,21,14,0,11.100000000000001,0.89,0,95.11,0,1008
2024,1,21,15,0,11,0.93,0,95.57000000000001,0,1009
2024,1,21,16,0,11.700000000000001,0.96,384,94.33,0,1009
2024,1,21,17,0,12.600000000000001,0.99,90,93.07000000000001,0,1010
2024,1,21,18,0,13.700000000000001,1.03,131,88.57000000000001,0,1009
2024,1,21,19,0,14.9,1.05,3,82.91,0,1008
2024,1,21,20,0,16.1,1.07,0,77.01,0,1007
2024,1,21,21,0,16.8,1.08,13,73.54,0,1007
2024,1,21,22,0,16.5,1.08,22,76.47,0,1007
2024,1,21,23,0,16,1.06,2,81.21000000000001,0,1006
2024,1,22,0,0,15.100000000000001,1.04,8,83.77,0,1006
2024,1,22,1,0,14.4,0.99,6,84.93,0,1006
2024,1,22,2,0,14.100000000000001,0.9,0,86.9,0,1006
2024,1,22,3,0,13.700000000000001,0.84,0,90,0,1006
2024,1,22,4,0,13.4,0.85,0,92.34,0,1005
2024,1,22,5,0,13.200000000000001,0.93,0,92.77,0,1004
2024,1,22,6,0,13.100000000000001,1,0,92.91,0,1004
2024,1,22,7,0,13.3,1,0,92.69,0,1004
2024,1,22,8,0,13.3,0.96,0,93.83,0,1004
2024,1,22,9,0,13.200000000000001,0.97,0,94.86,0,1004
2024,1,22,10,0,13.100000000000001,0.96,0,95.38,0,1004
2024,1,22,11,0,12.9,0.9500000000000001,0,96.11,0,1004
2024,1,22,12,0,12.700000000000001,1.02,0,96.25,0,1004
2024,1,22,13,0,12.4,1.04,0,96.76,0,1004
2024,1,22,14,0,12.200000000000001,1.04,0,96.51,0,1004
2024,1,22,15,0,12.100000000000001,1.05,0,95.98,0,1005
2024,1,22,16,0,12.4,1.06,2,95.44,0,1006
2024,1,22,17,0,13.100000000000001,1.06,0,93.2,0,1006
2024,1,22,18,0,14.100000000000001,1.08,12,89.83,0,1006
2024,1,22,19,0,15.200000000000001,1.09,0,85.08,0,1006
2024,1,22,20,0,16,1.08,32,81.64,0,1006
2024,1,22,21,0,16.6,1.09,64,78.75,0,1006
2024,1,22,22,0,16.5,1.03,35,80.55,0,1006
2024,1,22,23,0,15.5,0.9500000000000001,107,90.10000000000001,0,1006
2024,1,23,0,0,14.3,0.89,4,93.38,0,1007
2024,1,23,1,0,13.4,0.88,0,94.5,0,1008
2024,1,23,2,0,12.8,0.9,0,96.43,0,1009
2024,1,23,3,0,12.100000000000001,0.93,0,98.22,0,1009
2024,1,23,4,0,11.4,0.9500000000000001,0,99.55,0,1010
2024,1,23,5,0,10.8,0.96,0,100,0,1011
2024,1,23,6,0,10.4,0.97,0,99.87,0,1011
2024,1,23,7,0,9.9,0.99,0,100,0,1011
2024,1,23,8,0,9.5,1.03,0,100,0,1012
2024,1,23,9,0,9.1,1.08,0,100,0,1012
2024,1,23,10,0,8.8,1.1300000000000001,0,99.54,0,1013
2024,1,23,11,0,8.5,1.1500000000000001,0,99.17,0,1012
2024,1,23,12,0,8.3,1.16,0,98.82000000000001,0,1012
2024,1,23,13,0,8,1.17,0,98.91,0,1013
2024,1,23,14,0,7.800000000000001,1.18,0,98.60000000000001,0,1013
2024,1,23,15,0,8.1,1.19,0,98.4,0,1014
2024,1,23,16,0,10.700000000000001,1.19,373,94.83,0,1015
2024,1,23,17,0,12.9,1.19,648,90.11,0,1015
2024,1,23,18,0,14.8,1.21,13,83.48,0,1016
2024,1,23,19,0,15.600000000000001,1.2,852,79,0,1016
2024,1,23,20,0,16.3,1.19,880,75.07000000000001,0,1016
2024,1,23,21,0,16.8,1.25,141,71.84,0,1016
2024,1,23,22,0,17,1.22,856,70.28,0,1015
2024,1,23,23,0,16.7,1.22,123,71.68,0,1015
2024,1,24,0,0,15.4,1.21,42,78.02,0,1016
2024,1,24,1,0,13.3,1.21,0,84.84,0,1016
2024,1,24,2,0,12,1.18,0,93.48,0,1017
2024,1,24,3,0,11.200000000000001,1.1400000000000001,0,97.99000000000001,0,1016
2024,1,24,4,0,10.600000000000001,1.12,0,100,0,1017
2024,1,24,5,0,10.4,1.1,0,100,0,1017
2024,1,24,6,0,10.100000000000001,1.08,0,99.73,0,1018
2024,1,24,7,0,10,1.06,0,99.09,0,1019
2024,1,24,8,0,9.5,1.1,0,99.5,0,1017
2024,1,24,9,0,9.200000000000001,1.1400000000000001,0,100,0,1017
2024,1,24,10,0,9.5,1.1300000000000001,0,99.12,0,1017
2024,1,24,11,0,10,1.1,0,97.13,0,1016
2024,1,24,12,0,10,1.09,0,96.44,0,1016
2024,1,24,13,0,9.5,1.07,0,97.22,0,1017
2024,1,24,14,0,9.1,1.05,0,97.14,0,1018
2024,1,24,15,0,9.9,1.06,0,95.66,0,1018
2024,1,24,16,0,10.700000000000001,1.06,80,93.94,0,1018
2024,1,24,17,0,11.3,1.07,178,93.08,0,1018
2024,1,24,18,0,12,1.07,38,91.76,0,1018
2024,1,24,19,0,12.4,1.06,0,90.15,0,1018
2024,1,24,20,0,12.9,1.04,0,88.64,0,1017
2024,1,24,21,0,13.200000000000001,1.01,1,87.98,0,1017
2024,1,24,22,0,13.4,1.02,0,88.03,0,1017
2024,1,24,23,0,13.4,1.01,10,89.37,0,1016
2024,1,25,0,0,12.9,0.99,0,92.59,0,1016
2024,1,25,1,0,12.200000000000001,0.98,157,95.31,0,1016
2024,1,25,2,0,12.100000000000001,0.97,0,96.54,0,1017
2024,1,25,3,0,12.100000000000001,0.98,0,97.18,0,1017
2024,1,25,4,0,11.700000000000001,0.96,0,98.78,0,1017
2024,1,25,5,0,11,0.93,0,100,0,1017
2024,1,25,6,0,10.100000000000001,0.91,0,100,0,1018
2024,1,25,7,0,9.5,0.88,0,100,0,1018
2024,1,25,8,0,8.8,0.87,0,100,0,1018
2024,1,25,9,0,8,0.89,0,100,0,1018
2024,1,25,10,0,7.300000000000001,0.93,0,100,0,1019
2024,1,25,11,0,6.7,0.97,0,100,0,1019
2024,1,25,12,0,6.300000000000001,0.99,0,100,0,1019
2024,1,25,13,0,5.9,1,0,99.15,0,1020
2024,1,25,14,0,5.6000000000000005,1.01,0,97.48,0,1021
2024,1,25,15,0,6.1000000000000005,1.03,0,95.77,0,1021
2024,1,25,16,0,9.1,1.05,449,91.91,0,1022
2024,1,25,17,0,11,1.07,710,87.06,0,1022
2024,1,25,18,0,13.100000000000001,1.08,827,77.87,0,1023
2024,1,25,19,0,14.8,1.07,884,68.59,0,1023
2024,1,25,20,0,15.9,1.08,908,62.29,0,1022
2024,1,25,21,0,16.400000000000002,1.05,902,59.65,0,1021
2024,1,25,22,0,16.400000000000002,1.04,872,59.22,0,1021
2024,1,25,23,0,15.9,1.04,800,63.15,0,1021
2024,1,26,0,0,14.100000000000001,1.03,655,74.96000000000001,0,1022
2024,1,26,1,0,12.100000000000001,1.03,282,74.62,0,1022
2024,1,26,2,0,10.9,1.02,0,82.12,0,1023
2024,1,26,3,0,10.5,1.02,0,86.42,0,1023
2024,1,26,4,0,10.5,1.02,0,87.87,0,1023
2024,1,26,5,0,10.200000000000001,1.04,0,90.29,0,1023
2024,1,26,6,0,10.100000000000001,1.08,0,90.95,0,1023
2024,1,26,7,0,9.8,1.11,0,92.4,0,1023
2024,1,26,8,0,9.5,1.1300000000000001,0,93.94,0,1023
2024,1,26,9,0,9.600000000000001,1.1400000000000001,0,93.31,0,1023
2024,1,26,10,0,9.700000000000001,1.1500000000000001,0,92.13,0,1023
2024,1,26,11,0,9.8,1.17,0,90.55,0,1023
2024,1,26,12,0,9.700000000000001,1.19,0,89.83,0,1023
2024,1,26,13,0,9.600000000000001,1.2,0,89.05,0,1023
2024,1,26,14,0,9.600000000000001,1.22,0,87.88,0,1024
2024,1,26,15,0,9.600000000000001,1.23,0,88.29,0,1024
2024,1,26,16,0,10.700000000000001,1.22,0,86.97,0,1025
2024,1,26,17,0,11.5,1.23,24,83.69,0,1025
2024,1,26,18,0,12.8,1.23,171,80.31,0,1026
2024,1,26,19,0,15.600000000000001,1.24,93,65.08,0,1026
2024,1,26,20,0,17,1.24,116,57.31,0,1025
2024,1,26,21,0,16.900000000000002,1.26,2,58.52,0,1025
2024,1,26,22,0,16.400000000000002,1.26,172,61.690000000000005,0,1025
2024,1,26,23,0,15.9,1.27,67,67.43,0,1025
2024,1,27,0,0,14.5,1.27,29,74.38,0,1025
2024,1,27,1,0,13.3,1.27,232,73.66,0,1025
2024,1,27,2,0,12.600000000000001,1.27,0,77.34,0,1026
2024,1,27,3,0,11.9,1.27,0,81.77,0,1026
2024,1,27,4,0,11.4,1.27,0,84.21000000000001,0,1026
2024,1,27,5,0,11.100000000000001,1.27,0,85.18,0,1026
2024,1,27,6,0,10.8,1.27,0,86.01,0,1026
2024,1,27,7,0,10.600000000000001,1.27,0,86.35000000000001,0,1025
2024,1,27,8,0,10.4,1.26,0,87.14,0,1025
2024,1,27,9,0,10,1.26,0,89.10000000000001,0,1025
2024,1,27,10,0,9.600000000000001,1.24,0,91.54,0,1025
2024,1,27,11,0,9.5,1.23,0,92.48,0,1025
2024,1,27,12,0,9.600000000000001,1.23,0,92.71000000000001,0,1025
2024,1,27,13,0,9.5,1.25,0,94.45,0,1025
2024,1,27,14,0,9.3,1.25,0,97.05,0,1025
2024,1,27,15,0,9.600000000000001,1.26,0,96.9,0,1025
2024,1,27,16,0,11.100000000000001,1.26,126,92.26,0,1025
2024,1,27,17,0,12.3,1.26,410,88.71000000000001,0,1025
2024,1,27,18,0,13.600000000000001,1.25,289,85.32000000000001,0,1025
2024,1,27,19,0,14.9,1.24,223,81.37,0,1025
2024,1,27,20,0,15.200000000000001,1.22,271,82.41,0,1024
2024,1,27,21,0,15.100000000000001,1.19,123,84.51,0,1024
2024,1,27,22,0,14.9,1.21,436,86.74,0,1023
2024,1,27,23,0,14.700000000000001,1.21,1,89.64,0,1022
2024,1,28,0,0,13.5,1.2,53,94.2,0,1023
2024,1,28,1,0,12.4,1.19,245,99.02,0,1023
2024,1,28,2,0,11.8,1.2,0,100,0,1023
2024,1,28,3,0,11.3,1.19,0,100,0,1023
2024,1,28,4,0,11.3,1.19,0,100,0,1023
2024,1,28,5,0,11.600000000000001,1.19,0,100,0,1023
2024,1,28,6,0,11.9,1.19,0,100,0,1023
2024,1,28,7,0,12.200000000000001,1.22,0,100,0,1023
2024,1,28,8,0,12.100000000000001,1.26,0,100,0,1022
2024,1,28,9,0,11.700000000000001,1.29,0,100,0,1021
2024,1,28,10,0,11.3,1.31,0,100,0,1021
2024,1,28,11,0,10.600000000000001,1.32,0,100,0,1021
2024,1,28,12,0,10.200000000000001,1.31,0,100,0,1021
2024,1,28,13,0,10.100000000000001,1.32,0,100,0,1021
2024,1,28,14,0,9.700000000000001,1.34,0,100,0,1021
2024,1,28,15,0,10.100000000000001,1.36,0,100,0,1021
2024,1,28,16,0,13.4,1.3900000000000001,460,90.77,0,1021
2024,1,28,17,0,15.5,1.41,84,85.47,0,1021
2024,1,28,18,0,17.7,1.57,584,81.44,0,1021
2024,1,28,19,0,19.1,1.58,879,78.57000000000001,0,1021
2024,1,28,20,0,20.1,1.57,900,75.92,0,1020
2024,1,28,21,0,20.5,0.99,869,75.51,0,1019
2024,1,28,22,0,20.5,1,218,75.91,0,1019
2024,1,28,23,0,20,1,774,78.41,0,1019
2024,1,29,0,0,17.7,1,633,89.5,0,1019
2024,1,29,1,0,15,1.01,286,97.43,0,1019
2024,1,29,2,0,13.700000000000001,1.01,0,100,0,1019
2024,1,29,3,0,13,1.01,0,100,0,1019
2024,1,29,4,0,12.600000000000001,1.01,0,100,0,1019
2024,1,29,5,0,12.100000000000001,1.01,0,100,0,1019
2024,1,29,6,0,11.700000000000001,1.02,0,100,0,1020
2024,1,29,7,0,11.4,1.02,0,100,0,1020
2024,1,29,8,0,11.4,1.03,0,100,0,1019
2024,1,29,9,0,11.100000000000001,1.04,0,100,0,1019
2024,1,29,10,0,10.8,1.05,0,100,0,1019
2024,1,29,11,0,10.600000000000001,1.07,0,100,0,1019
2024,1,29,12,0,10.5,1.07,0,100,0,1019
2024,1,29,13,0,10.600000000000001,1.08,0,100,0,1019
2024,1,29,14,0,10.600000000000001,1.09,0,97.32000000000001,0,1019
2024,1,29,15,0,11,1.1,0,93.41,0,1019
2024,1,29,16,0,13.4,1.11,454,86.44,0,1020
2024,1,29,17,0,15.200000000000001,1.1300000000000001,709,79.13,0,1020
2024,1,29,18,0,17.3,1.25,830,74.45,0,1019
2024,1,29,19,0,18.900000000000002,1.28,884,69.91,0,1019
2024,1,29,20,0,20,1.3,903,65.74,0,1018
2024,1,29,21,0,20.700000000000003,1.31,896,62.56,0,1017
2024,1,29,22,0,20.700000000000003,1.32,859,61.95,0,1017
2024,1,29,23,0,20.1,1.33,447,67.13,0,1017
2024,1,30,0,0,18,1.36,336,77.73,0,1017
2024,1,30,1,0,15.8,1.3800000000000001,14,77.37,0,1018
2024,1,30,2,0,14.4,1.41,0,81.98,0,1018
2024,1,30,3,0,13.8,1.43,0,84.12,0,1018
2024,1,30,4,0,13.700000000000001,1.45,0,83.83,0,1018
2024,1,30,5,0,13.5,1.46,0,84.4,0,1018
2024,1,30,6,0,13.200000000000001,1.46,0,85.88,0,1018
2024,1,30,7,0,12.4,1.47,0,90.29,0,1018
2024,1,30,8,0,11.3,1.49,0,96.78,0,1018
2024,1,30,9,0,10.700000000000001,1.49,0,100,0,1017
2024,1,30,10,0,11.3,1.46,0,96.97,0,1017
2024,1,30,11,0,11.8,1.44,0,93.34,0,1017
2024,1,30,12,0,12.200000000000001,1.44,0,89.57000000000001,0,1016
2024,1,30,13,0,11.9,1.44,0,89.85000000000001,0,1016
2024,1,30,14,0,11.3,1.44,0,92.8,0,1016
2024,1,30,15,0,10.600000000000001,1.44,0,97.95,0,1016
2024,1,30,16,0,12.3,1.45,37,93.54,0,1017
2024,1,30,17,0,14.600000000000001,1.48,22,84.9,0,1017
2024,1,30,18,0,17.2,1.53,824,76.41,0,1016
2024,1,30,19,0,19.1,1.52,878,67.53,0,1015
2024,1,30,20,0,20.400000000000002,1.52,897,61.09,0,1014
2024,1,30,21,0,20.700000000000003,1.35,882,61.04,0,1014
2024,1,30,22,0,20.6,1.31,852,62.61,0,1013
2024,1,30,23,0,19.5,1.3,248,69.65,0,1013
2024,1,31,0,0,16.7,1.3,378,84.87,0,1013
2024,1,31,1,0,14.4,1.29,3,88.86,0,1012
2024,1,31,2,0,13.5,1.27,0,92.01,0,1012
2024,1,31,3,0,12.9,1.26,0,94.23,0,1012
2024,1,31,4,0,12.5,1.24,0,95.86,0,1012
2024,1,31,5,0,12.100000000000001,1.23,0,98.12,0,1012
2024,1,31,6,0,11.9,1.22,0,99.22,0,1011
2024,1,31,7,0,11.100000000000001,1.2,0,100,0,1011
2024,1,31,8,0,10.700000000000001,1.18,0,100,0,1010
2024,1,31,9,0,10.200000000000001,1.18,0,100,0,1009
2024,1,31,10,0,9.8,1.18,0,100,0,1009
2024,1,31,11,0,9.3,1.1500000000000001,0,100,0,1009
2024,1,31,12,0,9,1.11,0,100,0,1008
2024,1,31,13,0,9.1,1.1,0,100,0,1007
2024,1,31,14,0,8.6,1.09,0,100,0,1007
2024,1,31,15,0,9.8,1.05,0,98.51,0,1008
2024,1,31,16,0,12.4,1,0,91.06,0,1008
2024,1,31,17,0,12.9,1.01,0,90.19,0,1008
2024,1,31,18,0,13.4,1.03,0,88.89,0,1008
2024,1,31,19,0,15,1.04,0,84.25,0,1007
2024,1,31,20,0,15.4,1.03,0,82.53,0,1006
2024,1,31,21,0,15.100000000000001,1.04,0,82.83,0,1004
2024,1,31,22,0,15.4,1.06,0,80.81,0,1003
2024,1,31,23,0,14.700000000000001,1.04,0,80.07000000000001,0,1003
2024,2,1,0,0,13.4,0.96,0,82.46000000000001,0,1003
2024,2,1,1,0,12.5,0.9400000000000001,355,85.87,0,1003
2024,2,1,2,0,12,0.9,0,87.92,0,1003
2024,2,1,3,0,11.8,0.91,0,89.06,0,1003
2024,2,1,4,0,11.700000000000001,0.9500000000000001,0,90.66,0,1002
2024,2,1,5,0,11.8,0.9400000000000001,0,91.73,0,1002
2024,2,1,6,0,11.8,0.9400000000000001,0,92.96000000000001,0,1002
2024,2,1,7,0,11.8,0.9400000000000001,0,92.99,0,1002
2024,2,1,8,0,11.5,0.92,0,93.69,0,1001
2024,2,1,9,0,11,1,0,94.7,0,1001
2024,2,1,10,0,10.4,0.97,0,95.76,0,1002
2024,2,1,11,0,9.600000000000001,0.9,0,97.05,0,1001
2024,2,1,12,0,9,0.8300000000000001,0,97.91,0,1001
2024,2,1,13,0,8.200000000000001,0.74,0,99.15,0,1002
2024,2,1,14,0,7.4,0.65,0,100,0,1002
2024,2,1,15,0,8,0.6,0,99.18,0,1003
2024,2,1,16,0,10.4,0.5700000000000001,1,94.35000000000001,0,1004
2024,2,1,17,0,12.100000000000001,0.6,712,87.49,0,1004
2024,2,1,18,0,13.5,0.61,546,78.99,0,1005
2024,2,1,19,0,14.4,0.72,883,72.21000000000001,0,1004
2024,2,1,20,0,14.700000000000001,0.8200000000000001,904,68.71000000000001,0,1004
2024,2,1,21,0,14.700000000000001,0.58,860,67.42,0,1004
2024,2,1,22,0,14.200000000000001,0.59,812,70.97,0,1004
2024,2,1,23,0,13.4,0.62,16,79.66,0,1004
2024,2,2,0,0,12.100000000000001,0.7000000000000001,575,90.29,0,1004
2024,2,2,1,0,10.8,0.79,246,94.12,0,1005
2024,2,2,2,0,10.100000000000001,0.86,0,95.98,0,1006
2024,2,2,3,0,9.600000000000001,0.92,0,96.75,0,1006
2024,2,2,4,0,9.200000000000001,0.96,0,97.69,0,1006
2024,2,2,5,0,9,0.98,0,98.18,0,1007
2024,2,2,6,0,8.8,1,0,98.66,0,1007
2024,2,2,7,0,8.6,1.01,0,99.04,0,1007
2024,2,2,8,0,8.4,1.01,0,99.14,0,1007
2024,2,2,9,0,8.4,1,0,98.22,0,1007
2024,2,2,10,0,8.200000000000001,0.97,0,98.46000000000001,0,1007
2024,2,2,11,0,8.1,0.9,0,97.96000000000001,0,1007
2024,2,2,12,0,8,0.81,0,98.03,0,1008
2024,2,2,13,0,7.9,0.73,0,97.57000000000001,0,1008
2024,2,2,14,0,7.800000000000001,0.66,0,97.35000000000001,0,1009
2024,2,2,15,0,8.4,0.61,0,96.33,0,1010
2024,2,2,16,0,9.9,0.56,0,94.36,0,1011
2024,2,2,17,0,11.100000000000001,0.55,19,88.48,0,1011
2024,2,2,18,0,11.9,0.79,50,81.04,0,1012
2024,2,2,19,0,12.4,0.79,881,74.23,0,1012
2024,2,2,20,0,13,0.78,902,68.33,0,1011
2024,2,2,21,0,13.4,0.85,328,63.79,0,1011
2024,2,2,22,0,13.4,0.84,62,62.300000000000004,0,1011
2024,2,2,23,0,12.8,0.8300000000000001,822,66.06,0,1012
2024,2,3,0,0,11.100000000000001,0.84,698,77.39,0,1012
2024,2,3,1,0,8.4,0.84,6,87.89,0,1013
2024,2,3,2,0,7.5,0.84,0,90.84,0,1013
2024,2,3,3,0,6.9,0.8300000000000001,0,93.62,0,1014
2024,2,3,4,0,6.5,0.8200000000000001,0,95.67,0,1014
2024,2,3,5,0,6.1000000000000005,0.8,0,97.47,0,1014
2024,2,3,6,0,5.9,0.77,0,98.25,0,1015
2024,2,3,7,0,5.800000000000001,0.74,0,98.53,0,1015
2024,2,3,8,0,5.800000000000001,0.7000000000000001,0,98.47,0,1015
2024,2,3,9,0,5.800000000000001,0.67,0,98.15,0,1015
2024,2,3,10,0,6,0.65,0,97.38,0,1015
2024,2,3,11,0,6.1000000000000005,0.65,0,96.73,0,1015
2024,2,3,12,0,6.1000000000000005,0.67,0,96.48,0,1015
2024,2,3,13,0,6.300000000000001,0.6900000000000001,0,95.66,0,1015
2024,2,3,14,0,6.2,0.73,0,96.38,0,1015
2024,2,3,15,0,6.5,0.77,0,97.28,0,1016
2024,2,3,16,0,8.6,0.8300000000000001,37,94.11,0,1016
2024,2,3,17,0,10.200000000000001,0.9400000000000001,204,88.42,0,1016
2024,2,3,18,0,11,1.03,315,82.95,0,1016
2024,2,3,19,0,11.4,1.07,219,79.23,0,1016
2024,2,3,20,0,11.600000000000001,1.07,29,76.26,0,1015
2024,2,3,21,0,11.600000000000001,1.08,170,75.29,0,1014
2024,2,3,22,0,11.5,1.1,1,76.42,0,1013
2024,2,3,23,0,11.100000000000001,1.1500000000000001,14,81.84,0,1013
2024,2,4,0,0,10,1.18,29,88.73,0,1013
2024,2,4,1,0,8.9,1.18,332,89.25,0,1012
2024,2,4,2,0,8.5,1.18,0,90.31,0,1012
2024,2,4,3,0,8.200000000000001,1.2,0,91.04,0,1012
2024,2,4,4,0,8.1,1.22,0,90.33,0,1011
2024,2,4,5,0,7.9,1.22,0,90.39,0,1011
2024,2,4,6,0,7.9,1.2,0,90.4,0,1011
2024,2,4,7,0,7.800000000000001,1.18,0,91.84,0,1010
2024,2,4,8,0,7.7,1.1300000000000001,0,92.29,0,1009
2024,2,4,9,0,7.2,1.09,0,94.17,0,1009
2024,2,4,10,0,6.800000000000001,1.04,0,94.14,0,1007
2024,2,4,11,0,6.300000000000001,1,0,94.46000000000001,0,1006
2024,2,4,12,0,6.4,1.04,0,94.33,0,1005
2024,2,4,13,0,7.1000000000000005,1.05,0,93.32000000000001,0,1003
2024,2,4,14,0,7.9,1.05,0,92.15,0,1002
2024,2,4,15,0,8.1,1.09,0,91.74,0,1001
2024,2,4,16,0,8.4,1.1300000000000001,148,92.11,0,1001
2024,2,4,17,0,9.200000000000001,1.1300000000000001,0,91.28,0,1000
2024,2,4,18,0,10.3,1.12,2,89.84,0,999
2024,2,4,19,0,11.4,1.12,0,88.13,0,998
2024,2,4,20,0,12.200000000000001,0.98,4,86.88,0,996
2024,2,4,21,0,12.9,0.68,0,86.5,0,995
2024,2,4,22,0,13.9,0.58,83,85.32000000000001,0,994
2024,2,4,23,0,14.700000000000001,0.52,4,84.66,0,993
2024,2,5,0,0,14.9,0.42,95,86.85000000000001,0,992
2024,2,5,1,0,14.600000000000001,0.31,2,88.73,0,993
2024,2,5,2,0,13.4,0.29,0,87.36,0,995
2024,2,5,3,0,12.5,0.31,0,87.73,0,996
2024,2,5,4,0,11.9,0.3,0,87.74,0,997
2024,2,5,5,0,11.5,0.28,0,87.64,0,998
2024,2,5,6,0,11.3,0.31,0,87.76,0,999
2024,2,5,7,0,11.100000000000001,0.31,0,88.17,0,1000
2024,2,5,8,0,11,0.3,0,88.81,0,1002
2024,2,5,9,0,10.8,0.33,0,89.84,0,1003
2024,2,5,10,0,10.600000000000001,0.38,0,90.67,0,1003
2024,2,5,11,0,10.200000000000001,0.42,0,91.85000000000001,0,1004
2024,2,5,12,0,9.8,0.47000000000000003,0,93.18,0,1004
2024,2,5,13,0,9.4,0.5,0,94.77,0,1005
2024,2,5,14,0,9.1,0.52,0,95.77,0,1006
2024,2,5,15,0,9.4,0.53,0,95.48,0,1007
2024,2,5,16,0,10.700000000000001,0.55,0,94.27,0,1007
2024,2,5,17,0,12.3,0.67,10,89.22,0,1007
2024,2,5,18,0,13.4,0.6,789,80.74,0,1007
2024,2,5,19,0,14.100000000000001,0.58,833,75.16,0,1007
2024,2,5,20,0,14.4,0.5700000000000001,849,72.38,0,1006
2024,2,5,21,0,14.3,0.66,83,72.16,0,1006
2024,2,5,22,0,14,0.71,800,73.95,0,1006
2024,2,5,23,0,13.3,0.72,0,79.60000000000001,0,1006
2024,2,6,0,0,12.200000000000001,0.79,0,88.56,0,1006
2024,2,6,1,0,10,0.81,8,92.79,0,1006
2024,2,6,2,0,9.3,0.8200000000000001,0,93.87,0,1007
2024,2,6,3,0,8.9,0.8300000000000001,0,94.28,0,1007
2024,2,6,4,0,8.6,0.8300000000000001,0,94.48,0,1007
2024,2,6,5,0,8.4,0.8300000000000001,0,94.39,0,1007
2024,2,6,6,0,8,0.84,0,95.5,0,1007
2024,2,6,7,0,7.5,0.84,0,97.15,0,1007
2024,2,6,8,0,7.1000000000000005,0.8300000000000001,0,98.07000000000001,0,1007
2024,2,6,9,0,6.800000000000001,0.84,0,98.63,0,1007
2024,2,6,10,0,6.7,0.87,0,97.48,0,1006
2024,2,6,11,0,6.5,0.89,0,96.99000000000001,0,1006
2024,2,6,12,0,6.2,0.93,0,96.97,0,1006
2024,2,6,13,0,6.1000000000000005,0.96,0,95.84,0,1005
2024,2,6,14,0,6,0.98,0,95.63,0,1005
2024,2,6,15,0,6.6000000000000005,0.98,0,94.53,0,1006
2024,2,6,16,0,8,0.98,0,91.15,0,1006
2024,2,6,17,0,9.200000000000001,0.98,1,89.71000000000001,0,1006
2024,2,6,18,0,11,1.1300000000000001,301,86.01,0,1006
2024,2,6,19,0,12.200000000000001,1.16,42,79.78,0,1005
2024,2,6,20,0,12.9,1.16,172,73.65,0,1005
2024,2,6,21,0,13.200000000000001,0.87,196,70.37,0,1004
2024,2,6,22,0,13.3,0.86,238,68.86,0,1004
2024,2,6,23,0,13.200000000000001,0.85,29,69.58,0,1004
2024,2,7,0,0,12.4,0.84,670,77.82000000000001,0,1004
2024,2,7,1,0,10.9,0.8200000000000001,364,78.42,0,1004
2024,2,7,2,0,9.700000000000001,0.8,0,84.91,0,1004
2024,2,7,3,0,8.8,0.79,0,88.98,0,1004
2024,2,7,4,0,7.9,0.79,0,93.94,0,1005
2024,2,7,5,0,7.2,0.79,0,98.55,0,1005
2024,2,7,6,0,6.5,0.8,0,100,0,1005
2024,2,7,7,0,5.9,0.8200000000000001,0,100,0,1005
2024,2,7,8,0,5.4,0.8200000000000001,0,100,0,1006
2024,2,7,9,0,5.1000000000000005,0.8300000000000001,0,100,0,1006
2024,2,7,10,0,4.7,0.85,0,100,0,1006
2024,2,7,11,0,5,0.89,0,100,0,1006
2024,2,7,12,0,5.7,0.91,0,98.9,0,1007
2024,2,7,13,0,5.800000000000001,0.93,0,97.38,0,1007
2024,2,7,14,0,5.800000000000001,0.9500000000000001,0,97.59,0,1007
2024,2,7,15,0,6.4,0.96,0,95.86,0,1007
2024,2,7,16,0,7.800000000000001,0.91,33,92.72,0,1008
2024,2,7,17,0,9.200000000000001,0.8,82,88.13,0,1008
2024,2,7,18,0,9.8,0.75,0,85.48,0,1007
2024,2,7,19,0,10.100000000000001,0.74,0,86.23,0,1007
2024,2,7,20,0,10.600000000000001,0.67,0,85.07000000000001,0,1005
2024,2,7,21,0,10.600000000000001,0.68,9,84.24,0,1004
2024,2,7,22,0,10.5,0.61,8,84.29,0,1004
2024,2,7,23,0,10.5,0.53,0,82.97,0,1004
2024,2,8,0,0,9.600000000000001,0.46,9,85.17,0,1004
2024,2,8,1,0,8,0.45,3,89.54,0,1005
2024,2,8,2,0,7.300000000000001,0.47000000000000003,0,91.25,0,1005
2024,2,8,3,0,7.2,0.55,0,91.36,0,1006
2024,2,8,4,0,7.1000000000000005,0.64,0,92.35000000000001,0,1007
2024,2,8,5,0,6.800000000000001,0.75,0,94.59,0,1008
2024,2,8,6,0,6.5,0.84,0,96.26,0,1009
2024,2,8,7,0,6.2,0.92,0,97.28,0,1010
2024,2,8,8,0,5.9,0.99,0,97.85000000000001,0,1011
2024,2,8,9,0,5.2,1.07,0,99.45,0,1011
2024,2,8,10,0,4.3,1.1300000000000001,0,100,0,1012
2024,2,8,11,0,3.7,1.18,0,100,0,1012
2024,2,8,12,0,3.8000000000000003,1.2,0,99.11,0,1012
2024,2,8,13,0,3.7,1.22,0,98.14,0,1013
2024,2,8,14,0,3.6,1.23,0,97.45,0,1013
2024,2,8,15,0,4.4,1.23,0,95.59,0,1014
2024,2,8,16,0,6.5,1.23,518,90.26,0,1014
2024,2,8,17,0,9,1.23,736,78.97,0,1015
2024,2,8,18,0,10.5,1.34,839,71.88,0,1015
2024,2,8,19,0,11.5,1.32,23,66.89,0,1015
2024,2,8,20,0,12,1.31,0,64.54,0,1015
2024,2,8,21,0,12.200000000000001,1.04,0,63.17,0,1015
2024,2,8,22,0,12.100000000000001,1.05,0,63.13,0,1015
2024,2,8,23,0,11.5,1.06,0,66.34,0,1016
2024,2,9,0,0,10.3,1.1,0,77.53,0,1016
2024,2,9,1,0,7.7,1.16,335,89.37,0,1017
2024,2,9,2,0,6.1000000000000005,1.18,0,94.83,0,1018
2024,2,9,3,0,5.1000000000000005,1.19,0,99.25,0,1018
2024,2,9,4,0,4.4,1.2,0,100,0,1018
2024,2,9,5,0,4.5,1.2,0,98.22,0,1018
2024,2,9,6,0,4.9,1.2,0,94.52,0,1018
2024,2,9,7,0,5.4,1.18,0,91.26,0,1018
2024,2,9,8,0,4.800000000000001,1.18,0,94.58,0,1018
2024,2,9,9,0,4.2,1.19,0,98.23,0,1018
2024,2,9,10,0,3.4000000000000004,1.18,0,100,0,1019
2024,2,9,11,0,2.8000000000000003,1.18,0,100,0,1019
2024,2,9,12,0,2.7,1.16,0,100,0,1019
2024,2,9,13,0,3.2,1.1400000000000001,0,100,0,1019
2024,2,9,14,0,3.6,1.1400000000000001,0,97.86,0,1020
2024,2,9,15,0,3.9000000000000004,1.1300000000000001,0,95.33,0,1020
2024,2,9,16,0,4.9,1.1300000000000001,26,92.52,0,1020
2024,2,9,17,0,6.5,1.12,355,88.35000000000001,0,1021
2024,2,9,18,0,9.700000000000001,1.09,467,73.82000000000001,0,1021
2024,2,9,19,0,11.9,1.09,897,64.41,0,1020
2024,2,9,20,0,12.700000000000001,1.11,912,62.38,0,1020
2024,2,9,21,0,13.200000000000001,1.07,884,61.44,0,1019
2024,2,9,22,0,13.5,1.09,505,60.86,0,1019
2024,2,9,23,0,13.100000000000001,1.07,252,63.77,0,1018
2024,2,10,0,0,12,1.03,655,77.77,0,1018
2024,2,10,1,0,9.700000000000001,1.01,382,80.23,0,1019
2024,2,10,2,0,8.8,1,0,79.89,0,1019
2024,2,10,3,0,8.1,1,0,82.86,0,1019
2024,2,10,4,0,7.4,1.01,0,86.32000000000001,0,1019
2024,2,10,5,0,6.4,1.02,0,91.99,0,1020
2024,2,10,6,0,5.4,1.03,0,98.04,0,1020
2024,2,10,7,0,4.7,1.05,0,100,0,1020
2024,2,10,8,0,4.4,1.09,0,100,0,1020
2024,2,10,9,0,4.4,1.1300000000000001,0,99.69,0,1020
2024,2,10,10,0,4.5,1.18,0,95.09,0,1019
2024,2,10,11,0,4.3,1.21,0,92.74,0,1019
2024,2,10,12,0,3.8000000000000003,1.23,0,93.14,0,1019
2024,2,10,13,0,3.3000000000000003,1.25,0,94.19,0,1019
2024,2,10,14,0,3.1,1.26,0,93.49,0,1019
2024,2,10,15,0,4.4,1.26,0,87.82000000000001,0,1019
2024,2,10,16,0,7,1.26,619,78.63,0,1020
2024,2,10,17,0,9.9,1.25,817,65.44,0,1020
2024,2,10,18,0,12.3,1.24,907,54.730000000000004,0,1020
2024,2,10,19,0,13.8,1.22,950,49.65,0,1020
2024,2,10,20,0,14.700000000000001,1.2,966,47.4,0,1020
2024,2,10,21,0,15.100000000000001,1.17,957,47.37,0,1019
2024,2,10,22,0,15.100000000000001,1.17,931,49.59,0,1019
2024,2,10,23,0,14.600000000000001,1.17,874,53.88,0,1019
2024,2,11,0,0,12.5,1.17,756,75.4,0,1019
2024,2,11,1,0,9.3,1.17,484,77.38,0,1019
2024,2,11,2,0,8.200000000000001,1.18,0,79.85000000000001,0,1020
2024,2,11,3,0,7.7,1.19,0,82.21000000000001,0,1020
2024,2,11,4,0,7.5,1.19,0,84.15,0,1021
2024,2,11,5,0,7.5,1.19,0,85.49,0,1021
2024,2,11,6,0,7.4,1.19,0,87.47,0,1021
2024,2,11,7,0,7.1000000000000005,1.19,0,89.76,0,1021
2024,2,11,8,0,6,1.2,0,95.37,0,1021
2024,2,11,9,0,4.800000000000001,1.2,0,99.72,0,1022
2024,2,11,10,0,4,1.2,0,100,0,1021
2024,2,11,11,0,3.7,1.19,0,100,0,1022
2024,2,11,12,0,3.9000000000000004,1.18,0,99.46000000000001,0,1022
2024,2,11,13,0,4.2,1.17,0,99.3,0,1022
2024,2,11,14,0,4.4,1.17,0,98.96000000000001,0,1023
2024,2,11,15,0,5.300000000000001,1.18,0,95.69,0,1023
2024,2,11,16,0,7.1000000000000005,1.18,458,87.24,0,1024
2024,2,11,17,0,8.5,1.19,674,83.76,0,1024
2024,2,11,18,0,10.4,1.1500000000000001,803,81.32000000000001,0,1024
2024,2,11,19,0,12.200000000000001,1.19,516,77.88,0,1023
2024,2,11,20,0,13.600000000000001,1.22,552,74.06,0,1023
2024,2,11,21,0,14.5,1.25,659,70.28,0,1022
2024,2,11,22,0,15.200000000000001,1.3,876,66.38,0,1021
2024,2,11,23,0,15,1.31,824,65.98,0,1021
2024,2,12,0,0,14,1.31,705,72.65,0,1021
2024,2,12,1,0,12.3,1.31,433,71.82000000000001,0,1021
2024,2,12,2,0,11.5,1.31,0,74.92,0,1022
2024,2,12,3,0,11.100000000000001,1.29,0,76.77,0,1022
2024,2,12,4,0,10.8,1.26,0,78.24,0,1022
2024,2,12,5,0,10.700000000000001,1.26,0,78.79,0,1022
2024,2,12,6,0,10.200000000000001,1.27,0,81.51,0,1022
2024,2,12,7,0,9.3,1.28,0,86.61,0,1022
2024,2,12,8,0,7.800000000000001,1.28,0,95.71000000000001,0,1022
2024,2,12,9,0,7.4,1.29,0,98.89,0,1022
2024,2,12,10,0,7.300000000000001,1.29,0,99.93,0,1021
2024,2,12,11,0,7.1000000000000005,1.28,0,100,0,1021
2024,2,12,12,0,6.7,1.26,0,100,0,1021
2024,2,12,13,0,6.2,1.25,0,100,0,1020
2024,2,12,14,0,6,1.24,0,97.38,0,1020
2024,2,12,15,0,5.800000000000001,1.24,0,95.74000000000001,0,1020
2024,2,12,16,0,6.9,1.24,286,91.83,0,1021
2024,2,12,17,0,8.4,1.24,346,87.98,0,1021
2024,2,12,18,0,10.8,1.27,517,80.51,0,1021
2024,2,12,19,0,13.200000000000001,1.3,869,71.4,0,1021
2024,2,12,20,0,14.8,1.31,664,63.59,0,1020
2024,2,12,21,0,15.4,1.3,570,60.67,0,1019
2024,2,12,22,0,15.200000000000001,1.3,598,62.29,0,1018
2024,2,12,23,0,15.3,1.36,518,62.1,0,1018
2024,2,13,0,0,14.4,1.3900000000000001,89,69.41,0,1017
2024,2,13,1,0,12.8,1.4000000000000001,0,66.52,0,1017
2024,2,13,2,0,12.3,1.4000000000000001,0,68.55,0,1017
2024,2,13,3,0,11.4,1.3900000000000001,0,73.17,0,1017
2024,2,13,4,0,10.4,1.3800000000000001,0,78.72,0,1018
2024,2,13,5,0,9.4,1.3800000000000001,0,84.73,0,1017
2024,2,13,6,0,8.9,1.37,0,88.44,0,1017
2024,2,13,7,0,8.3,1.3800000000000001,0,92.92,0,1017
2024,2,13,8,0,7.300000000000001,1.37,0,100,0,1017
2024,2,13,9,0,6.7,1.35,0,100,0,1017
2024,2,13,10,0,6.5,1.32,0,100,0,1016
2024,2,13,11,0,6.5,1.31,0,100,0,1016
2024,2,13,12,0,6.4,1.31,0,100,0,1016
2024,2,13,13,0,6.300000000000001,1.28,0,100,0,1016
2024,2,13,14,0,6.4,1.26,0,100,0,1016
2024,2,13,15,0,7.1000000000000005,1.24,0,97.77,0,1016
2024,2,13,16,0,8.200000000000001,1.27,0,93.39,0,1016
2024,2,13,17,0,10.5,1.3,727,82.77,0,1016
2024,2,13,18,0,13.600000000000001,1.35,853,67.91,0,1016
2024,2,13,19,0,15,1.32,901,63.59,0,1015
2024,2,13,20,0,15.8,1.29,913,62.18,0,1015
2024,2,13,21,0,15.700000000000001,0.9,849,62.99,0,1015
2024,2,13,22,0,15.200000000000001,0.91,190,66.59,0,1015
2024,2,13,23,0,14.5,0.92,343,73.02,0,1015
2024,2,14,0,0,13.200000000000001,0.92,245,83.45,0,1015
2024,2,14,1,0,11.5,0.93,0,85.24,0,1015
2024,2,14,2,0,10.600000000000001,0.93,0,89.03,0,1015
2024,2,14,3,0,9.9,0.9500000000000001,0,93.62,0,1015
2024,2,14,4,0,9.3,0.97,0,97.66,0,1016
2024,2,14,5,0,8.5,1,0,100,0,1016
2024,2,14,6,0,7.9,1.03,0,100,0,1016
2024,2,14,7,0,7.300000000000001,1.07,0,100,0,1016
2024,2,14,8,0,7,1.1,0,100,0,1016
2024,2,14,9,0,7.1000000000000005,1.12,0,100,0,1016
2024,2,14,10,0,7.5,1.1300000000000001,0,100,0,1016
2024,2,14,11,0,7.7,1.16,0,100,0,1016
2024,2,14,12,0,7.300000000000001,1.16,0,100,0,1016
2024,2,14,13,0,7.6000000000000005,1.1500000000000001,0,100,0,1016
2024,2,14,14,0,8.1,1.1500000000000001,0,100,0,1016
2024,2,14,15,0,9,1.16,0,97.58,0,1017
2024,2,14,16,0,10.4,1.18,1,94.33,0,1017
2024,2,14,17,0,11.8,1.18,79,90.54,0,1017
2024,2,14,18,0,13.200000000000001,1.1500000000000001,402,84.73,0,1017
2024,2,14,19,0,14.200000000000001,1.12,114,80.08,0,1017
2024,2,14,20,0,14.9,1.04,3,77.06,0,1016
2024,2,14,21,0,14.700000000000001,1,1,79.23,0,1015
2024,2,14,22,0,14.100000000000001,0.98,109,84.15,0,1015
2024,2,14,23,0,13.4,0.93,104,89.32000000000001,0,1015
2024,2,15,0,0,12.9,0.91,5,92.5,0,1015
2024,2,15,1,0,12.600000000000001,0.88,67,94.09,0,1015
2024,2,15,2,0,12.3,0.86,0,94.02,0,1015
2024,2,15,3,0,11.600000000000001,0.87,0,93.67,0,1016
2024,2,15,4,0,10.700000000000001,0.84,0,94.53,0,1017
2024,2,15,5,0,10.100000000000001,0.75,0,95.04,0,1018
2024,2,15,6,0,9.600000000000001,0.63,0,96.39,0,1018
2024,2,15,7,0,8.4,0.52,0,98.33,0,1018
2024,2,15,8,0,7.800000000000001,0.49,0,99.37,0,1019
2024,2,15,9,0,7.800000000000001,0.52,0,98.78,0,1019
2024,2,15,10,0,8,0.54,0,97.51,0,1019
2024,2,15,11,0,7.9,0.55,0,97.18,0,1019
2024,2,15,12,0,7.9,0.59,0,97.19,0,1020
2024,2,15,13,0,7.800000000000001,0.64,0,96.89,0,1020
2024,2,15,14,0,7.4,0.7000000000000001,0,97.63,0,1021
2024,2,15,15,0,8.9,0.77,0,97.3,0,1021
2024,2,15,16,0,11.5,0.8300000000000001,338,94.82000000000001,0,1022
2024,2,15,17,0,13.4,0.9,780,86.75,0,1023
2024,2,15,18,0,14.700000000000001,0.9,93,76.99,0,1023
2024,2,15,19,0,15.700000000000001,0.92,334,69.74,0,1023
2024,2,15,20,0,16.400000000000002,0.96,466,65.61,0,1022
2024,2,15,21,0,16.3,0.8200000000000001,359,64.93,0,1022
2024,2,15,22,0,16.5,0.84,393,64.23,0,1021
2024,2,15,23,0,16.2,0.85,448,66.1,0,1020
2024,2,16,0,0,15.200000000000001,0.88,454,77.84,0,1020
2024,2,16,1,0,12.600000000000001,0.91,0,82.60000000000001,0,1021
2024,2,16,2,0,11.100000000000001,0.92,0,88.69,0,1021
2024,2,16,3,0,10.5,0.91,0,93.61,0,1022
2024,2,16,4,0,9.9,0.92,0,97.36,0,1022
2024,2,16,5,0,9.8,0.93,0,97.79,0,1021
2024,2,16,6,0,10.100000000000001,0.9400000000000001,0,95.85000000000001,0,1021
2024,2,16,7,0,10.4,0.9500000000000001,0,93.53,0,1020
2024,2,16,8,0,10.100000000000001,0.96,0,94.13,0,1020
2024,2,16,9,0,9.9,0.96,0,93.79,0,1020
2024,2,16,10,0,9.600000000000001,0.9500000000000001,0,93.92,0,1020
2024,2,16,11,0,9.1,0.9400000000000001,0,95.08,0,1020
2024,2,16,12,0,8.8,0.9500000000000001,0,95.23,0,1020
2024,2,16,13,0,8.6,0.9500000000000001,0,94.60000000000001,0,1020
2024,2,16,14,0,8.700000000000001,0.96,0,92.58,0,1020
2024,2,16,15,0,9.200000000000001,0.96,0,91.22,0,1020
2024,2,16,16,0,10.9,0.96,13,87.16,0,1020
2024,2,16,17,0,13.100000000000001,0.96,43,78.38,0,1020
2024,2,16,18,0,15,0.97,0,69.79,0,1020
2024,2,16,19,0,16,0.99,256,66.5,0,1020
2024,2,16,20,0,16.900000000000002,1,44,63.04,0,1019
2024,2,16,21,0,17.3,1.02,5,61.93,0,1019
2024,2,16,22,0,17.1,1.04,0,62.620000000000005,0,1018
2024,2,16,23,0,15.9,1.04,19,69.68,0,1018
2024,2,17,0,0,14.600000000000001,1.05,129,82.27,0,1017
2024,2,17,1,0,12.4,1.04,1,85.73,0,1017
2024,2,17,2,0,12,1.04,0,84.77,0,1017
2024,2,17,3,0,11.8,1.05,0,84.58,0,1018
2024,2,17,4,0,11.200000000000001,1.05,0,87.03,0,1018
2024,2,17,5,0,10.5,1.06,0,90.59,0,1017
2024,2,17,6,0,10,1.07,0,93.36,0,1017
2024,2,17,7,0,9.700000000000001,1.08,0,94.61,0,1015
2024,2,17,8,0,9.4,1.08,0,95.73,0,1016
2024,2,17,9,0,9.600000000000001,1.1,0,94.15,0,1016
2024,2,17,10,0,9.1,1.11,0,95.88,0,1015
2024,2,17,11,0,8.9,1.1,0,95.38,0,1015
2024,2,17,12,0,8.9,1.1,0,93.79,0,1015
2024,2,17,13,0,8.9,1.08,0,92.79,0,1015
2024,2,17,14,0,9,1.07,0,91.62,0,1015
2024,2,17,15,0,9.4,1.06,0,91.02,0,1015
2024,2,17,16,0,11.100000000000001,1.04,1,88.27,0,1015
2024,2,17,17,0,12,1.04,3,85.56,0,1014
2024,2,17,18,0,12.600000000000001,1.08,5,87.41,0,1014
2024,2,17,19,0,13.3,1.11,0,89.58,0,1014
2024,2,17,20,0,13.600000000000001,1.1400000000000001,2,91.29,0,1013
2024,2,17,21,0,14.100000000000001,1.18,0,89.67,0,1012
2024,2,17,22,0,14.3,1.2,5,89,0,1011
2024,2,17,23,0,14.5,1.21,241,88.35000000000001,0,1010
2024,2,18,0,0,14.3,1.1500000000000001,0,88.86,0,1010
2024,2,18,1,0,13.8,1.07,0,90.06,0,1010
2024,2,18,2,0,13.3,0.97,0,92.24,0,1010
2024,2,18,3,0,13,0.98,0,93.58,0,1011
2024,2,18,4,0,12.5,1,0,95.29,0,1012
2024,2,18,5,0,11.8,1.05,0,96.5,0,1013
2024,2,18,6,0,10.3,1.1300000000000001,0,98.91,0,1013
2024,2,18,7,0,9.1,1.21,0,100,0,1014
2024,2,18,8,0,8.3,1.27,0,100,0,1014
2024,2,18,9,0,7.9,1.31,0,100,0,1014
2024,2,18,10,0,7.6000000000000005,1.35,0,100,0,1014
2024,2,18,11,0,7.300000000000001,1.3800000000000001,0,99.74000000000001,0,1014
2024,2,18,12,0,7,1.3900000000000001,0,99.31,0,1014
2024,2,18,13,0,6.800000000000001,1.41,0,98.68,0,1014
2024,2,18,14,0,6.7,1.4000000000000001,0,98.14,0,1014
2024,2,18,15,0,8.8,1.37,0,97.32000000000001,0,1014
2024,2,18,16,0,11.5,1.35,271,95.01,0,1014
2024,2,18,17,0,13.9,1.31,5,90.53,0,1013
2024,2,18,18,0,16.1,1.21,861,82.05,0,1012
2024,2,18,19,0,17.5,1.2,908,73.17,0,1012
2024,2,18,20,0,18.3,1.1400000000000001,917,66.63,0,1010
2024,2,18,21,0,17.900000000000002,0.74,852,67.8,0,1010
2024,2,18,22,0,17.2,0.64,0,74.44,0,1009
2024,2,18,23,0,16.6,0.59,278,81.18,0,1008
2024,2,19,0,0,15.8,0.66,72,85.49,0,1007
2024,2,19,1,0,15.200000000000001,0.78,374,87.71000000000001,0,1007
2024,2,19,2,0,14.8,0.86,0,88.39,0,1007
2024,2,19,3,0,14.3,0.86,0,91.05,0,1007
2024,2,19,4,0,13.700000000000001,0.8300000000000001,0,94.61,0,1006
2024,2,19,5,0,13.200000000000001,0.84,0,96.43,0,1006
2024,2,19,6,0,12.8,0.9500000000000001,0,96.52,0,1005
2024,2,19,7,0,12.4,0.9400000000000001,0,95.4,0,1005
2024,2,19,8,0,10.9,0.93,0,93.8,0,1005
2024,2,19,9,0,9.200000000000001,0.9500000000000001,0,95.28,0,1006
2024,2,19,10,0,9,0.9400000000000001,0,91.78,0,1005
2024,2,19,11,0,8.4,0.91,0,94.03,0,1006
2024,2,19,12,0,7.5,0.8300000000000001,0,97.86,0,1006
2024,2,19,13,0,8.5,0.7000000000000001,0,96.64,0,1006
2024,2,19,14,0,10.100000000000001,0.5700000000000001,0,94.41,0,1007
2024,2,19,15,0,11.5,0.48,0,92.91,0,1007
2024,2,19,16,0,12.600000000000001,0.44,6,92.56,0,1008
2024,2,19,17,0,13.8,0.44,6,90.99,0,1008
2024,2,19,18,0,14.9,0.43,0,87.8,0,1009
2024,2,19,19,0,15.600000000000001,0.4,0,83.71000000000001,0,1009
2024,2,19,20,0,16,0.36,3,80.97,0,1009
2024,2,19,21,0,16.2,0.38,363,78.98,0,1009
2024,2,19,22,0,16.2,0.38,33,78.19,0,1009
2024,2,19,23,0,15.700000000000001,0.4,0,79.88,0,1010
2024,2,20,0,0,14.700000000000001,0.38,0,82.97,0,1010
2024,2,20,1,0,13.600000000000001,0.44,29,86.11,0,1011
2024,2,20,2,0,12.700000000000001,0.51,0,89.85000000000001,0,1012
2024,2,20,3,0,12.200000000000001,0.58,0,92.14,0,1013
2024,2,20,4,0,12,0.62,0,92.77,0,1014
2024,2,20,5,0,11.700000000000001,0.61,0,93.72,0,1014
2024,2,20,6,0,11.3,0.6,0,94.71000000000001,0,1015
2024,2,20,7,0,11,0.6,0,94.87,0,1015
2024,2,20,8,0,10.600000000000001,0.63,0,95.52,0,1015
2024,2,20,9,0,10.200000000000001,0.68,0,95.61,0,1015
2024,2,20,10,0,9.8,0.74,0,95.83,0,1015
2024,2,20,11,0,9.700000000000001,0.79,0,95.62,0,1015
2024,2,20,12,0,9.600000000000001,0.84,0,95.29,0,1015
2024,2,20,13,0,9.5,0.88,0,95.29,0,1016
2024,2,20,14,0,9.3,0.91,0,95.33,0,1016
2024,2,20,15,0,10.3,0.91,0,94.93,0,1016
2024,2,20,16,0,11.700000000000001,0.89,161,93.63,0,1017
2024,2,20,17,0,12.8,0.85,143,92.82000000000001,0,1017
2024,2,20,18,0,14.600000000000001,0.8200000000000001,218,84.58,0,1016
2024,2,20,19,0,15.4,0.72,385,78.03,0,1017
2024,2,20,20,0,15.200000000000001,0.63,413,78.60000000000001,0,1016
2024,2,20,21,0,14.9,0.62,311,80.92,0,1016
2024,2,20,22,0,14.200000000000001,0.63,2,84.85000000000001,0,1015
2024,2,20,23,0,13.200000000000001,0.59,1,89.89,0,1015
2024,2,21,0,0,12.200000000000001,0.67,0,92.53,0,1016
2024,2,21,1,0,11,0.75,5,94.29,0,1016
2024,2,21,2,0,10,0.8300000000000001,0,95.56,0,1017
2024,2,21,3,0,9.3,0.9,0,95.34,0,1017
2024,2,21,4,0,8.8,0.92,0,95.25,0,1017
2024,2,21,5,0,8.3,0.92,0,96.19,0,1017
2024,2,21,6,0,7.9,0.93,0,96.59,0,1017
2024,2,21,7,0,7.300000000000001,0.93,0,97.93,0,1017
2024,2,21,8,0,6.9,0.96,0,98.48,0,1017
2024,2,21,9,0,6.4,1,0,99.23,0,1017
2024,2,21,10,0,6.1000000000000005,1.05,0,99.07000000000001,0,1017
2024,2,21,11,0,6.2,1.09,0,98.38,0,1017
2024,2,21,12,0,6.7,1.12,0,97.34,0,1018
2024,2,21,13,0,6.800000000000001,1.1300000000000001,0,96.95,0,1018
2024,2,21,14,0,6.7,1.12,0,96.59,0,1019
2024,2,21,15,0,7.1000000000000005,1.12,134,96.59,0,1020
2024,2,21,16,0,8.4,1.12,594,94.71000000000001,0,1020
2024,2,21,17,0,10.100000000000001,1.16,784,91.17,0,1021
2024,2,21,18,0,12.9,0.92,855,79.27,0,1021
2024,2,21,19,0,14.5,0.92,902,71.17,0,1021
2024,2,21,20,0,15.200000000000001,0.9500000000000001,919,67.99,0,1021
2024,2,21,21,0,15.600000000000001,0.75,0,67.01,0,1021
2024,2,21,22,0,15.700000000000001,0.76,863,67.27,0,1021
2024,2,21,23,0,15.4,0.79,801,69.75,0,1021
2024,2,22,0,0,14.5,0.8300000000000001,0,79.75,0,1021
2024,2,22,1,0,11.9,0.87,455,87.32000000000001,0,1021
2024,2,22,2,0,10.600000000000001,0.9,0,90.46000000000001,0,1022
2024,2,22,3,0,9.8,0.93,0,94.84,0,1022
2024,2,22,4,0,9.1,0.96,0,98.68,0,1023
2024,2,22,5,0,8.6,0.97,0,100,0,1023
2024,2,22,6,0,8,0.96,0,100,0,1023
2024,2,22,7,0,7.6000000000000005,0.9500000000000001,0,100,0,1023
2024,2,22,8,0,7.300000000000001,0.93,0,100,0,1023
2024,2,22,9,0,7.300000000000001,0.89,0,100,0,1023
2024,2,22,10,0,7.1000000000000005,0.85,0,100,0,1022
2024,2,22,11,0,6.6000000000000005,0.85,0,99.4,0,1022
2024,2,22,12,0,6.2,0.89,0,98.34,0,1023
2024,2,22,13,0,6.4,0.9,0,96.06,0,1023
2024,2,22,14,0,6.800000000000001,0.9,0,93.42,0,1024
2024,2,22,15,0,7.2,0.92,92,92.60000000000001,0,1024
2024,2,22,16,0,8,0.92,549,90.5,0,1025
2024,2,22,17,0,9.600000000000001,0.89,741,88.37,0,1025
2024,2,22,18,0,12.600000000000001,0.88,29,78.73,0,1025
2024,2,22,19,0,15.600000000000001,0.84,879,64.24,0,1025
2024,2,22,20,0,16.5,0.85,889,60.93,0,1024
2024,2,22,21,0,16.900000000000002,0.84,872,59.95,0,1023
2024,2,22,22,0,17,0.85,849,59.300000000000004,0,1023
2024,2,22,23,0,16.8,0.86,792,59.33,0,1023
2024,2,23,0,0,15.9,0.8300000000000001,674,69.52,0,1022
2024,2,23,1,0,13.4,0.8,420,74.23,0,1022
2024,2,23,2,0,11.600000000000001,0.76,0,78.98,0,1023
2024,2,23,3,0,10.4,0.71,0,85.06,0,1023
2024,2,23,4,0,9.5,0.68,0,89.18,0,1023
2024,2,23,5,0,8.9,0.67,0,91.35000000000001,0,1024
2024,2,23,6,0,8.6,0.66,0,91.16,0,1023
2024,2,23,7,0,8.3,0.64,0,90.77,0,1023
2024,2,23,8,0,8.1,0.61,0,89.69,0,1023
2024,2,23,9,0,7.7,0.61,0,89.85000000000001,0,1023
2024,2,23,10,0,6.9,0.62,0,92.48,0,1023
2024,2,23,11,0,6,0.64,0,95.48,0,1022
2024,2,23,12,0,5.5,0.65,0,95.96000000000001,0,1022
2024,2,23,13,0,5.2,0.67,0,95.86,0,1021
2024,2,23,14,0,5.1000000000000005,0.6900000000000001,0,96.22,0,1021
2024,2,23,15,0,7.2,0.7000000000000001,66,89.54,0,1022
2024,2,23,16,0,9.3,0.7000000000000001,513,83.87,0,1022
2024,2,23,17,0,11,0.71,192,78.63,0,1021
2024,2,23,18,0,13,0.7000000000000001,490,72.05,0,1021
2024,2,23,19,0,14.5,0.7000000000000001,719,68.71000000000001,0,1020
2024,2,23,20,0,15.5,0.7000000000000001,604,66.91,0,1020
2024,2,23,21,0,16,0.72,394,67,0,1019
2024,2,23,22,0,16.400000000000002,0.73,547,67.21000000000001,0,1018
2024,2,23,23,0,16.5,0.76,273,69.47,0,1018
2024,2,24,0,0,15.5,0.8,663,81.09,0,1018
2024,2,24,1,0,13.8,0.81,399,78.31,0,1018
2024,2,24,2,0,13.200000000000001,0.81,0,78.42,0,1018
2024,2,24,3,0,13.200000000000001,0.8,0,77.51,0,1018
2024,2,24,4,0,12.8,0.77,0,78.67,0,1018
2024,2,24,5,0,12.600000000000001,0.76,0,79.55,0,1018
2024,2,24,6,0,12.100000000000001,0.74,0,81.98,0,1018
2024,2,24,7,0,11.700000000000001,0.74,0,83.44,0,1017
2024,2,24,8,0,11.9,0.76,0,81.7,0,1017
2024,2,24,9,0,12.100000000000001,0.79,0,79.99,0,1017
2024,2,24,10,0,11.5,0.84,0,82.25,0,1017
2024,2,24,11,0,10.4,0.88,0,86.46000000000001,0,1017
2024,2,24,12,0,9.700000000000001,0.92,0,88.09,0,1017
2024,2,24,13,0,9,0.9400000000000001,0,89.04,0,1017
2024,2,24,14,0,8.700000000000001,0.9500000000000001,0,87.2,0,1017
2024,2,24,15,0,10,0.96,122,84.92,0,1018
2024,2,24,16,0,12.5,0.96,573,74.96000000000001,0,1018
2024,2,24,17,0,14.700000000000001,0.9400000000000001,759,69.78,0,1018
2024,2,24,18,0,16.6,0.97,873,66.52,0,1018
2024,2,24,19,0,17.900000000000002,0.97,911,64.53,0,1018
2024,2,24,20,0,18.8,0.97,927,62.99,0,1017
2024,2,24,21,0,19.6,0.9,913,60.63,0,1017
2024,2,24,22,0,20,0.93,882,58.68,0,1016
2024,2,24,23,0,19.900000000000002,0.9500000000000001,826,60.01,0,1016
2024,2,25,0,0,19,1.02,726,68.8,0,1016
2024,2,25,1,0,16.8,1.03,498,68.01,0,1016
2024,2,25,2,0,15.4,1.04,0,69.49,0,1016
2024,2,25,3,0,14.600000000000001,1.05,0,71.38,0,1016
2024,2,25,4,0,14.3,1.06,0,70.59,0,1016
2024,2,25,5,0,14.200000000000001,1.07,0,69.18,0,1016
2024,2,25,6,0,14.4,1.08,0,67.04,0,1016
2024,2,25,7,0,13.8,1.09,0,68.82000000000001,0,1016
2024,2,25,8,0,12.5,1.1,0,74.09,0,1016
2024,2,25,9,0,11.200000000000001,1.1,0,79.67,0,1016
2024,2,25,10,0,10.8,1.1,0,80.41,0,1015
2024,2,25,11,0,10,1.1,0,83.26,0,1015
2024,2,25,12,0,9.3,1.1,0,85.71000000000001,0,1015
2024,2,25,13,0,8.700000000000001,1.11,0,88.04,0,1015
2024,2,25,14,0,8.3,1.12,0,89.75,0,1016
2024,2,25,15,0,9.600000000000001,1.12,146,90.08,0,1016
2024,2,25,16,0,12.3,1.11,568,81.96000000000001,0,1017
2024,2,25,17,0,14.600000000000001,1.09,559,76.8,0,1017
2024,2,25,18,0,17.3,1.03,635,66.91,0,1017
2024,2,25,19,0,19,1.04,568,60.660000000000004,0,1016
2024,2,25,20,0,19.8,1.06,917,59.02,0,1016
2024,2,25,21,0,20,1.06,898,59.26,0,1015
2024,2,25,22,0,19.700000000000003,1.07,872,61.410000000000004,0,1015
2024,2,25,23,0,19,1.06,405,64.87,0,1015
2024,2,26,0,0,17.2,1.05,714,75.25,0,1015
2024,2,26,1,0,13.700000000000001,1.03,498,86.96000000000001,0,1015
2024,2,26,2,0,11.600000000000001,1,0,89.60000000000001,0,1016
2024,2,26,3,0,10.4,0.97,0,90.97,0,1016
2024,2,26,4,0,9.3,0.9400000000000001,0,93.61,0,1016
2024,2,26,5,0,8.5,0.93,0,97.38,0,1016
2024,2,26,6,0,8,0.9400000000000001,0,100,0,1016
2024,2,26,7,0,7.800000000000001,0.96,0,100,0,1016
2024,2,26,8,0,7.7,0.96,0,100,0,1016
2024,2,26,9,0,7.5,0.96,0,100,0,1016
2024,2,26,10,0,7.5,0.98,0,100,0,1015
2024,2,26,11,0,7.5,0.99,0,100,0,1015
2024,2,26,12,0,7.5,1,0,100,0,1015
2024,2,26,13,0,7.5,1,0,100,0,1015
2024,2,26,14,0,7.7,0.99,0,100,0,1016
2024,2,26,15,0,10.600000000000001,0.97,201,98.33,0,1016
2024,2,26,16,0,13.3,0.96,365,86.94,0,1016
2024,2,26,17,0,14.9,0.96,758,78.9,0,1016
2024,2,26,18,0,15.700000000000001,0.9400000000000001,828,75.57000000000001,0,1016
2024,2,26,19,0,16.8,0.93,877,71.81,0,1015
2024,2,26,20,0,17.5,0.91,1,68.57000000000001,0,1015
2024,2,26,21,0,17.8,0.86,155,66.36,0,1014
2024,2,26,22,0,17.7,0.87,870,64.79,0,1013
2024,2,26,23,0,17,0.88,820,66.02,0,1013
2024,2,27,0,0,15.600000000000001,0.92,714,73.27,0,1012
2024,2,27,1,0,12.700000000000001,0.97,488,86.13,0,1012
2024,2,27,2,0,11.3,0.98,0,90.28,0,1012
2024,2,27,3,0,10.600000000000001,0.93,0,93.12,0,1013
2024,2,27,4,0,9.700000000000001,0.86,0,96.86,0,1013
2024,2,27,5,0,8.8,0.81,0,99.16,0,1013
2024,2,27,6,0,8,0.78,0,97.85000000000001,0,1014
2024,2,27,7,0,7.4,0.76,0,93.4,0,1014
2024,2,27,8,0,6.9,0.76,0,89.42,0,1015
2024,2,27,9,0,6.2,0.78,0,87.83,0,1015
2024,2,27,10,0,5.6000000000000005,0.8,0,86.84,0,1015
2024,2,27,11,0,5.2,0.8200000000000001,0,85.85000000000001,0,1015
2024,2,27,12,0,4.6000000000000005,0.88,0,86.46000000000001,0,1016
2024,2,27,13,0,4.1000000000000005,0.92,0,86.86,0,1016
2024,2,27,14,0,3.8000000000000003,0.92,0,86.99,0,1017
2024,2,27,15,0,5.300000000000001,0.92,247,81.26,0,1018
2024,2,27,16,0,7.7,0.92,659,73.21000000000001,0,1018
2024,2,27,17,0,10.3,0.92,632,64.6,0,1019
2024,2,27,18,0,12.5,0.9500000000000001,902,59.11,0,1019
2024,2,27,19,0,14.200000000000001,0.92,351,54.6,0,1018
2024,2,27,20,0,15.4,0.91,951,51.79,0,1018
2024,2,27,21,0,16,0.9,946,51.2,0,1017
2024,2,27,22,0,16.1,0.9,916,52.35,0,1017
2024,2,27,23,0,15.700000000000001,0.91,863,55.93,0,1017
2024,2,28,0,0,14.5,0.91,763,69.42,0,1017
2024,2,28,1,0,11.200000000000001,0.91,546,82.81,0,1017
2024,2,28,2,0,10,0.91,0,80.44,0,1017
2024,2,28,3,0,10,0.93,0,79.4,0,1017
2024,2,28,4,0,10.100000000000001,0.96,0,79.10000000000001,0,1017
2024,2,28,5,0,9.8,0.98,0,81.07000000000001,0,1017
2024,2,28,6,0,9.5,0.99,0,82.73,0,1017
2024,2,28,7,0,9.1,1,0,84.77,0,1017
2024,2,28,8,0,8.5,1.01,0,87.81,0,1017
2024,2,28,9,0,8.1,1.02,0,89.14,0,1017
2024,2,28,10,0,8.200000000000001,1.04,0,87.29,0,1017
2024,2,28,11,0,8.4,1.06,0,85.5,0,1017
2024,2,28,12,0,8.200000000000001,1.08,0,86.3,0,1017
2024,2,28,13,0,7.7,1.11,0,89.33,0,1017
2024,2,28,14,0,7.4,1.1300000000000001,0,91.56,0,1017
2024,2,28,15,0,8.6,1.1400000000000001,268,90.17,0,1018
2024,2,28,16,0,10.3,1.16,659,84.79,0,1018
2024,2,28,17,0,13,1.17,815,74.41,0,1018
2024,2,28,18,0,16.400000000000002,1.29,897,54.68,0,1018
2024,2,28,19,0,17.900000000000002,1.28,931,50.18,0,1017
2024,2,28,20,0,18.6,1.27,940,49.69,0,1016
2024,2,28,21,0,19,1.2,926,49.82,0,1016
2024,2,28,22,0,19,1.22,900,50.69,0,1015
2024,2,28,23,0,18.6,1.24,843,54.160000000000004,0,1015
2024,2,29,0,0,17.3,1.25,741,65.61,0,1014
2024,2,29,1,0,13.5,1.25,528,79.71000000000001,0,1014
2024,2,29,2,0,11.4,1.22,0,81.93,0,1014
2024,2,29,3,0,10.5,1.19,0,86.82000000000001,0,1014
2024,2,29,4,0,10,1.18,0,90.56,0,1014
2024,2,29,5,0,9.600000000000001,1.16,0,94.94,0,1014
2024,2,29,6,0,9.4,1.1300000000000001,0,99.29,0,1014
2024,2,29,7,0,8.9,1.12,0,100,0,1014
2024,2,29,8,0,8.1,1.11,0,100,0,1015
2024,2,29,9,0,7.6000000000000005,1.12,0,100,0,1015
2024,2,29,10,0,7.7,1.1400000000000001,0,100,0,1014
2024,2,29,11,0,8.200000000000001,1.1400000000000001,0,100,0,1014
2024,2,29,12,0,9,1.1300000000000001,0,100,0,1014
2024,2,29,13,0,9.700000000000001,1.09,0,96.82000000000001,0,1014
2024,2,29,14,0,9.9,1.05,0,96.24000000000001,0,1014
2024,2,29,15,0,10.4,1.01,2,95.44,0,1015
2024,2,29,16,0,11,0.98,0,94.74,0,1015
2024,2,29,17,0,12.100000000000001,0.9500000000000001,751,92.74,0,1015
2024,2,29,18,0,13.8,0.93,136,85.73,0,1014
2024,2,29,19,0,14.5,0.93,0,80.58,0,1014
2024,2,29,20,0,14.5,0.9,107,80.72,0,1013
2024,2,29,21,0,14.700000000000001,0.78,2,81.31,0,1013
2024,2,29,22,0,14.200000000000001,0.7000000000000001,21,84.55,0,1013
2024,2,29,23,0,13.700000000000001,0.61,11,86.98,0,1013
2024,3,1,0,0,12.8,0.61,8,88.18,0,1013
2024,3,1,1,0,11.200000000000001,0.6,0,90.29,0,1013
2024,3,1,2,0,10,0.59,0,92.62,0,1014
2024,3,1,3,0,9.3,0.5700000000000001,0,93.52,0,1014
2024,3,1,4,0,8.9,0.56,0,93.72,0,1015
2024,3,1,5,0,8.4,0.58,0,94.54,0,1015
2024,3,1,6,0,7.800000000000001,0.61,0,96.24000000000001,0,1015
2024,3,1,7,0,7.800000000000001,0.62,0,95.10000000000001,0,1014
2024,3,1,8,0,7.6000000000000005,0.6,0,95.21000000000001,0,1014
2024,3,1,9,0,7.4,0.59,0,95.66,0,1014
2024,3,1,10,0,7.4,0.59,0,95.31,0,1013
2024,3,1,11,0,7.4,0.59,0,95.89,0,1013
2024,3,1,12,0,7.7,0.58,0,95.66,0,1013
2024,3,1,13,0,7.5,0.61,0,95.46000000000001,0,1013
2024,3,1,14,0,8.1,0.63,0,95.23,0,1012
2024,3,1,15,0,9.200000000000001,0.62,2,94.54,0,1013
2024,3,1,16,0,10.4,0.63,13,93.89,0,1013
2024,3,1,17,0,11.5,0.61,149,89.98,0,1013
2024,3,1,18,0,11.9,0.7000000000000001,108,86.97,0,1013
2024,3,1,19,0,12.200000000000001,0.6900000000000001,25,84.73,0,1012
2024,3,1,20,0,12.200000000000001,0.68,186,84.27,0,1011
2024,3,1,21,0,12.3,0.54,234,83.44,0,1010
2024,3,1,22,0,12.700000000000001,0.53,385,81.9,0,1008
2024,3,1,23,0,12.4,0.54,17,83.45,0,1008
2024,3,2,0,0,12,0.53,69,86.73,0,1007
2024,3,2,1,0,11.3,0.47000000000000003,4,90.01,0,1007
2024,3,2,2,0,11.100000000000001,0.39,0,91.01,0,1006
2024,3,2,3,0,11.100000000000001,0.4,0,91.3,0,1006
2024,3,2,4,0,11.100000000000001,0.36,0,92.38,0,1006
2024,3,2,5,0,11.100000000000001,0.28,0,92.89,0,1005
2024,3,2,6,0,10.9,0.25,0,92.95,0,1005
2024,3,2,7,0,10.5,0.2,0,91.83,0,1005
2024,3,2,8,0,9.700000000000001,0.17,0,91.10000000000001,0,1005
2024,3,2,9,0,8.6,0.2,0,89.18,0,1006
2024,3,2,10,0,7.800000000000001,0.24,0,87.75,0,1006
2024,3,2,11,0,7.300000000000001,0.25,0,88.29,0,1006
2024,3,2,12,0,7,0.23,0,89.44,0,1007
2024,3,2,13,0,6.7,0.22,0,90.63,0,1007
2024,3,2,14,0,6.5,0.22,0,91.4,0,1008
2024,3,2,15,0,7.300000000000001,0.23,54,90.37,0,1008
2024,3,2,16,0,8.3,0.22,4,87.88,0,1009
2024,3,2,17,0,9.3,0.22,49,80.7,0,1009
2024,3,2,18,0,9.8,0.24,680,74.72,0,1009
2024,3,2,19,0,10,0.25,429,72.84,0,1009
2024,3,2,20,0,10.100000000000001,0.26,787,73.46000000000001,0,1008
2024,3,2,21,0,10.3,0.29,34,74.52,0,1007
2024,3,2,22,0,10.3,0.3,1,75.48,0,1007
2024,3,2,23,0,9.9,0.34,2,78.33,0,1007
2024,3,3,0,0,9.4,0.42,0,83.34,0,1007
2024,3,3,1,0,8.700000000000001,0.46,1,89.7,0,1006
2024,3,3,2,0,8.700000000000001,0.45,0,91.10000000000001,0,1006
2024,3,3,3,0,8.6,0.51,0,89.29,0,1007
2024,3,3,4,0,7.9,0.52,0,89.12,0,1008
2024,3,3,5,0,7.300000000000001,0.48,0,89.64,0,1009
2024,3,3,6,0,6.7,0.43,0,91.24,0,1010
2024,3,3,7,0,6.1000000000000005,0.4,0,92.47,0,1010
2024,3,3,8,0,5.6000000000000005,0.37,0,93.9,0,1011
2024,3,3,9,0,5.2,0.35000000000000003,0,94.72,0,1011
2024,3,3,10,0,5,0.34,0,94.75,0,1011
2024,3,3,11,0,4.800000000000001,0.34,0,95.13,0,1012
2024,3,3,12,0,4.800000000000001,0.34,0,94.41,0,1012
2024,3,3,13,0,4.800000000000001,0.34,0,93.99,0,1012
2024,3,3,14,0,4.9,0.34,0,93.84,0,1013
2024,3,3,15,0,7.2,0.32,164,90.79,0,1014
2024,3,3,16,0,9.1,0.31,547,86.98,0,1014
2024,3,3,17,0,10.4,0.31,1,78.55,0,1015
2024,3,3,18,0,11.200000000000001,0.47000000000000003,23,70.95,0,1015
2024,3,3,19,0,11.700000000000001,0.5,0,67.27,0,1015
2024,3,3,20,0,12,0.52,469,66.08,0,1015
2024,3,3,21,0,12.200000000000001,0.49,871,65.76,0,1014
2024,3,3,22,0,11.700000000000001,0.48,0,68.51,0,1014
2024,3,3,23,0,11.4,0.46,801,71.61,0,1014
2024,3,4,0,0,10.600000000000001,0.48,100,77.65,0,1014
2024,3,4,1,0,9,0.49,0,87.35000000000001,0,1015
2024,3,4,2,0,7.4,0.5,0,93.53,0,1015
2024,3,4,3,0,6.800000000000001,0.51,0,95.82000000000001,0,1016
2024,3,4,4,0,6.1000000000000005,0.52,0,97.05,0,1016
2024,3,4,5,0,5.4,0.51,0,97.63,0,1017
2024,3,4,6,0,4.9,0.54,0,97.01,0,1017
2024,3,4,7,0,4.4,0.63,0,96.68,0,1017
2024,3,4,8,0,4.4,0.7000000000000001,0,95.47,0,1018
2024,3,4,9,0,4.3,0.74,0,95.08,0,1018
2024,3,4,10,0,4.3,0.76,0,94.53,0,1018
2024,3,4,11,0,4,0.75,0,95.11,0,1018
2024,3,4,12,0,3.6,0.71,0,95.81,0,1018
2024,3,4,13,0,3.4000000000000004,0.66,0,96.94,0,1018
2024,3,4,14,0,3.5,0.61,0,97.06,0,1018
2024,3,4,15,0,6.5,0.61,0,93.96000000000001,0,1019
2024,3,4,16,0,9,0.66,99,86.79,0,1019
2024,3,4,17,0,10.8,0.76,272,77.22,0,1020
2024,3,4,18,0,12.100000000000001,0.66,118,69.16,0,1020
2024,3,4,19,0,12.9,0.75,131,65.27,0,1020
2024,3,4,20,0,13.3,0.81,10,64.22,0,1019
2024,3,4,21,0,13.4,0.85,59,64.38,0,1019
2024,3,4,22,0,13.5,0.87,224,65.36,0,1018
2024,3,4,23,0,13.100000000000001,0.87,4,69.35000000000001,0,1018
2024,3,5,0,0,12.200000000000001,0.89,140,79.63,0,1018
2024,3,5,1,0,10.5,0.91,49,89.23,0,1018
2024,3,5,2,0,9.4,0.92,0,90.13,0,1018
2024,3,5,3,0,9.1,0.9400000000000001,0,91.18,0,1018
2024,3,5,4,0,8.8,0.96,0,92.37,0,1018
2024,3,5,5,0,8.700000000000001,0.98,0,92.88,0,1018
2024,3,5,6,0,8.5,0.98,0,93.99,0,1018
2024,3,5,7,0,8.3,0.97,0,95.15,0,1018
2024,3,5,8,0,8.200000000000001,0.92,0,95.79,0,1018
2024,3,5,9,0,8.1,0.89,0,96.39,0,1017
2024,3,5,10,0,8,0.91,0,96.55,0,1017
2024,3,5,11,0,8.1,0.92,0,95.88,0,1017
2024,3,5,12,0,8.1,0.93,0,95.51,0,1017
2024,3,5,13,0,8,0.9400000000000001,0,95.06,0,1017
2024,3,5,14,0,8.200000000000001,0.9500000000000001,0,94.91,0,1017
2024,3,5,15,0,9.4,0.97,259,93.84,0,1017
2024,3,5,16,0,10.600000000000001,0.98,37,92.78,0,1017
2024,3,5,17,0,11.9,1,26,90.74,0,1017
2024,3,5,18,0,12.9,1.03,241,87.16,0,1016
2024,3,5,19,0,13.700000000000001,1.06,390,83.52,0,1016
2024,3,5,20,0,14.100000000000001,1.07,420,81.56,0,1016
2024,3,5,21,0,14.5,1.07,345,80.39,0,1015
2024,3,5,22,0,14.9,1.09,66,79.07000000000001,0,1014
2024,3,5,23,0,15.100000000000001,1.09,98,78.68,0,1014
2024,3,6,0,0,14.600000000000001,1.09,32,83.12,0,1014
2024,3,6,1,0,12.4,1.08,0,92.16,0,1013
2024,3,6,2,0,10.9,1.06,0,95.4,0,1014
2024,3,6,3,0,10.5,1.05,0,96.14,0,1014
2024,3,6,4,0,10.100000000000001,1.04,0,96.75,0,1014
2024,3,6,5,0,9.600000000000001,1.04,0,97.56,0,1014
2024,3,6,6,0,9.1,1.04,0,98.27,0,1013
2024,3,6,7,0,9,1.05,0,97.65,0,1013
2024,3,6,8,0,9.5,1.06,0,96.12,0,1013
2024,3,6,9,0,10,1.07,0,94.42,0,1013
2024,3,6,10,0,10.3,1.08,0,93.33,0,1012
2024,3,6,11,0,10.3,1.08,0,92.83,0,1012
2024,3,6,12,0,10.200000000000001,1.09,0,92.35000000000001,0,1011
2024,3,6,13,0,9.700000000000001,1.1,0,93.22,0,1011
2024,3,6,14,0,9.200000000000001,1.1,0,94.46000000000001,0,1012
2024,3,6,15,0,10,1.11,0,95.75,0,1012
2024,3,6,16,0,11.5,1.12,74,93.34,0,1012
2024,3,6,17,0,12.700000000000001,1.12,104,89.94,0,1012
2024,3,6,18,0,13.700000000000001,1.11,289,85.49,0,1012
2024,3,6,19,0,14.3,1.11,244,82.12,0,1011
2024,3,6,20,0,14.600000000000001,1.12,209,80.52,0,1011
2024,3,6,21,0,14.700000000000001,1.1500000000000001,336,79.99,0,1010
2024,3,6,22,0,14.700000000000001,1.17,400,80.73,0,1010
2024,3,6,23,0,14.600000000000001,1.18,342,83.15,0,1010
2024,3,7,0,0,14.200000000000001,1.19,395,87.44,0,1010
2024,3,7,1,0,13,1.19,0,86.16,0,1010
2024,3,7,2,0,11.8,1.18,0,88.93,0,1010
2024,3,7,3,0,11,1.1400000000000001,0,92.18,0,1010
2024,3,7,4,0,10.200000000000001,1.09,0,95.33,0,1010
2024,3,7,5,0,9.4,1.03,0,97.97,0,1011
2024,3,7,6,0,8.700000000000001,0.99,0,99.43,0,1011
2024,3,7,7,0,8.1,0.9500000000000001,0,100,0,1011
2024,3,7,8,0,7.7,0.9,0,99.92,0,1011
2024,3,7,9,0,7.4,0.85,0,99.5,0,1011
2024,3,7,10,0,7.1000000000000005,0.84,0,99.48,0,1011
2024,3,7,11,0,7,0.86,0,98.58,0,1011
2024,3,7,12,0,7,0.87,0,97.31,0,1011
2024,3,7,13,0,7.1000000000000005,0.85,0,96.13,0,1012
2024,3,7,14,0,7.4,0.81,0,94.16,0,1013
2024,3,7,15,0,8.1,0.79,1,91.95,0,1014
2024,3,7,16,0,9.3,0.76,650,84.39,0,1015
2024,3,7,17,0,11.200000000000001,0.73,808,70.95,0,1015
2024,3,7,18,0,13.100000000000001,0.7000000000000001,885,62.02,0,1015
2024,3,7,19,0,14.600000000000001,0.6900000000000001,931,58.4,0,1016
2024,3,7,20,0,15.700000000000001,0.68,948,56.44,0,1015
2024,3,7,21,0,16.3,0.63,913,55.77,0,1015
2024,3,7,22,0,16.6,0.68,891,55.800000000000004,0,1015
2024,3,7,23,0,16.5,0.6900000000000001,837,58.09,0,1015
2024,3,8,0,0,15.5,0.65,716,68.76,0,1016
2024,3,8,1,0,12.4,0.64,503,84.60000000000001,0,1016
2024,3,8,2,0,10.100000000000001,0.64,0,88.10000000000001,0,1017
2024,3,8,3,0,9.5,0.64,0,88.91,0,1017
2024,3,8,4,0,8.9,0.66,0,89.33,0,1018
2024,3,8,5,0,8.3,0.67,0,89.95,0,1018
2024,3,8,6,0,7.7,0.66,0,90.86,0,1018
2024,3,8,7,0,7,0.63,0,92.18,0,1019
2024,3,8,8,0,6.300000000000001,0.62,0,93.35000000000001,0,1019
2024,3,8,9,0,5.6000000000000005,0.62,0,95.09,0,1019
2024,3,8,10,0,4.9,0.63,0,97.13,0,1019
2024,3,8,11,0,4.3,0.64,0,98.37,0,1019
2024,3,8,12,0,3.8000000000000003,0.65,0,98.55,0,1019
2024,3,8,13,0,3.3000000000000003,0.66,0,98.73,0,1020
2024,3,8,14,0,3.3000000000000003,0.67,0,96.5,0,1020
2024,3,8,15,0,6.6000000000000005,0.68,325,82.60000000000001,0,1021
2024,3,8,16,0,9.1,0.6900000000000001,671,72.59,0,1021
2024,3,8,17,0,11.700000000000001,0.71,817,65.83,0,1021
2024,3,8,18,0,14,0.79,908,60.27,0,1021
2024,3,8,19,0,16.2,0.79,942,51.92,0,1021
2024,3,8,20,0,18,0.78,949,44.89,0,1021
2024,3,8,21,0,18.6,0.68,921,43.47,0,1020
2024,3,8,22,0,18.8,0.67,889,43.1,0,1019
2024,3,8,23,0,18.5,0.67,829,44.77,0,1019
2024,3,9,0,0,17.8,0.68,717,49.69,0,1018
2024,3,9,1,0,15.3,0.7000000000000001,502,61.050000000000004,0,1018
2024,3,9,2,0,13.3,0.72,35,59.29,0,1018
2024,3,9,3,0,11.5,0.74,0,68.34,0,1018
2024,3,9,4,0,9.700000000000001,0.76,0,80.04,0,1019
2024,3,9,5,0,8.6,0.77,0,89.66,0,1019
2024,3,9,6,0,7.800000000000001,0.78,0,97.79,0,1019
2024,3,9,7,0,7.4,0.79,0,100,0,1019
2024,3,9,8,0,6.7,0.79,0,100,0,1019
2024,3,9,9,0,6,0.77,0,100,0,1019
2024,3,9,10,0,5.800000000000001,0.75,0,100,0,1019
2024,3,9,11,0,5.7,0.76,0,100,0,1019
2024,3,9,12,0,5.7,0.78,0,100,0,1019
2024,3,9,13,0,6.2,0.8200000000000001,0,100,0,1020
2024,3,9,14,0,6.9,0.85,0,99.06,0,1020
2024,3,9,15,0,9.4,0.84,28,93.76,0,1021
2024,3,9,16,0,11.9,0.88,389,85.91,0,1021
2024,3,9,17,0,13.3,0.9500000000000001,303,80.78,0,1021
2024,3,9,18,0,14,1,158,77.72,0,1020
2024,3,9,19,0,14.3,1,346,76.76,0,1020
2024,3,9,20,0,14.600000000000001,0.97,420,76,0,1020
2024,3,9,21,0,14.9,0.97,591,75.19,0,1019
2024,3,9,22,0,15.100000000000001,0.97,875,74.51,0,1019
2024,3,9,23,0,15.3,0.9400000000000001,832,73.03,0,1018
2024,3,10,0,0,14.600000000000001,0.9,400,76.48,0,1019
2024,3,10,1,0,12.100000000000001,0.89,204,88.36,0,1019
2024,3,10,2,0,9.8,0.88,0,92.22,0,1019
2024,3,10,3,0,8.9,0.87,0,94.5,0,1019
2024,3,10,4,0,8,0.87,0,98.22,0,1019
2024,3,10,5,0,7.300000000000001,0.86,0,100,0,1019
2024,3,10,6,0,6.9,0.86,0,100,0,1019
2024,3,10,7,0,6.6000000000000005,0.85,0,100,0,1019
2024,3,10,8,0,6.300000000000001,0.86,0,100,0,1019
2024,3,10,9,0,6.2,0.87,0,100,0,1019
2024,3,10,10,0,6.1000000000000005,0.88,0,100,0,1018
2024,3,10,11,0,6.1000000000000005,0.88,0,100,0,1018
2024,3,10,12,0,6.300000000000001,0.89,0,100,0,1018
2024,3,10,13,0,6.5,0.89,0,100,0,1018
2024,3,10,14,0,6.7,0.89,0,100,0,1018
2024,3,10,15,0,8.700000000000001,0.89,0,97.03,0,1019
2024,3,10,16,0,11.5,0.9,276,85.96000000000001,0,1019
2024,3,10,17,0,13.4,0.92,361,73.71000000000001,0,1019
2024,3,10,18,0,14.700000000000001,0.97,488,63.440000000000005,0,1018
2024,3,10,19,0,15.5,0.98,279,58.620000000000005,0,1018
2024,3,10,20,0,15.9,0.98,640,56.61,0,1017
2024,3,10,21,0,15.8,1,533,56.870000000000005,0,1016
2024,3,10,22,0,15.200000000000001,1.01,469,60.39,0,1015
2024,3,10,23,0,14.3,1.02,35,68.25,0,1015
2024,3,11,0,0,13,1.01,11,79.64,0,1015
2024,3,11,1,0,11.700000000000001,1.01,0,85.97,0,1015
2024,3,11,2,0,10.9,0.99,1,90.15,0,1015
2024,3,11,3,0,10.5,0.96,0,93.28,0,1016
2024,3,11,4,0,10.3,0.9400000000000001,0,94.41,0,1015
2024,3,11,5,0,10,0.92,0,94.96000000000001,0,1015
2024,3,11,6,0,9.700000000000001,0.89,0,96.12,0,1015
2024,3,11,7,0,9.600000000000001,0.87,0,96.86,0,1015
2024,3,11,8,0,9.3,0.85,0,97.55,0,1015
2024,3,11,9,0,9,0.84,0,97.17,0,1015
2024,3,11,10,0,8.3,0.89,0,96.94,0,1015
2024,3,11,11,0,7.4,0.9,0,96.02,0,1015
2024,3,11,12,0,6.800000000000001,0.91,0,95.56,0,1015
2024,3,11,13,0,6.300000000000001,0.91,0,95.02,0,1015
2024,3,11,14,0,6.2,0.89,0,95.14,0,1016
2024,3,11,15,0,9.1,0.91,378,92.07000000000001,0,1016
2024,3,11,16,0,11.100000000000001,0.92,697,85.65,0,1017
2024,3,11,17,0,13,0.9500000000000001,837,75.10000000000001,0,1017
2024,3,11,18,0,14.600000000000001,0.99,888,65.56,0,1017
2024,3,11,19,0,15.5,1.01,920,60.370000000000005,0,1017
2024,3,11,20,0,16.1,1.04,933,58.300000000000004,0,1017
2024,3,11,21,0,16.2,1.05,622,57.870000000000005,0,1016
2024,3,11,22,0,15.8,1.08,524,59.69,0,1016
2024,3,11,23,0,15.200000000000001,1.09,341,63.43,0,1017
2024,3,12,0,0,13.600000000000001,1.07,46,73.81,0,1017
2024,3,12,1,0,11.8,1.05,0,84.4,0,1018
2024,3,12,2,0,10.9,1.04,0,88.89,0,1018
2024,3,12,3,0,10.4,1.06,0,92.16,0,1019
2024,3,12,4,0,9.9,1.08,0,93.41,0,1019
2024,3,12,5,0,9.8,1.07,0,93.15,0,1018
2024,3,12,6,0,9.700000000000001,1.09,0,93.66,0,1018
2024,3,12,7,0,9.8,1.11,0,93.53,0,1018
2024,3,12,8,0,9.9,1.08,0,92.02,0,1018
2024,3,12,9,0,9.9,1.03,0,91.32000000000001,0,1018
2024,3,12,10,0,9.700000000000001,0.98,0,92.58,0,1018
2024,3,12,11,0,9.5,0.9400000000000001,0,94.02,0,1018
2024,3,12,12,0,9.4,0.88,0,95.29,0,1018
2024,3,12,13,0,9.600000000000001,0.8300000000000001,0,95.06,0,1018
2024,3,12,14,0,9.9,0.77,0,95.4,0,1018
2024,3,12,15,0,10.600000000000001,0.85,1,95.25,0,1018
2024,3,12,16,0,11.600000000000001,0.89,2,94.71000000000001,0,1019
2024,3,12,17,0,12.700000000000001,0.93,307,92.62,0,1019
2024,3,12,18,0,13.600000000000001,0.98,136,88.33,0,1020
2024,3,12,19,0,14.600000000000001,0.98,16,81.14,0,1020
2024,3,12,20,0,15.8,1,237,72.43,0,1020
2024,3,12,21,0,16.1,0.99,124,67.84,0,1019
2024,3,12,22,0,16.5,0.98,498,65.33,0,1019
2024,3,12,23,0,16.6,0.96,849,64.21000000000001,0,1019
2024,3,13,0,0,16,0.93,0,69.84,0,1019
2024,3,13,1,0,14,0.87,0,83.08,0,1019
2024,3,13,2,0,12.4,0.8,136,85.51,0,1019
2024,3,13,3,0,11,0.77,0,89.12,0,1020
2024,3,13,4,0,10.100000000000001,0.77,0,91.76,0,1020
2024,3,13,5,0,9.3,0.77,0,94.52,0,1021
2024,3,13,6,0,8.6,0.79,0,95.76,0,1021
2024,3,13,7,0,8,0.8300000000000001,0,96.19,0,1021
2024,3,13,8,0,7.4,0.9,0,96.47,0,1021
2024,3,13,9,0,7,0.92,0,95.5,0,1020
2024,3,13,10,0,6.9,0.93,0,92.76,0,1021
2024,3,13,11,0,6.9,0.9400000000000001,0,89.71000000000001,0,1021
2024,3,13,12,0,6.9,0.96,0,87.14,0,1021
2024,3,13,13,0,6.4,0.98,0,87.61,0,1021
2024,3,13,14,0,6.300000000000001,1,0,85.92,0,1021
2024,3,13,15,0,7.7,1.02,10,80.14,0,1022
2024,3,13,16,0,9.8,1.04,363,73.75,0,1022
2024,3,13,17,0,12.200000000000001,1.06,678,67.04,0,1022
2024,3,13,18,0,14.3,1.1400000000000001,901,61.47,0,1022
2024,3,13,19,0,15.9,1.11,712,57.03,0,1022
2024,3,13,20,0,16.900000000000002,1.1,727,54.25,0,1021
2024,3,13,21,0,17.3,0.89,645,53.120000000000005,0,1020
2024,3,13,22,0,17.2,0.93,616,53.84,0,1020
2024,3,13,23,0,16.7,0.99,862,57.35,0,1019
2024,3,14,0,0,15.700000000000001,0.98,781,64.92,0,1019
2024,3,14,1,0,13.8,0.96,615,72.63,0,1019
2024,3,14,2,0,11.9,0.9500000000000001,171,78.98,0,1019
2024,3,14,3,0,11.100000000000001,0.9400000000000001,0,81.11,0,1019
2024,3,14,4,0,10.5,0.9400000000000001,0,82.9,0,1019
2024,3,14,5,0,9.8,0.9400000000000001,0,86.37,0,1019
2024,3,14,6,0,9.3,0.9500000000000001,0,85.60000000000001,0,1019
2024,3,14,7,0,8.5,0.96,0,87.10000000000001,0,1019
2024,3,14,8,0,7.7,0.96,0,89.36,0,1019
2024,3,14,9,0,7.4,0.9500000000000001,0,88.21000000000001,0,1019
2024,3,14,10,0,7.2,0.93,0,86.60000000000001,0,1019
2024,3,14,11,0,7,0.91,0,84.98,0,1018
2024,3,14,12,0,6.800000000000001,0.89,0,83.53,0,1018
2024,3,14,13,0,6.7,0.86,0,81.54,0,1018
2024,3,14,14,0,6.7,0.84,0,79.75,0,1018
2024,3,14,15,0,8.3,0.8200000000000001,526,73.95,0,1018
2024,3,14,16,0,10.600000000000001,0.8,795,68.06,0,1018
2024,3,14,17,0,13.200000000000001,0.8,910,56.45,0,1018
2024,3,14,18,0,14.9,0.89,967,51.050000000000004,0,1018
2024,3,14,19,0,16.400000000000002,0.89,993,47.910000000000004,0,1017
2024,3,14,20,0,17.7,0.92,1008,46,0,1016
2024,3,14,21,0,18.7,0.63,988,45.58,0,1015
2024,3,14,22,0,19.1,0.62,957,47.410000000000004,0,1014
2024,3,14,23,0,18.900000000000002,0.62,910,53.050000000000004,0,1014
2024,3,15,0,0,17.5,0.66,829,63.08,0,1014
2024,3,15,1,0,14.8,0.65,664,73.52,0,1014
2024,3,15,2,0,12.5,0.67,212,78.83,0,1015
2024,3,15,3,0,11.600000000000001,0.68,0,79.46000000000001,0,1015
2024,3,15,4,0,10.9,0.66,0,79.59,0,1015
2024,3,15,5,0,10.4,0.66,0,78.25,0,1015
2024,3,15,6,0,10.100000000000001,0.68,0,77.48,0,1015
2024,3,15,7,0,9.600000000000001,0.73,0,79.24,0,1015
2024,3,15,8,0,8.9,0.78,0,81.71000000000001,0,1015
2024,3,15,9,0,8.5,0.8200000000000001,0,81.9,0,1014
2024,3,15,10,0,8.3,0.84,0,80.85000000000001,0,1013
2024,3,15,11,0,8.1,0.86,0,79.92,0,1013
2024,3,15,12,0,7.800000000000001,0.88,0,79.43,0,1012
2024,3,15,13,0,7.6000000000000005,0.89,0,78.59,0,1012
2024,3,15,14,0,7.7,0.91,0,77.2,0,1012
2024,3,15,15,0,9.4,0.9400000000000001,546,71.9,0,1012
2024,3,15,16,0,11.8,0.98,799,67.39,0,1012
2024,3,15,17,0,14.700000000000001,1.02,903,59.67,0,1011
2024,3,15,18,0,17.1,1.27,956,55.11,0,1011
2024,3,15,19,0,18.900000000000002,1.28,983,52.27,0,1011
2024,3,15,20,0,20.3,1.24,987,49.74,0,1010
2024,3,15,21,0,21.200000000000003,0.9,969,48.29,0,1009
2024,3,15,22,0,21.8,0.86,945,47.57,0,1009
2024,3,15,23,0,22.1,0.8300000000000001,896,46.230000000000004,0,1009
2024,3,16,0,0,21.8,0.81,806,45.92,0,1009
2024,3,16,1,0,19.1,0.78,627,56.92,0,1009
2024,3,16,2,0,15.600000000000001,0.76,166,62.84,0,1009
2024,3,16,3,0,14.200000000000001,0.74,0,68.86,0,1010
2024,3,16,4,0,13.600000000000001,0.74,0,69.99,0,1011
2024,3,16,5,0,12.9,0.74,0,71.81,0,1011
2024,3,16,6,0,12,0.75,0,76.06,0,1011
2024,3,16,7,0,11,0.76,0,82.32000000000001,0,1011
2024,3,16,8,0,10.3,0.78,0,86.9,0,1012
2024,3,16,9,0,9.700000000000001,0.8200000000000001,0,89.85000000000001,0,1012
2024,3,16,10,0,9.200000000000001,0.85,0,91.15,0,1012
2024,3,16,11,0,8.8,0.89,0,91.61,0,1013
2024,3,16,12,0,8.4,0.92,0,91.82000000000001,0,1013
2024,3,16,13,0,7.800000000000001,0.9500000000000001,0,94.34,0,1014
2024,3,16,14,0,7.800000000000001,0.96,0,95.48,0,1015
2024,3,16,15,0,11.3,0.98,413,84.51,0,1015
2024,3,16,16,0,13.700000000000001,0.98,684,77.37,0,1016
2024,3,16,17,0,16.1,0.98,809,70.9,0,1016
2024,3,16,18,0,18,1.3,904,66.11,0,1016
2024,3,16,19,0,19.400000000000002,1.3,935,62.76,0,1016
2024,3,16,20,0,20.5,1.28,947,59.800000000000004,0,1015
2024,3,16,21,0,21.200000000000003,1.02,931,57.34,0,1015
2024,3,16,22,0,21.400000000000002,1.01,909,55.71,0,1014
2024,3,16,23,0,21.1,0.99,867,57.2,0,1014
2024,3,17,0,0,20.1,0.97,782,62.57,0,1014
2024,3,17,1,0,17,0.9500000000000001,614,79.86,0,1014
2024,3,17,2,0,13.9,0.93,180,83.33,0,1015
2024,3,17,3,0,13,0.93,0,85.66,0,1015
2024,3,17,4,0,12.100000000000001,0.93,0,88.77,0,1016
2024,3,17,5,0,11.3,0.93,0,92.49,0,1017
2024,3,17,6,0,10.600000000000001,0.92,0,95.33,0,1017
2024,3,17,7,0,9.9,0.92,0,97.9,0,1017
2024,3,17,8,0,9.3,0.91,0,100,0,1017
2024,3,17,9,0,8.9,0.93,0,100,0,1017
2024,3,17,10,0,8.6,0.9500000000000001,0,100,0,1017
2024,3,17,11,0,8.5,0.97,0,98.99000000000001,0,1017
2024,3,17,12,0,8.5,0.99,0,96.56,0,1017
2024,3,17,13,0,8.4,1,0,95.03,0,1018
2024,3,17,14,0,8.6,1.02,0,92.72,0,1018
2024,3,17,15,0,10.200000000000001,1.04,427,88.37,0,1018
2024,3,17,16,0,12.700000000000001,1.06,703,79.38,0,1019
2024,3,17,17,0,15.200000000000001,1.07,825,73.60000000000001,0,1019
2024,3,17,18,0,17.5,1.46,912,67.6,0,1018
2024,3,17,19,0,19.400000000000002,1.45,943,61.88,0,1018
2024,3,17,20,0,20.8,1.44,956,56.370000000000005,0,1018
2024,3,17,21,0,21.5,1.46,955,54.24,0,1017
2024,3,17,22,0,21.700000000000003,1.44,933,53.97,0,1016
2024,3,17,23,0,21.5,1.41,886,55.94,0,1016
2024,3,18,0,0,21,1.37,803,59.84,0,1016
2024,3,18,1,0,18.6,1.31,636,71.39,0,1016
2024,3,18,2,0,16,1.22,206,72.23,0,1016
2024,3,18,3,0,14.4,1.1300000000000001,0,79.58,0,1016
2024,3,18,4,0,13.200000000000001,1.05,0,86.56,0,1017
2024,3,18,5,0,12.100000000000001,0.99,0,92.81,0,1017
2024,3,18,6,0,11.4,0.9500000000000001,0,95.95,0,1017
2024,3,18,7,0,10.8,0.9400000000000001,0,98.03,0,1017
2024,3,18,8,0,10.4,0.93,0,98.48,0,1017
2024,3,18,9,0,9.9,0.92,0,99.83,0,1017
2024,3,18,10,0,9.3,0.92,0,100,0,1017
2024,3,18,11,0,8.8,0.91,0,100,0,1017
2024,3,18,12,0,8.4,0.91,0,100,0,1017
2024,3,18,13,0,8.1,0.92,0,100,0,1018
2024,3,18,14,0,8.5,0.93,0,100,0,1018
2024,3,18,15,0,11.600000000000001,0.9500000000000001,412,88.24,0,1019
2024,3,18,16,0,13.9,0.97,680,81.47,0,1019
2024,3,18,17,0,16.3,1,804,74.24,0,1019
2024,3,18,18,0,18.900000000000002,1.21,888,63.370000000000005,0,1019
2024,3,18,19,0,21.200000000000003,1.19,917,54.230000000000004,0,1019
2024,3,18,20,0,22.200000000000003,1.1300000000000001,927,52.38,0,1018
2024,3,18,21,0,22.8,0.79,886,51.61,0,1017
2024,3,18,22,0,23,0.8,864,51.44,0,1017
2024,3,18,23,0,22.8,0.8200000000000001,817,52.76,0,1016
2024,3,19,0,0,22.400000000000002,0.86,732,57,0,1016
2024,3,19,1,0,20.1,0.89,562,67.77,0,1016
2024,3,19,2,0,17.5,0.92,148,69.39,0,1016
2024,3,19,3,0,15.9,0.9400000000000001,0,75.85000000000001,0,1016
2024,3,19,4,0,14.5,0.9500000000000001,0,81.56,0,1017
2024,3,19,5,0,13.200000000000001,0.9400000000000001,0,86.52,0,1017
2024,3,19,6,0,12.100000000000001,0.9400000000000001,0,91.38,0,1017
2024,3,19,7,0,11.200000000000001,0.93,0,95.14,0,1017
2024,3,19,8,0,10.5,0.91,0,97.26,0,1016
2024,3,19,9,0,9.9,0.9,0,99.69,0,1016
2024,3,19,10,0,9.3,0.9,0,100,0,1016
2024,3,19,11,0,8.8,0.89,0,100,0,1016
2024,3,19,12,0,8.4,0.88,0,100,0,1016
2024,3,19,13,0,8,0.87,0,100,0,1017
2024,3,19,14,0,8.5,0.86,0,100,0,1017
2024,3,19,15,0,10.8,0.85,422,89.81,0,1018
2024,3,19,16,0,13.3,0.85,692,82.07000000000001,0,1018
2024,3,19,17,0,15.8,0.84,816,76,0,1018
2024,3,19,18,0,17.900000000000002,1.3,920,71.59,0,1018
2024,3,19,19,0,19.6,1.28,951,67.92,0,1017
2024,3,19,20,0,20.8,1.27,958,65.53,0,1017
2024,3,19,21,0,21.700000000000003,1.34,957,63.29,0,1016
2024,3,19,22,0,22.1,1.32,937,61.730000000000004,0,1016
2024,3,19,23,0,21.8,1.31,894,63.04,0,1015
2024,3,20,0,0,20.8,1.3,817,68.49,0,1015
2024,3,20,1,0,17.900000000000002,1.31,663,82.38,0,1015
2024,3,20,2,0,14.5,1.31,276,89.28,0,1015
2024,3,20,3,0,13,1.3,0,92.5,0,1015
2024,3,20,4,0,11.700000000000001,1.3,0,95.68,0,1016
2024,3,20,5,0,10.700000000000001,1.3,0,98.58,0,1016
2024,3,20,6,0,10,1.3,0,100,0,1015
2024,3,20,7,0,9.4,1.3,0,100,0,1015
2024,3,20,8,0,8.9,1.31,0,100,0,1015
2024,3,20,9,0,8.4,1.31,0,100,0,1015
2024,3,20,10,0,7.800000000000001,1.3,0,100,0,1015
2024,3,20,11,0,7.2,1.27,0,100,0,1015
2024,3,20,12,0,6.6000000000000005,1.23,0,100,0,1015
2024,3,20,13,0,6.2,1.19,0,100,0,1016
2024,3,20,14,0,7.300000000000001,1.17,0,100,0,1016
2024,3,20,15,0,10.4,1.17,537,89.51,0,1016
2024,3,20,16,0,13.100000000000001,1.17,776,80.86,0,1017
2024,3,20,17,0,16.2,1.17,883,67.24,0,1017
2024,3,20,18,0,18.5,1.32,938,60.17,0,1017
2024,3,20,19,0,20.3,1.31,965,53,0,1017
2024,3,20,20,0,21.200000000000003,1.3,972,50.21,0,1016
2024,3,20,21,0,21.400000000000002,1.09,952,49.980000000000004,0,1016
2024,3,20,22,0,21.1,1.07,603,51.21,0,1016
2024,3,20,23,0,20.3,1.04,590,53.69,0,1016
2024,3,21,0,0,18.5,1.02,528,62.620000000000005,0,1016
2024,3,21,1,0,15.5,0.99,230,78,0,1016
2024,3,21,2,0,13.200000000000001,0.97,0,84.13,0,1016
2024,3,21,3,0,12.5,0.99,0,85.95,0,1017
2024,3,21,4,0,11.8,1,0,88.4,0,1017
2024,3,21,5,0,10.4,0.96,0,91.83,0,1017
2024,3,21,6,0,9.3,0.87,0,94.66,0,1017
2024,3,21,7,0,8.6,0.79,0,97.39,0,1018
2024,3,21,8,0,8.200000000000001,0.74,0,99.14,0,1018
2024,3,21,9,0,8,0.71,0,100,0,1018
2024,3,21,10,0,7.800000000000001,0.71,0,100,0,1018
2024,3,21,11,0,7.7,0.74,0,100,0,1018
2024,3,21,12,0,7.6000000000000005,0.78,0,100,0,1018
2024,3,21,13,0,7.7,0.8200000000000001,0,100,0,1018
2024,3,21,14,0,8.700000000000001,0.89,0,100,0,1018
2024,3,21,15,0,12.4,0.9500000000000001,464,88.10000000000001,0,1019
2024,3,21,16,0,14.600000000000001,0.97,713,79.82000000000001,0,1019
2024,3,21,17,0,16.400000000000002,0.9500000000000001,833,74.36,0,1020
2024,3,21,18,0,17.900000000000002,1.06,910,69.73,0,1020
2024,3,21,19,0,19.1,1.06,940,65.09,0,1020
2024,3,21,20,0,19.8,1.09,937,61.61,0,1019
2024,3,21,21,0,20.200000000000003,1.25,367,59.17,0,1019
2024,3,21,22,0,20,1.25,452,58.19,0,1018
2024,3,21,23,0,19,1.23,460,61.5,0,1018
2024,3,22,0,0,17.6,1.31,475,68.83,0,1018
2024,3,22,1,0,15.3,1.27,122,81.86,0,1018
2024,3,22,2,0,13.100000000000001,1.25,171,88.10000000000001,0,1018
2024,3,22,3,0,11.700000000000001,1.24,0,91.36,0,1018
2024,3,22,4,0,10.600000000000001,1.23,0,95.23,0,1018
2024,3,22,5,0,9.600000000000001,1.19,0,100,0,1018
2024,3,22,6,0,9.9,1.1400000000000001,0,98.49000000000001,0,1018
2024,3,22,7,0,10.100000000000001,1.12,0,97.88,0,1018
2024,3,22,8,0,10,1.1,0,99.51,0,1018
2024,3,22,9,0,9.9,1.07,0,100,0,1018
2024,3,22,10,0,9.8,1.03,0,100,0,1018
2024,3,22,11,0,9.9,1.02,0,100,0,1017
2024,3,22,12,0,9.8,1.01,0,100,0,1017
2024,3,22,13,0,9.8,0.99,0,100,0,1017
2024,3,22,14,0,10.3,0.97,0,100,0,1016
2024,3,22,15,0,13,0.9400000000000001,444,92.91,0,1016
2024,3,22,16,0,15.200000000000001,0.9,705,85,0,1016
2024,3,22,17,0,17.2,0.91,819,76.69,0,1015
2024,3,22,18,0,18.3,0.9400000000000001,159,70.97,0,1015
2024,3,22,19,0,18.900000000000002,0.98,916,67.46000000000001,0,1014
2024,3,22,20,0,19.1,1.01,201,65.83,0,1014
2024,3,22,21,0,19,1.01,3,65.56,0,1013
2024,3,22,22,0,18.3,0.98,23,67.87,0,1012
2024,3,22,23,0,16.900000000000002,0.93,0,74.53,0,1012
2024,3,23,0,0,15.700000000000001,0.89,1,82.12,0,1011
2024,3,23,1,0,14.5,0.87,1,88.43,0,1011
2024,3,23,2,0,13.100000000000001,0.88,235,93.04,0,1011
2024,3,23,3,0,12.3,0.88,0,93.69,0,1011
2024,3,23,4,0,11.600000000000001,0.84,0,93.41,0,1011
2024,3,23,5,0,10.8,0.76,0,93.2,0,1011
2024,3,23,6,0,9.4,0.67,0,96.07000000000001,0,1011
2024,3,23,7,0,8.1,0.6,0,99.2,0,1011
2024,3,23,8,0,7.300000000000001,0.5700000000000001,0,100,0,1012
2024,3,23,9,0,7,0.5700000000000001,0,99.8,0,1011
2024,3,23,10,0,6.9,0.5700000000000001,0,99.33,0,1011
2024,3,23,11,0,7.1000000000000005,0.53,0,98.36,0,1010
2024,3,23,12,0,7.6000000000000005,0.54,0,97.27,0,1010
2024,3,23,13,0,8.1,0.55,0,95.84,0,1010
2024,3,23,14,0,8.8,0.56,0,94.49,0,1010
2024,3,23,15,0,10.3,0.61,0,92.76,0,1010
2024,3,23,16,0,11.5,0.64,55,88.78,0,1010
2024,3,23,17,0,12.4,0.61,0,82.23,0,1010
2024,3,23,18,0,13,0.6900000000000001,253,77.62,0,1010
2024,3,23,19,0,12.9,0.7000000000000001,34,76.98,0,1010
2024,3,23,20,0,13.100000000000001,0.63,6,76.27,0,1010
2024,3,23,21,0,13.100000000000001,0.62,348,75.78,0,1009
2024,3,23,22,0,13.200000000000001,0.6,311,75.93,0,1009
2024,3,23,23,0,13.100000000000001,0.61,46,77.3,0,1008
2024,3,24,0,0,12.5,0.67,21,82.27,0,1008
2024,3,24,1,0,11.4,0.73,235,88.73,0,1008
2024,3,24,2,0,10.100000000000001,0.72,200,93.46000000000001,0,1008
2024,3,24,3,0,9.600000000000001,0.72,0,94.7,0,1008
2024,3,24,4,0,9.4,0.71,0,94.67,0,1008
2024,3,24,5,0,9.200000000000001,0.7000000000000001,0,94.5,0,1008
2024,3,24,6,0,8.8,0.67,0,95.52,0,1008
2024,3,24,7,0,8.6,0.64,0,95.62,0,1008
2024,3,24,8,0,8.4,0.62,0,95.73,0,1007
2024,3,24,9,0,7.7,0.64,0,96.55,0,1007
2024,3,24,10,0,7.2,0.71,0,96.7,0,1007
2024,3,24,11,0,6.800000000000001,0.76,0,96.31,0,1007
2024,3,24,12,0,6.5,0.81,0,95.92,0,1007
2024,3,24,13,0,6.6000000000000005,0.8,0,95.05,0,1007
2024,3,24,14,0,7.6000000000000005,0.72,0,95.01,0,1008
2024,3,24,15,0,9.200000000000001,0.73,246,93.31,0,1009
2024,3,24,16,0,10.9,0.76,211,88.68,0,1010
2024,3,24,17,0,13,0.78,851,79.38,0,1010
2024,3,24,18,0,14.700000000000001,0.88,920,69.10000000000001,0,1010
2024,3,24,19,0,15.9,0.89,946,62.36,0,1010
2024,3,24,20,0,16.6,0.92,960,58.53,0,1010
2024,3,24,21,0,16.7,0.77,24,57.46,0,1010
2024,3,24,22,0,16.8,0.76,188,56.550000000000004,0,1010
2024,3,24,23,0,16.8,0.77,890,56.61,0,1010
2024,3,25,0,0,16.400000000000002,0.78,64,60.730000000000004,0,1010
2024,3,25,1,0,14.8,0.78,661,76.56,0,1010
2024,3,25,2,0,12.9,0.76,277,71.66,0,1011
2024,3,25,3,0,11.5,0.75,0,78.36,0,1011
2024,3,25,4,0,10.3,0.76,0,86.81,0,1012
2024,3,25,5,0,9.3,0.76,0,93.8,0,1012
2024,3,25,6,0,8.5,0.76,0,98.74000000000001,0,1012
2024,3,25,7,0,7.9,0.78,0,100,0,1012
2024,3,25,8,0,7.7,0.81,0,100,0,1012
2024,3,25,9,0,7.7,0.8200000000000001,0,99.08,0,1012
2024,3,25,10,0,7.5,0.84,0,98.45,0,1012
2024,3,25,11,0,7.2,0.86,0,98.92,0,1012
2024,3,25,12,0,6.6000000000000005,0.87,0,100,0,1012
2024,3,25,13,0,6.1000000000000005,0.88,0,100,0,1013
2024,3,25,14,0,7,0.88,0,100,0,1012
2024,3,25,15,0,9.600000000000001,0.89,190,90.54,0,1013
2024,3,25,16,0,11.9,0.88,231,81.19,0,1014
2024,3,25,17,0,14.3,0.85,826,71.79,0,1014
2024,3,25,18,0,16,0.92,892,66.03,0,1014
2024,3,25,19,0,17.2,0.92,917,62.25,0,1014
2024,3,25,20,0,17.900000000000002,0.91,929,60.2,0,1013
2024,3,25,21,0,18.3,0.6,868,58.85,0,1013
2024,3,25,22,0,18.1,0.61,356,59.07,0,1012
2024,3,25,23,0,17.7,0.61,787,60.43,0,1012
2024,3,26,0,0,16.7,0.62,707,65.82000000000001,0,1012
2024,3,26,1,0,14.600000000000001,0.63,7,78.24,0,1013
2024,3,26,2,0,11.8,0.64,175,88.75,0,1013
2024,3,26,3,0,10.700000000000001,0.66,0,92.92,0,1014
2024,3,26,4,0,9.9,0.6900000000000001,0,96.37,0,1014
2024,3,26,5,0,9.1,0.72,0,100,0,1014
2024,3,26,6,0,8.4,0.76,0,100,0,1014
2024,3,26,7,0,7.800000000000001,0.78,0,100,0,1014
2024,3,26,8,0,7.5,0.81,0,100,0,1014
2024,3,26,9,0,7.1000000000000005,0.85,0,100,0,1015
2024,3,26,10,0,6.9,0.88,0,100,0,1014
2024,3,26,11,0,6.9,0.88,0,100,0,1015
2024,3,26,12,0,7,0.9,0,100,0,1015
2024,3,26,13,0,7.300000000000001,0.91,0,99.64,0,1016
2024,3,26,14,0,7.5,0.9400000000000001,0,97.5,0,1016
2024,3,26,15,0,8.8,0.96,468,92.05,0,1017
2024,3,26,16,0,10.4,0.96,685,87.27,0,1018
2024,3,26,17,0,12.600000000000001,0.98,12,79.35000000000001,0,1018
2024,3,26,18,0,15.700000000000001,1.1,905,67.34,0,1018
2024,3,26,19,0,17.2,1.11,926,62.09,0,1018
2024,3,26,20,0,18.2,1.09,933,58.51,0,1018
2024,3,26,21,0,18.8,1.08,928,56.44,0,1018
2024,3,26,22,0,19,1.1,903,55.69,0,1017
2024,3,26,23,0,18.8,1.11,853,56.480000000000004,0,1017
2024,3,27,0,0,17.8,1.08,764,62.89,0,1017
2024,3,27,1,0,15.600000000000001,1.06,609,77.47,0,1017
2024,3,27,2,0,12.5,1.05,1,87.19,0,1017
2024,3,27,3,0,11.3,1.04,0,90.82000000000001,0,1018
2024,3,27,4,0,10.4,1.05,0,93.13,0,1018
2024,3,27,5,0,9.200000000000001,1.07,0,97.42,0,1018
2024,3,27,6,0,8.3,1.09,0,100,0,1018
2024,3,27,7,0,7.6000000000000005,1.08,0,100,0,1019
2024,3,27,8,0,7,1.05,0,100,0,1019
2024,3,27,9,0,6.6000000000000005,1.02,0,100,0,1019
2024,3,27,10,0,6.2,0.99,0,100,0,1019
2024,3,27,11,0,6.1000000000000005,0.97,0,100,0,1019
2024,3,27,12,0,6.2,0.98,0,100,0,1019
2024,3,27,13,0,6.300000000000001,1,0,100,0,1018
2024,3,27,14,0,7.6000000000000005,1.04,0,99.83,0,1018
2024,3,27,15,0,9.9,1.07,75,91.26,0,1019
2024,3,27,16,0,11.600000000000001,1.08,31,84.52,0,1019
2024,3,27,17,0,12.9,1.08,3,80.12,0,1019
2024,3,27,18,0,13.8,1.09,49,78.5,0,1019
2024,3,27,19,0,14.3,1.08,12,79.35000000000001,0,1019
2024,3,27,20,0,14.600000000000001,1.06,1,80.88,0,1019
2024,3,27,21,0,14.8,1.05,18,82.01,0,1018
2024,3,27,22,0,14.600000000000001,1.03,11,84.68,0,1018
2024,3,27,23,0,14.200000000000001,1,6,88.44,0,1017
2024,3,28,0,0,13.9,0.96,0,90.97,0,1016
2024,3,28,1,0,13.3,0.93,0,93.43,0,1016
2024,3,28,2,0,12.700000000000001,0.92,1,94.81,0,1016
2024,3,28,3,0,12.4,0.92,0,95.7,0,1015
2024,3,28,4,0,12.3,0.93,0,95.72,0,1015
2024,3,28,5,0,12.200000000000001,0.93,0,95.22,0,1015
2024,3,28,6,0,11.3,0.9,0,96.75,0,1015
2024,3,28,7,0,10,0.8200000000000001,0,97.81,0,1016
2024,3,28,8,0,8.700000000000001,0.77,0,98.35000000000001,0,1016
2024,3,28,9,0,7.6000000000000005,0.67,0,98.59,0,1016
2024,3,28,10,0,7.1000000000000005,0.6,0,98.54,0,1016
2024,3,28,11,0,6.9,0.58,0,98.4,0,1016
2024,3,28,12,0,6.7,0.59,0,98.37,0,1016
2024,3,28,13,0,6.6000000000000005,0.6,0,97.7,0,1017
2024,3,28,14,0,7.9,0.59,0,96.12,0,1017
2024,3,28,15,0,10.5,0.62,507,92.69,0,1018
2024,3,28,16,0,12.200000000000001,0.66,735,82.45,0,1018
2024,3,28,17,0,13.5,0.6900000000000001,853,70.91,0,1018
2024,3,28,18,0,14.5,0.71,911,62.61,0,1018
2024,3,28,19,0,15.3,0.73,325,58.78,0,1017
2024,3,28,20,0,15.700000000000001,0.76,946,57.57,0,1017
2024,3,28,21,0,15.8,0.6,256,56.86,0,1016
2024,3,28,22,0,15.600000000000001,0.58,210,57.44,0,1016
2024,3,28,23,0,15,0.58,295,59.94,0,1015
2024,3,29,0,0,14.200000000000001,0.6,88,65.26,0,1015
2024,3,29,1,0,12.700000000000001,0.61,34,77.64,0,1015
2024,3,29,2,0,10.8,0.61,12,87.23,0,1015
2024,3,29,3,0,9.5,0.59,0,91.5,0,1015
2024,3,29,4,0,8.700000000000001,0.6,0,95.17,0,1015
2024,3,29,5,0,8.700000000000001,0.63,0,95.59,0,1015
2024,3,29,6,0,8.5,0.65,0,97.51,0,1014
2024,3,29,7,0,8.4,0.66,0,98.85000000000001,0,1014
2024,3,29,8,0,8.200000000000001,0.68,0,100,0,1013
2024,3,29,9,0,8.1,0.71,0,100,0,1012
2024,3,29,10,0,7.9,0.74,0,100,0,1012
2024,3,29,11,0,7.800000000000001,0.76,0,100,0,1011
2024,3,29,12,0,7.7,0.77,0,100,0,1010
2024,3,29,13,0,7.7,0.8,0,100,0,1009
2024,3,29,14,0,8.200000000000001,0.84,0,97.38,0,1009
2024,3,29,15,0,9.200000000000001,0.88,0,93.93,0,1008
2024,3,29,16,0,9.9,0.92,20,92.19,0,1008
2024,3,29,17,0,10.700000000000001,0.9400000000000001,244,88.10000000000001,0,1007
2024,3,29,18,0,11.4,0.93,87,78.83,0,1006
2024,3,29,19,0,11.9,0.87,604,73.48,0,1005
2024,3,29,20,0,12.700000000000001,0.8300000000000001,42,70.54,0,1004
2024,3,29,21,0,13.4,0.81,1,70.05,0,1003
2024,3,29,22,0,13.100000000000001,0.8,0,74.49,0,1002
2024,3,29,23,0,12,0.79,0,81.15,0,1002
2024,3,30,0,0,11.100000000000001,0.84,0,86.49,0,1002
2024,3,30,1,0,10.700000000000001,0.81,0,88.88,0,1002
2024,3,30,2,0,10.4,0.74,0,90,0,1002
2024,3,30,3,0,9.9,0.71,0,91.27,0,1002
2024,3,30,4,0,9.4,0.68,0,92.92,0,1002
2024,3,30,5,0,9,0.66,0,94.43,0,1002
2024,3,30,6,0,8.200000000000001,0.68,0,97.19,0,1002
2024,3,30,7,0,7.7,0.67,0,98.43,0,1002
2024,3,30,8,0,7.4,0.64,0,98.56,0,1002
2024,3,30,9,0,7.300000000000001,0.65,0,98.17,0,1002
2024,3,30,10,0,7.300000000000001,0.66,0,97.74000000000001,0,1002
2024,3,30,11,0,7.2,0.66,0,97.28,0,1002
2024,3,30,12,0,7.2,0.7000000000000001,0,97.22,0,1002
2024,3,30,13,0,7.1000000000000005,0.74,0,97.06,0,1002
2024,3,30,14,0,7.6000000000000005,0.78,0,95.75,0,1003
2024,3,30,15,0,9,0.87,8,93.07000000000001,0,1003
2024,3,30,16,0,10.9,0.9,0,86.66,0,1003
2024,3,30,17,0,12.700000000000001,0.91,1,75.81,0,1004
2024,3,30,18,0,14,0.85,0,65.49,0,1004
2024,3,30,19,0,14.9,0.85,202,59.65,0,1004
2024,3,30,20,0,15.5,0.85,966,56.58,0,1004
2024,3,30,21,0,15.8,0.67,942,55.09,0,1004
2024,3,30,22,0,15.9,0.66,149,54.5,0,1004
2024,3,30,23,0,15.8,0.65,874,54.54,0,1003
2024,3,31,0,0,15.3,0.64,109,57.13,0,1004
2024,3,31,1,0,13.8,0.64,648,73.07000000000001,0,1004
2024,3,31,2,0,11,0.66,297,79.04,0,1004
2024,3,31,3,0,10.3,0.6900000000000001,0,77.77,0,1005
2024,3,31,4,0,10.200000000000001,0.73,0,75.85000000000001,0,1005
2024,3,31,5,0,10.4,0.75,0,73.82000000000001,0,1006
2024,3,31,6,0,10.3,0.75,0,75.3,0,1006
2024,3,31,7,0,9.9,0.75,0,79.11,0,1006
2024,3,31,8,0,8.9,0.75,0,87.3,0,1007
2024,3,31,9,0,8.700000000000001,0.78,0,89.67,0,1007
2024,3,31,10,0,8.8,0.8,0,88.04,0,1007
2024,3,31,11,0,9.200000000000001,0.8200000000000001,0,85.74,0,1007
2024,3,31,12,0,9.4,0.85,0,84.2,0,1007
2024,3,31,13,0,9.200000000000001,0.86,0,85.42,0,1007
2024,3,31,14,0,9.4,0.88,51,89.18,0,1008
2024,3,31,15,0,11.3,0.9,0,85.51,0,1008
2024,3,31,16,0,13.8,0.92,725,74.35000000000001,0,1009
2024,3,31,17,0,15.8,0.9400000000000001,827,66.43,0,1009
2024,3,31,18,0,17.1,1.34,910,62.64,0,1009
2024,3,31,19,0,18,1.31,935,60.57,0,1008
2024,3,31,20,0,18.5,1.29,223,60.13,0,1008
2024,3,31,21,0,18.6,1.17,130,60.300000000000004,0,1007
2024,3,31,22,0,17.8,1.11,876,63.6,0,1006
2024,3,31,23,0,17.400000000000002,1.08,29,66.48,0,1006
2024,4,1,0,0,17.1,1.18,1,69.10000000000001,0,1006
2024,4,1,1,0,16,1.16,0,79.27,0,1006
2024,4,1,2,0,13.200000000000001,1.1300000000000001,282,85.34,0,1007
2024,4,1,3,0,12,1.11,0,88.7,0,1007
2024,4,1,4,0,11.600000000000001,1.1,0,89.55,0,1008
2024,4,1,5,0,11.4,1.09,0,89.42,0,1009
2024,4,1,6,0,10.3,1.09,0,94.02,0,1009
2024,4,1,7,0,9.200000000000001,1.07,0,97.81,0,1010
2024,4,1,8,0,8.3,1.04,0,98.56,0,1010
2024,4,1,9,0,7.5,1.01,0,96.88,0,1011
2024,4,1,10,0,6.9,0.97,0,93.8,0,1011
2024,4,1,11,0,6.7,0.9500000000000001,0,90.87,0,1012
2024,4,1,12,0,6.2,0.9500000000000001,0,92.18,0,1013
2024,4,1,13,0,5.7,0.97,0,94.01,0,1014
2024,4,1,14,0,7.1000000000000005,0.97,129,88.53,0,1015
2024,4,1,15,0,9.600000000000001,0.96,613,80.93,0,1016
2024,4,1,16,0,12.4,0.97,798,70.97,0,1016
2024,4,1,17,0,15,0.97,892,63.39,0,1017
2024,4,1,18,0,17,1.1,947,59.26,0,1017
2024,4,1,19,0,18.900000000000002,1.1,970,53.52,0,1018
2024,4,1,20,0,20.1,1.17,976,49.660000000000004,0,1018
2024,4,1,21,0,20.700000000000003,0.91,944,48.19,0,1018
2024,4,1,22,0,21.1,0.9,915,47.77,0,1018
2024,4,1,23,0,21.200000000000003,0.84,870,49.33,0,1017
2024,4,2,0,0,21,0.77,791,51.15,0,1017
2024,4,2,1,0,19.1,0.76,641,67.86,0,1018
2024,4,2,2,0,15.200000000000001,0.79,301,72.75,0,1018
2024,4,2,3,0,13.600000000000001,0.84,0,78.39,0,1019
2024,4,2,4,0,13,0.89,0,82.81,0,1019
2024,4,2,5,0,12.3,0.9400000000000001,0,86.94,0,1019
2024,4,2,6,0,11.4,0.98,0,90.29,0,1020
2024,4,2,7,0,10.5,1.02,0,93.91,0,1020
2024,4,2,8,0,9.9,1.04,0,95.91,0,1020
2024,4,2,9,0,9.3,1.06,0,98.2,0,1020
2024,4,2,10,0,8.700000000000001,1.08,0,100,0,1020
2024,4,2,11,0,8,1.11,0,100,0,1021
2024,4,2,12,0,7.7,1.1400000000000001,0,100,0,1021
2024,4,2,13,0,7.4,1.17,0,100,0,1022
2024,4,2,14,0,9.200000000000001,1.18,97,98.99000000000001,0,1022
2024,4,2,15,0,12.100000000000001,1.18,557,86.27,0,1023
2024,4,2,16,0,14.700000000000001,1.17,754,74.67,0,1024
2024,4,2,17,0,17.1,1.17,851,67.76,0,1024
2024,4,2,18,0,19.1,1.54,923,61.31,0,1024
2024,4,2,19,0,20.900000000000002,1.56,945,55.58,0,1024
2024,4,2,20,0,22.1,1.55,952,52.660000000000004,0,1024
2024,4,2,21,0,22.6,1.61,946,52.49,0,1024
2024,4,2,22,0,22.8,1.6,924,52.4,0,1023
2024,4,2,23,0,22.6,1.55,881,54.370000000000005,0,1023
2024,4,3,0,0,21.8,1.31,796,58.32,0,1023
2024,4,3,1,0,19.400000000000002,1.24,650,73.27,0,1023
2024,4,3,2,0,15.5,1.1400000000000001,323,80.88,0,1023
2024,4,3,3,0,13.600000000000001,1.06,0,84.71000000000001,0,1024
2024,4,3,4,0,12.4,1,0,88.25,0,1024
2024,4,3,5,0,11.3,0.97,0,92.24,0,1024
2024,4,3,6,0,10.4,0.96,0,96.02,0,1023
2024,4,3,7,0,9.600000000000001,0.97,0,100,0,1023
2024,4,3,8,0,8.9,0.98,0,100,0,1023
2024,4,3,9,0,8.3,0.99,0,100,0,1022
2024,4,3,10,0,8,1,0,100,0,1022
2024,4,3,11,0,7.7,1.01,0,100,0,1021
2024,4,3,12,0,7.4,1.02,0,100,0,1021
2024,4,3,13,0,7.300000000000001,1.03,0,100,0,1021
2024,4,3,14,0,9.4,1.03,108,99.67,0,1020
2024,4,3,15,0,12.3,1.05,549,88.05,0,1020
2024,4,3,16,0,14.600000000000001,1.06,731,79.58,0,1020
2024,4,3,17,0,16.400000000000002,1.07,823,73.66,0,1019
2024,4,3,18,0,17.900000000000002,1.3900000000000001,894,69.06,0,1019
2024,4,3,19,0,18.900000000000002,1.26,907,65.85,0,1018
2024,4,3,20,0,19.5,1.21,904,63.800000000000004,0,1017
2024,4,3,21,0,19.700000000000003,1.32,898,63.51,0,1016
2024,4,3,22,0,19.200000000000003,1.25,867,65.37,0,1015
2024,4,3,23,0,18,1.23,477,69.15,0,1014
2024,4,4,0,0,16.3,1.22,141,73.84,0,1014
2024,4,4,1,0,14.200000000000001,1.17,13,78.84,0,1013
2024,4,4,2,0,12.200000000000001,1.05,7,83.86,0,1013
2024,4,4,3,0,10.9,0.89,0,84.66,0,1014
2024,4,4,4,0,9.5,0.78,0,84.72,0,1014
2024,4,4,5,0,8.200000000000001,0.75,0,86.10000000000001,0,1014
2024,4,4,6,0,7,0.76,0,89.56,0,1014
2024,4,4,7,0,6,0.8200000000000001,0,93.75,0,1014
2024,4,4,8,0,5.5,0.92,0,96.49000000000001,0,1013
2024,4,4,9,0,5.300000000000001,0.97,0,98.12,0,1012
2024,4,4,10,0,5.2,0.97,0,99.43,0,1011
2024,4,4,11,0,5.6000000000000005,0.92,0,97.7,0,1010
2024,4,4,12,0,5.800000000000001,0.84,0,97.32000000000001,0,1009
2024,4,4,13,0,6.4,0.77,0,95.2,0,1008
2024,4,4,14,0,7.2,0.74,0,92.95,0,1008
2024,4,4,15,0,7.4,0.85,17,92.48,0,1007
2024,4,4,16,0,7.5,0.8200000000000001,17,90.46000000000001,0,1006
2024,4,4,17,0,8,0.6900000000000001,2,86.73,0,1006
2024,4,4,18,0,8.6,0.87,26,81.45,0,1007
2024,4,4,19,0,9.4,0.79,5,73.51,0,1006
2024,4,4,20,0,10,0.73,28,67.16,0,1006
2024,4,4,21,0,10.200000000000001,0.65,58,63.93,0,1006
2024,4,4,22,0,10,0.61,193,63.480000000000004,0,1006
2024,4,4,23,0,9.5,0.61,29,65.42,0,1006
2024,4,5,0,0,8.8,0.68,0,70.69,0,1006
2024,4,5,1,0,7.7,0.72,227,81.26,0,1006
2024,4,5,2,0,6.6000000000000005,0.7000000000000001,178,90.32000000000001,0,1007
2024,4,5,3,0,6.1000000000000005,0.73,0,91.9,0,1007
2024,4,5,4,0,5.7,0.72,0,93.27,0,1007
2024,4,5,5,0,5.5,0.68,0,93.06,0,1007
2024,4,5,6,0,5.4,0.74,0,92.42,0,1007
2024,4,5,7,0,5.300000000000001,0.76,0,92.94,0,1007
2024,4,5,8,0,5.1000000000000005,0.76,0,94.18,0,1007
2024,4,5,9,0,4.9,0.8,0,94.97,0,1007
2024,4,5,10,0,4.800000000000001,0.84,0,94.9,0,1007
2024,4,5,11,0,4.9,0.86,0,94.36,0,1007
2024,4,5,12,0,4.9,0.9,0,94.67,0,1008
2024,4,5,13,0,4.9,0.93,0,94.95,0,1008
2024,4,5,14,0,5.300000000000001,0.9500000000000001,0,93.56,0,1009
2024,4,5,15,0,6.5,0.98,109,88.74,0,1009
2024,4,5,16,0,8.3,1.02,251,78.04,0,1010
2024,4,5,17,0,9.700000000000001,1.04,145,69.65,0,1010
2024,4,5,18,0,10.700000000000001,1.1500000000000001,1,65.44,0,1011
2024,4,5,19,0,11.200000000000001,1.16,0,62.88,0,1011
2024,4,5,20,0,11.700000000000001,1.17,386,59.75,0,1011
2024,4,5,21,0,12.200000000000001,1.1,923,56.32,0,1012
2024,4,5,22,0,12.5,1.04,3,53.54,0,1012
2024,4,5,23,0,12.8,0.98,199,51.620000000000005,0,1012
2024,4,6,0,0,12.9,0.93,259,51.26,0,1013
2024,4,6,1,0,12.200000000000001,0.89,648,63.11,0,1013
2024,4,6,2,0,10,0.87,4,70.29,0,1014
2024,4,6,3,0,8.700000000000001,0.85,0,74.43,0,1015
2024,4,6,4,0,7.9,0.8300000000000001,0,78.03,0,1016
2024,4,6,5,0,7.2,0.8200000000000001,0,82.03,0,1017
2024,4,6,6,0,6.5,0.81,0,87.03,0,1018
2024,4,6,7,0,5.9,0.8,0,91.45,0,1018
2024,4,6,8,0,5.300000000000001,0.8,0,95.66,0,1019
2024,4,6,9,0,4.800000000000001,0.8,0,98.87,0,1019
2024,4,6,10,0,4.3,0.79,0,100,0,1020
2024,4,6,11,0,3.6,0.78,0,100,0,1021
2024,4,6,12,0,3.4000000000000004,0.8,0,100,0,1021
2024,4,6,13,0,3.9000000000000004,0.8200000000000001,0,100,0,1022
2024,4,6,14,0,5.1000000000000005,0.8200000000000001,79,94.75,0,1023
2024,4,6,15,0,6.6000000000000005,0.87,465,90.10000000000001,0,1024
2024,4,6,16,0,9.3,0.9,684,81.14,0,1024
2024,4,6,17,0,12.200000000000001,0.91,811,66.86,0,1024
2024,4,6,18,0,14.100000000000001,0.9400000000000001,899,57.54,0,1024
2024,4,6,19,0,15.200000000000001,0.9500000000000001,918,53.36,0,1024
2024,4,6,20,0,16,0.98,926,50.89,0,1024
2024,4,6,21,0,16.400000000000002,0.93,867,49.83,0,1024
2024,4,6,22,0,16.3,0.9500000000000001,827,49.85,0,1023
2024,4,6,23,0,15.5,0.98,425,52.9,0,1023
2024,4,7,0,0,14.4,1.01,660,59.4,0,1023
2024,4,7,1,0,12.600000000000001,1.03,14,73.87,0,1023
2024,4,7,2,0,10.700000000000001,1.03,5,81.74,0,1023
2024,4,7,3,0,9.8,1.03,0,84.7,0,1023
2024,4,7,4,0,9.1,1.01,0,87.8,0,1023
2024,4,7,5,0,8.200000000000001,0.98,0,90.78,0,1023
2024,4,7,6,0,7.1000000000000005,0.9500000000000001,0,94.2,0,1023
2024,4,7,7,0,6,0.91,0,99.48,0,1023
2024,4,7,8,0,5.4,0.89,0,100,0,1023
2024,4,7,9,0,4.800000000000001,0.88,0,100,0,1022
2024,4,7,10,0,4.2,0.88,0,100,0,1022
2024,4,7,11,0,3.8000000000000003,0.9,0,100,0,1021
2024,4,7,12,0,4,0.92,0,100,0,1021
2024,4,7,13,0,4.7,0.9400000000000001,0,99.57000000000001,0,1022
2024,4,7,14,0,5.5,0.97,117,94.29,0,1022
2024,4,7,15,0,7.5,0.99,511,86.76,0,1022
2024,4,7,16,0,10.600000000000001,1,701,75.35000000000001,0,1022
2024,4,7,17,0,13.700000000000001,1,808,60.65,0,1022
2024,4,7,18,0,15.200000000000001,1.07,897,54.18,0,1022
2024,4,7,19,0,15.8,1.08,926,52.660000000000004,0,1022
2024,4,7,20,0,16.2,1.08,935,51.92,0,1021
2024,4,7,21,0,16.6,1.05,920,51.38,0,1020
2024,4,7,22,0,16.8,1.07,897,51.38,0,1019
2024,4,7,23,0,16.8,1.09,111,51.78,0,1019
2024,4,8,0,0,16.400000000000002,1.1,772,54.81,0,1018
2024,4,8,1,0,14.9,1.1,628,71.16,0,1018
2024,4,8,2,0,11.4,1.1,317,80.85000000000001,0,1018
2024,4,8,3,0,10,1.11,0,82.92,0,1018
2024,4,8,4,0,9.4,1.11,0,84.52,0,1018
2024,4,8,5,0,9,1.12,0,85.76,0,1018
2024,4,8,6,0,8.6,1.11,0,87.35000000000001,0,1018
2024,4,8,7,0,7.9,1.09,0,89.2,0,1018
2024,4,8,8,0,7.300000000000001,1.06,0,89.31,0,1018
2024,4,8,9,0,6.800000000000001,1.04,0,88.76,0,1018
2024,4,8,10,0,6.4,1,0,88.53,0,1018
2024,4,8,11,0,6,1,0,89.09,0,1018
2024,4,8,12,0,5.5,1.03,0,90.39,0,1018
2024,4,8,13,0,5.4,1.02,0,89.19,0,1018
2024,4,8,14,0,7.4,1.03,178,82.79,0,1018
2024,4,8,15,0,10.200000000000001,1.05,587,73.03,0,1019
2024,4,8,16,0,12.8,1.08,762,64.5,0,1019
2024,4,8,17,0,15.3,1.09,851,56.870000000000005,0,1019
2024,4,8,18,0,17.400000000000002,1.45,931,52.02,0,1019
2024,4,8,19,0,19,1.4000000000000001,956,48.870000000000005,0,1018
2024,4,8,20,0,20.1,1.3,961,46.980000000000004,0,1018
2024,4,8,21,0,20.8,1.2,954,46.04,0,1017
2024,4,8,22,0,21.1,1.1400000000000001,928,46.75,0,1017
2024,4,8,23,0,21.1,1.16,883,47.69,0,1017
2024,4,9,0,0,20.3,1.25,808,54.74,0,1017
2024,4,9,1,0,18.2,1.31,676,73.59,0,1017
2024,4,9,2,0,14.5,1.28,380,80.23,0,1017
2024,4,9,3,0,13.100000000000001,1.24,0,81.55,0,1018
2024,4,9,4,0,12.5,1.2,0,82.35000000000001,0,1018
2024,4,9,5,0,12.100000000000001,1.19,0,82.51,0,1018
2024,4,9,6,0,11.700000000000001,1.18,0,82.83,0,1018
2024,4,9,7,0,11.4,1.17,0,83,0,1018
2024,4,9,8,0,11.3,1.18,0,81.78,0,1018
2024,4,9,9,0,11.4,1.18,0,78.98,0,1018
2024,4,9,10,0,11,1.18,0,79.24,0,1018
2024,4,9,11,0,10.5,1.17,0,80.63,0,1018
2024,4,9,12,0,10.100000000000001,1.18,0,82.17,0,1019
2024,4,9,13,0,9.4,1.21,0,85.27,0,1019
2024,4,9,14,0,10.200000000000001,1.23,219,85.82000000000001,0,1019
2024,4,9,15,0,13,1.25,601,74.03,0,1020
2024,4,9,16,0,15,1.27,766,67.27,0,1020
2024,4,9,17,0,17.1,1.29,844,63.06,0,1020
2024,4,9,18,0,19.200000000000003,1.61,898,58.07,0,1021
2024,4,9,19,0,21.1,1.59,916,52.42,0,1020
2024,4,9,20,0,22.5,1.6,930,49.19,0,1020
2024,4,9,21,0,23.3,1.68,937,48.32,0,1019
2024,4,9,22,0,23.8,1.62,916,47.980000000000004,0,1019
2024,4,9,23,0,24,1.56,877,48.31,0,1018
2024,4,10,0,0,24,1.5,805,50.49,0,1018
2024,4,10,1,0,22.900000000000002,1.46,673,58.58,0,1018
2024,4,10,2,0,19.400000000000002,1.46,386,65.08,0,1018
2024,4,10,3,0,16.6,1.46,0,75.77,0,1018
2024,4,10,4,0,15.100000000000001,1.45,0,82.64,0,1019
2024,4,10,5,0,13.8,1.43,0,88.14,0,1019
2024,4,10,6,0,12.8,1.43,0,92.74,0,1019
2024,4,10,7,0,11.9,1.45,0,97.16,0,1018
2024,4,10,8,0,11.3,1.46,0,99.86,0,1018
2024,4,10,9,0,11,1.46,0,100,0,1018
2024,4,10,10,0,10.8,1.47,0,100,0,1018
2024,4,10,11,0,10.8,1.47,0,100,0,1018
2024,4,10,12,0,10.600000000000001,1.49,0,100,0,1018
2024,4,10,13,0,10.200000000000001,1.52,0,100,0,1018
2024,4,10,14,0,11.5,1.54,217,96.87,0,1019
2024,4,10,15,0,14.200000000000001,1.56,575,87,0,1019
2024,4,10,16,0,16.900000000000002,1.57,738,78.68,0,1019
2024,4,10,17,0,19.8,1.56,663,66.16,0,1019
2024,4,10,18,0,22.200000000000003,1.7,877,55.96,0,1019
2024,4,10,19,0,23.400000000000002,1.7,904,53.89,0,1018
2024,4,10,20,0,24.1,1.7,912,53.35,0,1018
2024,4,10,21,0,24.900000000000002,1.54,615,51.76,0,1017
2024,4,10,22,0,25.400000000000002,1.53,606,50.97,0,1016
2024,4,10,23,0,25.400000000000002,1.55,564,51.96,0,1016
2024,4,11,0,0,25.5,1.57,472,53.02,0,1015
2024,4,11,1,0,24.8,1.61,332,56.24,0,1015
2024,4,11,2,0,22.8,1.6500000000000001,355,54.31,0,1015
2024,4,11,3,0,20.8,1.6600000000000001,0,60.26,0,1015
2024,4,11,4,0,19.200000000000003,1.68,0,66.42,0,1015
2024,4,11,5,0,18.3,1.7,0,68.81,0,1015
2024,4,11,6,0,17.6,1.7,0,70.26,0,1015
2024,4,11,7,0,17,1.68,0,71.26,0,1014
2024,4,11,8,0,16.5,1.6500000000000001,0,72.19,0,1014
2024,4,11,9,0,15.9,1.6400000000000001,0,74.7,0,1014
2024,4,11,10,0,15.200000000000001,1.62,0,78.39,0,1014
2024,4,11,11,0,14.4,1.61,0,82.69,0,1013
2024,4,11,12,0,13.600000000000001,1.59,0,87.2,0,1013
2024,4,11,13,0,13.200000000000001,1.55,0,89.46000000000001,0,1013
2024,4,11,14,0,14.600000000000001,1.52,249,86.96000000000001,0,1014
2024,4,11,15,0,16.5,1.49,608,81.64,0,1014
2024,4,11,16,0,18.7,1.46,764,77.58,0,1013
2024,4,11,17,0,22.1,1.43,844,63.38,0,1013
2024,4,11,18,0,24.1,1.68,902,57.38,0,1013
2024,4,11,19,0,25.3,1.6400000000000001,924,55.160000000000004,0,1012
2024,4,11,20,0,26.1,1.61,928,53.76,0,1011
2024,4,11,21,0,26.6,1.57,922,52.88,0,1010
2024,4,11,22,0,26.700000000000003,1.52,898,52.9,0,1009
2024,4,11,23,0,26.5,1.5,862,53.42,0,1008
2024,4,12,0,0,25.6,1.49,793,56.1,0,1008
2024,4,12,1,0,23,1.46,673,68.66,0,1007
2024,4,12,2,0,18.6,1.41,402,80.93,0,1007
2024,4,12,3,0,16.3,1.36,0,84.73,0,1007
2024,4,12,4,0,14.9,1.31,0,88.9,0,1007
2024,4,12,5,0,13.700000000000001,1.27,0,92.51,0,1007
2024,4,12,6,0,12.8,1.24,0,94.49,0,1006
2024,4,12,7,0,11.9,1.24,0,96.82000000000001,0,1006
2024,4,12,8,0,11.200000000000001,1.24,0,98.78,0,1006
2024,4,12,9,0,10.600000000000001,1.24,0,100,0,1005
2024,4,12,10,0,10.200000000000001,1.27,0,100,0,1005
2024,4,12,11,0,9.8,1.29,0,100,0,1004
2024,4,12,12,0,9.600000000000001,1.31,0,99.57000000000001,0,1004
2024,4,12,13,0,9.5,1.33,0,98.44,0,1004
2024,4,12,14,0,10.8,1.33,191,91.11,0,1004
2024,4,12,15,0,12.600000000000001,1.32,146,84.21000000000001,0,1004
2024,4,12,16,0,14.8,1.31,708,72.03,0,1004
2024,4,12,17,0,16.1,1.3,599,63.97,0,1005
2024,4,12,18,0,16.900000000000002,1.44,667,60,0,1006
2024,4,12,19,0,17.7,1.43,624,57.92,0,1006
2024,4,12,20,0,18.3,1.33,920,57.160000000000004,0,1006
2024,4,12,21,0,18.3,1.29,909,57.94,0,1006
2024,4,12,22,0,17.900000000000002,1.24,237,59.52,0,1006
2024,4,12,23,0,17.2,1.22,2,61.870000000000005,0,1006
2024,4,13,0,0,16.2,1.23,42,65.52,0,1006
2024,4,13,1,0,14.8,1.2,2,72.79,0,1007
2024,4,13,2,0,12.600000000000001,1.18,5,86.28,0,1007
2024,4,13,3,0,11.3,1.18,0,92.10000000000001,0,1008
2024,4,13,4,0,10.8,1.18,0,93.92,0,1009
2024,4,13,5,0,10.600000000000001,1.16,0,94.96000000000001,0,1009
2024,4,13,6,0,10.700000000000001,1.16,0,94.95,0,1009
2024,4,13,7,0,10.8,1.16,0,95.17,0,1009
2024,4,13,8,0,11,1.18,0,94.09,0,1009
2024,4,13,9,0,10.9,1.16,0,94.49,0,1009
2024,4,13,10,0,11.100000000000001,1.12,0,94.72,0,1009
2024,4,13,11,0,11.100000000000001,1.09,0,95.11,0,1008
2024,4,13,12,0,10.600000000000001,1.11,0,95.21000000000001,0,1009
2024,4,13,13,0,9.600000000000001,1.07,0,93.72,0,1009
2024,4,13,14,0,8.6,0.98,183,92.65,0,1010
2024,4,13,15,0,8.200000000000001,0.89,8,90.81,0,1011
2024,4,13,16,0,8.700000000000001,0.8,2,86.45,0,1012
2024,4,13,17,0,9.700000000000001,0.74,2,80.4,0,1012
2024,4,13,18,0,10.5,0.76,1,76.64,0,1013
2024,4,13,19,0,11.3,0.8,0,73.46000000000001,0,1013
2024,4,13,20,0,12.100000000000001,0.8300000000000001,3,70.36,0,1012
2024,4,13,21,0,12.8,0.8200000000000001,0,67.25,0,1012
2024,4,13,22,0,13,0.84,0,65.82000000000001,0,1012
2024,4,13,23,0,12.4,0.84,2,67.48,0,1012
2024,4,14,0,0,11.600000000000001,0.9400000000000001,0,71.88,0,1012
2024,4,14,1,0,10.5,0.97,1,78.42,0,1013
2024,4,14,2,0,9,1.01,3,86.53,0,1013
2024,4,14,3,0,7.7,1.01,0,91.72,0,1014
2024,4,14,4,0,6.800000000000001,0.97,0,94.95,0,1014
2024,4,14,5,0,6,0.91,0,97.32000000000001,0,1015
2024,4,14,6,0,5.7,0.87,0,97.03,0,1015
2024,4,14,7,0,5.800000000000001,0.88,0,95.17,0,1016
2024,4,14,8,0,5.2,0.91,0,95.9,0,1016
2024,4,14,9,0,5.300000000000001,0.93,0,94.91,0,1015
2024,4,14,10,0,5.4,0.9400000000000001,0,93.8,0,1015
2024,4,14,11,0,5.4,0.96,0,92.62,0,1015
2024,4,14,12,0,5.6000000000000005,0.9500000000000001,0,91.14,0,1016
2024,4,14,13,0,5.9,0.93,0,90.51,0,1017
2024,4,14,14,0,7.300000000000001,0.91,1,90.48,0,1018
2024,4,14,15,0,8.700000000000001,0.93,76,85.97,0,1019
2024,4,14,16,0,9.600000000000001,0.98,67,82.13,0,1019
2024,4,14,17,0,10.3,1.03,447,80.7,0,1020
2024,4,14,18,0,11.200000000000001,1.06,21,78.78,0,1020
2024,4,14,19,0,12.8,1.07,117,73.02,0,1019
2024,4,14,20,0,14,1.06,3,68.14,0,1019
2024,4,14,21,0,14.9,1.05,75,63.980000000000004,0,1019
2024,4,14,22,0,15.3,0.97,555,61.800000000000004,0,1019
2024,4,14,23,0,15.100000000000001,0.92,482,62.35,0,1019
2024,4,15,0,0,14.600000000000001,0.92,338,67.53,0,1018
2024,4,15,1,0,14.3,0.93,0,72,0,1018
2024,4,15,2,0,12.600000000000001,0.9500000000000001,2,80.34,0,1018
2024,4,15,3,0,11.4,1.03,0,80.96000000000001,0,1019
2024,4,15,4,0,10.4,1.1,0,85,0,1019
2024,4,15,5,0,9.700000000000001,1.1500000000000001,0,88.09,0,1019
2024,4,15,6,0,9.1,1.17,0,90.72,0,1019
2024,4,15,7,0,8.5,1.18,0,93.41,0,1019
2024,4,15,8,0,7.800000000000001,1.17,0,96.9,0,1019
2024,4,15,9,0,7.300000000000001,1.16,0,99.07000000000001,0,1019
2024,4,15,10,0,6.9,1.16,0,100,0,1019
2024,4,15,11,0,6.5,1.2,0,100,0,1019
2024,4,15,12,0,6.2,1.26,0,100,0,1019
2024,4,15,13,0,5.9,1.29,0,100,0,1020
2024,4,15,14,0,8.700000000000001,1.29,292,93.58,0,1020
2024,4,15,15,0,11.5,1.29,622,83.95,0,1021
2024,4,15,16,0,13.9,1.29,773,74.33,0,1022
2024,4,15,17,0,15.600000000000001,1.29,850,68.35000000000001,0,1022
2024,4,15,18,0,17.1,1.55,915,64.8,0,1022
2024,4,15,19,0,18.3,1.48,572,62.33,0,1022
2024,4,15,20,0,19.3,1.44,289,60.34,0,1021
2024,4,15,21,0,20.1,1.2,926,58.800000000000004,0,1021
2024,4,15,22,0,20.6,1.2,909,57.58,0,1020
2024,4,15,23,0,20.700000000000003,1.21,877,56.84,0,1019
2024,4,16,0,0,20.400000000000002,1.2,814,57.620000000000005,0,1019
2024,4,16,1,0,19.6,1.17,695,64.41,0,1019
2024,4,16,2,0,16.6,1.1500000000000001,438,78.2,0,1019
2024,4,16,3,0,14.5,1.1400000000000001,0,82.03,0,1020
2024,4,16,4,0,13.4,1.1300000000000001,0,85.52,0,1020
2024,4,16,5,0,12.3,1.1400000000000001,0,90.14,0,1020
2024,4,16,6,0,11.5,1.17,0,93.60000000000001,0,1020
2024,4,16,7,0,10.9,1.21,0,95.99000000000001,0,1019
2024,4,16,8,0,10.3,1.24,0,98.86,0,1019
2024,4,16,9,0,9.8,1.26,0,100,0,1019
2024,4,16,10,0,9.3,1.29,0,100,0,1019
2024,4,16,11,0,9.1,1.32,0,100,0,1019
2024,4,16,12,0,8.8,1.35,0,100,0,1019
2024,4,16,13,0,8.4,1.3800000000000001,0,100,0,1019
2024,4,16,14,0,11.100000000000001,1.4000000000000001,325,94,0,1020
2024,4,16,15,0,13.8,1.4000000000000001,650,80.96000000000001,0,1020
2024,4,16,16,0,16,1.3900000000000001,602,70.89,0,1020
2024,4,16,17,0,18,1.3800000000000001,872,65.23,0,1020
2024,4,16,18,0,19.900000000000002,1.57,383,59.45,0,1020
2024,4,16,19,0,21.400000000000002,1.54,944,55.52,0,1019
2024,4,16,20,0,22.3,1.53,944,54.04,0,1018
2024,4,16,21,0,23,1.22,673,53.01,0,1018
2024,4,16,22,0,23.400000000000002,1.2,638,52.77,0,1017
2024,4,16,23,0,23.400000000000002,1.17,579,54.08,0,1017
2024,4,17,0,0,23.200000000000003,1.2,751,56.85,0,1017
2024,4,17,1,0,22.200000000000003,1.23,329,64.02,0,1017
2024,4,17,2,0,19.8,1.28,0,69.02,0,1017
2024,4,17,3,0,17.5,1.27,0,75.24,0,1017
2024,4,17,4,0,16,1.2,0,81.73,0,1017
2024,4,17,5,0,15,1.18,0,85.37,0,1017
2024,4,17,6,0,14.3,1.23,0,88.12,0,1017
2024,4,17,7,0,14,1.27,0,88.57000000000001,0,1017
2024,4,17,8,0,13.700000000000001,1.29,0,89.18,0,1017
2024,4,17,9,0,13.3,1.3,0,90.64,0,1017
2024,4,17,10,0,12.600000000000001,1.34,0,94.07000000000001,0,1016
2024,4,17,11,0,11.9,1.35,0,97.78,0,1016
2024,4,17,12,0,11.8,1.36,0,96.93,0,1016
2024,4,17,13,0,11.700000000000001,1.37,0,94.14,0,1016
2024,4,17,14,0,13.100000000000001,1.37,0,85.87,0,1017
2024,4,17,15,0,14.8,1.36,2,78.74,0,1017
2024,4,17,16,0,17.400000000000002,1.36,446,72.28,0,1017
2024,4,17,17,0,19.700000000000003,1.36,644,65.79,0,1017
2024,4,17,18,0,21.5,1.55,581,60.08,0,1017
2024,4,17,19,0,22.8,1.52,592,56.08,0,1016
2024,4,17,20,0,23.5,1.54,568,54.19,0,1016
2024,4,17,21,0,24.1,1.67,652,52.68,0,1015
2024,4,17,22,0,24.400000000000002,1.62,904,51.92,0,1015
2024,4,17,23,0,24.200000000000003,1.55,487,52.94,0,1014
2024,4,18,0,0,24,1.53,322,54.120000000000005,0,1014
2024,4,18,1,0,23,1.55,651,58.93,0,1014
2024,4,18,2,0,20.700000000000003,1.57,405,62.68,0,1013
2024,4,18,3,0,19.5,1.58,0,59.59,0,1013
2024,4,18,4,0,18.6,1.56,0,61.65,0,1014
2024,4,18,5,0,17.6,1.52,0,64.77,0,1014
2024,4,18,6,0,16.6,1.48,0,68.01,0,1014
2024,4,18,7,0,16,1.45,0,69.28,0,1013
2024,4,18,8,0,15.3,1.42,0,71.27,0,1013
2024,4,18,9,0,14.5,1.41,0,74.01,0,1013
2024,4,18,10,0,13.600000000000001,1.4000000000000001,0,77.37,0,1013
2024,4,18,11,0,12.700000000000001,1.4000000000000001,0,81.27,0,1013
2024,4,18,12,0,11.8,1.4000000000000001,0,85.09,0,1013
2024,4,18,13,0,11.200000000000001,1.4000000000000001,0,87.32000000000001,0,1013
2024,4,18,14,0,13.700000000000001,1.4000000000000001,336,84.89,0,1013
2024,4,18,15,0,16.1,1.41,644,73.63,0,1013
2024,4,18,16,0,18.2,1.42,782,69.32000000000001,0,1013
2024,4,18,17,0,20.200000000000003,1.44,855,66.57000000000001,0,1013
2024,4,18,18,0,22.400000000000002,1.8,912,58.93,0,1013
2024,4,18,19,0,23.900000000000002,1.73,928,53.19,0,1012
2024,4,18,20,0,24.3,1.68,928,51.33,0,1012
2024,4,18,21,0,24.3,1.31,901,50.83,0,1012
2024,4,18,22,0,24.200000000000003,1.28,876,51.46,0,1011
2024,4,18,23,0,24.200000000000003,1.26,449,50.99,0,1011
2024,4,19,0,0,24.5,1.23,775,49.410000000000004,0,1011
2024,4,19,1,0,22.8,1.21,646,57.38,0,1011
2024,4,19,2,0,19,1.19,368,75.68,0,1011
2024,4,19,3,0,17.2,1.18,0,78.59,0,1011
2024,4,19,4,0,16.400000000000002,1.18,0,83.32000000000001,0,1012
2024,4,19,5,0,15.600000000000001,1.16,0,86.29,0,1012
2024,4,19,6,0,14.700000000000001,1.1400000000000001,0,89.76,0,1011
2024,4,19,7,0,14.100000000000001,1.12,0,91.62,0,1011
2024,4,19,8,0,13.600000000000001,1.11,0,92.46000000000001,0,1011
2024,4,19,9,0,13.100000000000001,1.1,0,93.25,0,1011
2024,4,19,10,0,12.4,1.1,0,95.74000000000001,0,1011
2024,4,19,11,0,11.4,1.1,0,99.55,0,1011
2024,4,19,12,0,10.8,1.1,0,100,0,1012
2024,4,19,13,0,10.5,1.09,0,99.22,0,1012
2024,4,19,14,0,12.3,1.09,260,90.27,0,1012
2024,4,19,15,0,14.5,1.09,575,82.07000000000001,0,1013
2024,4,19,16,0,17,1.09,732,75,0,1013
2024,4,19,17,0,19.200000000000003,1.08,817,68.85000000000001,0,1013
2024,4,19,18,0,21.3,1.3900000000000001,900,62.77,0,1013
2024,4,19,19,0,22.8,1.3800000000000001,926,59.17,0,1013
2024,4,19,20,0,23.8,1.37,936,57.02,0,1013
2024,4,19,21,0,24.3,1.44,933,55.63,0,1012
2024,4,19,22,0,24.400000000000002,1.44,913,55.71,0,1012
2024,4,19,23,0,24,1.42,874,57.31,0,1011
2024,4,20,0,0,23.200000000000003,1.11,785,60.14,0,1011
2024,4,20,1,0,21.1,1.11,653,69.49,0,1011
2024,4,20,2,0,17.6,1.11,388,84.49,0,1012
2024,4,20,3,0,15.3,1.1400000000000001,0,89.22,0,1012
2024,4,20,4,0,14.200000000000001,1.16,0,89.76,0,1013
2024,4,20,5,0,13.200000000000001,1.1500000000000001,0,91.8,0,1013
2024,4,20,6,0,12.5,1.17,0,93.88,0,1013
2024,4,20,7,0,12.100000000000001,1.2,0,94.91,0,1012
2024,4,20,8,0,11.700000000000001,1.21,0,95.98,0,1012
2024,4,20,9,0,10.9,1.21,0,99.43,0,1013
2024,4,20,10,0,10.5,1.22,0,100,0,1013
2024,4,20,11,0,10.3,1.23,0,99.42,0,1013
2024,4,20,12,0,10.5,1.26,0,96.96000000000001,0,1013
2024,4,20,13,0,10.700000000000001,1.29,0,95.57000000000001,0,1014
2024,4,20,14,0,11.8,1.32,3,92.01,0,1015
2024,4,20,15,0,13.700000000000001,1.34,204,85.38,0,1016
2024,4,20,16,0,16.7,1.36,777,76.75,0,1016
2024,4,20,17,0,19.400000000000002,1.37,858,69.78,0,1017
2024,4,20,18,0,21.6,1.61,914,64.38,0,1017
2024,4,20,19,0,23.400000000000002,1.57,937,60.21,0,1017
2024,4,20,20,0,25,1.56,943,55.28,0,1017
2024,4,20,21,0,26,1.53,937,51.83,0,1016
2024,4,20,22,0,26.3,1.43,918,50.32,0,1016
2024,4,20,23,0,26.200000000000003,1.36,881,49.07,0,1015
2024,4,21,0,0,25.200000000000003,1.31,812,52.300000000000004,0,1015
2024,4,21,1,0,22.8,1.29,688,61.78,0,1015
2024,4,21,2,0,18.6,1.28,432,77.61,0,1015
2024,4,21,3,0,15.9,1.26,0,83.36,0,1016
2024,4,21,4,0,14.600000000000001,1.22,0,87.79,0,1016
2024,4,21,5,0,13.700000000000001,1.19,0,91.21000000000001,0,1017
2024,4,21,6,0,12.9,1.17,0,94.29,0,1016
2024,4,21,7,0,12.200000000000001,1.1500000000000001,0,97.3,0,1016
2024,4,21,8,0,11.8,1.1500000000000001,0,98.26,0,1016
2024,4,21,9,0,11.5,1.16,0,99.3,0,1016
2024,4,21,10,0,11.4,1.18,0,99.45,0,1016
2024,4,21,11,0,11.4,1.19,0,98.91,0,1016
2024,4,21,12,0,11.4,1.21,0,98.43,0,1016
2024,4,21,13,0,11.600000000000001,1.22,0,96.99000000000001,0,1016
2024,4,21,14,0,14.8,1.23,348,89.13,0,1017
2024,4,21,15,0,17.7,1.23,640,76.45,0,1017
2024,4,21,16,0,19.700000000000003,1.23,777,72.49,0,1017
2024,4,21,17,0,21.700000000000003,1.23,854,69.16,0,1017
2024,4,21,18,0,23.5,1.4000000000000001,908,65.55,0,1016
2024,4,21,19,0,24.900000000000002,1.3800000000000001,934,62.47,0,1015
2024,4,21,20,0,26,1.37,944,60.160000000000004,0,1015
2024,4,21,21,0,26.8,1.28,939,58.4,0,1014
2024,4,21,22,0,27.200000000000003,1.25,921,57.78,0,1013
2024,4,21,23,0,27.1,1.2,886,59.050000000000004,0,1012
2024,4,22,0,0,26.8,1.08,820,60.79,0,1012
2024,4,22,1,0,25.5,1.04,705,66.36,0,1011
2024,4,22,2,0,22,1.05,460,77.98,0,1011
2024,4,22,3,0,20.200000000000003,1.07,0,74.41,0,1011
2024,4,22,4,0,19.200000000000003,1.07,0,75.67,0,1011
2024,4,22,5,0,18.2,1.08,0,77.60000000000001,0,1011
2024,4,22,6,0,17.1,1.1,0,80.53,0,1011
2024,4,22,7,0,16,1.12,0,83.53,0,1010
2024,4,22,8,0,15.100000000000001,1.1500000000000001,0,85.62,0,1010
2024,4,22,9,0,14.3,1.19,0,86.86,0,1010
2024,4,22,10,0,13.600000000000001,1.23,0,87.24,0,1009
2024,4,22,11,0,13.100000000000001,1.26,0,86.7,0,1009
2024,4,22,12,0,12.700000000000001,1.29,0,85.22,0,1009
2024,4,22,13,0,12.700000000000001,1.29,0,82.81,0,1009
2024,4,22,14,0,14.9,1.3,343,76.52,0,1009
2024,4,22,15,0,17.5,1.29,661,68.67,0,1009
2024,4,22,16,0,20.1,1.3,792,65.02,0,1009
2024,4,22,17,0,22.900000000000002,1.32,858,58.230000000000004,0,1009
2024,4,22,18,0,24.8,1.6400000000000001,903,53.86,0,1009
2024,4,22,19,0,26.200000000000003,1.6600000000000001,923,50.63,0,1008
2024,4,22,20,0,27,1.68,937,49.53,0,1008
2024,4,22,21,0,27.400000000000002,1.67,932,48.97,0,1007
2024,4,22,22,0,27.3,1.6,908,49.86,0,1007
2024,4,22,23,0,26.700000000000003,1.53,871,52.07,0,1007
2024,4,23,0,0,25.1,1.45,801,57.980000000000004,0,1007
2024,4,23,1,0,22,1.35,671,68.79,0,1007
2024,4,23,2,0,18.1,1.26,405,79.33,0,1008
2024,4,23,3,0,15.5,1.2,0,83.38,0,1008
2024,4,23,4,0,14.3,1.18,0,85.72,0,1009
2024,4,23,5,0,13.5,1.18,0,87.68,0,1009
2024,4,23,6,0,12.9,1.19,0,89.14,0,1009
2024,4,23,7,0,12.4,1.19,0,89.73,0,1009
2024,4,23,8,0,11.9,1.2,0,90.43,0,1009
2024,4,23,9,0,11.4,1.16,0,91.83,0,1010
2024,4,23,10,0,11.4,1.12,0,91.09,0,1010
2024,4,23,11,0,11.3,1.08,0,91.91,0,1010
2024,4,23,12,0,11.100000000000001,1.05,0,92.77,0,1011
2024,4,23,13,0,10.9,1.04,0,93.16,0,1012
2024,4,23,14,0,12.200000000000001,1.03,212,86.32000000000001,0,1012
2024,4,23,15,0,13.9,1,522,77.44,0,1013
2024,4,23,16,0,15.4,0.96,687,69.71000000000001,0,1013
2024,4,23,17,0,16.900000000000002,0.92,781,64.14,0,1014
2024,4,23,18,0,18.3,0.87,838,60.550000000000004,0,1014
2024,4,23,19,0,19.400000000000002,0.8300000000000001,866,58.75,0,1014
2024,4,23,20,0,20.1,0.8200000000000001,880,58.46,0,1014
2024,4,23,21,0,20.400000000000002,0.5700000000000001,823,58.39,0,1014
2024,4,23,22,0,20.200000000000003,0.54,791,58.82,0,1014
2024,4,23,23,0,19.6,0.52,736,59.7,0,1014
2024,4,24,0,0,18.5,0.52,644,62.02,0,1014
2024,4,24,1,0,16.900000000000002,0.54,488,66.85,0,1014
2024,4,24,2,0,14.5,0.56,219,77.07000000000001,0,1015
2024,4,24,3,0,12.600000000000001,0.5700000000000001,0,84.49,0,1015
2024,4,24,4,0,11.700000000000001,0.5700000000000001,0,87.48,0,1016
2024,4,24,5,0,11,0.58,0,89.62,0,1016
2024,4,24,6,0,10.5,0.61,0,90.56,0,1016
2024,4,24,7,0,10.100000000000001,0.64,0,91.52,0,1016
2024,4,24,8,0,9.9,0.66,0,91.88,0,1016
2024,4,24,9,0,10,0.67,0,90.72,0,1016
2024,4,24,10,0,10.4,0.6900000000000001,0,87.98,0,1016
2024,4,24,11,0,10.700000000000001,0.71,0,86.04,0,1016
2024,4,24,12,0,10.8,0.74,0,85.23,0,1016
2024,4,24,13,0,10.4,0.77,0,87.27,0,1017
2024,4,24,14,0,12.100000000000001,0.79,1,85.25,0,1017
2024,4,24,15,0,14.5,0.8200000000000001,1,71.60000000000001,0,1018
2024,4,24,16,0,16.1,0.85,222,65.16,0,1018
2024,4,24,17,0,17.3,0.88,327,62.97,0,1018
2024,4,24,18,0,18.3,0.97,558,61.6,0,1017
2024,4,24,19,0,19.1,1.02,471,60.51,0,1017
2024,4,24,20,0,19.700000000000003,1.06,845,59.46,0,1016
2024,4,24,21,0,20.200000000000003,1.18,883,58.51,0,1016
2024,4,24,22,0,20.3,1.2,864,58.230000000000004,0,1015
2024,4,24,23,0,20,1.22,231,58.72,0,1015
2024,4,25,0,0,19.200000000000003,1.21,748,60.86,0,1015
2024,4,25,1,0,17.900000000000002,1.21,618,67.07000000000001,0,1015
2024,4,25,2,0,15.3,1.18,365,80.93,0,1015
2024,4,25,3,0,13.200000000000001,1.12,0,88.65,0,1016
2024,4,25,4,0,12.200000000000001,1.06,0,92.10000000000001,0,1017
2024,4,25,5,0,11.3,1.02,0,95.32000000000001,0,1017
2024,4,25,6,0,10.4,0.99,0,98.56,0,1017
2024,4,25,7,0,9.8,0.97,0,100,0,1016
2024,4,25,8,0,9.200000000000001,0.9500000000000001,0,100,0,1016
2024,4,25,9,0,8.8,0.91,0,100,0,1016
2024,4,25,10,0,8.5,0.91,0,100,0,1016
2024,4,25,11,0,8.3,0.91,0,100,0,1016
2024,4,25,12,0,8.3,0.9400000000000001,0,100,0,1016
2024,4,25,13,0,8.6,0.97,0,100,0,1016
2024,4,25,14,0,11.600000000000001,0.97,271,88.81,0,1017
2024,4,25,15,0,13.5,0.96,6,81.5,0,1017
2024,4,25,16,0,15.200000000000001,0.98,55,76.13,0,1017
2024,4,25,17,0,16.7,0.99,800,71.51,0,1017
2024,4,25,18,0,18.2,1.05,858,67.41,0,1017
2024,4,25,19,0,19.400000000000002,1.01,877,64.67,0,1017
2024,4,25,20,0,20.200000000000003,0.99,615,62.79,0,1016
2024,4,25,21,0,20.6,0.98,294,61.5,0,1016
2024,4,25,22,0,20.6,1.02,203,61.2,0,1015
2024,4,25,23,0,20.1,1.06,48,62.660000000000004,0,1014
2024,4,26,0,0,19.400000000000002,1.1,116,64.54,0,1014
2024,4,26,1,0,17.8,1.1,0,69.97,0,1014
2024,4,26,2,0,15.5,1.06,0,77.83,0,1014
2024,4,26,3,0,13.700000000000001,1,0,83.74,0,1014
2024,4,26,4,0,12.8,0.9400000000000001,0,87.23,0,1015
2024,4,26,5,0,12.3,0.89,0,89.55,0,1015
2024,4,26,6,0,11.8,0.87,0,92.08,0,1015
2024,4,26,7,0,11.4,0.89,0,94.37,0,1015
2024,4,26,8,0,11.100000000000001,0.9400000000000001,0,96.52,0,1015
2024,4,26,9,0,10.5,0.96,0,100,0,1015
2024,4,26,10,0,10.100000000000001,0.9400000000000001,0,100,0,1014
2024,4,26,11,0,9.8,0.93,0,100,0,1014
2024,4,26,12,0,9.5,0.92,0,100,0,1014
2024,4,26,13,0,9.4,0.91,0,100,0,1014
2024,4,26,14,0,12.100000000000001,0.89,434,88.01,0,1015
2024,4,26,15,0,14.3,0.89,699,78.13,0,1015
2024,4,26,16,0,16.5,0.91,19,69.22,0,1015
2024,4,26,17,0,18.3,0.93,885,62.68,0,1014
2024,4,26,18,0,19.3,0.75,112,59.300000000000004,0,1014
2024,4,26,19,0,20.1,0.8,441,56.57,0,1014
2024,4,26,20,0,20.200000000000003,0.88,143,55.410000000000004,0,1014
2024,4,26,21,0,20.400000000000002,0.81,128,54.36,0,1013
2024,4,26,22,0,20.400000000000002,0.88,883,53.88,0,1012
2024,4,26,23,0,20.1,0.93,30,54.52,0,1012
2024,4,27,0,0,19.700000000000003,0.89,0,56.43,0,1012
2024,4,27,1,0,18.6,0.8300000000000001,0,64.85,0,1012
2024,4,27,2,0,16.400000000000002,0.81,1,79.98,0,1012
2024,4,27,3,0,14.9,0.81,0,82.54,0,1013
2024,4,27,4,0,13.600000000000001,0.79,0,84.61,0,1013
2024,4,27,5,0,12.3,0.79,0,87.43,0,1014
2024,4,27,6,0,11.200000000000001,0.81,0,90.66,0,1014
2024,4,27,7,0,10.4,0.84,0,92.99,0,1014
2024,4,27,8,0,9.600000000000001,0.87,0,95.49,0,1015
2024,4,27,9,0,9,0.91,0,96.22,0,1015
2024,4,27,10,0,8.4,0.96,0,97.03,0,1015
2024,4,27,11,0,8,1.01,0,96.98,0,1015
2024,4,27,12,0,7.6000000000000005,1.06,0,97.45,0,1016
2024,4,27,13,0,7.7,1.1500000000000001,0,95.47,0,1016
2024,4,27,14,0,10.4,1.2,342,84.53,0,1017
2024,4,27,15,0,13,1.22,633,74.58,0,1017
2024,4,27,16,0,15.9,1.23,766,65.71000000000001,0,1018
2024,4,27,17,0,17.900000000000002,1.2,849,60.83,0,1018
2024,4,27,18,0,19.6,1.8800000000000001,933,56.27,0,1018
2024,4,27,19,0,20.900000000000002,1.8800000000000001,955,52.6,0,1017
2024,4,27,20,0,21.8,1.82,954,50.160000000000004,0,1017
2024,4,27,21,0,22.3,1.23,903,48.58,0,1017
2024,4,27,22,0,22.400000000000002,1.4000000000000001,881,48.03,0,1016
2024,4,27,23,0,22.200000000000003,1.5,163,49.1,0,1016
2024,4,28,0,0,21.5,1.57,315,52.550000000000004,0,1016
2024,4,28,1,0,19.8,1.6500000000000001,77,60.44,0,1016
2024,4,28,2,0,16.5,1.6400000000000001,423,75.78,0,1016
2024,4,28,3,0,13.9,1.6400000000000001,0,83.57000000000001,0,1017
2024,4,28,4,0,12.700000000000001,1.62,0,88.49,0,1017
2024,4,28,5,0,11.9,1.59,0,91.71000000000001,0,1017
2024,4,28,6,0,11.100000000000001,1.57,0,94.96000000000001,0,1017
2024,4,28,7,0,10.4,1.54,0,97.85000000000001,0,1017
2024,4,28,8,0,10,1.53,0,98.66,0,1017
2024,4,28,9,0,9.600000000000001,1.52,0,99.43,0,1017
2024,4,28,10,0,9.3,1.5,0,99.44,0,1017
2024,4,28,11,0,9.4,1.49,0,97.4,0,1017
2024,4,28,12,0,9,1.49,0,97.94,0,1017
2024,4,28,13,0,9,1.49,0,96.59,0,1018
2024,4,28,14,0,11.600000000000001,1.48,330,84.41,0,1018
2024,4,28,15,0,14,1.44,598,75.53,0,1019
2024,4,28,16,0,17.2,1.3900000000000001,746,63.77,0,1019
2024,4,28,17,0,19.3,1.33,834,59.52,0,1019
2024,4,28,18,0,21,1.5,911,56.4,0,1019
2024,4,28,19,0,22.400000000000002,1.3,938,53.21,0,1018
2024,4,28,20,0,23.3,1.27,954,50.85,0,1018
2024,4,28,21,0,23.8,0.91,929,49.1,0,1017
2024,4,28,22,0,24,0.92,910,48,0,1016
2024,4,28,23,0,23.8,1.02,874,48.59,0,1016
2024,4,29,0,0,23.3,1.12,811,51.24,0,1015
2024,4,29,1,0,21.700000000000003,1.16,693,60.83,0,1015
2024,4,29,2,0,18.3,1.16,455,77.33,0,1015
2024,4,29,3,0,15.8,1.12,0,83.44,0,1015
2024,4,29,4,0,14.5,1.1,0,86.93,0,1015
2024,4,29,5,0,13.5,1.09,0,88.19,0,1016
2024,4,29,6,0,12.4,1.11,0,90.26,0,1016
2024,4,29,7,0,11.4,1.1300000000000001,0,92.06,0,1016
2024,4,29,8,0,10.5,1.1500000000000001,0,94.46000000000001,0,1016
2024,4,29,9,0,9.9,1.17,0,95.66,0,1016
2024,4,29,10,0,9.200000000000001,1.2,0,97.62,0,1016
2024,4,29,11,0,8.700000000000001,1.21,0,97.97,0,1016
2024,4,29,12,0,8.3,1.2,0,96.96000000000001,0,1017
2024,4,29,13,0,8.4,1.19,0,92.79,0,1017
2024,4,29,14,0,11,1.18,406,79.11,0,1017
2024,4,29,15,0,13.4,1.16,676,64.49,0,1018
2024,4,29,16,0,15.8,1.1300000000000001,810,54,0,1018
2024,4,29,17,0,17.8,1.09,890,49.42,0,1018
2024,4,29,18,0,19.6,1.47,957,45.58,0,1018
2024,4,29,19,0,21,1.45,979,43.59,0,1018
2024,4,29,20,0,22.200000000000003,1.47,987,42.42,0,1017
2024,4,29,21,0,23,1.01,958,41.96,0,1016
2024,4,29,22,0,23.400000000000002,1.02,940,41.88,0,1015
2024,4,29,23,0,23.3,1.03,901,42.93,0,1014
2024,4,30,0,0,23,0.99,837,44.11,0,1014
2024,4,30,1,0,21.900000000000002,1,727,50.36,0,1014
2024,4,30,2,0,18.3,1.01,503,70.9,0,1014
2024,4,30,3,0,15.4,0.9400000000000001,0,75.52,0,1015
2024,4,30,4,0,14.100000000000001,0.88,0,80.16,0,1015
2024,4,30,5,0,13.100000000000001,0.86,0,83.05,0,1016
2024,4,30,6,0,12.4,0.84,0,84.24,0,1016
2024,4,30,7,0,11.600000000000001,0.81,0,85.83,0,1016
2024,4,30,8,0,10.700000000000001,0.81,0,87.74,0,1015
2024,4,30,9,0,9.9,0.8300000000000001,0,89.13,0,1015
2024,4,30,10,0,9.1,0.85,0,90.63,0,1015
2024,4,30,11,0,8.4,0.88,0,91.12,0,1015
2024,4,30,12,0,8,0.93,0,89.13,0,1015
2024,4,30,13,0,8,0.97,0,85.34,0,1015
2024,4,30,14,0,10.200000000000001,0.98,433,74.21000000000001,0,1015
2024,4,30,15,0,12.9,0.98,696,66.09,0,1016
2024,4,30,16,0,16.1,0.98,822,56.31,0,1016
2024,4,30,17,0,18.2,0.98,886,53.32,0,1016
2024,4,30,18,0,20.200000000000003,1.31,940,48.84,0,1016
2024,4,30,19,0,21.6,1.31,955,44.43,0,1015
2024,4,30,20,0,22.400000000000002,1.3,960,42.29,0,1015
2024,4,30,21,0,22.900000000000002,1,935,40.910000000000004,0,1014
2024,4,30,22,0,23.1,1.03,919,40.37,0,1014
2024,4,30,23,0,23.1,1.04,886,40.32,0,1013
2024,5,1,0,0,22.8,1.03,829,41.99,0,1013
2024,5,1,1,0,22,0.96,728,45.96,0,1013
2024,5,1,2,0,18.7,0.84,499,65.44,0,1012
2024,5,1,3,0,16.5,0.7000000000000001,0,65.32000000000001,0,1013
2024,5,1,4,0,15.200000000000001,0.64,0,71.14,0,1013
2024,5,1,5,0,13.700000000000001,0.61,0,78.55,0,1014
2024,5,1,6,0,13.200000000000001,0.6,0,78.35000000000001,0,1014
2024,5,1,7,0,12.200000000000001,0.6,0,79.49,0,1014
2024,5,1,8,0,11.200000000000001,0.62,0,79.55,0,1014
2024,5,1,9,0,10.600000000000001,0.64,0,78.12,0,1014
2024,5,1,10,0,10,0.66,0,78.27,0,1014
2024,5,1,11,0,9.4,0.68,0,78.35000000000001,0,1014
2024,5,1,12,0,8.8,0.67,0,77.84,0,1015
2024,5,1,13,0,8.4,0.66,0,76.81,0,1015
2024,5,1,14,0,9.9,0.67,362,70.11,0,1015
2024,5,1,15,0,12.600000000000001,0.67,644,61.14,0,1016
2024,5,1,16,0,15.5,0.66,785,52.300000000000004,0,1015
2024,5,1,17,0,17.900000000000002,0.66,859,45.61,0,1015
2024,5,1,18,0,19.8,0.81,928,41.35,0,1015
2024,5,1,19,0,21.400000000000002,0.81,948,38.75,0,1014
2024,5,1,20,0,22.400000000000002,0.81,949,37.88,0,1014
2024,5,1,21,0,23.1,0.76,935,37.660000000000004,0,1013
2024,5,1,22,0,23.3,0.8,913,38.6,0,1013
2024,5,1,23,0,23.1,0.8200000000000001,875,40.7,0,1012
2024,5,2,0,0,22.400000000000002,0.85,808,47.27,0,1012
2024,5,2,1,0,21,0.89,691,60.52,0,1012
2024,5,2,2,0,17.6,0.92,454,72.98,0,1012
2024,5,2,3,0,15.100000000000001,0.92,0,74.52,0,1013
2024,5,2,4,0,14.4,0.91,0,75.39,0,1013
2024,5,2,5,0,13.8,0.9,0,77.37,0,1014
2024,5,2,6,0,13.5,0.9,0,77.52,0,1014
2024,5,2,7,0,13.200000000000001,0.89,0,77.41,0,1014
2024,5,2,8,0,12.4,0.87,0,79.01,0,1014
2024,5,2,9,0,12,0.8300000000000001,0,78.13,0,1014
2024,5,2,10,0,11.600000000000001,0.79,0,78.54,0,1014
2024,5,2,11,0,11,0.76,0,80.98,0,1014
2024,5,2,12,0,10.4,0.72,0,83.73,0,1014
2024,5,2,13,0,10.5,0.71,0,84.18,0,1014
2024,5,2,14,0,13.200000000000001,0.75,341,75.56,0,1014
2024,5,2,15,0,15.700000000000001,0.8,608,69.24,0,1014
2024,5,2,16,0,18.8,0.81,745,61.71,0,1015
2024,5,2,17,0,21,0.81,815,57.54,0,1015
2024,5,2,18,0,22.8,1.08,883,54.69,0,1014
2024,5,2,19,0,24.1,1.05,896,53.21,0,1014
2024,5,2,20,0,25,1.04,904,52.53,0,1013
2024,5,2,21,0,25.700000000000003,0.97,902,51.36,0,1013
2024,5,2,22,0,26,0.92,887,50.31,0,1012
2024,5,2,23,0,25.900000000000002,0.88,847,50.480000000000004,0,1011
2024,5,3,0,0,25.5,0.84,780,52.45,0,1011
2024,5,3,1,0,24.400000000000002,0.8300000000000001,668,57.39,0,1011
2024,5,3,2,0,20.900000000000002,0.85,449,76.37,0,1010
2024,5,3,3,0,17.8,0.88,0,82.17,0,1010
2024,5,3,4,0,16.6,0.9400000000000001,0,85.94,0,1011
2024,5,3,5,0,15.9,1,0,87.36,0,1011
2024,5,3,6,0,15.4,1.06,0,88.21000000000001,0,1012
2024,5,3,7,0,15,1.11,0,88.15,0,1012
2024,5,3,8,0,14.600000000000001,1.1400000000000001,0,87.22,0,1012
2024,5,3,9,0,13.9,1.1400000000000001,0,87.59,0,1011
2024,5,3,10,0,13.100000000000001,1.1300000000000001,0,88.08,0,1011
2024,5,3,11,0,12.4,1.1300000000000001,0,86.48,0,1011
2024,5,3,12,0,11.700000000000001,1.1400000000000001,0,85.07000000000001,0,1011
2024,5,3,13,0,11.4,1.1400000000000001,0,83.44,0,1011
2024,5,3,14,0,13.700000000000001,1.1400000000000001,451,72.64,0,1012
2024,5,3,15,0,16.1,1.1300000000000001,686,64.57000000000001,0,1012
2024,5,3,16,0,18.5,1.12,801,59.01,0,1012
2024,5,3,17,0,20.6,1.12,865,55.1,0,1012
2024,5,3,18,0,22.5,1.35,915,50.71,0,1012
2024,5,3,19,0,23.8,1.3900000000000001,928,47.11,0,1011
2024,5,3,20,0,24.6,1.4000000000000001,929,45.28,0,1010
2024,5,3,21,0,25.1,1.33,920,44.01,0,1010
2024,5,3,22,0,25.1,1.31,899,43.6,0,1009
2024,5,3,23,0,24.700000000000003,1.27,863,44.37,0,1009
2024,5,4,0,0,23.8,1.17,800,46.65,0,1008
2024,5,4,1,0,21.700000000000003,1.03,684,56.32,0,1008
2024,5,4,2,0,18.400000000000002,0.92,459,71.48,0,1008
2024,5,4,3,0,15.8,0.85,0,79.98,0,1008
2024,5,4,4,0,14.5,0.81,0,85.71000000000001,0,1008
2024,5,4,5,0,13.4,0.8300000000000001,0,90.72,0,1008
2024,5,4,6,0,12.700000000000001,0.81,0,92.87,0,1008
2024,5,4,7,0,12.3,0.81,0,92.86,0,1008
2024,5,4,8,0,12,0.8300000000000001,0,92.8,0,1009
2024,5,4,9,0,11.700000000000001,0.87,0,93.48,0,1008
2024,5,4,10,0,11.600000000000001,0.9400000000000001,0,94.03,0,1008
2024,5,4,11,0,11.600000000000001,1.02,0,94.62,0,1008
2024,5,4,12,0,11.700000000000001,1.03,0,94.98,0,1008
2024,5,4,13,0,11.8,1.01,0,95.38,0,1007
2024,5,4,14,0,12.3,0.99,0,94.46000000000001,0,1006
2024,5,4,15,0,12.9,1.09,13,94.26,0,1006
2024,5,4,16,0,13.200000000000001,1.17,10,91.44,0,1006
2024,5,4,17,0,12.5,1.19,0,82.9,0,1007
2024,5,4,18,0,12.200000000000001,1.18,7,76.56,0,1008
2024,5,4,19,0,12.9,1.11,587,71.31,0,1008
2024,5,4,20,0,13.600000000000001,0.98,2,67.69,0,1007
2024,5,4,21,0,14.3,0.65,0,64.81,0,1007
2024,5,4,22,0,14.5,0.64,14,61.78,0,1007
2024,5,4,23,0,14.5,0.62,826,59.18,0,1007
2024,5,5,0,0,14,0.58,766,58.2,0,1007
2024,5,5,1,0,13,0.56,179,60.81,0,1007
2024,5,5,2,0,11.200000000000001,0.56,1,70.56,0,1008
2024,5,5,3,0,9.4,0.58,0,82.38,0,1009
2024,5,5,4,0,8.8,0.61,0,87.12,0,1009
2024,5,5,5,0,8.3,0.67,0,90.59,0,1010
2024,5,5,6,0,7.800000000000001,0.74,0,93.18,0,1010
2024,5,5,7,0,7.300000000000001,0.8,0,95.53,0,1011
2024,5,5,8,0,6.7,0.85,0,98.27,0,1011
2024,5,5,9,0,6.1000000000000005,0.9,0,100,0,1011
2024,5,5,10,0,5.6000000000000005,0.9400000000000001,0,100,0,1011
2024,5,5,11,0,5.2,0.96,0,100,0,1012
2024,5,5,12,0,4.800000000000001,0.97,0,100,0,1012
2024,5,5,13,0,5,0.97,0,99.64,0,1013
2024,5,5,14,0,7.9,0.9500000000000001,511,86.43,0,1014
2024,5,5,15,0,10.4,0.9400000000000001,743,71.62,0,1014
2024,5,5,16,0,12.600000000000001,0.93,852,60,0,1015
2024,5,5,17,0,14.3,0.93,913,52.38,0,1015
2024,5,5,18,0,15.700000000000001,0.81,941,48.160000000000004,0,1016
2024,5,5,19,0,16.8,0.8,961,45.86,0,1016
2024,5,5,20,0,17.6,0.81,963,44.51,0,1016
2024,5,5,21,0,18.2,0.55,902,43.660000000000004,0,1015
2024,5,5,22,0,18.400000000000002,0.56,257,43.72,0,1015
2024,5,5,23,0,18.2,0.58,827,44.58,0,1015
2024,5,6,0,0,17.6,0.65,109,47.02,0,1015
2024,5,6,1,0,16.1,0.65,27,54.11,0,1015
2024,5,6,2,0,13.5,0.6,396,69,0,1016
2024,5,6,3,0,10.9,0.5700000000000001,0,78.64,0,1016
2024,5,6,4,0,9.8,0.53,0,83.32000000000001,0,1017
2024,5,6,5,0,8.9,0.52,0,88.14,0,1017
2024,5,6,6,0,8.1,0.52,0,92.60000000000001,0,1018
2024,5,6,7,0,7.4,0.52,0,96.88,0,1017
2024,5,6,8,0,6.9,0.54,0,100,0,1018
2024,5,6,9,0,6.4,0.54,0,100,0,1018
2024,5,6,10,0,5.9,0.5700000000000001,0,100,0,1018
2024,5,6,11,0,5.800000000000001,0.59,0,100,0,1018
2024,5,6,12,0,6.300000000000001,0.63,0,100,0,1018
2024,5,6,13,0,6.800000000000001,0.66,0,97.28,0,1019
2024,5,6,14,0,8.4,0.67,360,89.05,0,1019
2024,5,6,15,0,10.8,0.66,633,77.99,0,1019
2024,5,6,16,0,13.8,0.64,776,64.53,0,1019
2024,5,6,17,0,16.400000000000002,0.63,854,53.13,0,1019
2024,5,6,18,0,18.1,0.6900000000000001,912,48.82,0,1019
2024,5,6,19,0,19.400000000000002,0.7000000000000001,933,47.12,0,1019
2024,5,6,20,0,20.3,0.72,937,47.050000000000004,0,1018
2024,5,6,21,0,20.8,0.76,926,48.4,0,1018
2024,5,6,22,0,21,0.76,901,50.36,0,1017
2024,5,6,23,0,20.700000000000003,0.78,856,53.120000000000005,0,1016
2024,5,7,0,0,19.8,0.78,794,57.4,0,1016
2024,5,7,1,0,18.400000000000002,0.72,112,63.7,0,1016
2024,5,7,2,0,15.9,0.67,446,76.09,0,1016
2024,5,7,3,0,13.5,0.65,0,85.54,0,1016
2024,5,7,4,0,12.4,0.66,0,89.48,0,1017
2024,5,7,5,0,11.4,0.68,0,92.98,0,1017
2024,5,7,6,0,10.4,0.76,0,96.89,0,1017
2024,5,7,7,0,9.700000000000001,0.8300000000000001,0,99.26,0,1017
2024,5,7,8,0,9,0.85,0,100,0,1017
2024,5,7,9,0,8.4,0.85,0,100,0,1017
2024,5,7,10,0,7.800000000000001,0.81,0,100,0,1017
2024,5,7,11,0,7.4,0.79,0,100,0,1017
2024,5,7,12,0,7.300000000000001,0.81,0,100,0,1017
2024,5,7,13,0,8,0.86,0,94.7,0,1017
2024,5,7,14,0,10.4,0.92,388,82.68,0,1018
2024,5,7,15,0,12.9,0.93,649,72.74,0,1018
2024,5,7,16,0,15.200000000000001,0.93,788,65.32000000000001,0,1018
2024,5,7,17,0,17,0.92,871,57.13,0,1018
2024,5,7,18,0,18.7,1.17,942,48.28,0,1018
2024,5,7,19,0,19.8,1.16,965,44.34,0,1017
2024,5,7,20,0,20.700000000000003,1.17,972,42.64,0,1017
2024,5,7,21,0,21.400000000000002,0.85,943,41.57,0,1016
2024,5,7,22,0,21.8,0.9,925,41.29,0,1015
2024,5,7,23,0,21.8,0.97,892,41.89,0,1015
2024,5,8,0,0,21.400000000000002,1.04,831,43.800000000000004,0,1014
2024,5,8,1,0,20.1,1.05,724,55.88,0,1014
2024,5,8,2,0,16.900000000000002,1.05,507,73.17,0,1014
2024,5,8,3,0,14.100000000000001,1.03,0,76.63,0,1014
2024,5,8,4,0,13.5,1,0,75.3,0,1014
2024,5,8,5,0,12.9,0.98,0,75.64,0,1014
2024,5,8,6,0,12.700000000000001,0.99,0,74.68,0,1013
2024,5,8,7,0,12,1.01,0,77.24,0,1013
2024,5,8,8,0,10.8,1.03,0,82.77,0,1014
2024,5,8,9,0,10.200000000000001,1.03,0,84.02,0,1014
2024,5,8,10,0,9.9,1,0,81.31,0,1014
2024,5,8,11,0,9.5,0.93,0,80.73,0,1014
2024,5,8,12,0,9.3,0.87,0,80.39,0,1014
2024,5,8,13,0,9.5,0.8300000000000001,0,77.17,0,1014
2024,5,8,14,0,11.600000000000001,0.8200000000000001,483,67.66,0,1014
2024,5,8,15,0,14.3,0.8300000000000001,717,59.08,0,1014
2024,5,8,16,0,16.8,0.85,833,50.550000000000004,0,1014
2024,5,8,17,0,18.8,0.87,899,45.45,0,1014
2024,5,8,18,0,20.5,0.96,941,42.44,0,1013
2024,5,8,19,0,22,0.96,958,40.34,0,1013
2024,5,8,20,0,23.1,0.9500000000000001,961,38.84,0,1012
2024,5,8,21,0,24,0.87,950,37.56,0,1011
2024,5,8,22,0,24.400000000000002,0.88,938,37.82,0,1010
2024,5,8,23,0,24.3,0.88,905,40.34,0,1010
2024,5,9,0,0,23.700000000000003,0.81,837,46.730000000000004,0,1010
2024,5,9,1,0,22.200000000000003,0.8200000000000001,731,53.5,0,1009
2024,5,9,2,0,19.6,0.81,520,60.13,0,1009
2024,5,9,3,0,17.6,0.78,0,64.67,0,1010
2024,5,9,4,0,16.7,0.77,0,67.82000000000001,0,1010
2024,5,9,5,0,15.600000000000001,0.77,0,71.5,0,1011
2024,5,9,6,0,14.5,0.77,0,72.04,0,1011
2024,5,9,7,0,13.8,0.77,0,67.34,0,1011
2024,5,9,8,0,12.700000000000001,0.76,0,70.29,0,1012
2024,5,9,9,0,12.100000000000001,0.74,0,72.08,0,1012
2024,5,9,10,0,11.700000000000001,0.7000000000000001,0,73.38,0,1012
2024,5,9,11,0,11.3,0.68,0,74.41,0,1012
2024,5,9,12,0,11,0.66,0,74.8,0,1012
2024,5,9,13,0,11.4,0.64,0,74.62,0,1012
2024,5,9,14,0,15.200000000000001,0.64,492,68.62,0,1012
2024,5,9,15,0,18.1,0.65,718,57.800000000000004,0,1013
2024,5,9,16,0,20.700000000000003,0.65,825,50.43,0,1013
2024,5,9,17,0,23.1,0.65,886,44.13,0,1013
2024,5,9,18,0,24.700000000000003,0.66,938,41.24,0,1013
2024,5,9,19,0,25.900000000000002,0.67,954,39.46,0,1013
2024,5,9,20,0,26.8,0.68,961,38.27,0,1012
2024,5,9,21,0,27.400000000000002,0.66,941,37.85,0,1012
2024,5,9,22,0,27.700000000000003,0.66,923,38,0,1012
2024,5,9,23,0,27.700000000000003,0.66,888,39.33,0,1012
2024,5,10,0,0,28,0.65,827,38.09,0,1011
2024,5,10,1,0,27,0.64,717,37.59,0,1011
2024,5,10,2,0,22.8,0.63,504,66.81,0,1011
2024,5,10,3,0,19.6,0.62,0,66.9,0,1012
2024,5,10,4,0,18.400000000000002,0.62,0,70.24,0,1012
2024,5,10,5,0,17.6,0.63,0,72.69,0,1012
2024,5,10,6,0,16.6,0.65,0,76.75,0,1013
2024,5,10,7,0,15.600000000000001,0.67,0,80.38,0,1013
2024,5,10,8,0,15,0.6900000000000001,0,81.36,0,1013
2024,5,10,9,0,14.600000000000001,0.73,0,81.47,0,1013
2024,5,10,10,0,14.100000000000001,0.77,0,83.33,0,1013
2024,5,10,11,0,13.8,0.79,0,84.12,0,1013
2024,5,10,12,0,13.600000000000001,0.81,0,84.31,0,1013
2024,5,10,13,0,13.8,0.8300000000000001,0,83.44,0,1013
2024,5,10,14,0,16.400000000000002,0.84,468,79.24,0,1014
2024,5,10,15,0,18.6,0.85,697,70.11,0,1014
2024,5,10,16,0,21.400000000000002,0.86,814,62.25,0,1014
2024,5,10,17,0,23.8,0.87,882,55.49,0,1014
2024,5,10,18,0,26.1,0.93,930,47.78,0,1014
2024,5,10,19,0,27.8,0.9400000000000001,952,42.76,0,1013
2024,5,10,20,0,28.8,0.9400000000000001,961,41.050000000000004,0,1012
2024,5,10,21,0,29.3,0.78,940,40.88,0,1012
2024,5,10,22,0,29.5,0.77,922,41.85,0,1011
2024,5,10,23,0,29.700000000000003,0.77,885,41.06,0,1011
2024,5,11,0,0,30,0.79,825,38.77,0,1011
2024,5,11,1,0,28.700000000000003,0.81,721,39.25,0,1010
2024,5,11,2,0,24.400000000000002,0.8200000000000001,513,67.17,0,1010
2024,5,11,3,0,21.1,0.81,0,67.39,0,1010
2024,5,11,4,0,19.900000000000002,0.8,0,70.32000000000001,0,1011
2024,5,11,5,0,18.900000000000002,0.79,0,73.15,0,1011
2024,5,11,6,0,18,0.79,0,75.62,0,1011
2024,5,11,7,0,17.3,0.8,0,77.46000000000001,0,1011
2024,5,11,8,0,16.7,0.8200000000000001,0,78.65,0,1011
2024,5,11,9,0,16.2,0.8300000000000001,0,79.18,0,1011
2024,5,11,10,0,15.700000000000001,0.85,0,79.65,0,1011
2024,5,11,11,0,15.100000000000001,0.87,0,80.56,0,1011
2024,5,11,12,0,14.600000000000001,0.89,0,81.91,0,1011
2024,5,11,13,0,14.600000000000001,0.91,0,83.39,0,1012
2024,5,11,14,0,16.8,0.93,462,78.04,0,1012
2024,5,11,15,0,18.8,0.93,686,71.52,0,1013
2024,5,11,16,0,21.6,0.9400000000000001,800,63.27,0,1013
2024,5,11,17,0,23.900000000000002,0.9500000000000001,865,58.38,0,1013
2024,5,11,18,0,26.200000000000003,1.25,919,52.53,0,1012
2024,5,11,19,0,27.900000000000002,1.3,938,48.43,0,1012
2024,5,11,20,0,29.200000000000003,1.33,942,44.93,0,1011
2024,5,11,21,0,30,1.3800000000000001,936,43.44,0,1011
2024,5,11,22,0,30.3,1.36,916,43.09,0,1010
2024,5,11,23,0,30.400000000000002,1.31,884,42.15,0,1009
2024,5,12,0,0,30.1,1.24,827,41.56,0,1009
2024,5,12,1,0,28.200000000000003,1.16,728,45.93,0,1009
2024,5,12,2,0,23.5,1.09,534,67.58,0,1009
2024,5,12,3,0,20.1,1.04,84,70.62,0,1009
2024,5,12,4,0,18.3,1.01,0,76.73,0,1010
2024,5,12,5,0,17,1,0,82.21000000000001,0,1010
2024,5,12,6,0,16.1,0.99,0,85.82000000000001,0,1010
2024,5,12,7,0,15.3,0.99,0,89.08,0,1011
2024,5,12,8,0,14.600000000000001,0.99,0,90.98,0,1011
2024,5,12,9,0,13.9,0.99,0,91.98,0,1011
2024,5,12,10,0,13.200000000000001,0.99,0,92.86,0,1011
2024,5,12,11,0,12.600000000000001,0.98,0,93.51,0,1011
2024,5,12,12,0,12.100000000000001,0.98,0,93.66,0,1011
2024,5,12,13,0,12.200000000000001,0.97,0,91.84,0,1011
2024,5,12,14,0,14.200000000000001,0.97,486,82.35000000000001,0,1011
2024,5,12,15,0,16.6,0.96,704,74.35000000000001,0,1012
2024,5,12,16,0,19.6,0.96,815,65.69,0,1012
2024,5,12,17,0,22.1,0.96,877,59.64,0,1012
2024,5,12,18,0,24,1.17,924,55.410000000000004,0,1012
2024,5,12,19,0,25.400000000000002,1.1400000000000001,938,53.620000000000005,0,1012
2024,5,12,20,0,26.6,1.1,942,50.56,0,1012
2024,5,12,21,0,27.200000000000003,0.63,883,49.68,0,1011
2024,5,12,22,0,27.3,0.63,861,49.52,0,1011
2024,5,12,23,0,26.6,0.63,819,50.230000000000004,0,1010
2024,5,13,0,0,25.400000000000002,0.63,750,51.7,0,1010
2024,5,13,1,0,23.5,0.65,637,57.47,0,1010
2024,5,13,2,0,20.400000000000002,0.66,421,70.79,0,1010
2024,5,13,3,0,17.6,0.66,24,78.21000000000001,0,1010
2024,5,13,4,0,16.2,0.66,0,81.84,0,1010
2024,5,13,5,0,15.100000000000001,0.66,0,84.92,0,1010
2024,5,13,6,0,14.100000000000001,0.66,0,87.64,0,1010
2024,5,13,7,0,13.3,0.67,0,89.60000000000001,0,1010
2024,5,13,8,0,12.600000000000001,0.68,0,91.29,0,1010
2024,5,13,9,0,11.9,0.7000000000000001,0,93.33,0,1010
2024,5,13,10,0,11.3,0.73,0,94.47,0,1010
2024,5,13,11,0,10.8,0.76,0,94.83,0,1010
2024,5,13,12,0,10.3,0.8,0,95.36,0,1011
2024,5,13,13,0,10.5,0.8300000000000001,0,92.98,0,1011
2024,5,13,14,0,12.700000000000001,0.84,418,83.48,0,1012
2024,5,13,15,0,15.4,0.85,657,75.12,0,1012
2024,5,13,16,0,18.3,0.85,782,67.82000000000001,0,1012
2024,5,13,17,0,20.8,0.85,855,60.730000000000004,0,1012
2024,5,13,18,0,22.900000000000002,0.98,905,54.4,0,1012
2024,5,13,19,0,24.5,0.9500000000000001,923,49.45,0,1012
2024,5,13,20,0,25.5,0.9500000000000001,925,46.69,0,1011
2024,5,13,21,0,26.1,1.05,920,45.46,0,1011
2024,5,13,22,0,26.400000000000002,1.04,899,44.39,0,1010
2024,5,13,23,0,25.900000000000002,1.03,858,45.5,0,1010
2024,5,14,0,0,25,1.11,806,47.11,0,1010
2024,5,14,1,0,23,1.08,699,51.56,0,1010
2024,5,14,2,0,19.400000000000002,1.05,498,66.78,0,1010
2024,5,14,3,0,16.2,1.03,68,75.47,0,1011
2024,5,14,4,0,14.700000000000001,1.02,0,78.83,0,1011
2024,5,14,5,0,13.600000000000001,1,0,82.42,0,1011
2024,5,14,6,0,12.8,0.99,0,85.59,0,1011
2024,5,14,7,0,12.200000000000001,0.99,0,88.05,0,1011
2024,5,14,8,0,11.8,0.98,0,89.16,0,1011
2024,5,14,9,0,11.5,0.97,0,89.98,0,1010
2024,5,14,10,0,11,0.9500000000000001,0,92.64,0,1010
2024,5,14,11,0,10.600000000000001,0.9400000000000001,0,94.60000000000001,0,1010
2024,5,14,12,0,10.3,0.9400000000000001,0,95.59,0,1010
2024,5,14,13,0,10.8,0.93,0,93.02,0,1010
2024,5,14,14,0,13.100000000000001,0.93,395,83.8,0,1011
2024,5,14,15,0,16.1,0.9500000000000001,635,74.26,0,1011
2024,5,14,16,0,19.5,0.96,760,65.34,0,1011
2024,5,14,17,0,22.1,0.98,829,60.2,0,1011
2024,5,14,18,0,24.200000000000003,1.29,896,55.97,0,1011
2024,5,14,19,0,26.1,1.33,915,50.97,0,1011
2024,5,14,20,0,27.6,1.36,916,47.21,0,1010
2024,5,14,21,0,28.6,1.29,901,45.49,0,1010
2024,5,14,22,0,29,1.31,873,45.02,0,1009
2024,5,14,23,0,28.900000000000002,1.32,833,44.09,0,1008
2024,5,15,0,0,27.700000000000003,1.32,773,46.29,0,1008
2024,5,15,1,0,25.1,1.31,675,53.19,0,1008
2024,5,15,2,0,21.200000000000003,1.3,489,69.12,0,1009
2024,5,15,3,0,18,1.28,85,75.62,0,1009
2024,5,15,4,0,16.400000000000002,1.25,0,79.04,0,1009
2024,5,15,5,0,15.100000000000001,1.22,0,83.43,0,1010
2024,5,15,6,0,14.200000000000001,1.2,0,86.85000000000001,0,1010
2024,5,15,7,0,13.5,1.2,0,89.53,0,1010
2024,5,15,8,0,13,1.19,0,90.94,0,1010
2024,5,15,9,0,12.5,1.18,0,92.41,0,1010
2024,5,15,10,0,12.100000000000001,1.17,0,92.87,0,1010
2024,5,15,11,0,11.8,1.17,0,92.75,0,1010
2024,5,15,12,0,11.600000000000001,1.17,0,92.37,0,1010
2024,5,15,13,0,12.200000000000001,1.17,0,89.33,0,1010
2024,5,15,14,0,14.600000000000001,1.19,463,81.09,0,1010
2024,5,15,15,0,17.5,1.21,683,70.60000000000001,0,1010
2024,5,15,16,0,20.6,1.22,797,63.550000000000004,0,1011
2024,5,15,17,0,23.5,1.23,862,55.730000000000004,0,1011
2024,5,15,18,0,26,1.32,907,47.52,0,1011
2024,5,15,19,0,27.700000000000003,1.32,930,43.46,0,1010
2024,5,15,20,0,29.1,1.31,940,40.72,0,1010
2024,5,15,21,0,30.200000000000003,1.05,922,39.47,0,1009
2024,5,15,22,0,31.1,1.05,907,38.19,0,1008
2024,5,15,23,0,31.1,1.04,875,39.52,0,1008
2024,5,16,0,0,30,0.84,792,42.38,0,1007
2024,5,16,1,0,26.6,0.84,690,51.2,0,1008
2024,5,16,2,0,21.700000000000003,0.84,494,69.09,0,1008
2024,5,16,3,0,18,0.84,74,74.60000000000001,0,1008
2024,5,16,4,0,16.5,0.86,0,76.16,0,1009
2024,5,16,5,0,15.4,0.87,0,78.71000000000001,0,1009
2024,5,16,6,0,14.5,0.89,0,81.83,0,1010
2024,5,16,7,0,13.700000000000001,0.92,0,84.85000000000001,0,1010
2024,5,16,8,0,13.200000000000001,0.9400000000000001,0,86.45,0,1010
2024,5,16,9,0,12.8,0.96,0,88.12,0,1010
2024,5,16,10,0,12.3,0.98,0,90.59,0,1010
2024,5,16,11,0,12,1,0,91.59,0,1010
2024,5,16,12,0,11.600000000000001,1.01,0,93.23,0,1011
2024,5,16,13,0,12,1.02,0,90.83,0,1011
2024,5,16,14,0,13.9,1.02,452,81.98,0,1012
2024,5,16,15,0,16.2,1.03,671,73.87,0,1012
2024,5,16,16,0,18.400000000000002,1.03,782,67.54,0,1012
2024,5,16,17,0,20.400000000000002,1.02,848,62.28,0,1012
2024,5,16,18,0,22.200000000000003,1.18,900,58.14,0,1012
2024,5,16,19,0,23.700000000000003,1.16,917,54.800000000000004,0,1012
2024,5,16,20,0,24.8,1.1400000000000001,921,52.11,0,1012
2024,5,16,21,0,25.400000000000002,1.12,913,49.95,0,1011
2024,5,16,22,0,25.400000000000002,1.09,894,49.01,0,1011
2024,5,16,23,0,24.6,1.05,859,49.5,0,1010
2024,5,17,0,0,23.200000000000003,1,802,51.96,0,1010
2024,5,17,1,0,21.1,0.96,705,56.97,0,1010
2024,5,17,2,0,18.3,0.9400000000000001,514,66.04,0,1010
2024,5,17,3,0,15.5,0.93,93,76.21000000000001,0,1010
2024,5,17,4,0,14.100000000000001,0.93,0,81.41,0,1011
2024,5,17,5,0,13,0.9400000000000001,0,85.87,0,1011
2024,5,17,6,0,12.100000000000001,0.9500000000000001,0,89.15,0,1011
2024,5,17,7,0,11.4,0.96,0,91.35000000000001,0,1011
2024,5,17,8,0,10.9,0.96,0,92.73,0,1011
2024,5,17,9,0,10.200000000000001,0.96,0,96.14,0,1011
2024,5,17,10,0,9.700000000000001,0.96,0,98.74000000000001,0,1011
2024,5,17,11,0,9.200000000000001,0.96,0,100,0,1011
2024,5,17,12,0,8.9,0.97,0,100,0,1012
2024,5,17,13,0,9.9,0.99,0,97.63,0,1012
2024,5,17,14,0,12.700000000000001,1.01,448,84.83,0,1013
2024,5,17,15,0,15,1.03,660,77.71000000000001,0,1013
2024,5,17,16,0,17.2,1.06,769,72.25,0,1013
2024,5,17,17,0,19.400000000000002,1.07,837,68.52,0,1013
2024,5,17,18,0,21.5,1.12,897,64.62,0,1013
2024,5,17,19,0,23.400000000000002,1.09,921,60,0,1012
2024,5,17,20,0,24.900000000000002,1.05,927,55.58,0,1011
2024,5,17,21,0,26.1,0.71,891,51.78,0,1010
2024,5,17,22,0,26.8,0.7000000000000001,868,50.14,0,1010
2024,5,17,23,0,27.1,0.6900000000000001,829,49.07,0,1009
2024,5,18,0,0,26.6,0.7000000000000001,763,50.730000000000004,0,1009
2024,5,18,1,0,25.1,0.7000000000000001,649,56.36,0,1009
2024,5,18,2,0,21.8,0.72,438,69.44,0,1009
2024,5,18,3,0,18.1,0.72,46,79.84,0,1009
2024,5,18,4,0,16.1,0.72,0,84.51,0,1010
2024,5,18,5,0,14.700000000000001,0.72,0,85.67,0,1010
2024,5,18,6,0,13.600000000000001,0.73,0,87.39,0,1010
2024,5,18,7,0,12.9,0.73,0,88.8,0,1010
2024,5,18,8,0,12.3,0.73,0,90.59,0,1010
2024,5,18,9,0,11.8,0.73,0,92.38,0,1010
2024,5,18,10,0,11.3,0.72,0,94.75,0,1010
2024,5,18,11,0,11,0.72,0,95.82000000000001,0,1011
2024,5,18,12,0,10.8,0.73,0,95.83,0,1011
2024,5,18,13,0,11.4,0.74,0,92.85000000000001,0,1011
2024,5,18,14,0,13.700000000000001,0.76,358,81.78,0,1012
2024,5,18,15,0,16.400000000000002,0.78,589,72.85000000000001,0,1012
2024,5,18,16,0,18.8,0.81,712,67.29,0,1012
2024,5,18,17,0,21,0.84,784,62.47,0,1013
2024,5,18,18,0,22.900000000000002,0.86,842,57.83,0,1012
2024,5,18,19,0,24.5,0.88,861,54.02,0,1012
2024,5,18,20,0,25.700000000000003,0.89,866,51.14,0,1012
2024,5,18,21,0,26.400000000000002,0.91,863,49.03,0,1011
2024,5,18,22,0,26.3,0.9,840,48.94,0,1011
2024,5,18,23,0,25.5,0.88,802,50.21,0,1011
2024,5,19,0,0,23.8,0.85,737,54.14,0,1011
2024,5,19,1,0,21.3,0.8300000000000001,633,59.93,0,1011
2024,5,19,2,0,18.3,0.8300000000000001,442,67.9,0,1011
2024,5,19,3,0,15.4,0.8300000000000001,61,77.51,0,1011
2024,5,19,4,0,13.700000000000001,0.8200000000000001,0,83.39,0,1012
2024,5,19,5,0,12.600000000000001,0.78,0,87.4,0,1012
2024,5,19,6,0,11.9,0.73,0,90.09,0,1013
2024,5,19,7,0,11.3,0.71,0,92.64,0,1013
2024,5,19,8,0,10.8,0.6900000000000001,0,94.8,0,1013
2024,5,19,9,0,10.3,0.66,0,97.38,0,1013
2024,5,19,10,0,9.9,0.63,0,99.32000000000001,0,1013
2024,5,19,11,0,9.5,0.6,0,100,0,1014
2024,5,19,12,0,9.200000000000001,0.61,0,100,0,1014
2024,5,19,13,0,10.100000000000001,0.63,7,97.16,0,1015
2024,5,19,14,0,12.5,0.65,333,85.39,0,1015
2024,5,19,15,0,14.8,0.68,566,77.29,0,1016
2024,5,19,16,0,16.900000000000002,0.72,704,70.9,0,1016
2024,5,19,17,0,18.900000000000002,0.76,788,65.24,0,1016
2024,5,19,18,0,21,0.85,915,59.74,0,1015
2024,5,19,19,0,22.900000000000002,0.87,936,54.45,0,1015
2024,5,19,20,0,24.700000000000003,0.9,942,48.35,0,1014
2024,5,19,21,0,26.1,0.88,911,42.95,0,1013
2024,5,19,22,0,26.8,0.85,894,39.71,0,1013
2024,5,19,23,0,26.700000000000003,0.8200000000000001,861,38.84,0,1012
2024,5,20,0,0,25.8,0.76,802,39.44,0,1012
2024,5,20,1,0,23.8,0.7000000000000001,696,44.29,0,1011
2024,5,20,2,0,20,0.65,494,57.38,0,1011
2024,5,20,3,0,16.5,0.62,83,68.29,0,1011
2024,5,20,4,0,14.600000000000001,0.62,0,75.65,0,1012
2024,5,20,5,0,13.100000000000001,0.62,0,83.05,0,1012
2024,5,20,6,0,12.100000000000001,0.61,0,88.73,0,1012
2024,5,20,7,0,11.4,0.62,0,92.13,0,1012
2024,5,20,8,0,11,0.64,0,93.07000000000001,0,1012
2024,5,20,9,0,10.4,0.65,0,95.55,0,1011
2024,5,20,10,0,10,0.67,0,96.61,0,1011
2024,5,20,11,0,9.9,0.67,0,94.38,0,1012
2024,5,20,12,0,10,0.66,0,89.65,0,1012
2024,5,20,13,0,11.200000000000001,0.64,22,83.53,0,1012
2024,5,20,14,0,14.8,0.64,420,68.42,0,1013
2024,5,20,15,0,17.3,0.63,646,58.82,0,1013
2024,5,20,16,0,19.5,0.62,767,53.44,0,1013
2024,5,20,17,0,21.6,0.62,838,47.82,0,1013
2024,5,20,18,0,23.6,0.63,899,41.36,0,1013
2024,5,20,19,0,25.200000000000003,0.64,927,35.58,0,1013
2024,5,20,20,0,26.200000000000003,0.59,936,31.59,0,1013
2024,5,20,21,0,26.700000000000003,0.5700000000000001,917,29.26,0,1012
2024,5,20,22,0,27,0.53,896,27.13,0,1012
2024,5,20,23,0,26.8,0.52,859,26.6,0,1012
2024,5,21,0,0,26,0.5700000000000001,795,28.990000000000002,0,1011
2024,5,21,1,0,24.900000000000002,0.61,706,32.51,0,1011
2024,5,21,2,0,21.3,0.63,525,53.410000000000004,0,1012
2024,5,21,3,0,17.5,0.63,108,61.11,0,1012
2024,5,21,4,0,16.3,0.65,0,64.3,0,1012
2024,5,21,5,0,15.4,0.66,0,67.27,0,1012
2024,5,21,6,0,14.700000000000001,0.68,0,69.34,0,1012
2024,5,21,7,0,14,0.7000000000000001,0,71.5,0,1012
2024,5,21,8,0,13.600000000000001,0.72,0,72.54,0,1012
2024,5,21,9,0,13.3,0.73,0,73.62,0,1012
2024,5,21,10,0,12.700000000000001,0.74,0,76.3,0,1012
2024,5,21,11,0,11.9,0.73,0,79.84,0,1013
2024,5,21,12,0,11.200000000000001,0.72,0,82.53,0,1013
2024,5,21,13,0,11.9,0.7000000000000001,48,78.88,0,1013
2024,5,21,14,0,14.4,0.68,488,68.25,0,1013
2024,5,21,15,0,17.400000000000002,0.67,698,56.5,0,1014
2024,5,21,16,0,20.6,0.65,811,44.88,0,1014
2024,5,21,17,0,23.700000000000003,0.64,875,35.43,0,1014
2024,5,21,18,0,26.400000000000002,0.67,924,27.27,0,1014
2024,5,21,19,0,27.8,0.66,947,24.3,0,1013
2024,5,21,20,0,28.6,0.67,955,22.95,0,1013
2024,5,21,21,0,29.200000000000003,0.6,933,22.45,0,1013
2024,5,21,22,0,29.400000000000002,0.64,915,22.34,0,1012
2024,5,21,23,0,29.200000000000003,0.68,883,23.27,0,1011
2024,5,22,0,0,29,0.7000000000000001,822,24.32,0,1011
2024,5,22,1,0,28,0.6900000000000001,715,24.62,0,1011
2024,5,22,2,0,24.1,0.6900000000000001,507,49.22,0,1011
2024,5,22,3,0,20.400000000000002,0.73,92,52.69,0,1011
2024,5,22,4,0,18.6,0.78,0,58.69,0,1011
2024,5,22,5,0,17,0.81,0,66.38,0,1012
2024,5,22,6,0,15.700000000000001,0.81,0,72.47,0,1012
2024,5,22,7,0,14.5,0.81,0,77.99,0,1012
2024,5,22,8,0,13.600000000000001,0.81,0,81.8,0,1011
2024,5,22,9,0,12.8,0.8200000000000001,0,85.91,0,1011
2024,5,22,10,0,12.200000000000001,0.8200000000000001,0,88.87,0,1011
2024,5,22,11,0,11.600000000000001,0.8300000000000001,0,92.61,0,1011
2024,5,22,12,0,11.100000000000001,0.86,0,96.23,0,1011
2024,5,22,13,0,12,0.88,20,92.62,0,1011
2024,5,22,14,0,14.5,0.87,371,81.64,0,1011
2024,5,22,15,0,17.400000000000002,0.87,589,71.12,0,1012
2024,5,22,16,0,20.8,0.89,710,57.92,0,1012
2024,5,22,17,0,23,0.91,780,52.17,0,1012
2024,5,22,18,0,25.200000000000003,0.75,866,46.6,0,1012
2024,5,22,19,0,27,0.73,885,42.12,0,1012
2024,5,22,20,0,28.3,0.71,890,38.86,0,1011
2024,5,22,21,0,29,0.64,858,36.54,0,1011
2024,5,22,22,0,29.3,0.62,850,34.76,0,1010
2024,5,22,23,0,29.3,0.6,828,33.94,0,1010
2024,5,23,0,0,28.8,0.62,773,33.99,0,1009
2024,5,23,1,0,27.3,0.64,673,39.54,0,1009
2024,5,23,2,0,23.8,0.6900000000000001,495,53.14,0,1010
2024,5,23,3,0,19.900000000000002,0.72,117,59.93,0,1010
2024,5,23,4,0,17.400000000000002,0.75,0,69.15,0,1011
2024,5,23,5,0,16,0.78,0,75.66,0,1011
2024,5,23,6,0,15.200000000000001,0.8,0,77.54,0,1011
2024,5,23,7,0,14.700000000000001,0.81,0,74.88,0,1011
2024,5,23,8,0,14.100000000000001,0.8,0,72.64,0,1011
2024,5,23,9,0,13.3,0.79,0,71.72,0,1010
2024,5,23,10,0,12.5,0.78,0,70.72,0,1010
2024,5,23,11,0,11.8,0.8,0,69.52,0,1010
2024,5,23,12,0,11.100000000000001,0.85,0,69.79,0,1011
2024,5,23,13,0,11.8,0.92,91,66.41,0,1011
2024,5,23,14,0,14.100000000000001,0.96,518,58.38,0,1011
2024,5,23,15,0,16.8,0.97,724,51.15,0,1011
2024,5,23,16,0,19.6,0.98,833,45.46,0,1012
2024,5,23,17,0,22.200000000000003,1,892,40.72,0,1012
2024,5,23,18,0,24.5,1.06,928,36.39,0,1011
2024,5,23,19,0,26.3,1.07,948,32.59,0,1011
2024,5,23,20,0,27.6,1.08,956,29.47,0,1010
2024,5,23,21,0,28.400000000000002,0.96,944,27.18,0,1010
2024,5,23,22,0,28.700000000000003,0.97,927,26.01,0,1009
2024,5,23,23,0,28.8,0.96,903,24.36,0,1009
2024,5,24,0,0,28.1,0.9500000000000001,852,25.69,0,1008
2024,5,24,1,0,26.3,0.98,755,30.43,0,1008
2024,5,24,2,0,22.3,0.98,78,46.15,0,1008
2024,5,24,3,0,18.1,0.9500000000000001,172,57.59,0,1008
2024,5,24,4,0,15.8,0.9400000000000001,0,67.41,0,1009
2024,5,24,5,0,14.9,0.9400000000000001,0,73.02,0,1009
2024,5,24,6,0,14.3,0.9400000000000001,0,77.15,0,1009
2024,5,24,7,0,13.8,0.93,0,80.25,0,1008
2024,5,24,8,0,13.100000000000001,0.91,0,84,0,1008
2024,5,24,9,0,12,0.88,0,89.39,0,1008
2024,5,24,10,0,11.100000000000001,0.88,0,92.77,0,1008
2024,5,24,11,0,10.5,0.9,0,93.83,0,1008
2024,5,24,12,0,10,0.92,0,94.5,0,1009
2024,5,24,13,0,10.3,0.9500000000000001,75,90.93,0,1009
2024,5,24,14,0,12,0.99,496,81.25,0,1009
2024,5,24,15,0,14.3,1,695,71.58,0,1010
2024,5,24,16,0,16.3,1,801,65.4,0,1010
2024,5,24,17,0,18.5,0.99,868,59.2,0,1010
2024,5,24,18,0,20.3,1.04,920,54.26,0,1010
2024,5,24,19,0,21.6,1.06,938,50.550000000000004,0,1010
2024,5,24,20,0,22.5,1.07,944,48.06,0,1009
2024,5,24,21,0,22.8,0.84,915,46.76,0,1009
2024,5,24,22,0,22.6,0.84,894,46.67,0,1009
2024,5,24,23,0,22,0.84,858,47.4,0,1008
2024,5,25,0,0,20.900000000000002,0.8300000000000001,793,49.49,0,1008
2024,5,25,1,0,19.200000000000003,0.81,687,53.88,0,1008
2024,5,25,2,0,16.7,0.77,220,62.550000000000004,0,1008
2024,5,25,3,0,14.200000000000001,0.74,5,73.66,0,1009
2024,5,25,4,0,12.700000000000001,0.7000000000000001,0,81.41,0,1009
2024,5,25,5,0,11.9,0.64,0,86.09,0,1010
2024,5,25,6,0,11.3,0.64,0,89.77,0,1010
2024,5,25,7,0,11,0.67,0,91.82000000000001,0,1010
2024,5,25,8,0,10.8,0.6900000000000001,0,93.24,0,1010
2024,5,25,9,0,10.5,0.75,0,95.23,0,1010
2024,5,25,10,0,10.5,0.79,0,95.36,0,1010
2024,5,25,11,0,10.4,0.78,0,95.85000000000001,0,1011
2024,5,25,12,0,10.200000000000001,0.81,0,96.55,0,1011
2024,5,25,13,0,11,0.8300000000000001,23,91.62,0,1012
2024,5,25,14,0,12.4,0.84,367,83.85000000000001,0,1013
2024,5,25,15,0,13.8,0.88,578,77.9,0,1013
2024,5,25,16,0,15,0.92,699,73.77,0,1014
2024,5,25,17,0,16.400000000000002,0.9500000000000001,781,69.07000000000001,0,1014
2024,5,25,18,0,18.1,0.9,879,63.47,0,1015
2024,5,25,19,0,20.400000000000002,0.93,903,56.29,0,1015
2024,5,25,20,0,22.200000000000003,0.9500000000000001,918,50.29,0,1014
2024,5,25,21,0,23.3,0.84,907,46.18,0,1014
2024,5,25,22,0,23.700000000000003,0.8300000000000001,886,44.09,0,1014
2024,5,25,23,0,23.3,0.8200000000000001,853,43.99,0,1013
2024,5,26,0,0,22.3,0.87,809,45.58,0,1013
2024,5,26,1,0,20.5,0.84,708,49.65,0,1014
2024,5,26,2,0,17.900000000000002,0.81,524,58.27,0,1014
2024,5,26,3,0,14.8,0.77,137,69.83,0,1015
2024,5,26,4,0,13.100000000000001,0.74,0,76.52,0,1015
2024,5,26,5,0,12,0.71,0,82.2,0,1015
2024,5,26,6,0,11.100000000000001,0.68,0,87.49,0,1015
2024,5,26,7,0,10.3,0.67,0,92.24,0,1015
2024,5,26,8,0,9.700000000000001,0.66,0,95.60000000000001,0,1015
2024,5,26,9,0,9.3,0.67,0,97.43,0,1015
2024,5,26,10,0,8.9,0.68,0,98.99000000000001,0,1015
2024,5,26,11,0,8.6,0.68,0,99.85000000000001,0,1015
2024,5,26,12,0,8.3,0.7000000000000001,0,100,0,1015
2024,5,26,13,0,9.4,0.71,41,93.76,0,1015
2024,5,26,14,0,11.700000000000001,0.71,427,82.33,0,1016
2024,5,26,15,0,14.9,0.71,637,69.88,0,1016
2024,5,26,16,0,18.3,0.71,751,58.94,0,1016
2024,5,26,17,0,21.8,0.73,820,48.11,0,1016
2024,5,26,18,0,24.400000000000002,0.8300000000000001,894,42.160000000000004,0,1016
2024,5,26,19,0,26.1,0.84,914,38.800000000000004,0,1015
2024,5,26,20,0,27.3,0.85,921,36.33,0,1015
2024,5,26,21,0,28.1,0.65,892,34.56,0,1014
2024,5,26,22,0,28.6,0.66,877,33.46,0,1013
2024,5,26,23,0,28.6,0.67,846,33.49,0,1013
2024,5,27,0,0,28,0.67,789,34.46,0,1012
2024,5,27,1,0,26.6,0.68,691,39.72,0,1012
2024,5,27,2,0,23.3,0.6900000000000001,512,53.54,0,1013
2024,5,27,3,0,19.400000000000002,0.7000000000000001,134,63.03,0,1013
2024,5,27,4,0,17.2,0.71,0,69.73,0,1014
2024,5,27,5,0,15.600000000000001,0.72,0,75.99,0,1014
2024,5,27,6,0,14.3,0.73,0,81.75,0,1014
2024,5,27,7,0,13.100000000000001,0.73,0,87.78,0,1014
2024,5,27,8,0,12.200000000000001,0.76,0,91.51,0,1014
2024,5,27,9,0,11.600000000000001,0.79,0,92.59,0,1013
2024,5,27,10,0,11.100000000000001,0.8200000000000001,0,93.16,0,1013
2024,5,27,11,0,10.700000000000001,0.8300000000000001,0,92.99,0,1013
2024,5,27,12,0,10.4,0.85,0,92.82000000000001,0,1014
2024,5,27,13,0,11.100000000000001,0.86,63,89.07000000000001,0,1014
2024,5,27,14,0,13.5,0.87,466,77.51,0,1015
2024,5,27,15,0,16.6,0.86,671,66.81,0,1015
2024,5,27,16,0,19.3,0.86,782,59.31,0,1015
2024,5,27,17,0,21.8,0.86,849,52.13,0,1015
2024,5,27,18,0,24.1,0.98,901,45.49,0,1015
2024,5,27,19,0,26,0.98,923,41.07,0,1014
2024,5,27,20,0,27.200000000000003,0.97,931,37.97,0,1014
2024,5,27,21,0,27.8,0.67,900,36.15,0,1013
2024,5,27,22,0,28,0.66,880,35.52,0,1013
2024,5,27,23,0,27.5,0.64,843,36.160000000000004,0,1013
2024,5,28,0,0,26.400000000000002,0.64,783,38.08,0,1013
2024,5,28,1,0,24.400000000000002,0.63,679,42.94,0,1013
2024,5,28,2,0,21.200000000000003,0.63,495,52.74,0,1013
2024,5,28,3,0,17.8,0.63,120,64.74,0,1014
2024,5,28,4,0,15.8,0.64,0,73.4,0,1014
2024,5,28,5,0,14.4,0.66,0,79.91,0,1014
2024,5,28,6,0,13.3,0.67,0,84.68,0,1014
2024,5,28,7,0,12.5,0.68,0,87.92,0,1014
2024,5,28,8,0,11.8,0.6900000000000001,0,90.61,0,1013
2024,5,28,9,0,11.200000000000001,0.71,0,92.81,0,1013
2024,5,28,10,0,10.8,0.74,0,93.38,0,1013
2024,5,28,11,0,10.4,0.76,0,94.24,0,1013
2024,5,28,12,0,10.100000000000001,0.79,0,94.92,0,1014
2024,5,28,13,0,10.700000000000001,0.81,71,91.48,0,1014
2024,5,28,14,0,13,0.8200000000000001,479,82.05,0,1014
2024,5,28,15,0,15.8,0.8300000000000001,680,72.7,0,1015
2024,5,28,16,0,18.5,0.84,786,64.95,0,1015
2024,5,28,17,0,21.1,0.85,845,58.63,0,1015
2024,5,28,18,0,23.6,1.05,899,52.980000000000004,0,1015
2024,5,28,19,0,26,1.06,915,47.26,0,1015
2024,5,28,20,0,28.1,1.06,919,41.62,0,1014
2024,5,28,21,0,29.8,0.78,889,35.9,0,1014
2024,5,28,22,0,30.400000000000002,0.76,869,33.21,0,1013
2024,5,28,23,0,30.1,0.74,841,31.6,0,1013
2024,5,29,0,0,29,0.75,797,32.05,0,1013
2024,5,29,1,0,26.8,0.76,724,35.57,0,1013
2024,5,29,2,0,22.900000000000002,0.76,568,46.45,0,1013
2024,5,29,3,0,18.900000000000002,0.73,195,58.17,0,1013
2024,5,29,4,0,16.7,0.7000000000000001,0,66.41,0,1014
2024,5,29,5,0,15.4,0.7000000000000001,0,71.66,0,1014
2024,5,29,6,0,14.600000000000001,0.72,0,75.02,0,1015
2024,5,29,7,0,14,0.74,0,77.32000000000001,0,1015
2024,5,29,8,0,13.600000000000001,0.75,0,78.26,0,1015
2024,5,29,9,0,13.5,0.78,0,77.25,0,1015
2024,5,29,10,0,13.3,0.79,0,76.7,0,1016
2024,5,29,11,0,13.100000000000001,0.78,0,75.74,0,1016
2024,5,29,12,0,12.700000000000001,0.8,0,75.55,0,1016
2024,5,29,13,0,13.9,0.8300000000000001,127,71.23,0,1017
2024,5,29,14,0,16.900000000000002,0.8200000000000001,545,61.03,0,1017
2024,5,29,15,0,19.8,0.8200000000000001,732,55.19,0,1017
2024,5,29,16,0,22.5,0.8300000000000001,835,49.43,0,1017
2024,5,29,17,0,24.900000000000002,0.85,897,43.71,0,1017
2024,5,29,18,0,27.1,1.03,945,37.26,0,1017
2024,5,29,19,0,28.8,1.02,964,30.79,0,1017
2024,5,29,20,0,30,0.99,974,25.68,0,1016
2024,5,29,21,0,30.8,0.5,917,22.2,0,1016
2024,5,29,22,0,31.200000000000003,0.48,901,19.78,0,1015
2024,5,29,23,0,31.1,0.46,863,19.240000000000002,0,1014
2024,5,30,0,0,30.5,0.46,802,20.85,0,1014
2024,5,30,1,0,29.400000000000002,0.47000000000000003,700,21.84,0,1014
2024,5,30,2,0,25.3,0.48,515,44.61,0,1014
2024,5,30,3,0,21.3,0.49,138,50.4,0,1014
2024,5,30,4,0,19.8,0.53,0,52.800000000000004,0,1014
2024,5,30,5,0,18.900000000000002,0.6,0,54.86,0,1014
2024,5,30,6,0,18.3,0.66,0,55.53,0,1014
2024,5,30,7,0,17.7,0.67,0,56.26,0,1014
2024,5,30,8,0,17.3,0.68,0,57.01,0,1014
2024,5,30,9,0,16.7,0.6900000000000001,0,58.14,0,1013
2024,5,30,10,0,15.8,0.71,0,60.88,0,1014
2024,5,30,11,0,15,0.73,0,63.64,0,1014
2024,5,30,12,0,14.100000000000001,0.74,0,67.28,0,1014
2024,5,30,13,0,14.5,0.74,117,66.59,0,1014
2024,5,30,14,0,16.7,0.75,539,59.24,0,1014
2024,5,30,15,0,19.5,0.77,731,49.44,0,1014
2024,5,30,16,0,22.3,0.76,834,41.19,0,1014
2024,5,30,17,0,25.1,0.74,890,34.53,0,1014
2024,5,30,18,0,27.6,0.64,909,29.79,0,1013
2024,5,30,19,0,29.8,0.67,923,26.34,0,1013
2024,5,30,20,0,31.3,0.6900000000000001,931,23.89,0,1012
2024,5,30,21,0,32.2,0.77,935,22.35,0,1012
2024,5,30,22,0,32.5,0.8,916,21.68,0,1011
2024,5,30,23,0,32.6,0.8200000000000001,885,21.79,0,1010
2024,5,31,0,0,32.300000000000004,0.75,265,22.31,0,1010
2024,5,31,1,0,30.700000000000003,0.76,716,26.21,0,1010
2024,5,31,2,0,27.200000000000003,0.74,539,49.21,0,1009
2024,5,31,3,0,24,0.7000000000000001,173,48.800000000000004,0,1009
2024,5,31,4,0,22,0.67,0,52.9,0,1010
2024,5,31,5,0,20.5,0.65,0,57.06,0,1010
2024,5,31,6,0,19.3,0.65,0,60.160000000000004,0,1010
2024,5,31,7,0,18.6,0.65,0,61.800000000000004,0,1010
2024,5,31,8,0,18.3,0.67,0,61.97,0,1009
2024,5,31,9,0,18.1,0.6900000000000001,0,62.26,0,1009
2024,5,31,10,0,17.6,0.7000000000000001,0,64.19,0,1009
2024,5,31,11,0,17,0.71,0,66.49,0,1009
2024,5,31,12,0,16.3,0.71,0,68.9,0,1009
2024,5,31,13,0,17.2,0.72,97,67.31,0,1009
2024,5,31,14,0,20.1,0.74,511,56.19,0,1009
2024,5,31,15,0,22.6,0.74,704,47.93,0,1010
2024,5,31,16,0,25.200000000000003,0.74,803,41.36,0,1010
2024,5,31,17,0,27.6,0.74,864,36.99,0,1010
2024,5,31,18,0,30.3,0.93,921,31.17,0,1010
2024,5,31,19,0,32.7,0.92,937,26.02,0,1009
2024,5,31,20,0,34,0.92,943,23.89,0,1009
2024,5,31,21,0,34.7,0.51,893,23.02,0,1008
2024,5,31,22,0,34.7,0.52,877,23.080000000000002,0,1008
2024,5,31,23,0,34.1,0.55,845,23.740000000000002,0,1007
2024,6,1,0,0,32.7,0.6,786,25.98,0,1007
2024,6,1,1,0,30.200000000000003,0.65,689,30.05,0,1008
2024,6,1,2,0,26,0.6900000000000001,515,40.910000000000004,0,1008
2024,6,1,3,0,21.900000000000002,0.71,153,51.17,0,1008
2024,6,1,4,0,19.400000000000002,0.72,0,59.19,0,1008
2024,6,1,5,0,17.3,0.72,0,67.81,0,1008
2024,6,1,6,0,15.700000000000001,0.72,0,74.49,0,1008
2024,6,1,7,0,14.3,0.71,0,80.17,0,1008
2024,6,1,8,0,13.4,0.6900000000000001,0,83.54,0,1008
2024,6,1,9,0,12.700000000000001,0.68,0,86.57000000000001,0,1008
2024,6,1,10,0,12.200000000000001,0.68,0,88.83,0,1008
2024,6,1,11,0,11.8,0.7000000000000001,0,90.2,0,1008
2024,6,1,12,0,11.600000000000001,0.71,0,90.43,0,1009
2024,6,1,13,0,12.200000000000001,0.7000000000000001,71,86.43,0,1009
2024,6,1,14,0,14.5,0.71,461,75.21000000000001,0,1009
2024,6,1,15,0,17.2,0.71,654,66.25,0,1010
2024,6,1,16,0,19.700000000000003,0.6900000000000001,755,60.34,0,1010
2024,6,1,17,0,22.200000000000003,0.68,818,54.61,0,1010
2024,6,1,18,0,24.5,0.75,874,49.54,0,1010
2024,6,1,19,0,26.8,0.72,891,44.24,0,1010
2024,6,1,20,0,28.8,0.6900000000000001,897,39.29,0,1010
2024,6,1,21,0,30.5,0.68,897,34.53,0,1009
2024,6,1,22,0,31.6,0.68,880,31.16,0,1009
2024,6,1,23,0,31.900000000000002,0.6900000000000001,848,29.07,0,1008
2024,6,2,0,0,31.1,0.73,787,29.64,0,1008
2024,6,2,1,0,28.700000000000003,0.75,441,35.34,0,1008
2024,6,2,2,0,24.700000000000003,0.77,528,46.6,0,1008
2024,6,2,3,0,20.8,0.72,176,56.89,0,1009
2024,6,2,4,0,18.8,0.74,0,63.04,0,1009
2024,6,2,5,0,17.7,0.79,0,67.28,0,1010
2024,6,2,6,0,16.8,0.8,0,71.21000000000001,0,1010
2024,6,2,7,0,15.8,0.8300000000000001,0,75.38,0,1010
2024,6,2,8,0,15.200000000000001,0.86,0,78.01,0,1010
2024,6,2,9,0,14.5,0.87,0,81.57000000000001,0,1010
2024,6,2,10,0,13.700000000000001,0.89,0,85.99,0,1010
2024,6,2,11,0,12.9,0.91,0,90.60000000000001,0,1011
2024,6,2,12,0,12.3,0.93,0,92.99,0,1011
2024,6,2,13,0,13,0.9400000000000001,0,88.39,0,1012
2024,6,2,14,0,14.5,0.9500000000000001,531,80.24,0,1012
2024,6,2,15,0,17.400000000000002,0.93,699,67.53,0,1013
2024,6,2,16,0,20.5,0.92,785,56.02,0,1013
2024,6,2,17,0,22.900000000000002,0.92,837,48.84,0,1013
2024,6,2,18,0,25.400000000000002,1,776,42.050000000000004,0,1012
2024,6,2,19,0,28.1,1.03,900,35.06,0,1012
2024,6,2,20,0,30.400000000000002,0.99,908,30.490000000000002,0,1011
2024,6,2,21,0,31.6,0.79,883,29.03,0,1011
2024,6,2,22,0,32.1,0.77,862,28.95,0,1010
2024,6,2,23,0,32.300000000000004,0.75,621,29.14,0,1010
2024,6,3,0,0,31.8,0.71,584,30.490000000000002,0,1010
2024,6,3,1,0,30.5,0.7000000000000001,462,35.04,0,1009
2024,6,3,2,0,27.200000000000003,0.72,520,47.78,0,1009
2024,6,3,3,0,23.400000000000002,0.73,172,58.11,0,1010
2024,6,3,4,0,21.200000000000003,0.75,0,65.42,0,1010
2024,6,3,5,0,20,0.75,0,70.56,0,1010
2024,6,3,6,0,19,0.77,0,74.99,0,1011
2024,6,3,7,0,18.7,0.85,0,76.48,0,1012
2024,6,3,8,0,18.900000000000002,0.86,0,76.58,0,1012
2024,6,3,9,0,18.5,0.85,0,78.08,0,1011
2024,6,3,10,0,18.400000000000002,0.84,0,78,0,1011
2024,6,3,11,0,18.1,0.79,0,79.2,0,1011
2024,6,3,12,0,17.6,0.75,0,80.71000000000001,0,1011
2024,6,3,13,0,17.400000000000002,0.73,110,80.44,0,1011
2024,6,3,14,0,18.7,0.66,122,73.14,0,1012
2024,6,3,15,0,21.200000000000003,0.65,211,62.85,0,1012
2024,6,3,16,0,23.700000000000003,0.76,480,55.57,0,1013
2024,6,3,17,0,25.700000000000003,0.97,411,50.25,0,1012
2024,6,3,18,0,27.400000000000002,1.12,530,45.800000000000004,0,1012
2024,6,3,19,0,28.5,1.22,652,42.050000000000004,0,1012
2024,6,3,20,0,29.1,1.22,680,38.77,0,1011
2024,6,3,21,0,29.200000000000003,0.9,121,36.24,0,1011
2024,6,3,22,0,28.6,0.84,162,34.25,0,1011
2024,6,3,23,0,27.8,0.79,784,32.45,0,1011
2024,6,4,0,0,27.1,0.76,499,31.54,0,1011
2024,6,4,1,0,26,0.75,339,33.25,0,1011
2024,6,4,2,0,23.700000000000003,0.75,235,41.85,0,1011
2024,6,4,3,0,20.5,0.78,138,52.4,0,1012
2024,6,4,4,0,19.1,0.8,0,57.59,0,1012
2024,6,4,5,0,18.3,0.8200000000000001,0,62.61,0,1012
2024,6,4,6,0,17.7,0.8200000000000001,0,67.09,0,1012
2024,6,4,7,0,17.2,0.8200000000000001,0,70.52,0,1012
2024,6,4,8,0,16.7,0.8300000000000001,0,72.76,0,1012
2024,6,4,9,0,16.7,0.86,0,72.11,0,1012
2024,6,4,10,0,16.900000000000002,0.87,0,70.25,0,1012
2024,6,4,11,0,16.6,0.85,0,69.41,0,1012
2024,6,4,12,0,16.400000000000002,0.8300000000000001,0,67.59,0,1012
2024,6,4,13,0,18.1,0.8300000000000001,163,60.19,0,1013
2024,6,4,14,0,21.6,0.8300000000000001,565,47.910000000000004,0,1013
2024,6,4,15,0,24.700000000000003,0.84,740,41.18,0,1013
2024,6,4,16,0,28,0.8300000000000001,831,36.45,0,1013
2024,6,4,17,0,30.900000000000002,0.8,883,32.94,0,1012
2024,6,4,18,0,33.300000000000004,0.63,895,29.29,0,1012
2024,6,4,19,0,35.2,0.62,916,26.35,0,1011
2024,6,4,20,0,36.6,0.63,927,24.26,0,1010
2024,6,4,21,0,37.6,0.61,915,22.77,0,1010
2024,6,4,22,0,38,0.62,901,22.18,0,1009
2024,6,4,23,0,37.9,0.63,873,22.76,0,1009
2024,6,5,0,0,37.2,0.66,824,25.16,0,1008
2024,6,5,1,0,35.9,0.7000000000000001,743,28.87,0,1008
2024,6,5,2,0,32.1,0.73,590,44.08,0,1008
2024,6,5,3,0,28,0.75,255,51.75,0,1008
2024,6,5,4,0,26.6,0.78,0,53.910000000000004,0,1009
2024,6,5,5,0,25.400000000000002,0.81,0,57.09,0,1010
2024,6,5,6,0,24.3,0.8300000000000001,0,60.76,0,1010
2024,6,5,7,0,23.3,0.85,0,64.16,0,1010
2024,6,5,8,0,22.5,0.86,0,66.62,0,1010
2024,6,5,9,0,21.8,0.87,0,68.48,0,1010
2024,6,5,10,0,21.3,0.88,0,69.47,0,1010
2024,6,5,11,0,20.8,0.89,0,70.48,0,1009
2024,6,5,12,0,20.400000000000002,0.9,0,71.01,0,1010
2024,6,5,13,0,21.6,0.9,157,67.8,0,1010
2024,6,5,14,0,24.8,0.91,543,55.07,0,1010
2024,6,5,15,0,27.6,0.92,716,47.61,0,1010
2024,6,5,16,0,30.400000000000002,0.91,813,42.11,0,1010
2024,6,5,17,0,32.9,0.9,870,36.33,0,1010
2024,6,5,18,0,35.4,0.9500000000000001,919,29.63,0,1010
2024,6,5,19,0,37.1,0.9500000000000001,936,25.330000000000002,0,1009
2024,6,5,20,0,38.300000000000004,0.97,942,22.830000000000002,0,1009
2024,6,5,21,0,39,0.81,889,20.81,0,1008
2024,6,5,22,0,39.300000000000004,0.86,872,19.830000000000002,0,1007
2024,6,5,23,0,39,0.92,838,20.05,0,1007
2024,6,6,0,0,38.1,0.96,780,21.17,0,1007
2024,6,6,1,0,36.4,0.98,685,23.16,0,1007
2024,6,6,2,0,32.1,0.99,514,38.38,0,1007
2024,6,6,3,0,27.6,0.98,178,45.62,0,1007
2024,6,6,4,0,25.200000000000003,0.96,0,48.31,0,1008
2024,6,6,5,0,23.5,0.9400000000000001,0,52.26,0,1008
2024,6,6,6,0,22.200000000000003,0.91,0,56.04,0,1008
2024,6,6,7,0,21,0.89,0,60.120000000000005,0,1008
2024,6,6,8,0,20,0.86,0,63.660000000000004,0,1007
2024,6,6,9,0,19.1,0.85,0,66.31,0,1007
2024,6,6,10,0,18.6,0.8300000000000001,0,67.07000000000001,0,1007
2024,6,6,11,0,18.1,0.8200000000000001,0,68.3,0,1007
2024,6,6,12,0,17.6,0.81,0,69.98,0,1007
2024,6,6,13,0,18.3,0.8,112,68.82000000000001,0,1008
2024,6,6,14,0,20.6,0.8,515,58.76,0,1008
2024,6,6,15,0,23.5,0.8,708,50.52,0,1008
2024,6,6,16,0,27,0.8,814,41.2,0,1009
2024,6,6,17,0,29.900000000000002,0.8,875,35.25,0,1009
2024,6,6,18,0,32.2,0.81,916,31.1,0,1008
2024,6,6,19,0,34.1,0.78,932,27.68,0,1008
2024,6,6,20,0,35.300000000000004,0.75,939,25.3,0,1008
2024,6,6,21,0,35.800000000000004,0.73,933,24.29,0,1007
2024,6,6,22,0,35.7,0.73,912,24.04,0,1007
2024,6,6,23,0,34.800000000000004,0.72,879,24.73,0,1006
2024,6,7,0,0,33.2,0.71,817,26.79,0,1006
2024,6,7,1,0,30.8,0.72,721,30.61,0,1006
2024,6,7,2,0,27.1,0.71,552,39.800000000000004,0,1006
2024,6,7,3,0,23.1,0.71,204,49.46,0,1006
2024,6,7,4,0,20.6,0.7000000000000001,0,55.29,0,1007
2024,6,7,5,0,18.900000000000002,0.6900000000000001,0,60.27,0,1007
2024,6,7,6,0,17.6,0.68,0,64.45,0,1007
2024,6,7,7,0,16.6,0.68,0,67.68,0,1007
2024,6,7,8,0,15.700000000000001,0.66,0,70.5,0,1007
2024,6,7,9,0,14.700000000000001,0.65,0,75.17,0,1007
2024,6,7,10,0,13.8,0.64,0,80.98,0,1007
2024,6,7,11,0,13.100000000000001,0.63,0,85.82000000000001,0,1007
2024,6,7,12,0,12.700000000000001,0.63,0,88.31,0,1007
2024,6,7,13,0,13.3,0.65,97,84.84,0,1007
2024,6,7,14,0,15.700000000000001,0.67,517,72.09,0,1008
2024,6,7,15,0,18.7,0.6900000000000001,722,60.06,0,1008
2024,6,7,16,0,21.900000000000002,0.71,825,50.75,0,1008
2024,6,7,17,0,25.1,0.73,886,42.44,0,1008
2024,6,7,18,0,27.8,0.84,938,36.47,0,1008
2024,6,7,19,0,29.8,0.8300000000000001,954,32.13,0,1008
2024,6,7,20,0,30.8,0.8200000000000001,957,29.66,0,1008
2024,6,7,21,0,30.700000000000003,0.65,921,29.44,0,1007
2024,6,7,22,0,30,0.67,901,30.52,0,1007
2024,6,7,23,0,28.8,0.7000000000000001,868,32.64,0,1007
2024,6,8,0,0,26.5,0.73,813,37.38,0,1007
2024,6,8,1,0,23.5,0.76,721,45.14,0,1007
2024,6,8,2,0,20.700000000000003,0.78,560,54.08,0,1007
2024,6,8,3,0,18.8,0.78,218,61.08,0,1008
2024,6,8,4,0,17.1,0.77,0,67.82000000000001,0,1008
2024,6,8,5,0,15.600000000000001,0.76,0,74.46000000000001,0,1009
2024,6,8,6,0,14.8,0.76,0,77.9,0,1009
2024,6,8,7,0,14.4,0.76,0,79.77,0,1009
2024,6,8,8,0,14.100000000000001,0.77,0,81.42,0,1009
2024,6,8,9,0,13.600000000000001,0.77,0,84.86,0,1009
2024,6,8,10,0,13.3,0.77,0,87.47,0,1009
2024,6,8,11,0,13.200000000000001,0.78,0,88.53,0,1009
2024,6,8,12,0,13.100000000000001,0.78,0,89.46000000000001,0,1009
2024,6,8,13,0,13.5,0.79,84,87.58,0,1009
2024,6,8,14,0,15.3,0.8200000000000001,7,78.56,0,1009
2024,6,8,15,0,17.6,0.86,261,69.69,0,1010
2024,6,8,16,0,19.700000000000003,0.89,322,63.03,0,1010
2024,6,8,17,0,21.900000000000002,0.91,853,56.660000000000004,0,1010
2024,6,8,18,0,24.400000000000002,0.8,865,49.550000000000004,0,1010
2024,6,8,19,0,26.5,0.8,438,43.62,0,1009
2024,6,8,20,0,27.8,0.8,628,39.61,0,1009
2024,6,8,21,0,28.900000000000002,0.84,608,36.63,0,1009
2024,6,8,22,0,29.400000000000002,0.8300000000000001,637,35.14,0,1008
2024,6,8,23,0,29.400000000000002,0.81,642,34.230000000000004,0,1008
2024,6,9,0,0,28.5,0.79,778,35.64,0,1008
2024,6,9,1,0,26.5,0.75,683,40.65,0,1008
2024,6,9,2,0,23.200000000000003,0.71,511,50.2,0,1008
2024,6,9,3,0,19.700000000000003,0.6900000000000001,170,61.49,0,1009
2024,6,9,4,0,17.3,0.6900000000000001,0,69.52,0,1009
2024,6,9,5,0,15.700000000000001,0.7000000000000001,0,75.27,0,1009
2024,6,9,6,0,14.8,0.72,0,78.72,0,1009
2024,6,9,7,0,14.100000000000001,0.74,0,81.84,0,1009
2024,6,9,8,0,13.5,0.78,0,84.83,0,1009
2024,6,9,9,0,13,0.8,0,87.73,0,1009
2024,6,9,10,0,12.700000000000001,0.8300000000000001,0,89.60000000000001,0,1009
2024,6,9,11,0,12.600000000000001,0.87,0,90.2,0,1009
2024,6,9,12,0,12.700000000000001,0.89,0,89.71000000000001,0,1009
2024,6,9,13,0,13.100000000000001,0.92,0,87.95,0,1010
2024,6,9,14,0,14.5,0.9500000000000001,11,81.13,0,1010
2024,6,9,15,0,16.3,0.98,620,72.77,0,1011
2024,6,9,16,0,18.400000000000002,1,734,64.17,0,1011
2024,6,9,17,0,21.3,1,815,54.56,0,1011
2024,6,9,18,0,24.200000000000003,1.08,892,45.550000000000004,0,1011
2024,6,9,19,0,26.700000000000003,1.1,914,38.54,0,1011
2024,6,9,20,0,28.8,1.1,922,33.19,0,1011
2024,6,9,21,0,30.400000000000002,0.99,905,29.240000000000002,0,1010
2024,6,9,22,0,31.3,0.98,890,26.87,0,1010
2024,6,9,23,0,31.5,0.98,858,25.810000000000002,0,1009
2024,6,10,0,0,30.700000000000003,0.98,804,26.900000000000002,0,1009
2024,6,10,1,0,28.700000000000003,0.96,713,31.26,0,1009
2024,6,10,2,0,24.900000000000002,0.9400000000000001,551,41.410000000000004,0,1010
2024,6,10,3,0,20.6,0.92,217,54.26,0,1011
2024,6,10,4,0,18,0.9,0,63.9,0,1011
2024,6,10,5,0,16.400000000000002,0.9,0,71.52,0,1012
2024,6,10,6,0,15.5,0.9,0,76.45,0,1012
2024,6,10,7,0,14.8,0.91,0,80.2,0,1012
2024,6,10,8,0,14.200000000000001,0.92,0,83.23,0,1011
2024,6,10,9,0,13.600000000000001,0.93,0,86.42,0,1011
2024,6,10,10,0,13,0.93,0,89.60000000000001,0,1011
2024,6,10,11,0,12.5,0.9500000000000001,0,91.66,0,1011
2024,6,10,12,0,12.100000000000001,0.97,0,93.4,0,1012
2024,6,10,13,0,13.5,1,124,86.14,0,1012
2024,6,10,14,0,16.1,1.04,519,72.68,0,1012
2024,6,10,15,0,19.6,1.07,708,60.47,0,1012
2024,6,10,16,0,23.6,1.1,812,47.7,0,1012
2024,6,10,17,0,27.400000000000002,1.1300000000000001,873,35.77,0,1012
2024,6,10,18,0,30.5,1.3,923,28.53,0,1011
2024,6,10,19,0,33.2,1.32,944,24.54,0,1010
2024,6,10,20,0,35.4,1.33,957,20.95,0,1010
2024,6,10,21,0,36.7,0.72,905,18.2,0,1009
2024,6,10,22,0,37.300000000000004,0.71,891,17,0,1008
2024,6,10,23,0,37,0.7000000000000001,860,17.06,0,1008
2024,6,11,0,0,35.7,0.7000000000000001,805,19.330000000000002,0,1008
2024,6,11,1,0,32.9,0.71,709,24.48,0,1008
2024,6,11,2,0,28.3,0.72,536,36.12,0,1009
2024,6,11,3,0,23.700000000000003,0.73,199,47,0,1009
2024,6,11,4,0,21.1,0.73,0,54.28,0,1010
2024,6,11,5,0,19.1,0.74,0,61.31,0,1010
2024,6,11,6,0,17.5,0.76,0,67.7,0,1010
2024,6,11,7,0,16.3,0.77,0,72.76,0,1010
2024,6,11,8,0,15.5,0.78,0,76.10000000000001,0,1010
2024,6,11,9,0,14.700000000000001,0.79,0,80.39,0,1010
2024,6,11,10,0,14,0.8,0,85.09,0,1010
2024,6,11,11,0,13.600000000000001,0.8200000000000001,0,87.45,0,1010
2024,6,11,12,0,13.5,0.84,0,87.68,0,1010
2024,6,11,13,0,14.700000000000001,0.86,101,83.17,0,1011
2024,6,11,14,0,17.400000000000002,0.88,495,69.87,0,1011
2024,6,11,15,0,21.1,0.88,688,56.61,0,1011
2024,6,11,16,0,25.6,0.89,794,44.52,0,1011
2024,6,11,17,0,29.8,0.91,855,34.28,0,1011
2024,6,11,18,0,33.1,0.99,901,28.330000000000002,0,1011
2024,6,11,19,0,36.1,1.01,923,23.26,0,1010
2024,6,11,20,0,38,1.02,934,20.19,0,1009
2024,6,11,21,0,39.2,0.99,931,18.21,0,1009
2024,6,11,22,0,39.7,0.99,919,17.19,0,1008
2024,6,11,23,0,39.7,1,889,17.03,0,1007
2024,6,12,0,0,39,0.96,835,18.330000000000002,0,1007
2024,6,12,1,0,37.4,0.96,747,20.84,0,1006
2024,6,12,2,0,32.6,0.9500000000000001,591,35.89,0,1007
2024,6,12,3,0,27.6,0.93,259,43.800000000000004,0,1007
2024,6,12,4,0,24.8,0.92,0,49.300000000000004,0,1008
2024,6,12,5,0,22.8,0.92,0,55.65,0,1008
2024,6,12,6,0,21.3,0.92,0,61.76,0,1008
2024,6,12,7,0,20.1,0.92,0,67.92,0,1008
2024,6,12,8,0,19.6,0.91,0,70.95,0,1007
2024,6,12,9,0,19.5,0.91,0,72.19,0,1007
2024,6,12,10,0,19.1,0.91,0,74.31,0,1007
2024,6,12,11,0,18.8,0.91,0,74.44,0,1007
2024,6,12,12,0,18.400000000000002,0.91,0,74.78,0,1008
2024,6,12,13,0,19.5,0.91,117,70.7,0,1008
2024,6,12,14,0,21.8,0.92,507,59.69,0,1008
2024,6,12,15,0,24.3,0.9400000000000001,697,51.02,0,1009
2024,6,12,16,0,27.6,0.97,801,42.24,0,1009
2024,6,12,17,0,30.3,0.99,862,36.07,0,1009
2024,6,12,18,0,32.4,1.29,920,31.88,0,1009
2024,6,12,19,0,34.1,1.26,939,28.42,0,1009
2024,6,12,20,0,35,1.23,946,26.13,0,1009
2024,6,12,21,0,35.4,0.84,913,24.400000000000002,0,1008
2024,6,12,22,0,35,0.8,896,23.91,0,1008
2024,6,12,23,0,33.7,0.76,862,25.18,0,1008
2024,6,13,0,0,31.3,0.74,809,29.150000000000002,0,1008
2024,6,13,1,0,28.1,0.72,719,35.72,0,1008
2024,6,13,2,0,24.200000000000003,0.7000000000000001,552,45.660000000000004,0,1009
2024,6,13,3,0,20.5,0.6900000000000001,211,56.88,0,1009
2024,6,13,4,0,18.3,0.68,0,63.93,0,1009
2024,6,13,5,0,16.900000000000002,0.67,0,68.71000000000001,0,1010
2024,6,13,6,0,15.9,0.66,0,72.59,0,1010
2024,6,13,7,0,15.100000000000001,0.66,0,76.05,0,1010
2024,6,13,8,0,14.5,0.66,0,78.87,0,1010
2024,6,13,9,0,13.8,0.66,0,82.8,0,1009
2024,6,13,10,0,13.200000000000001,0.66,0,86.44,0,1009
2024,6,13,11,0,12.8,0.67,0,88.35000000000001,0,1010
2024,6,13,12,0,12.4,0.68,0,89.81,0,1010
2024,6,13,13,0,13,0.71,88,85.62,0,1010
2024,6,13,14,0,15.3,0.76,497,72.62,0,1011
2024,6,13,15,0,17.900000000000002,0.79,699,62.35,0,1011
2024,6,13,16,0,20.5,0.81,807,54.28,0,1012
2024,6,13,17,0,23.1,0.84,871,46.910000000000004,0,1012
2024,6,13,18,0,25.6,0.92,916,40.51,0,1012
2024,6,13,19,0,27.6,0.92,935,35.54,0,1012
2024,6,13,20,0,29.200000000000003,0.91,942,31.75,0,1011
2024,6,13,21,0,30.200000000000003,0.74,908,29.490000000000002,0,1011
2024,6,13,22,0,30.5,0.71,887,28.79,0,1011
2024,6,13,23,0,30,0.68,849,29.25,0,1011
2024,6,14,0,0,28.5,0.65,784,31.52,0,1011
2024,6,14,1,0,25.900000000000002,0.62,686,36.53,0,1011
2024,6,14,2,0,22.1,0.6,519,46,0,1011
2024,6,14,3,0,18.5,0.59,187,57.18,0,1012
2024,6,14,4,0,16.3,0.59,0,65.19,0,1012
2024,6,14,5,0,15,0.59,0,70.76,0,1013
2024,6,14,6,0,14.100000000000001,0.59,0,75.14,0,1013
2024,6,14,7,0,13.600000000000001,0.59,0,77.61,0,1013
2024,6,14,8,0,13.200000000000001,0.59,0,79.2,0,1013
2024,6,14,9,0,12.700000000000001,0.6,0,81.39,0,1012
2024,6,14,10,0,12,0.61,0,84.68,0,1012
2024,6,14,11,0,11.5,0.62,0,86.44,0,1013
2024,6,14,12,0,11.100000000000001,0.63,0,87.94,0,1013
2024,6,14,13,0,12.3,0.65,102,81.13,0,1013
2024,6,14,14,0,14.700000000000001,0.68,510,68.56,0,1014
2024,6,14,15,0,17.900000000000002,0.71,705,56.300000000000004,0,1014
2024,6,14,16,0,20.900000000000002,0.73,806,47.25,0,1014
2024,6,14,17,0,23.900000000000002,0.76,862,39.4,0,1014
2024,6,14,18,0,26.8,0.84,915,32.97,0,1014
2024,6,14,19,0,29.700000000000003,0.87,934,27.43,0,1014
2024,6,14,20,0,32.300000000000004,0.91,941,22.94,0,1013
2024,6,14,21,0,33.800000000000004,0.8200000000000001,927,20.27,0,1012
2024,6,14,22,0,34.2,0.81,917,18.67,0,1012
2024,6,14,23,0,33.6,0.81,892,17.66,0,1011
2024,6,15,0,0,32,0.81,852,17.23,0,1011
2024,6,15,1,0,29.5,0.84,776,18.740000000000002,0,1011
2024,6,15,2,0,25.900000000000002,0.9,609,24.990000000000002,0,1012
2024,6,15,3,0,22.400000000000002,0.9400000000000001,0,34.62,0,1012
2024,6,15,4,0,20.1,0.9400000000000001,0,44.58,0,1013
2024,6,15,5,0,18,0.92,0,54.99,0,1013
2024,6,15,6,0,16.8,0.91,0,61.870000000000005,0,1014
2024,6,15,7,0,15.600000000000001,0.91,0,67.8,0,1014
2024,6,15,8,0,14.8,0.9,0,70.05,0,1013
2024,6,15,9,0,14,0.92,0,71.78,0,1014
2024,6,15,10,0,13.200000000000001,0.9400000000000001,0,73.31,0,1014
2024,6,15,11,0,12.5,0.96,0,74.13,0,1014
2024,6,15,12,0,12.100000000000001,0.99,0,73.36,0,1014
2024,6,15,13,0,13.9,1.01,163,64.12,0,1014
2024,6,15,14,0,16.900000000000002,1.02,554,51.45,0,1014
2024,6,15,15,0,20.6,1.05,731,41.76,0,1014
2024,6,15,16,0,23.400000000000002,1.08,826,36.37,0,1014
2024,6,15,17,0,26.1,1.11,883,30.580000000000002,0,1014
2024,6,15,18,0,28.5,1.37,932,25.09,0,1014
2024,6,15,19,0,30.200000000000003,1.36,950,21.2,0,1013
2024,6,15,20,0,31.6,1.35,960,17.86,0,1012
2024,6,15,21,0,32.5,0.87,926,15.48,0,1011
2024,6,15,22,0,32.9,0.8300000000000001,913,13.85,0,1011
2024,6,15,23,0,32.800000000000004,0.81,885,12.93,0,1010
2024,6,16,0,0,32.1,0.8200000000000001,838,12.98,0,1010
2024,6,16,1,0,30.900000000000002,0.84,760,14.66,0,1010
2024,6,16,2,0,27.5,0.85,611,33.46,0,1010
2024,6,16,3,0,23.6,0.85,288,40.96,0,1010
2024,6,16,4,0,21.400000000000002,0.85,0,43.96,0,1010
2024,6,16,5,0,19.1,0.86,0,52.14,0,1010
2024,6,16,6,0,17.5,0.88,0,57.45,0,1010
2024,6,16,7,0,16.8,0.92,0,57.63,0,1010
2024,6,16,8,0,16.6,0.9500000000000001,0,54.28,0,1010
2024,6,16,9,0,16.400000000000002,0.9500000000000001,0,50.39,0,1010
2024,6,16,10,0,15.700000000000001,0.9400000000000001,0,51.18,0,1010
2024,6,16,11,0,15.200000000000001,0.9400000000000001,0,51.39,0,1010
2024,6,16,12,0,15,0.96,0,50.25,0,1010
2024,6,16,13,0,16.400000000000002,1,185,45.61,0,1010
2024,6,16,14,0,19.1,1.06,577,38.28,0,1010
2024,6,16,15,0,22,1.1,755,31.220000000000002,0,1011
2024,6,16,16,0,25,1.1,851,24.740000000000002,0,1010
2024,6,16,17,0,27.900000000000002,1.1,908,18.080000000000002,0,1010
2024,6,16,18,0,30.200000000000003,0.93,924,13.870000000000001,0,1010
2024,6,16,19,0,31.8,0.91,939,12.040000000000001,0,1009
2024,6,16,20,0,33.1,0.93,940,11.47,0,1009
2024,6,16,21,0,33.9,1.11,938,11.65,0,1008
2024,6,16,22,0,34.1,1.29,919,12.39,0,1007
2024,6,16,23,0,33.800000000000004,1.41,877,13.6,0,1006
2024,6,17,0,0,32.800000000000004,1.51,589,15.74,0,1006
2024,6,17,1,0,30.900000000000002,1.52,737,19.45,0,1006
2024,6,17,2,0,27.8,1.41,589,26.23,0,1006
2024,6,17,3,0,24.200000000000003,1.2,281,34.01,0,1006
2024,6,17,4,0,21.8,1.03,0,40.24,0,1007
2024,6,17,5,0,20.1,0.98,0,45.51,0,1008
2024,6,17,6,0,18.8,1,0,49.45,0,1008
2024,6,17,7,0,17.8,1.04,0,52.49,0,1008
2024,6,17,8,0,16.900000000000002,1.07,0,55.04,0,1008
2024,6,17,9,0,16.1,1.08,0,56.67,0,1008
2024,6,17,10,0,15.3,1.09,0,58.69,0,1009
2024,6,17,11,0,14.5,1.09,0,60.27,0,1009
2024,6,17,12,0,13.9,1.1300000000000001,0,60.08,0,1009
2024,6,17,13,0,15,1.1300000000000001,163,52.96,0,1010
2024,6,17,14,0,17.3,1.11,584,44.78,0,1011
2024,6,17,15,0,19.700000000000003,1.09,773,36.12,0,1011
2024,6,17,16,0,21.8,1.1,872,27.04,0,1012
2024,6,17,17,0,23.900000000000002,1.09,927,20.82,0,1012
2024,6,17,18,0,26,1.19,969,17.04,0,1011
2024,6,17,19,0,27.8,1.19,989,14.66,0,1011
2024,6,17,20,0,29.3,1.21,993,12.73,0,1010
2024,6,17,21,0,30.1,0.6900000000000001,935,11.57,0,1009
2024,6,17,22,0,30.5,0.77,924,10.96,0,1009
2024,6,17,23,0,30.3,0.88,892,11.11,0,1009
2024,6,18,0,0,29.6,0.96,410,11.85,0,1008
2024,6,18,1,0,28.400000000000002,1.02,754,13.74,0,1008
2024,6,18,2,0,25.400000000000002,1.11,591,22.76,0,1008
2024,6,18,3,0,20.8,1.17,274,35.03,0,1008
2024,6,18,4,0,19.3,1.2,0,37.230000000000004,0,1008
2024,6,18,5,0,18.5,1.22,0,37.99,0,1008
2024,6,18,6,0,17.6,1.28,0,39.7,0,1008
2024,6,18,7,0,16.8,1.3800000000000001,0,42.57,0,1007
2024,6,18,8,0,16.1,1.47,0,44.49,0,1007
2024,6,18,9,0,15.4,1.52,0,46.36,0,1007
2024,6,18,10,0,14.8,1.53,0,48.04,0,1007
2024,6,18,11,0,14.3,1.5,0,49.38,0,1007
2024,6,18,12,0,14,1.45,0,50.07,0,1007
2024,6,18,13,0,15.200000000000001,1.42,130,47.19,0,1008
2024,6,18,14,0,18.1,1.42,519,39.79,0,1008
2024,6,18,15,0,21.3,1.45,710,32.5,0,1009
2024,6,18,16,0,24.3,1.46,807,26.54,0,1009
2024,6,18,17,0,26.900000000000002,1.48,870,21.490000000000002,0,1009
2024,6,18,18,0,29.6,1.5,706,16.23,0,1008
2024,6,18,19,0,31.200000000000003,1.49,645,13.39,0,1008
2024,6,18,20,0,31.5,1.48,924,12.38,0,1008
2024,6,18,21,0,31.1,1.26,685,12.22,0,1007
2024,6,18,22,0,30.900000000000002,1.26,877,12.55,0,1007
2024,6,18,23,0,31.3,1.26,374,12.55,0,1007
2024,6,19,0,0,30.6,1.1400000000000001,757,13.27,0,1007
2024,6,19,1,0,28.900000000000002,1.1,664,15.67,0,1007
2024,6,19,2,0,25.3,1.1,497,24.76,0,1007
2024,6,19,3,0,20.8,1.08,0,35.03,0,1007
2024,6,19,4,0,18.8,1.05,0,39.96,0,1008
2024,6,19,5,0,17.1,1.01,0,47.68,0,1008
2024,6,19,6,0,15.4,0.98,0,58.88,0,1008
2024,6,19,7,0,14,0.96,0,71.4,0,1008
2024,6,19,8,0,12.9,0.9400000000000001,0,81.8,0,1008
2024,6,19,9,0,12.4,0.96,0,85.93,0,1008
2024,6,19,10,0,11.9,0.98,0,88.34,0,1008
2024,6,19,11,0,11.5,1.02,0,89.57000000000001,0,1008
2024,6,19,12,0,11.200000000000001,1.04,0,90.19,0,1008
2024,6,19,13,0,12.100000000000001,1.06,73,84.66,0,1009
2024,6,19,14,0,14.5,1.08,443,71.43,0,1009
2024,6,19,15,0,18,1.08,637,57.38,0,1010
2024,6,19,16,0,20.900000000000002,1.07,749,48.050000000000004,0,1010
2024,6,19,17,0,23.8,1.06,824,38.67,0,1010
2024,6,19,18,0,26.700000000000003,1.04,869,29.13,0,1010
2024,6,19,19,0,29.700000000000003,1.03,896,19.19,0,1010
2024,6,19,20,0,31.5,1.02,908,14.44,0,1009
2024,6,19,21,0,32.1,0.85,833,13.07,0,1008
2024,6,19,22,0,32.1,0.85,578,12.92,0,1008
2024,6,19,23,0,31.6,0.86,788,13.540000000000001,0,1008
2024,6,20,0,0,30.3,0.87,729,15.36,0,1008
2024,6,20,1,0,27.900000000000002,0.88,635,19.86,0,1008
2024,6,20,2,0,24,0.89,466,30.560000000000002,0,1009
2024,6,20,3,0,19.900000000000002,0.91,163,44.33,0,1009
2024,6,20,4,0,17.400000000000002,0.93,0,56.01,0,1010
2024,6,20,5,0,15.8,0.9500000000000001,0,64.96000000000001,0,1010
2024,6,20,6,0,14.5,0.98,0,72.66,0,1010
2024,6,20,7,0,13.600000000000001,1,0,78.14,0,1010
2024,6,20,8,0,12.9,1.01,0,81.71000000000001,0,1009
2024,6,20,9,0,12.3,1.02,0,84.81,0,1009
2024,6,20,10,0,11.8,1.03,0,87.45,0,1009
2024,6,20,11,0,11.5,1.05,0,88.65,0,1009
2024,6,20,12,0,11.3,1.06,0,89.25,0,1009
2024,6,20,13,0,12.3,1.08,87,83.79,0,1009
2024,6,20,14,0,15,1.08,456,69.02,0,1009
2024,6,20,15,0,18,1.09,646,56.730000000000004,0,1009
2024,6,20,16,0,20.8,1.1,753,48.38,0,1010
2024,6,20,17,0,23.700000000000003,1.1,814,40,0,1010
2024,6,20,18,0,26.200000000000003,1.11,833,33.37,0,1010
2024,6,20,19,0,28.3,1.12,858,27.71,0,1009
2024,6,20,20,0,30.200000000000003,1.1500000000000001,699,23.35,0,1009
2024,6,20,21,0,31.700000000000003,1.16,856,19.53,0,1008
2024,6,20,22,0,32.4,1.18,841,18.27,0,1007
2024,6,20,23,0,32.1,1.21,808,18.830000000000002,0,1007
2024,6,21,0,0,30.8,1.23,751,20.92,0,1007
2024,6,21,1,0,28.400000000000002,1.25,656,25.63,0,1007
2024,6,21,2,0,24.3,1.26,494,36.800000000000004,0,1007
2024,6,21,3,0,20.3,1.25,196,49.730000000000004,0,1008
2024,6,21,4,0,17.900000000000002,1.23,0,58.870000000000005,0,1008
2024,6,21,5,0,16.5,1.2,0,64.54,0,1008
2024,6,21,6,0,15.3,1.18,0,69.7,0,1008
2024,6,21,7,0,14.4,1.17,0,73.14,0,1007
2024,6,21,8,0,13.600000000000001,1.17,0,76.18,0,1007
2024,6,21,9,0,12.9,1.17,0,79.83,0,1007
2024,6,21,10,0,12.3,1.18,0,83.5,0,1007
2024,6,21,11,0,11.8,1.2,0,86.14,0,1007
2024,6,21,12,0,11.700000000000001,1.22,0,85.87,0,1007
2024,6,21,13,0,12.4,1.23,102,83.21000000000001,0,1008
2024,6,21,14,0,14.8,1.24,485,71.19,0,1008
2024,6,21,15,0,18.2,1.24,680,58.67,0,1008
2024,6,21,16,0,21.900000000000002,1.24,788,47.08,0,1008
2024,6,21,17,0,25.5,1.24,853,36.94,0,1008
2024,6,21,18,0,28.700000000000003,1.26,905,29.21,0,1008
2024,6,21,19,0,31.900000000000002,1.24,927,21.82,0,1007
2024,6,21,20,0,34,1.24,936,18.400000000000002,0,1006
2024,6,21,21,0,35.2,1.05,920,17.25,0,1006
2024,6,21,22,0,35.7,1.05,904,17,0,1005
2024,6,21,23,0,35.4,1.05,870,17.43,0,1005
2024,6,22,0,0,34.2,1.05,818,18.93,0,1005
2024,6,22,1,0,31.900000000000002,1.05,731,22.77,0,1005
2024,6,22,2,0,27.6,1.06,578,32.33,0,1005
2024,6,22,3,0,22.900000000000002,1.07,266,44.46,0,1006
2024,6,22,4,0,20.200000000000003,1.07,0,52.620000000000005,0,1006
2024,6,22,5,0,18.400000000000002,1.08,0,59.06,0,1007
2024,6,22,6,0,17.2,1.08,0,63.71,0,1007
2024,6,22,7,0,16.3,1.08,0,67.42,0,1007
2024,6,22,8,0,15.600000000000001,1.07,0,70.84,0,1007
2024,6,22,9,0,14.700000000000001,1.06,0,75.81,0,1007
2024,6,22,10,0,13.9,1.03,0,80.45,0,1007
2024,6,22,11,0,13.200000000000001,1,0,84.17,0,1007
2024,6,22,12,0,12.700000000000001,1,0,86.04,0,1007
2024,6,22,13,0,13.600000000000001,1.01,109,79.85000000000001,0,1007
2024,6,22,14,0,15.9,1.03,512,67.8,0,1008
2024,6,22,15,0,19.700000000000003,1.04,706,52,0,1008
2024,6,22,16,0,24.3,1.05,809,34.92,0,1008
2024,6,22,17,0,28.5,1.06,871,26.37,0,1008
2024,6,22,18,0,32.300000000000004,1.3900000000000001,925,20.16,0,1008
2024,6,22,19,0,36,1.41,945,15.63,0,1007
2024,6,22,20,0,38.7,1.42,954,12.620000000000001,0,1007
2024,6,22,21,0,40,1.44,952,11.370000000000001,0,1007
2024,6,22,22,0,40.400000000000006,1.42,938,10.950000000000001,0,1006
2024,6,22,23,0,40,1.3800000000000001,909,11.13,0,1006
2024,6,23,0,0,38.800000000000004,1.33,861,12.200000000000001,0,1006
2024,6,23,1,0,36.4,1.26,783,15.540000000000001,0,1006
2024,6,23,2,0,31.700000000000003,1.18,637,26.02,0,1006
2024,6,23,3,0,26.6,1.12,325,35.61,0,1007
2024,6,23,4,0,24.3,1.07,0,40.56,0,1007
2024,6,23,5,0,22.6,1.03,0,45.53,0,1008
2024,6,23,6,0,21.1,1,0,50.67,0,1008
2024,6,23,7,0,19.700000000000003,0.97,0,55.69,0,1008
2024,6,23,8,0,18.5,0.9500000000000001,0,60.28,0,1008
2024,6,23,9,0,17.5,0.92,0,64.45,0,1008
2024,6,23,10,0,16.6,0.9,0,68.58,0,1008
2024,6,23,11,0,15.8,0.89,0,72.38,0,1008
2024,6,23,12,0,15.100000000000001,0.88,0,75.72,0,1008
2024,6,23,13,0,15.700000000000001,0.87,125,72.76,0,1009
2024,6,23,14,0,18.1,0.88,536,61.910000000000004,0,1009
2024,6,23,15,0,21.900000000000002,0.87,723,48.82,0,1010
2024,6,23,16,0,26.400000000000002,0.87,823,34.24,0,1010
2024,6,23,17,0,29.700000000000003,0.87,880,26.09,0,1010
2024,6,23,18,0,32.5,1.19,927,21.42,0,1010
2024,6,23,19,0,34.7,1.11,941,18.240000000000002,0,1009
2024,6,23,20,0,36,1.02,943,16.82,0,1009
2024,6,23,21,0,36.7,1.01,937,16.03,0,1008
2024,6,23,22,0,37.1,0.9500000000000001,924,15.75,0,1007
2024,6,23,23,0,36.6,0.92,894,16.38,0,1007
2024,6,24,0,0,35.5,1.09,858,17.72,0,1007
2024,6,24,1,0,33.4,1.02,775,20.92,0,1007
2024,6,24,2,0,29.6,0.99,629,29.37,0,1007
2024,6,24,3,0,25,0.96,322,40.72,0,1008
2024,6,24,4,0,22.400000000000002,0.93,0,46.76,0,1008
2024,6,24,5,0,20.3,0.91,0,52.730000000000004,0,1008
2024,6,24,6,0,18.6,0.9,0,58.370000000000005,0,1009
2024,6,24,7,0,17.3,0.89,0,63.31,0,1009
2024,6,24,8,0,16.3,0.88,0,67.53,0,1009
2024,6,24,9,0,15.600000000000001,0.86,0,70.74,0,1009
2024,6,24,10,0,15,0.84,0,73.58,0,1009
2024,6,24,11,0,14.4,0.8200000000000001,0,76.13,0,1010
2024,6,24,12,0,13.9,0.8,0,78.02,0,1010
2024,6,24,13,0,14.700000000000001,0.79,159,73.58,0,1010
2024,6,24,14,0,17.3,0.81,586,61.64,0,1010
2024,6,24,15,0,21.3,0.8200000000000001,771,47.300000000000004,0,1011
2024,6,24,16,0,25.200000000000003,0.84,866,35.92,0,1011
2024,6,24,17,0,28.8,0.86,921,27.150000000000002,0,1011
2024,6,24,18,0,31.8,1.07,960,21.13,0,1011
2024,6,24,19,0,34.300000000000004,1.06,976,16.29,0,1010
2024,6,24,20,0,36.1,1.1,984,12.290000000000001,0,1009
2024,6,24,21,0,37,0.64,950,10.43,0,1009
2024,6,24,22,0,36.9,0.62,932,10.14,0,1008
2024,6,24,23,0,36.2,0.61,897,10.4,0,1008
2024,6,25,0,0,34.800000000000004,0.61,846,11.35,0,1008
2024,6,25,1,0,32.6,0.63,763,13.97,0,1008
2024,6,25,2,0,28.700000000000003,0.67,617,22.85,0,1009
2024,6,25,3,0,23.900000000000002,0.75,309,38.07,0,1009
2024,6,25,4,0,21.5,0.84,0,47.96,0,1009
2024,6,25,5,0,19.700000000000003,0.93,0,56.63,0,1010
2024,6,25,6,0,18.6,1,0,62.39,0,1010
2024,6,25,7,0,17.8,1.07,0,66.6,0,1010
2024,6,25,8,0,16.900000000000002,1.1300000000000001,0,71.2,0,1009
2024,6,25,9,0,16.2,1.18,0,75.12,0,1009
2024,6,25,10,0,15.5,1.21,0,79.10000000000001,0,1009
2024,6,25,11,0,15,1.22,0,82.32000000000001,0,1009
2024,6,25,12,0,14.9,1.28,0,83.06,0,1009
2024,6,25,13,0,15.600000000000001,1.31,159,79.41,0,1010
2024,6,25,14,0,17.5,1.35,23,70.51,0,1010
2024,6,25,15,0,20.8,1.36,387,57.620000000000005,0,1011
2024,6,25,16,0,24.900000000000002,1.3800000000000001,322,42.22,0,1011
2024,6,25,17,0,28.5,1.41,883,32.76,0,1011
2024,6,25,18,0,32.5,1.61,927,22.16,0,1011
2024,6,25,19,0,36.2,1.59,429,12.66,0,1010
2024,6,25,20,0,37.7,1.5,457,10.36,0,1010
2024,6,25,21,0,37.9,1.35,426,10.06,0,1009
2024,6,25,22,0,36.9,1.27,320,10.66,0,1009
2024,6,25,23,0,35.5,1.21,0,11.51,0,1009
2024,6,26,0,0,33.7,0.78,170,12.82,0,1009
2024,6,26,1,0,31.6,0.81,32,15.14,0,1010
2024,6,26,2,0,28.6,0.84,98,21.02,0,1010
2024,6,26,3,0,25,0.88,38,31.25,0,1011
2024,6,26,4,0,23.1,0.91,0,37.78,0,1011
2024,6,26,5,0,21.700000000000003,0.9500000000000001,0,43.56,0,1012
2024,6,26,6,0,20.6,1,0,47.82,0,1012
2024,6,26,7,0,19.700000000000003,1.05,0,51.28,0,1012
2024,6,26,8,0,18.900000000000002,1.1,0,54.21,0,1012
2024,6,26,9,0,18.2,1.1500000000000001,0,57.27,0,1012
2024,6,26,10,0,17.5,1.2,0,61.03,0,1012
2024,6,26,11,0,16.7,1.23,0,65.47,0,1012
2024,6,26,12,0,16,1.26,0,69.32000000000001,0,1012
2024,6,26,13,0,16,1.27,149,69.87,0,1013
2024,6,26,14,0,18.1,1.26,115,60.86,0,1013
2024,6,26,15,0,21.3,1.24,192,48.21,0,1013
2024,6,26,16,0,24.5,1.21,822,38.07,0,1013
2024,6,26,17,0,27.400000000000002,1.19,877,30.66,0,1013
2024,6,26,18,0,29.8,1.07,907,24.96,0,1013
2024,6,26,19,0,31.5,1.04,924,21.41,0,1012
2024,6,26,20,0,32.300000000000004,1.04,934,19.85,0,1012
2024,6,26,21,0,32.2,0.89,919,19.82,0,1011
2024,6,26,22,0,31.8,0.88,906,20.02,0,1011
2024,6,26,23,0,31.200000000000003,0.88,888,20.35,0,1011
2024,6,27,0,0,30.200000000000003,0.9,854,21.240000000000002,0,1011
2024,6,27,1,0,28.6,0.92,786,23.55,0,1010
2024,6,27,2,0,25.900000000000002,0.92,655,29.96,0,1011
2024,6,27,3,0,22.1,0.89,360,42.29,0,1011
2024,6,27,4,0,19.700000000000003,0.87,0,51.95,0,1011
2024,6,27,5,0,17.900000000000002,0.85,0,60.76,0,1012
2024,6,27,6,0,16.8,0.86,0,66.32000000000001,0,1012
2024,6,27,7,0,16,0.87,0,69.98,0,1012
2024,6,27,8,0,15.4,0.89,0,72.07000000000001,0,1011
2024,6,27,9,0,15,0.9,0,72.94,0,1011
2024,6,27,10,0,14.5,0.92,0,73.99,0,1011
2024,6,27,11,0,14.100000000000001,0.93,0,74.17,0,1011
2024,6,27,12,0,13.600000000000001,0.9500000000000001,0,75.26,0,1011
2024,6,27,13,0,14.700000000000001,0.97,149,69.63,0,1011
2024,6,27,14,0,17.2,1.01,566,58.6,0,1011
2024,6,27,15,0,20.6,1.05,749,47.63,0,1011
2024,6,27,16,0,24.200000000000003,1.09,845,36.46,0,1011
2024,6,27,17,0,26.8,1.12,900,30.96,0,1011
2024,6,27,18,0,29.400000000000002,1.42,944,25.900000000000002,0,1011
2024,6,27,19,0,32,1.41,960,20.62,0,1010
2024,6,27,20,0,33.800000000000004,1.41,965,17.09,0,1009
2024,6,27,21,0,35,0.8300000000000001,924,14.75,0,1008
2024,6,27,22,0,35.4,0.85,907,13.6,0,1008
2024,6,27,23,0,35.1,0.85,877,13.34,0,1007
2024,6,28,0,0,34.1,0.84,827,14.08,0,1007
2024,6,28,1,0,32.2,0.8200000000000001,745,16.37,0,1007
2024,6,28,2,0,28.400000000000002,0.79,595,24.84,0,1007
2024,6,28,3,0,23.400000000000002,0.76,278,37.300000000000004,0,1007
2024,6,28,4,0,20.3,0.74,0,48.09,0,1008
2024,6,28,5,0,18.400000000000002,0.73,0,56.4,0,1008
2024,6,28,6,0,16.8,0.73,0,64.53,0,1008
2024,6,28,7,0,15.600000000000001,0.72,0,71.62,0,1008
2024,6,28,8,0,14.8,0.72,0,76.27,0,1007
2024,6,28,9,0,14.4,0.73,0,78.53,0,1007
2024,6,28,10,0,14.200000000000001,0.74,0,79.21000000000001,0,1007
2024,6,28,11,0,13.9,0.76,0,78.81,0,1007
2024,6,28,12,0,14.200000000000001,0.78,0,74.04,0,1008
2024,6,28,13,0,16.3,0.8,103,65.44,0,1008
2024,6,28,14,0,20.200000000000003,0.8300000000000001,521,46.480000000000004,0,1008
2024,6,28,15,0,23.5,0.85,713,36.26,0,1008
2024,6,28,16,0,27.400000000000002,0.88,813,26.23,0,1008
2024,6,28,17,0,31.3,0.89,874,18.55,0,1008
2024,6,28,18,0,33.7,0.91,911,15.620000000000001,0,1007
2024,6,28,19,0,35.6,0.91,932,13.72,0,1007
2024,6,28,20,0,36.9,0.91,939,12.620000000000001,0,1006
2024,6,28,21,0,37.800000000000004,0.91,935,11.92,0,1005
2024,6,28,22,0,38.1,0.92,917,11.75,0,1005
2024,6,28,23,0,37.6,0.92,888,12.290000000000001,0,1005
2024,6,29,0,0,36.4,0.9,834,13.55,0,1004
2024,6,29,1,0,34.300000000000004,0.89,752,15.94,0,1005
2024,6,29,2,0,30.400000000000002,0.87,604,22.66,0,1005
2024,6,29,3,0,25.8,0.85,294,31.34,0,1006
2024,6,29,4,0,23.400000000000002,0.8300000000000001,0,36.51,0,1006
2024,6,29,5,0,21.700000000000003,0.8200000000000001,0,42.01,0,1006
2024,6,29,6,0,20,0.81,0,49.5,0,1006
2024,6,29,7,0,18.400000000000002,0.81,0,58.120000000000005,0,1007
2024,6,29,8,0,17.1,0.81,0,65.76,0,1007
2024,6,29,9,0,16.2,0.8,0,70.99,0,1007
2024,6,29,10,0,15.5,0.81,0,74.84,0,1007
2024,6,29,11,0,14.9,0.81,0,77.91,0,1007
2024,6,29,12,0,14.5,0.8200000000000001,0,79.86,0,1008
2024,6,29,13,0,15.4,0.84,126,74.98,0,1008
2024,6,29,14,0,18.1,0.87,547,61.93,0,1009
2024,6,29,15,0,21.900000000000002,0.89,730,46.910000000000004,0,1009
2024,6,29,16,0,25.400000000000002,0.91,826,37.12,0,1010
2024,6,29,17,0,29.1,0.93,880,28.41,0,1010
2024,6,29,18,0,32.800000000000004,1.11,924,19.41,0,1010
2024,6,29,19,0,35.800000000000004,1.11,945,13.63,0,1009
2024,6,29,20,0,37.1,1.12,951,12.32,0,1009
2024,6,29,21,0,37.7,0.5700000000000001,899,12.38,0,1009
2024,6,29,22,0,37.5,0.59,881,13.290000000000001,0,1008
2024,6,29,23,0,36.7,0.61,845,14.89,0,1008
2024,6,30,0,0,35.4,0.64,785,17.240000000000002,0,1008
2024,6,30,1,0,33.9,0.66,690,20.04,0,1008
2024,6,30,2,0,30.900000000000002,0.68,527,27.59,0,1009
2024,6,30,3,0,26.8,0.7000000000000001,207,38.57,0,1009
2024,6,30,4,0,24.8,0.73,0,44.15,0,1010
2024,6,30,5,0,23.700000000000003,0.78,0,47.61,0,1010
2024,6,30,6,0,23.1,0.8300000000000001,0,50.13,0,1010
2024,6,30,7,0,22.8,0.88,0,51.25,0,1010
2024,6,30,8,0,22.1,0.93,0,52.43,0,1010
2024,6,30,9,0,21.700000000000003,0.96,0,52.77,0,1010
2024,6,30,10,0,21.5,1,0,52.620000000000005,0,1011
2024,6,30,11,0,21.3,1.09,0,52.79,0,1011
2024,6,30,12,0,21,1.19,0,53.68,0,1011
2024,6,30,13,0,22.400000000000002,1.27,110,51.63,0,1012
2024,6,30,14,0,25.900000000000002,1.32,503,41.39,0,1012
2024,6,30,15,0,28.3,1.3800000000000001,689,36.4,0,1012
2024,6,30,16,0,30.700000000000003,1.42,791,32.28,0,1013
2024,6,30,17,0,33.1,1.43,858,27.650000000000002,0,1012
2024,6,30,18,0,35.300000000000004,1.57,908,23.47,0,1012
2024,6,30,19,0,37,1.55,930,20.19,0,1012
2024,6,30,20,0,38.1,1.54,941,17.86,0,1011
2024,6,30,21,0,38.7,1.32,936,16.23,0,1010
2024,6,30,22,0,38.800000000000004,1.28,923,15.43,0,1010
2024,6,30,23,0,38.5,1.26,900,15.07,0,1010
2024,7,1,0,0,37.6,1.09,830,15.370000000000001,0,1010
2024,7,1,1,0,36.1,1.09,754,16.72,0,1010
2024,7,1,2,0,32.800000000000004,1.08,613,24.09,0,1010
2024,7,1,3,0,28,1.07,311,32.69,0,1010
2024,7,1,4,0,25.200000000000003,1.08,0,39.38,0,1011
2024,7,1,5,0,23.3,1.1300000000000001,0,45.550000000000004,0,1011
2024,7,1,6,0,21.8,1.17,0,50.94,0,1011
2024,7,1,7,0,20.6,1.21,0,55.56,0,1011
2024,7,1,8,0,19.8,1.25,0,58.74,0,1011
2024,7,1,9,0,19.5,1.31,0,59.660000000000004,0,1011
2024,7,1,10,0,19.5,1.36,0,58.11,0,1011
2024,7,1,11,0,19.6,1.3900000000000001,0,55.75,0,1011
2024,7,1,12,0,19.700000000000003,1.42,0,53.910000000000004,0,1011
2024,7,1,13,0,21.400000000000002,1.44,154,51.13,0,1011
2024,7,1,14,0,25.5,1.48,560,39.84,0,1011
2024,7,1,15,0,28.200000000000003,1.51,741,32.3,0,1011
2024,7,1,16,0,30.900000000000002,1.52,837,27.97,0,1011
2024,7,1,17,0,34,1.53,893,23.16,0,1011
2024,7,1,18,0,36.9,1.51,927,18.13,0,1011
2024,7,1,19,0,38.800000000000004,1.51,948,15.07,0,1010
2024,7,1,20,0,40,1.49,959,13.25,0,1009
2024,7,1,21,0,40.7,1.18,949,12.17,0,1009
2024,7,1,22,0,40.800000000000004,1.19,936,11.620000000000001,0,1008
2024,7,1,23,0,40.5,1.23,913,11.43,0,1007
2024,7,2,0,0,39.7,1.29,868,11.790000000000001,0,1007
2024,7,2,1,0,38.400000000000006,1.34,797,13.540000000000001,0,1007
2024,7,2,2,0,34.5,1.3900000000000001,661,27.39,0,1007
2024,7,2,3,0,29.900000000000002,1.44,366,32.87,0,1007
2024,7,2,4,0,27.8,1.49,0,34.910000000000004,0,1007
2024,7,2,5,0,26.700000000000003,1.52,0,35.92,0,1008
2024,7,2,6,0,26,1.54,0,35.31,0,1007
2024,7,2,7,0,25.5,1.57,0,33.8,0,1007
2024,7,2,8,0,24.6,1.57,0,34.88,0,1007
2024,7,2,9,0,23.700000000000003,1.54,0,36.78,0,1007
2024,7,2,10,0,23.1,1.5,0,37.07,0,1007
2024,7,2,11,0,22.700000000000003,1.43,0,37.22,0,1007
2024,7,2,12,0,22.200000000000003,1.37,0,38.58,0,1008
2024,7,2,13,0,23.200000000000003,1.33,138,37.37,0,1008
2024,7,2,14,0,26,1.3,554,31.92,0,1008
2024,7,2,15,0,29.6,1.28,739,25.62,0,1009
2024,7,2,16,0,33,1.27,843,20.51,0,1009
2024,7,2,17,0,36.2,1.26,903,16.52,0,1009
2024,7,2,18,0,39.2,1.47,944,13.15,0,1008
2024,7,2,19,0,41.400000000000006,1.55,967,10.76,0,1008
2024,7,2,20,0,42.7,1.6500000000000001,973,9.3,0,1007
2024,7,2,21,0,43.400000000000006,1.07,950,8.3,0,1006
2024,7,2,22,0,43.7,1.25,934,7.69,0,1006
2024,7,2,23,0,43.400000000000006,1.42,903,7.48,0,1005
2024,7,3,0,0,42.6,1.52,849,7.8,0,1005
2024,7,3,1,0,40.900000000000006,1.57,763,10.040000000000001,0,1005
2024,7,3,2,0,36.4,1.58,620,23.66,0,1005
2024,7,3,3,0,32.300000000000004,1.55,326,24.810000000000002,0,1006
2024,7,3,4,0,29.8,1.49,0,27.93,0,1006
2024,7,3,5,0,28.3,1.44,0,30.55,0,1007
2024,7,3,6,0,26.900000000000002,1.43,0,33.31,0,1007
2024,7,3,7,0,26.200000000000003,1.46,0,33.38,0,1007
2024,7,3,8,0,25.700000000000003,1.53,0,32.99,0,1007
2024,7,3,9,0,25,1.58,0,34.01,0,1007
2024,7,3,10,0,24.200000000000003,1.61,0,33.94,0,1007
2024,7,3,11,0,23.6,1.62,0,33.12,0,1007
2024,7,3,12,0,23.1,1.61,0,33.24,0,1008
2024,7,3,13,0,23.900000000000002,1.59,155,32.14,0,1008
2024,7,3,14,0,26.700000000000003,1.6,573,27.560000000000002,0,1009
2024,7,3,15,0,30.1,1.6,755,22.84,0,1009
2024,7,3,16,0,33.1,1.6,851,19.37,0,1010
2024,7,3,17,0,36.1,1.6,907,16.240000000000002,0,1010
2024,7,3,18,0,38.800000000000004,1.52,938,13.6,0,1010
2024,7,3,19,0,41.400000000000006,1.5,957,11.13,0,1009
2024,7,3,20,0,43.300000000000004,1.49,965,9.290000000000001,0,1009
2024,7,3,21,0,44.300000000000004,1.26,958,8.23,0,1008
2024,7,3,22,0,44.7,1.26,945,7.61,0,1008
2024,7,3,23,0,44.5,1.25,917,7.41,0,1008
2024,7,4,0,0,43.7,1.25,870,7.74,0,1007
2024,7,4,1,0,42,1.27,791,9.71,0,1008
2024,7,4,2,0,37.300000000000004,1.28,643,19.14,0,1008
2024,7,4,3,0,32.4,1.27,331,24.01,0,1008
2024,7,4,4,0,29.900000000000002,1.26,0,27.05,0,1009
2024,7,4,5,0,27.900000000000002,1.26,0,31.03,0,1010
2024,7,4,6,0,26.5,1.26,0,34.300000000000004,0,1010
2024,7,4,7,0,25.400000000000002,1.27,0,37.35,0,1010
2024,7,4,8,0,24.200000000000003,1.27,0,41.15,0,1010
2024,7,4,9,0,23,1.27,0,45.39,0,1010
2024,7,4,10,0,22,1.27,0,49.300000000000004,0,1010
2024,7,4,11,0,21.200000000000003,1.27,0,52.730000000000004,0,1011
2024,7,4,12,0,20.6,1.27,0,55.22,0,1011
2024,7,4,13,0,21.200000000000003,1.28,107,54.22,0,1012
2024,7,4,14,0,24.1,1.29,526,45.04,0,1012
2024,7,4,15,0,28,1.3,715,34.46,0,1012
2024,7,4,16,0,31.6,1.31,817,27.19,0,1013
2024,7,4,17,0,35,1.32,875,21.57,0,1013
2024,7,4,18,0,38.2,1.67,925,17.18,0,1013
2024,7,4,19,0,41.2,1.6600000000000001,942,12.870000000000001,0,1012
2024,7,4,20,0,42.7,1.6500000000000001,951,11.200000000000001,0,1012
2024,7,4,21,0,43.2,1.23,939,10.58,0,1011
2024,7,4,22,0,42.800000000000004,1.21,925,10.57,0,1011
2024,7,4,23,0,41.7,1.2,904,10.86,0,1011
2024,7,5,0,0,39.900000000000006,1.19,860,11.59,0,1011
2024,7,5,1,0,37.4,1.18,789,13.040000000000001,0,1011
2024,7,5,2,0,33.7,1.18,650,16.87,0,1012
2024,7,5,3,0,29.1,1.19,347,23.67,0,1012
2024,7,5,4,0,26.400000000000002,1.2,0,30.01,0,1012
2024,7,5,5,0,24.1,1.21,0,37.22,0,1013
2024,7,5,6,0,22.3,1.23,0,43.65,0,1013
2024,7,5,7,0,21,1.26,0,48.81,0,1013
2024,7,5,8,0,20.200000000000003,1.28,0,51.82,0,1013
2024,7,5,9,0,19.6,1.3,0,53.82,0,1012
2024,7,5,10,0,18.900000000000002,1.32,0,56.71,0,1012
2024,7,5,11,0,18.3,1.33,0,59.46,0,1012
2024,7,5,12,0,17.900000000000002,1.35,0,61.34,0,1012
2024,7,5,13,0,18.900000000000002,1.36,127,58.15,0,1012
2024,7,5,14,0,21.8,1.37,554,47.800000000000004,0,1012
2024,7,5,15,0,25.700000000000003,1.3800000000000001,738,37.9,0,1013
2024,7,5,16,0,30.700000000000003,1.3800000000000001,833,27.150000000000002,0,1012
2024,7,5,17,0,35,1.3800000000000001,891,19.97,0,1012
2024,7,5,18,0,38.900000000000006,1.5,932,14.370000000000001,0,1012
2024,7,5,19,0,42.400000000000006,1.5,953,10.13,0,1011
2024,7,5,20,0,44.5,1.48,961,8.34,0,1010
2024,7,5,21,0,45.7,1.19,948,7.640000000000001,0,1009
2024,7,5,22,0,46.300000000000004,1.2,933,7.63,0,1008
2024,7,5,23,0,46.1,1.22,907,8.02,0,1007
2024,7,6,0,0,45.1,1.16,849,8.97,0,1007
2024,7,6,1,0,42.900000000000006,1.17,764,11.32,0,1007
2024,7,6,2,0,37.800000000000004,1.19,612,18.95,0,1007
2024,7,6,3,0,32.2,1.22,299,26.94,0,1008
2024,7,6,4,0,28.8,1.26,0,33.56,0,1008
2024,7,6,5,0,26.6,1.29,0,39.26,0,1009
2024,7,6,6,0,24.6,1.33,0,46.01,0,1009
2024,7,6,7,0,23.1,1.36,0,51.75,0,1009
2024,7,6,8,0,22.200000000000003,1.3900000000000001,0,55.29,0,1009
2024,7,6,9,0,21.6,1.43,0,57.26,0,1009
2024,7,6,10,0,21.200000000000003,1.45,0,58.33,0,1009
2024,7,6,11,0,20.700000000000003,1.47,0,59.77,0,1009
2024,7,6,12,0,20.200000000000003,1.48,0,61.08,0,1009
2024,7,6,13,0,21.1,1.49,87,57.410000000000004,0,1009
2024,7,6,14,0,23.400000000000002,1.49,488,49.52,0,1009
2024,7,6,15,0,26.900000000000002,1.49,684,40.58,0,1010
2024,7,6,16,0,31.700000000000003,1.5,789,29.71,0,1010
2024,7,6,17,0,36.2,1.51,851,21.56,0,1009
2024,7,6,18,0,40.300000000000004,1.56,899,15.780000000000001,0,1009
2024,7,6,19,0,44,1.56,921,11.67,0,1008
2024,7,6,20,0,46.2,1.56,932,9.56,0,1008
2024,7,6,21,0,47.2,1.42,910,8.74,0,1007
2024,7,6,22,0,47.300000000000004,1.42,895,8.620000000000001,0,1006
2024,7,6,23,0,46.400000000000006,1.43,864,9.13,0,1006
2024,7,7,0,0,44.7,1.44,812,10.32,0,1006
2024,7,7,1,0,41.800000000000004,1.45,725,12.81,0,1007
2024,7,7,2,0,37,1.45,575,18.68,0,1007
2024,7,7,3,0,32,1.46,270,25.29,0,1007
2024,7,7,4,0,29,1.46,0,29.5,0,1007
2024,7,7,5,0,26.700000000000003,1.46,0,33.92,0,1008
2024,7,7,6,0,24.8,1.45,0,38.730000000000004,0,1008
2024,7,7,7,0,23.3,1.44,0,43.03,0,1008
2024,7,7,8,0,22,1.44,0,46.61,0,1008
2024,7,7,9,0,21,1.43,0,50.38,0,1007
2024,7,7,10,0,20,1.43,0,55.49,0,1008
2024,7,7,11,0,19.1,1.43,0,60.300000000000004,0,1008
2024,7,7,12,0,18.5,1.42,0,63.75,0,1008
2024,7,7,13,0,19,1.42,84,62.4,0,1009
2024,7,7,14,0,21.6,1.42,499,52.77,0,1009
2024,7,7,15,0,25.6,1.43,698,41.81,0,1010
2024,7,7,16,0,29.8,1.44,803,32.22,0,1010
2024,7,7,17,0,33.2,1.45,861,26.310000000000002,0,1010
2024,7,7,18,0,36.1,1.47,907,22.04,0,1010
2024,7,7,19,0,38.300000000000004,1.48,927,19.25,0,1010
2024,7,7,20,0,39.7,1.48,935,17.52,0,1010
2024,7,7,21,0,40.2,1.46,907,16.26,0,1009
2024,7,7,22,0,39.7,1.45,891,15.620000000000001,0,1009
2024,7,7,23,0,38.6,1.45,863,15.26,0,1009
2024,7,8,0,0,36.300000000000004,1.45,800,16.830000000000002,0,1008
2024,7,8,1,0,33.2,1.46,712,20.68,0,1008
2024,7,8,2,0,29.900000000000002,1.47,557,25.830000000000002,0,1008
2024,7,8,3,0,26.400000000000002,1.47,252,32.83,0,1008
2024,7,8,4,0,24,1.47,0,38.78,0,1008
2024,7,8,5,0,22.3,1.46,0,43.93,0,1009
2024,7,8,6,0,21.1,1.46,0,48.050000000000004,0,1009
2024,7,8,7,0,20.1,1.45,0,51.57,0,1009
2024,7,8,8,0,19.3,1.44,0,54.410000000000004,0,1008
2024,7,8,9,0,18.3,1.42,0,60.25,0,1008
2024,7,8,10,0,17.3,1.4000000000000001,0,67.8,0,1008
2024,7,8,11,0,16.5,1.37,0,73.91,0,1008
2024,7,8,12,0,16,1.37,0,77.9,0,1008
2024,7,8,13,0,16.400000000000002,1.3800000000000001,70,76.71000000000001,0,1008
2024,7,8,14,0,18.900000000000002,1.41,492,64.37,0,1009
2024,7,8,15,0,22.200000000000003,1.43,700,50.29,0,1009
2024,7,8,16,0,25.6,1.45,812,39.19,0,1009
2024,7,8,17,0,29,1.46,879,30.25,0,1009
2024,7,8,18,0,32.5,1.49,930,23,0,1009
2024,7,8,19,0,35.300000000000004,1.48,951,18.11,0,1008
2024,7,8,20,0,37.1,1.47,959,15.280000000000001,0,1007
2024,7,8,21,0,37.7,1.45,943,14.530000000000001,0,1007
2024,7,8,22,0,37.1,1.49,924,15.65,0,1007
2024,7,8,23,0,35.7,1.51,892,17.28,0,1006
2024,7,9,0,0,33.9,1.51,841,19.330000000000002,0,1006
2024,7,9,1,0,31.6,1.5,758,22.96,0,1006
2024,7,9,2,0,28.5,1.48,609,29.92,0,1007
2024,7,9,3,0,24.8,1.46,295,40.07,0,1007
2024,7,9,4,0,22.3,1.44,0,48.59,0,1007
2024,7,9,5,0,20.700000000000003,1.44,0,54.410000000000004,0,1007
2024,7,9,6,0,19.6,1.45,0,58.63,0,1008
2024,7,9,7,0,18.6,1.48,0,62.34,0,1007
2024,7,9,8,0,17.7,1.5,0,65.47,0,1007
2024,7,9,9,0,16.8,1.52,0,70.63,0,1007
2024,7,9,10,0,16,1.51,0,77.32000000000001,0,1007
2024,7,9,11,0,15.5,1.5,0,82.24,0,1008
2024,7,9,12,0,15.100000000000001,1.52,0,85.59,0,1008
2024,7,9,13,0,15.600000000000001,1.54,109,83.58,0,1009
2024,7,9,14,0,18,1.57,549,72.87,0,1009
2024,7,9,15,0,21.8,1.58,747,58.28,0,1009
2024,7,9,16,0,25.200000000000003,1.58,848,47.28,0,1010
2024,7,9,17,0,28.400000000000002,1.58,907,38.4,0,1010
2024,7,9,18,0,31.5,1.6,942,30.48,0,1009
2024,7,9,19,0,34,1.59,960,24.93,0,1009
2024,7,9,20,0,35.800000000000004,1.58,969,20.900000000000002,0,1008
2024,7,9,21,0,36.300000000000004,1.6,894,19.240000000000002,0,1008
2024,7,9,22,0,35.6,1.6500000000000001,873,19.52,0,1008
2024,7,9,23,0,34.1,1.69,841,20.66,0,1008
2024,7,10,0,0,32.2,1.71,786,22.72,0,1008
2024,7,10,1,0,29.700000000000003,1.72,701,26.650000000000002,0,1008
2024,7,10,2,0,26.400000000000002,1.72,545,34.06,0,1008
2024,7,10,3,0,23,1.71,241,43.94,0,1009
2024,7,10,4,0,20.900000000000002,1.7,0,51.89,0,1009
2024,7,10,5,0,19.400000000000002,1.68,0,58.34,0,1009
2024,7,10,6,0,18.400000000000002,1.67,0,62.92,0,1009
2024,7,10,7,0,17.7,1.6600000000000001,0,66.29,0,1009
2024,7,10,8,0,17.1,1.6600000000000001,0,69.2,0,1009
2024,7,10,9,0,16.400000000000002,1.6500000000000001,0,73.57000000000001,0,1009
2024,7,10,10,0,15.700000000000001,1.6500000000000001,0,78.47,0,1009
2024,7,10,11,0,15.100000000000001,1.6400000000000001,0,82.08,0,1009
2024,7,10,12,0,14.600000000000001,1.6400000000000001,0,84.78,0,1009
2024,7,10,13,0,15.700000000000001,1.6600000000000001,0,78.78,0,1010
2024,7,10,14,0,18.5,1.67,471,65.14,0,1010
2024,7,10,15,0,22.5,1.69,680,50.14,0,1011
2024,7,10,16,0,27.200000000000003,1.7,792,35.7,0,1011
2024,7,10,17,0,31.6,1.71,858,24.82,0,1011
2024,7,10,18,0,35.9,1.8800000000000001,946,15.1,0,1010
2024,7,10,19,0,39.2,1.8900000000000001,971,10.15,0,1010
2024,7,10,20,0,42.6,1.8800000000000001,979,6.96,0,1009
2024,7,10,21,0,44.300000000000004,1.51,958,6.0200000000000005,0,1008
2024,7,10,22,0,44.6,1.52,938,6.2,0,1008
2024,7,10,23,0,44.2,1.53,908,6.63,0,1007
2024,7,11,0,0,43,1.43,837,7.51,0,1007
2024,7,11,1,0,40.7,1.44,743,9.6,0,1007
2024,7,11,2,0,35.7,1.44,582,16.14,0,1008
2024,7,11,3,0,30.400000000000002,1.44,258,24.990000000000002,0,1008
2024,7,11,4,0,27.8,1.43,0,31.13,0,1008
2024,7,11,5,0,26,1.42,0,35.93,0,1008
2024,7,11,6,0,24.6,1.41,0,39.92,0,1009
2024,7,11,7,0,23.3,1.4000000000000001,0,43.550000000000004,0,1009
2024,7,11,8,0,22.3,1.3900000000000001,0,46.14,0,1009
2024,7,11,9,0,21.3,1.3900000000000001,0,48.92,0,1009
2024,7,11,10,0,20.400000000000002,1.4000000000000001,0,51.97,0,1008
2024,7,11,11,0,19.6,1.41,0,55.2,0,1009
2024,7,11,12,0,18.900000000000002,1.44,0,58.410000000000004,0,1009
2024,7,11,13,0,19.6,1.46,0,56.77,0,1009
2024,7,11,14,0,22.1,1.49,487,49.27,0,1010
2024,7,11,15,0,25.8,1.53,693,40.01,0,1010
2024,7,11,16,0,30.6,1.58,796,29.59,0,1010
2024,7,11,17,0,35.1,1.6400000000000001,853,21.72,0,1010
2024,7,11,18,0,39.2,1.81,898,15.22,0,1010
2024,7,11,19,0,43.1,1.84,913,8.63,0,1009
2024,7,11,20,0,45.1,1.85,916,6.8,0,1008
2024,7,11,21,0,45.900000000000006,1.74,896,6.74,0,1007
2024,7,11,22,0,46,1.74,875,6.99,0,1007
2024,7,11,23,0,45.300000000000004,1.74,843,7.51,0,1006
2024,7,12,0,0,44,1.75,790,8.290000000000001,0,1006
2024,7,12,1,0,41.800000000000004,1.76,698,9.67,0,1006
2024,7,12,2,0,37.4,1.77,538,13.88,0,1007
2024,7,12,3,0,32.4,1.77,230,18.75,0,1007
2024,7,12,4,0,30.400000000000002,1.77,0,20.76,0,1007
2024,7,12,5,0,28.6,1.77,0,23.6,0,1008
2024,7,12,6,0,27.1,1.78,0,26.94,0,1008
2024,7,12,7,0,25.900000000000002,1.78,0,30.25,0,1008
2024,7,12,8,0,24.8,1.78,0,33.79,0,1008
2024,7,12,9,0,23.900000000000002,1.79,0,37.01,0,1008
2024,7,12,10,0,23.1,1.79,0,39.88,0,1007
2024,7,12,11,0,22.5,1.8,0,42.06,0,1007
2024,7,12,12,0,22,1.81,0,43.68,0,1007
2024,7,12,13,0,22.6,1.82,0,42.410000000000004,0,1008
2024,7,12,14,0,25.1,1.82,427,36.19,0,1008
2024,7,12,15,0,28.5,1.83,630,29.78,0,1008
2024,7,12,16,0,32.800000000000004,1.85,737,23.45,0,1008
2024,7,12,17,0,37.1,1.87,792,16.94,0,1008
2024,7,12,18,0,41.2,1.92,837,11.69,0,1008
2024,7,12,19,0,44.1,1.92,854,9.200000000000001,0,1007
2024,7,12,20,0,45.2,1.92,855,8.68,0,1007
2024,7,12,21,0,45.300000000000004,1.92,825,8.700000000000001,0,1007
2024,7,12,22,0,44.6,1.92,803,9.01,0,1006
2024,7,12,23,0,43.2,1.9100000000000001,761,9.620000000000001,0,1006
2024,7,13,0,0,41.2,1.72,742,10.57,0,1006
2024,7,13,1,0,38.1,1.73,638,12.59,0,1006
2024,7,13,2,0,33.800000000000004,1.74,469,16.64,0,1007
2024,7,13,3,0,29.400000000000002,1.74,172,21.93,0,1007
2024,7,13,4,0,27,1.74,0,25.29,0,1007
2024,7,13,5,0,25.400000000000002,1.72,0,28.47,0,1007
2024,7,13,6,0,24.200000000000003,1.71,0,31.92,0,1007
2024,7,13,7,0,23.200000000000003,1.69,0,35.15,0,1007
2024,7,13,8,0,22.1,1.68,0,38.46,0,1007
2024,7,13,9,0,21,1.67,0,42.89,0,1007
2024,7,13,10,0,19.6,1.6500000000000001,0,50.15,0,1007
2024,7,13,11,0,18.7,1.6300000000000001,0,56.58,0,1008
2024,7,13,12,0,18,1.61,0,61.79,0,1009
2024,7,13,13,0,18.400000000000002,1.56,0,61.81,0,1010
2024,7,13,14,0,20.1,1.59,249,54.910000000000004,0,1011
2024,7,13,15,0,22.200000000000003,1.67,156,45.97,0,1011
2024,7,13,16,0,24.5,1.73,90,37.97,0,1010
2024,7,13,17,0,28.1,1.8,145,29.69,0,1010
2024,7,13,18,0,32,1.8,298,23.14,0,1011
2024,7,13,19,0,34.800000000000004,1.81,110,19.53,0,1011
2024,7,13,20,0,36.9,1.82,354,17.1,0,1010
2024,7,13,21,0,37.800000000000004,1.83,291,16.02,0,1010
2024,7,13,22,0,36.5,1.81,750,16.84,0,1010
2024,7,13,23,0,34.7,1.79,721,17.82,0,1010
2024,7,14,0,0,33.5,1.79,676,18.22,0,1009
2024,7,14,1,0,31.8,1.79,143,19.57,0,1010
2024,7,14,2,0,29,1.78,49,23.54,0,1011
2024,7,14,3,0,25.900000000000002,1.77,0,30.35,0,1011
2024,7,14,4,0,23.8,1.78,0,37.4,0,1012
2024,7,14,5,0,22.1,1.78,0,43.57,0,1012
2024,7,14,6,0,20.900000000000002,1.77,0,47.730000000000004,0,1012
2024,7,14,7,0,20,1.76,0,50.42,0,1012
2024,7,14,8,0,19.5,1.75,0,51.39,0,1012
2024,7,14,9,0,19,1.74,0,54.52,0,1012
2024,7,14,10,0,18.6,1.72,0,58.24,0,1012
2024,7,14,11,0,18,1.71,0,63.9,0,1013
2024,7,14,12,0,17.3,1.7,0,70.19,0,1013
2024,7,14,13,0,17.3,1.71,0,71.89,0,1014
2024,7,14,14,0,19.3,1.74,307,60.08,0,1014
2024,7,14,15,0,22.1,1.76,131,45.95,0,1015
2024,7,14,16,0,25.1,1.77,244,34.62,0,1015
2024,7,14,17,0,28.1,1.78,545,27.89,0,1015
2024,7,14,18,0,31.200000000000003,1.58,537,22.03,0,1015
2024,7,14,19,0,33.5,1.59,363,18.78,0,1015
2024,7,14,20,0,35.2,1.61,251,16.740000000000002,0,1014
2024,7,14,21,0,35.9,1.54,585,16.04,0,1014
2024,7,14,22,0,36,1.59,838,16.05,0,1013
2024,7,14,23,0,35.4,1.6300000000000001,803,16.61,0,1012
2024,7,15,0,0,34,1.67,742,17.98,0,1012
2024,7,15,1,0,31.6,1.7,642,20.580000000000002,0,1012
2024,7,15,2,0,28.3,1.72,477,25.54,0,1012
2024,7,15,3,0,24.8,1.72,183,32.7,0,1013
2024,7,15,4,0,22.6,1.72,0,38.65,0,1013
2024,7,15,5,0,21.200000000000003,1.7,0,43.43,0,1013
2024,7,15,6,0,20.200000000000003,1.68,0,47.63,0,1013
2024,7,15,7,0,19.3,1.6600000000000001,0,51.97,0,1013
2024,7,15,8,0,18.900000000000002,1.6400000000000001,0,54.14,0,1013
2024,7,15,9,0,18.6,1.6300000000000001,0,56.07,0,1013
2024,7,15,10,0,18.2,1.61,0,58.52,0,1013
2024,7,15,11,0,17.7,1.59,0,61.42,0,1014
2024,7,15,12,0,17.3,1.6,0,63.660000000000004,0,1014
2024,7,15,13,0,17.3,1.6300000000000001,0,63.370000000000005,0,1015
2024,7,15,14,0,18.6,1.6600000000000001,362,56.44,0,1016
2024,7,15,15,0,20.700000000000003,1.68,595,47.92,0,1016
2024,7,15,16,0,23.200000000000003,1.69,729,40.04,0,1016
2024,7,15,17,0,26.200000000000003,1.7,814,31.35,0,1016
2024,7,15,18,0,29.200000000000003,1.68,873,25.42,0,1015
2024,7,15,19,0,31.700000000000003,1.69,901,21.5,0,1015
2024,7,15,20,0,33.7,1.69,914,18.7,0,1014
2024,7,15,21,0,34.6,1.71,920,17.87,0,1013
2024,7,15,22,0,34.4,1.7,908,18.5,0,1013
2024,7,15,23,0,33.2,1.69,881,20.04,0,1012
2024,7,16,0,0,31.400000000000002,1.7,833,22.29,0,1012
2024,7,16,1,0,28.900000000000002,1.71,751,25.94,0,1012
2024,7,16,2,0,25.700000000000003,1.72,601,32.15,0,1012
2024,7,16,3,0,22.6,1.73,285,39.96,0,1013
2024,7,16,4,0,20.8,1.73,0,46.01,0,1013
2024,7,16,5,0,19.5,1.73,0,51.07,0,1013
2024,7,16,6,0,18.6,1.73,0,55.2,0,1013
2024,7,16,7,0,17.900000000000002,1.73,0,58.95,0,1013
2024,7,16,8,0,17.3,1.73,0,62.660000000000004,0,1013
2024,7,16,9,0,16.7,1.72,0,66.72,0,1013
2024,7,16,10,0,16.2,1.72,0,70.31,0,1012
2024,7,16,11,0,15.700000000000001,1.72,0,73.92,0,1013
2024,7,16,12,0,15.200000000000001,1.72,0,77.42,0,1013
2024,7,16,13,0,15.600000000000001,1.72,0,76.07000000000001,0,1013
2024,7,16,14,0,18,1.73,481,62.76,0,1014
2024,7,16,15,0,20.700000000000003,1.72,693,51.65,0,1014
2024,7,16,16,0,23.3,1.71,811,43.43,0,1015
2024,7,16,17,0,26,1.68,881,35.980000000000004,0,1015
2024,7,16,18,0,28.8,1.6500000000000001,935,28.91,0,1014
2024,7,16,19,0,30.900000000000002,1.6300000000000001,955,24.34,0,1014
2024,7,16,20,0,32.2,1.61,967,21.2,0,1014
2024,7,16,21,0,32.5,1.61,946,19.830000000000002,0,1013
2024,7,16,22,0,31.900000000000002,1.62,932,20.28,0,1013
2024,7,16,23,0,30.6,1.6,906,21.740000000000002,0,1013
2024,7,17,0,0,28.8,1.57,861,24.14,0,1012
2024,7,17,1,0,26.1,1.54,779,28.88,0,1013
2024,7,17,2,0,23.1,1.52,633,35.71,0,1013
2024,7,17,3,0,20.200000000000003,1.51,307,44.32,0,1013
2024,7,17,4,0,18.400000000000002,1.49,0,51.65,0,1014
2024,7,17,5,0,17.1,1.48,0,58.39,0,1014
2024,7,17,6,0,16.1,1.47,0,64.6,0,1014
2024,7,17,7,0,15.3,1.47,0,69.95,0,1014
2024,7,17,8,0,14.8,1.47,0,74,0,1014
2024,7,17,9,0,14.200000000000001,1.48,0,78.33,0,1014
2024,7,17,10,0,13.700000000000001,1.48,0,82.33,0,1014
2024,7,17,11,0,13.3,1.48,0,86,0,1014
2024,7,17,12,0,12.9,1.48,0,89.64,0,1015
2024,7,17,13,0,13.5,1.49,0,86.77,0,1015
2024,7,17,14,0,16.1,1.51,530,71.5,0,1015
2024,7,17,15,0,19.3,1.51,736,55.85,0,1015
2024,7,17,16,0,22.5,1.52,839,42.21,0,1015
2024,7,17,17,0,25.8,1.53,900,30.970000000000002,0,1015
2024,7,17,18,0,28.900000000000002,1.56,932,23.2,0,1015
2024,7,17,19,0,32,1.58,955,17.23,0,1014
2024,7,17,20,0,34.7,1.6,963,13.09,0,1014
2024,7,17,21,0,36.9,1.59,957,10.63,0,1013
2024,7,17,22,0,38,1.59,941,10.02,0,1012
2024,7,17,23,0,38,1.59,914,10.61,0,1012
2024,7,18,0,0,37,1.58,850,12.19,0,1012
2024,7,18,1,0,35,1.57,769,15.21,0,1012
2024,7,18,2,0,31,1.55,620,22.55,0,1012
2024,7,18,3,0,26,1.54,299,33.71,0,1012
2024,7,18,4,0,23.1,1.53,0,42.72,0,1013
2024,7,18,5,0,21.200000000000003,1.52,0,49.63,0,1013
2024,7,18,6,0,19.6,1.52,0,56.980000000000004,0,1013
2024,7,18,7,0,18.1,1.52,0,65.34,0,1013
2024,7,18,8,0,17.1,1.51,0,71.68,0,1013
2024,7,18,9,0,16.3,1.49,0,77.04,0,1013
2024,7,18,10,0,15.8,1.48,0,80.16,0,1013
2024,7,18,11,0,15.600000000000001,1.49,0,80.55,0,1013
2024,7,18,12,0,15.4,1.52,0,80.04,0,1013
2024,7,18,13,0,16.8,1.54,0,70.9,0,1013
2024,7,18,14,0,20.1,1.56,528,55.7,0,1014
2024,7,18,15,0,23.6,1.58,730,44.22,0,1014
2024,7,18,16,0,28.1,1.59,834,31.35,0,1014
2024,7,18,17,0,32.4,1.6,895,22.07,0,1014
2024,7,18,18,0,36.7,1.61,930,13.83,0,1013
2024,7,18,19,0,39.300000000000004,1.62,948,10.540000000000001,0,1013
2024,7,18,20,0,40.900000000000006,1.6300000000000001,955,9.290000000000001,0,1012
2024,7,18,21,0,41.800000000000004,1.6600000000000001,942,8.9,0,1012
2024,7,18,22,0,42.1,1.6600000000000001,924,8.96,0,1011
2024,7,18,23,0,41.6,1.6400000000000001,891,9.56,0,1011
2024,7,19,0,0,40.300000000000004,1.61,841,10.76,0,1011
2024,7,19,1,0,38.2,1.57,754,12.73,0,1011
2024,7,19,2,0,34.2,1.52,601,17.5,0,1012
2024,7,19,3,0,29.400000000000002,1.49,274,25.07,0,1012
2024,7,19,4,0,26.6,1.49,0,31.71,0,1013
2024,7,19,5,0,24.400000000000002,1.51,0,38.54,0,1013
2024,7,19,6,0,22.5,1.52,0,45.71,0,1013
2024,7,19,7,0,21,1.54,0,52.21,0,1013
2024,7,19,8,0,20.3,1.56,0,54.97,0,1013
2024,7,19,9,0,20,1.58,0,54.42,0,1013
2024,7,19,10,0,19.6,1.59,0,53.5,0,1013
2024,7,19,11,0,19.5,1.6,0,50.45,0,1013
2024,7,19,12,0,19.900000000000002,1.62,0,45.58,0,1013
2024,7,19,13,0,21.700000000000003,1.6300000000000001,0,39.06,0,1013
2024,7,19,14,0,25.700000000000003,1.6500000000000001,6,29.51,0,1013
2024,7,19,15,0,28.900000000000002,1.67,683,23.72,0,1013
2024,7,19,16,0,33.300000000000004,1.7,793,17.35,0,1013
2024,7,19,17,0,36.800000000000004,1.73,856,14.35,0,1013
2024,7,19,18,0,39.900000000000006,1.72,903,12.3,0,1012
2024,7,19,19,0,42,1.78,925,10.870000000000001,0,1012
2024,7,19,20,0,43.400000000000006,1.83,936,9.86,0,1011
2024,7,19,21,0,44.1,1.84,919,9.34,0,1010
2024,7,19,22,0,44.300000000000004,1.84,904,9.200000000000001,0,1010
2024,7,19,23,0,44,1.83,878,9.21,0,1009
2024,7,20,0,0,43.1,1.81,829,9.48,0,1009
2024,7,20,1,0,41.5,1.78,745,10.290000000000001,0,1009
2024,7,20,2,0,36.9,1.74,591,15.85,0,1009
2024,7,20,3,0,31.900000000000002,1.71,262,20.02,0,1010
2024,7,20,4,0,29.5,1.7,0,22.85,0,1010
2024,7,20,5,0,27.700000000000003,1.73,0,27.04,0,1010
2024,7,20,6,0,25.900000000000002,1.79,0,32.75,0,1010
2024,7,20,7,0,24.3,1.84,0,39.14,0,1010
2024,7,20,8,0,22.900000000000002,1.87,0,45.37,0,1010
2024,7,20,9,0,21.900000000000002,1.8900000000000001,0,50.730000000000004,0,1010
2024,7,20,10,0,21.400000000000002,1.92,0,54.39,0,1010
2024,7,20,11,0,20.900000000000002,1.95,0,57.85,0,1010
2024,7,20,12,0,20.400000000000002,1.98,0,61.38,0,1011
2024,7,20,13,0,20.700000000000003,2.0100000000000002,0,61.65,0,1011
2024,7,20,14,0,22.8,2.06,278,54.800000000000004,0,1011
2024,7,20,15,0,26.200000000000003,2.12,482,43.88,0,1011
2024,7,20,16,0,31.1,2.15,618,30.25,0,1011
2024,7,20,17,0,35.9,2.16,722,19.38,0,1011
2024,7,20,18,0,39.900000000000006,2.11,823,13.94,0,1010
2024,7,20,19,0,42.300000000000004,2.1,865,11.48,0,1009
2024,7,20,20,0,43.5,2.09,885,10.61,0,1009
2024,7,20,21,0,43.6,1.95,863,10.73,0,1008
2024,7,20,22,0,42.900000000000006,1.92,849,11.55,0,1008
2024,7,20,23,0,41.400000000000006,1.8800000000000001,814,13.11,0,1008
2024,7,21,0,0,39.400000000000006,1.84,759,15.290000000000001,0,1008
2024,7,21,1,0,36.7,1.8,664,18.47,0,1008
2024,7,21,2,0,32.9,1.78,495,24.13,0,1009
2024,7,21,3,0,28.900000000000002,1.78,174,31.87,0,1009
2024,7,21,4,0,25.900000000000002,1.8,0,39.14,0,1009
2024,7,21,5,0,23.700000000000003,1.83,0,45.54,0,1010
2024,7,21,6,0,22.200000000000003,1.86,0,50.27,0,1010
2024,7,21,7,0,21.5,1.9000000000000001,0,52.04,0,1010
2024,7,21,8,0,20.900000000000002,1.94,0,53.19,0,1010
2024,7,21,9,0,19.8,1.94,0,57.620000000000005,0,1009
2024,7,21,10,0,18.7,1.9100000000000001,0,63.95,0,1009
2024,7,21,11,0,17.900000000000002,1.86,0,69.36,0,1010
2024,7,21,12,0,17.3,1.83,0,73.5,0,1010
2024,7,21,13,0,17.400000000000002,1.82,0,74.11,0,1010
2024,7,21,14,0,19.3,1.84,402,66.5,0,1011
2024,7,21,15,0,22.3,1.87,623,55.45,0,1011
2024,7,21,16,0,25.200000000000003,1.8800000000000001,742,46.37,0,1011
2024,7,21,17,0,28.1,1.8800000000000001,813,38.43,0,1011
2024,7,21,18,0,31,1.9000000000000001,870,31.400000000000002,0,1011
2024,7,21,19,0,33.4,1.87,895,26.38,0,1010
2024,7,21,20,0,35.1,1.84,906,22.92,0,1010
2024,7,21,21,0,35.9,1.61,871,21.35,0,1009
2024,7,21,22,0,36,1.62,858,21.19,0,1009
2024,7,21,23,0,35.4,1.61,830,22.02,0,1009
2024,7,22,0,0,34.2,1.59,780,23.73,0,1008
2024,7,22,1,0,32.2,1.57,691,26.92,0,1008
2024,7,22,2,0,29.1,1.55,531,33.410000000000004,0,1009
2024,7,22,3,0,25.8,1.54,199,41.14,0,1009
2024,7,22,4,0,23.700000000000003,1.55,0,45.78,0,1009
2024,7,22,5,0,22.3,1.57,0,48.84,0,1009
2024,7,22,6,0,21.3,1.59,0,51.03,0,1009
2024,7,22,7,0,20.5,1.6,0,52.86,0,1008
2024,7,22,8,0,19.700000000000003,1.61,0,55.2,0,1008
2024,7,22,9,0,18.900000000000002,1.61,0,59.04,0,1008
2024,7,22,10,0,18.1,1.6,0,63.72,0,1008
2024,7,22,11,0,17.5,1.6,0,67.11,0,1008
2024,7,22,12,0,17.3,1.6,0,68.41,0,1008
2024,7,22,13,0,17.8,1.61,0,66.51,0,1009
2024,7,22,14,0,19.900000000000002,1.6400000000000001,388,58.13,0,1009
2024,7,22,15,0,23.3,1.67,615,47.230000000000004,0,1009
2024,7,22,16,0,27.700000000000003,1.7,734,35.83,0,1009
2024,7,22,17,0,31.8,1.73,804,27.95,0,1009
2024,7,22,18,0,35.6,1.84,873,21.41,0,1009
2024,7,22,19,0,38.7,1.87,895,16.4,0,1008
2024,7,22,20,0,41.5,1.8800000000000001,904,12.59,0,1008
2024,7,22,21,0,42.800000000000004,1.85,902,11.3,0,1007
2024,7,22,22,0,43,1.81,889,11.200000000000001,0,1006
2024,7,22,23,0,42.400000000000006,1.76,860,11.620000000000001,0,1006
2024,7,23,0,0,41.1,1.75,818,12.39,0,1006
2024,7,23,1,0,39,1.69,731,13.63,0,1006
2024,7,23,2,0,35.4,1.6500000000000001,570,16.57,0,1006
2024,7,23,3,0,31.1,1.62,230,21.01,0,1006
2024,7,23,4,0,28.900000000000002,1.6,0,23.45,0,1007
2024,7,23,5,0,27.400000000000002,1.59,0,26,0,1007
2024,7,23,6,0,26.200000000000003,1.58,0,28.79,0,1007
2024,7,23,7,0,25.3,1.57,0,31.330000000000002,0,1007
2024,7,23,8,0,24.5,1.57,0,33.53,0,1007
2024,7,23,9,0,23.6,1.58,0,36.33,0,1007
2024,7,23,10,0,22.8,1.59,0,39.300000000000004,0,1007
2024,7,23,11,0,22.3,1.59,0,41.300000000000004,0,1008
2024,7,23,12,0,22,1.59,0,42.53,0,1008
2024,7,23,13,0,22.1,1.58,0,42.54,0,1009
2024,7,23,14,0,24.1,1.57,418,37.29,0,1009
2024,7,23,15,0,27.8,1.56,648,28.73,0,1010
2024,7,23,16,0,31.8,1.56,770,19.97,0,1010
2024,7,23,17,0,35.6,1.56,837,14.86,0,1010
2024,7,23,18,0,38.7,1.48,886,11.6,0,1010
2024,7,23,19,0,41.300000000000004,1.51,903,9.55,0,1010
2024,7,23,20,0,42.6,1.54,905,9.38,0,1009
2024,7,23,21,0,43,1.6300000000000001,886,9.85,0,1009
2024,7,23,22,0,43,1.62,869,10.42,0,1009
2024,7,23,23,0,42.300000000000004,1.59,837,11.15,0,1008
2024,7,24,0,0,41,1.57,785,12.07,0,1009
2024,7,24,1,0,38.900000000000006,1.56,699,13.3,0,1009
2024,7,24,2,0,35.6,1.56,542,15.22,0,1009
2024,7,24,3,0,31.700000000000003,1.58,211,18.35,0,1010
2024,7,24,4,0,29.700000000000003,1.6,0,20,0,1011
2024,7,24,5,0,28.200000000000003,1.62,0,22.37,0,1011
2024,7,24,6,0,27,1.6300000000000001,0,25.96,0,1012
2024,7,24,7,0,26.200000000000003,1.6400000000000001,0,29.580000000000002,0,1012
2024,7,24,8,0,25.700000000000003,1.6600000000000001,0,32.06,0,1012
2024,7,24,9,0,25.200000000000003,1.67,0,33.81,0,1012
2024,7,24,10,0,24.700000000000003,1.69,0,35.19,0,1012
2024,7,24,11,0,24.200000000000003,1.7,0,36.730000000000004,0,1012
2024,7,24,12,0,23.6,1.71,0,38.92,0,1013
2024,7,24,13,0,23.700000000000003,1.72,0,39.65,0,1013
2024,7,24,14,0,25.700000000000003,1.74,343,35.42,0,1014
2024,7,24,15,0,29.1,1.76,559,26.79,0,1014
2024,7,24,16,0,32.300000000000004,1.77,675,22.1,0,1014
2024,7,24,17,0,35.4,1.78,747,18.18,0,1014
2024,7,24,18,0,37.800000000000004,1.69,828,16.17,0,1014
2024,7,24,19,0,39.300000000000004,1.71,853,15.26,0,1014
2024,7,24,20,0,40.400000000000006,1.7,55,14.84,0,1014
2024,7,24,21,0,40.6,1.69,881,15.13,0,1014
2024,7,24,22,0,40.1,1.68,865,15.790000000000001,0,1013
2024,7,24,23,0,39.1,1.68,833,16.78,0,1013
2024,7,25,0,0,37.6,1.6400000000000001,746,18.14,0,1013
2024,7,25,1,0,35.2,1.67,649,20.26,0,1013
2024,7,25,2,0,32,1.7,482,23.56,0,1013
2024,7,25,3,0,28.700000000000003,1.72,160,28.21,0,1014
2024,7,25,4,0,26.5,1.72,0,32.86,0,1014
2024,7,25,5,0,25.1,1.72,0,37.39,0,1015
2024,7,25,6,0,24.1,1.71,0,41.37,0,1015
2024,7,25,7,0,23.3,1.69,0,44.5,0,1015
2024,7,25,8,0,22.5,1.67,0,47.660000000000004,0,1015
2024,7,25,9,0,21.6,1.6400000000000001,0,51.15,0,1014
2024,7,25,10,0,20.700000000000003,1.61,0,54.51,0,1014
2024,7,25,11,0,19.8,1.59,0,58.03,0,1014
2024,7,25,12,0,19,1.58,0,61.370000000000005,0,1015
2024,7,25,13,0,18.900000000000002,1.57,0,61.65,0,1015
2024,7,25,14,0,20.900000000000002,1.57,461,52.51,0,1015
2024,7,25,15,0,24.6,1.57,694,37.56,0,1015
2024,7,25,16,0,27.8,1.58,813,29.32,0,1015
2024,7,25,17,0,31.3,1.58,880,21.76,0,1015
2024,7,25,18,0,34.2,1.57,923,16.95,0,1015
2024,7,25,19,0,36.4,1.52,945,13.63,0,1015
2024,7,25,20,0,37.9,1.47,953,11.47,0,1014
2024,7,25,21,0,38.400000000000006,1.46,958,10.92,0,1013
2024,7,25,22,0,38.6,1.43,947,10.5,0,1013
2024,7,25,23,0,38.300000000000004,1.43,923,10.25,0,1012
2024,7,26,0,0,37.2,1.45,875,10.74,0,1012
2024,7,26,1,0,35.1,1.47,799,12.700000000000001,0,1011
2024,7,26,2,0,31.5,1.49,647,17.48,0,1012
2024,7,26,3,0,27.1,1.49,294,25.12,0,1012
2024,7,26,4,0,24.400000000000002,1.48,0,32.24,0,1012
2024,7,26,5,0,22.3,1.46,0,39.62,0,1012
2024,7,26,6,0,20.900000000000002,1.43,0,45.76,0,1012
2024,7,26,7,0,19.8,1.41,0,51.620000000000005,0,1012
2024,7,26,8,0,19,1.3900000000000001,0,56.56,0,1011
2024,7,26,9,0,18.2,1.37,0,61.15,0,1011
2024,7,26,10,0,17.400000000000002,1.36,0,65.55,0,1011
2024,7,26,11,0,16.6,1.34,0,69.77,0,1011
2024,7,26,12,0,15.9,1.31,0,73.71000000000001,0,1011
2024,7,26,13,0,16,1.3,0,73.62,0,1011
2024,7,26,14,0,18.400000000000002,1.37,524,62.300000000000004,0,1011
2024,7,26,15,0,22.5,1.45,748,45.730000000000004,0,1011
2024,7,26,16,0,27.6,1.51,854,28.560000000000002,0,1011
2024,7,26,17,0,32,1.55,906,17.830000000000002,0,1011
2024,7,26,18,0,35.9,1.55,946,11.08,0,1010
2024,7,26,19,0,38.300000000000004,1.59,959,8.68,0,1009
2024,7,26,20,0,39,1.61,960,8.52,0,1009
2024,7,26,21,0,38.7,1.7,919,8.91,0,1008
2024,7,26,22,0,37.4,1.74,895,9.86,0,1007
2024,7,26,23,0,35.2,1.76,864,11.72,0,1007
2024,7,27,0,0,32.5,1.77,806,14.43,0,1007
2024,7,27,1,0,29.3,1.78,713,18.78,0,1007
2024,7,27,2,0,25.700000000000003,1.76,544,26.400000000000002,0,1007
2024,7,27,3,0,22,1.72,200,38.32,0,1007
2024,7,27,4,0,19.5,1.6500000000000001,0,50.52,0,1008
2024,7,27,5,0,17.8,1.57,0,59.69,0,1008
2024,7,27,6,0,16.7,1.5,0,66.05,0,1008
2024,7,27,7,0,15.9,1.45,0,71.12,0,1008
2024,7,27,8,0,15.3,1.41,0,75.84,0,1008
2024,7,27,9,0,14.700000000000001,1.34,0,80.87,0,1008
2024,7,27,10,0,14.200000000000001,1.31,0,85.06,0,1009
2024,7,27,11,0,13.9,1.31,0,87.15,0,1009
2024,7,27,12,0,13.600000000000001,1.31,0,89.05,0,1009
2024,7,27,13,0,13.9,1.31,0,87.13,0,1010
2024,7,27,14,0,15.700000000000001,1.3900000000000001,354,75.75,0,1011
2024,7,27,15,0,17.900000000000002,1.44,592,65.33,0,1011
2024,7,27,16,0,20.1,1.49,721,57.4,0,1012
2024,7,27,17,0,22.3,1.56,802,49.65,0,1012
2024,7,27,18,0,24.400000000000002,1.6400000000000001,825,42.49,0,1012
2024,7,27,19,0,26.200000000000003,1.6600000000000001,854,36.65,0,1011
2024,7,27,20,0,27.5,1.68,871,32.5,0,1011
2024,7,27,21,0,28.1,1.69,871,30.34,0,1011
2024,7,27,22,0,28,1.69,857,29.77,0,1010
2024,7,27,23,0,27.1,1.69,822,31.01,0,1010
2024,7,28,0,0,25.700000000000003,1.67,763,33.52,0,1010
2024,7,28,1,0,23.8,1.6600000000000001,666,38.19,0,1010
2024,7,28,2,0,21.200000000000003,1.6500000000000001,492,46.62,0,1010
2024,7,28,3,0,18.6,1.6400000000000001,146,57.550000000000004,0,1010
2024,7,28,4,0,16.900000000000002,1.6300000000000001,0,66.51,0,1011
2024,7,28,5,0,15.8,1.62,0,72.88,0,1011
2024,7,28,6,0,15,1.61,0,77.72,0,1011
2024,7,28,7,0,14.4,1.61,0,81.39,0,1011
2024,7,28,8,0,13.9,1.62,0,84.37,0,1010
2024,7,28,9,0,13.4,1.62,0,87.24,0,1010
2024,7,28,10,0,12.9,1.6300000000000001,0,89.79,0,1010
2024,7,28,11,0,12.5,1.6300000000000001,0,91.83,0,1011
2024,7,28,12,0,12.200000000000001,1.6400000000000001,0,93.29,0,1011
2024,7,28,13,0,12.9,1.6500000000000001,0,89.01,0,1012
2024,7,28,14,0,15.3,1.67,377,75.77,0,1012
2024,7,28,15,0,18.3,1.7,622,61.27,0,1013
2024,7,28,16,0,21.1,1.72,750,50.5,0,1013
2024,7,28,17,0,24.1,1.74,827,40.34,0,1013
2024,7,28,18,0,27,1.81,805,31.93,0,1012
2024,7,28,19,0,29.6,1.83,832,25.41,0,1012
2024,7,28,20,0,31.8,1.84,844,20.36,0,1011
2024,7,28,21,0,33.1,1.85,841,17.39,0,1011
2024,7,28,22,0,33.300000000000004,1.85,824,16.61,0,1010
2024,7,28,23,0,32.6,1.84,789,17.400000000000002,0,1010
2024,7,29,0,0,31.3,1.82,728,19.25,0,1010
2024,7,29,1,0,29,1.79,628,23.39,0,1010
2024,7,29,2,0,25.5,1.77,454,31.68,0,1010
2024,7,29,3,0,22,1.76,123,42.76,0,1011
2024,7,29,4,0,19.6,1.76,0,52.78,0,1011
2024,7,29,5,0,17.900000000000002,1.76,0,61.33,0,1012
2024,7,29,6,0,16.7,1.76,0,67.99,0,1012
2024,7,29,7,0,15.700000000000001,1.76,0,74.08,0,1012
2024,7,29,8,0,15,1.77,0,78.79,0,1012
2024,7,29,9,0,14.4,1.78,0,83.08,0,1012
2024,7,29,10,0,14,1.78,0,86.19,0,1012
2024,7,29,11,0,13.600000000000001,1.79,0,88.63,0,1012
2024,7,29,12,0,13.200000000000001,1.79,0,90.67,0,1012
2024,7,29,13,0,13.5,1.8,0,88.51,0,1012
2024,7,29,14,0,15.8,1.83,380,74.97,0,1013
2024,7,29,15,0,18.900000000000002,1.84,626,59.77,0,1014
2024,7,29,16,0,22.1,1.85,753,47.56,0,1014
2024,7,29,17,0,25.200000000000003,1.86,830,37.11,0,1014
2024,7,29,18,0,28,1.9100000000000001,862,28.8,0,1014
2024,7,29,19,0,30.200000000000003,1.95,879,23.43,0,1014
2024,7,29,20,0,31.5,1.98,884,20.95,0,1014
2024,7,29,21,0,32.2,1.96,891,19.73,0,1013
2024,7,29,22,0,32.300000000000004,1.98,871,19.63,0,1013
2024,7,29,23,0,31.700000000000003,2,837,20.51,0,1012
2024,7,30,0,0,30.400000000000002,2.0100000000000002,779,22.77,0,1012
2024,7,30,1,0,28.400000000000002,2.0300000000000002,681,26.98,0,1012
2024,7,30,2,0,25.3,2.0300000000000002,506,35,0,1012
2024,7,30,3,0,22,2.02,163,46.17,0,1012
2024,7,30,4,0,19.900000000000002,2.0100000000000002,0,55.93,0,1012
2024,7,30,5,0,18.3,1.98,0,64.75,0,1012
2024,7,30,6,0,17.1,1.95,0,72.24,0,1012
2024,7,30,7,0,16.3,1.92,0,77.72,0,1012
2024,7,30,8,0,15.600000000000001,1.8800000000000001,0,82.23,0,1012
2024,7,30,9,0,15,1.84,0,86.37,0,1012
2024,7,30,10,0,14.5,1.81,0,89.17,0,1012
2024,7,30,11,0,14.100000000000001,1.77,0,90.32000000000001,0,1012
2024,7,30,12,0,13.700000000000001,1.73,0,91.68,0,1012
2024,7,30,13,0,14.100000000000001,1.69,0,88.88,0,1013
2024,7,30,14,0,16.3,1.67,453,77.16,0,1013
2024,7,30,15,0,19.700000000000003,1.6500000000000001,687,62.29,0,1014
2024,7,30,16,0,23.1,1.6400000000000001,800,50.61,0,1014
2024,7,30,17,0,26.3,1.6300000000000001,864,41.32,0,1014
2024,7,30,18,0,29.400000000000002,1.6500000000000001,900,33.36,0,1013
2024,7,30,19,0,32.300000000000004,1.6500000000000001,921,26.68,0,1013
2024,7,30,20,0,34.7,1.6400000000000001,930,21.19,0,1012
2024,7,30,21,0,36,1.58,931,18.900000000000002,0,1011
2024,7,30,22,0,36.300000000000004,1.55,915,18.71,0,1011
2024,7,30,23,0,35.7,1.52,885,19.68,0,1010
2024,7,31,0,0,34.4,1.49,833,21.77,0,1010
2024,7,31,1,0,32.2,1.47,743,25.900000000000002,0,1010
2024,7,31,2,0,28.5,1.46,577,34.660000000000004,0,1011
2024,7,31,3,0,24.400000000000002,1.45,202,47.28,0,1011
2024,7,31,4,0,21.900000000000002,1.46,0,56.85,0,1012
2024,7,31,5,0,20.400000000000002,1.48,0,62.85,0,1012
2024,7,31,6,0,19.3,1.52,0,67.34,0,1012
2024,7,31,7,0,18.3,1.58,0,71.44,0,1011
2024,7,31,8,0,17.5,1.6600000000000001,0,74.72,0,1011
2024,7,31,9,0,16.8,1.77,0,78.05,0,1011
2024,7,31,10,0,16.1,1.8800000000000001,0,81.86,0,1011
2024,7,31,11,0,15.5,1.99,0,84.91,0,1011
2024,7,31,12,0,15.100000000000001,2.07,0,86.51,0,1011
2024,7,31,13,0,15.3,2.15,0,84.68,0,1011
2024,7,31,14,0,17.3,2.21,291,74.69,0,1012
2024,7,31,15,0,20.6,2.25,507,61.27,0,1012
2024,7,31,16,0,24.8,2.27,633,47.480000000000004,0,1012
2024,7,31,17,0,28.5,2.2800000000000002,712,36.050000000000004,0,1012
2024,7,31,18,0,32.4,1.99,891,25.78,0,1012
2024,7,31,19,0,35.7,2.02,916,19,0,1011
2024,7,31,20,0,37.800000000000004,2.05,928,15.790000000000001,0,1010
2024,7,31,21,0,38.6,1.31,858,14.74,0,1010
2024,7,31,22,0,38.6,1.32,844,14.67,0,1010
2024,7,31,23,0,37.6,1.33,809,15.51,0,1009
2024,8,1,0,0,35.9,1.33,750,17.16,0,1010
2024,8,1,1,0,33.1,1.36,642,20.59,0,1010
2024,8,1,2,0,29.200000000000003,1.4000000000000001,3,27.45,0,1010
2024,8,1,3,0,25.400000000000002,1.44,1,36.92,0,1011
2024,8,1,4,0,23.1,1.48,0,45.28,0,1011
2024,8,1,5,0,21.6,1.54,0,51.84,0,1011
2024,8,1,6,0,20.400000000000002,1.59,0,56.84,0,1012
2024,8,1,7,0,19.5,1.6300000000000001,0,60.54,0,1012
2024,8,1,8,0,18.8,1.6500000000000001,0,63.35,0,1012
2024,8,1,9,0,18.1,1.6500000000000001,0,66.86,0,1012
2024,8,1,10,0,17.400000000000002,1.6500000000000001,0,70.8,0,1012
2024,8,1,11,0,16.8,1.6400000000000001,0,74.31,0,1012
2024,8,1,12,0,16.3,1.6300000000000001,0,77.28,0,1012
2024,8,1,13,0,16.2,1.61,0,78.11,0,1013
2024,8,1,14,0,18.1,1.6,356,69.05,0,1013
2024,8,1,15,0,21.5,1.59,619,56.21,0,1014
2024,8,1,16,0,26,1.59,757,42.06,0,1014
2024,8,1,17,0,30.1,1.59,837,30.080000000000002,0,1014
2024,8,1,18,0,33.5,1.6300000000000001,926,21.76,0,1014
2024,8,1,19,0,36,1.61,680,16.43,0,1014
2024,8,1,20,0,37.5,1.59,950,13.66,0,1014
2024,8,1,21,0,38.7,1.55,452,12.790000000000001,0,1014
2024,8,1,22,0,38.800000000000004,1.55,931,12.780000000000001,0,1013
2024,8,1,23,0,38.400000000000006,1.54,900,12.91,0,1013
2024,8,2,0,0,37.300000000000004,1.54,849,13.67,0,1013
2024,8,2,1,0,35.7,1.55,759,15.120000000000001,0,1013
2024,8,2,2,0,32,1.57,585,19.85,0,1014
2024,8,2,3,0,27.5,1.58,188,27.97,0,1014
2024,8,2,4,0,25.400000000000002,1.59,0,33.980000000000004,0,1015
2024,8,2,5,0,23.5,1.61,0,39.97,0,1015
2024,8,2,6,0,21.900000000000002,1.6500000000000001,0,45.65,0,1015
2024,8,2,7,0,20.900000000000002,1.72,0,49.620000000000005,0,1015
2024,8,2,8,0,20.200000000000003,1.79,0,52.45,0,1015
2024,8,2,9,0,19.8,1.82,0,54.64,0,1015
2024,8,2,10,0,19.6,1.77,0,56.620000000000005,0,1015
2024,8,2,11,0,19.400000000000002,1.72,0,59.03,0,1015
2024,8,2,12,0,19.200000000000003,1.71,0,62.01,0,1015
2024,8,2,13,0,19.1,1.76,0,67.59,0,1019
2024,8,2,14,0,20.5,1.86,0,63.04,0,1019
2024,8,2,15,0,21.6,1.9100000000000001,435,57.620000000000005,0,1017
2024,8,2,16,0,22.8,1.93,611,52.79,0,1017
2024,8,2,17,0,26,1.93,714,40.96,0,1017
2024,8,2,18,0,28.900000000000002,1.75,799,32.21,0,1018
2024,8,2,19,0,31.3,1.73,620,26.37,0,1017
2024,8,2,20,0,32.800000000000004,1.74,517,22.91,0,1017
2024,8,2,21,0,34.300000000000004,1.79,277,20.14,0,1016
2024,8,2,22,0,34.9,1.81,120,19.080000000000002,0,1016
2024,8,2,23,0,35.4,1.86,411,18.02,0,1014
2024,8,3,0,0,35,1.8800000000000001,365,17.64,0,1013
2024,8,3,1,0,33,1.84,2,19.53,0,1013
2024,8,3,2,0,29.3,1.8,0,26.25,0,1014
2024,8,3,3,0,26.1,1.78,65,34.800000000000004,0,1016
2024,8,3,4,0,24.700000000000003,1.8,0,39.64,0,1017
2024,8,3,5,0,24.200000000000003,1.81,0,42.51,0,1017
2024,8,3,6,0,23.900000000000002,1.81,0,44.33,0,1016
2024,8,3,7,0,23.8,1.81,0,44.42,0,1015
2024,8,3,8,0,23.700000000000003,1.81,0,42.96,0,1014
2024,8,3,9,0,23.400000000000002,1.83,0,42.910000000000004,0,1014
2024,8,3,10,0,22.6,1.8800000000000001,0,46.1,0,1013
2024,8,3,11,0,21.400000000000002,1.8900000000000001,0,51.18,0,1013
2024,8,3,12,0,20.6,1.8900000000000001,0,56.7,0,1013
2024,8,3,13,0,20.700000000000003,1.9000000000000001,0,59.82,0,1013
2024,8,3,14,0,22.3,1.8900000000000001,21,56.99,0,1013
2024,8,3,15,0,24.8,1.9000000000000001,532,50.88,0,1013
2024,8,3,16,0,28.6,1.9000000000000001,672,39.89,0,1013
2024,8,3,17,0,32.2,1.9100000000000001,754,29.69,0,1013
2024,8,3,18,0,35.7,1.82,851,20.47,0,1012
2024,8,3,19,0,39,1.82,873,13.35,0,1012
2024,8,3,20,0,40.6,1.81,884,11.35,0,1011
2024,8,3,21,0,41,1.79,882,11.450000000000001,0,1010
2024,8,3,22,0,40.7,1.79,872,11.78,0,1010
2024,8,3,23,0,39.800000000000004,1.77,849,12.08,0,1010
2024,8,4,0,0,38.300000000000004,1.68,788,12.57,0,1009
2024,8,4,1,0,36,1.67,695,13.85,0,1009
2024,8,4,2,0,32.4,1.6600000000000001,522,17.3,0,1010
2024,8,4,3,0,28.400000000000002,1.6600000000000001,134,23.28,0,1010
2024,8,4,4,0,26.1,1.6600000000000001,0,28.94,0,1010
2024,8,4,5,0,24.400000000000002,1.6600000000000001,0,34.78,0,1010
2024,8,4,6,0,23.200000000000003,1.6600000000000001,0,40.01,0,1010
2024,8,4,7,0,22,1.6600000000000001,0,45.38,0,1011
2024,8,4,8,0,21,1.6600000000000001,0,49.63,0,1010
2024,8,4,9,0,20.1,1.6600000000000001,0,54.13,0,1010
2024,8,4,10,0,19.200000000000003,1.6600000000000001,0,59.44,0,1010
2024,8,4,11,0,18.5,1.6600000000000001,0,64.01,0,1010
2024,8,4,12,0,17.8,1.6500000000000001,0,68.79,0,1010
2024,8,4,13,0,17.5,1.6500000000000001,0,71.75,0,1010
2024,8,4,14,0,19.3,1.6600000000000001,410,65.19,0,1011
2024,8,4,15,0,22.6,1.68,666,52.94,0,1011
2024,8,4,16,0,26.1,1.69,794,40.5,0,1012
2024,8,4,17,0,29.5,1.7,865,30.04,0,1011
2024,8,4,18,0,32.6,1.7,916,21.82,0,1011
2024,8,4,19,0,34.9,1.69,936,17.07,0,1011
2024,8,4,20,0,36.2,1.68,944,14.75,0,1010
2024,8,4,21,0,36.5,1.69,944,14.36,0,1010
2024,8,4,22,0,36,1.6500000000000001,931,14.99,0,1009
2024,8,4,23,0,35.4,1.61,904,15.74,0,1009
2024,8,5,0,0,34.300000000000004,1.59,855,17.1,0,1009
2024,8,5,1,0,32.300000000000004,1.57,768,19.73,0,1009
2024,8,5,2,0,28.700000000000003,1.55,596,26.13,0,1009
2024,8,5,3,0,24.5,1.54,175,36.52,0,1009
2024,8,5,4,0,22,1.54,0,44.84,0,1010
2024,8,5,5,0,20.200000000000003,1.55,0,51.21,0,1010
2024,8,5,6,0,18.7,1.54,0,57.1,0,1010
2024,8,5,7,0,17.5,1.54,0,62.45,0,1010
2024,8,5,8,0,16.5,1.54,0,67.23,0,1009
2024,8,5,9,0,15.700000000000001,1.52,0,73.65,0,1009
2024,8,5,10,0,15,1.48,0,80.76,0,1010
2024,8,5,11,0,14.600000000000001,1.51,0,84.32000000000001,0,1010
2024,8,5,12,0,14.4,1.55,0,85.86,0,1010
2024,8,5,13,0,14.5,1.56,0,85.25,0,1011
2024,8,5,14,0,16.6,1.6,468,74.76,0,1011
2024,8,5,15,0,20.200000000000003,1.6300000000000001,719,60.01,0,1012
2024,8,5,16,0,24,1.6500000000000001,839,46.72,0,1012
2024,8,5,17,0,27.6,1.67,909,35,0,1012
2024,8,5,18,0,30.8,1.7,948,25.05,0,1012
2024,8,5,19,0,33.5,1.59,967,17.81,0,1012
2024,8,5,20,0,35.300000000000004,1.51,973,14.15,0,1011
2024,8,5,21,0,36,1.17,947,12.870000000000001,0,1011
2024,8,5,22,0,35.6,1.11,925,13.94,0,1011
2024,8,5,23,0,34.5,1.06,892,15.47,0,1010
2024,8,6,0,0,32.7,1.03,831,17.76,0,1010
2024,8,6,1,0,30.200000000000003,1,724,22.01,0,1010
2024,8,6,2,0,26.6,1,321,30.87,0,1011
2024,8,6,3,0,23.6,1,92,40.5,0,1011
2024,8,6,4,0,22,1.02,0,46.31,0,1011
2024,8,6,5,0,21,1.03,0,49.95,0,1012
2024,8,6,6,0,20.200000000000003,1.04,0,52.78,0,1012
2024,8,6,7,0,19.1,1.06,0,57.21,0,1012
2024,8,6,8,0,18.1,1.1,0,61.870000000000005,0,1012
2024,8,6,9,0,17.2,1.1500000000000001,0,67.17,0,1012
2024,8,6,10,0,16.1,1.18,0,74.29,0,1012
2024,8,6,11,0,15.4,1.18,0,79.61,0,1012
2024,8,6,12,0,14.9,1.2,0,82.7,0,1012
2024,8,6,13,0,14.8,1.22,0,82.88,0,1013
2024,8,6,14,0,16.6,1.26,427,73.27,0,1013
2024,8,6,15,0,20.200000000000003,1.31,692,57.36,0,1013
2024,8,6,16,0,25,1.35,814,38.81,0,1013
2024,8,6,17,0,29.6,1.3800000000000001,882,25.75,0,1013
2024,8,6,18,0,33.9,1.33,914,16.11,0,1013
2024,8,6,19,0,37.4,1.32,933,10.49,0,1012
2024,8,6,20,0,40.5,1.33,938,6.34,0,1012
2024,8,6,21,0,42.2,1.33,934,4.96,0,1011
2024,8,6,22,0,42.5,1.31,916,4.95,0,1010
2024,8,6,23,0,41.800000000000004,1.3,884,5.45,0,1010
2024,8,7,0,0,40,1.3,830,6.45,0,1010
2024,8,7,1,0,37.300000000000004,1.32,739,8.17,0,1010
2024,8,7,2,0,32.6,1.3800000000000001,563,12.52,0,1010
2024,8,7,3,0,28.1,1.46,146,19.17,0,1010
2024,8,7,4,0,26.1,1.53,0,24.21,0,1011
2024,8,7,5,0,24.3,1.59,0,29.61,0,1011
2024,8,7,6,0,22.700000000000003,1.6300000000000001,0,35.660000000000004,0,1011
2024,8,7,7,0,21.3,1.6600000000000001,0,42.03,0,1012
2024,8,7,8,0,20.200000000000003,1.67,0,47.42,0,1011
2024,8,7,9,0,19.3,1.67,0,51.58,0,1011
2024,8,7,10,0,18.5,1.6600000000000001,0,55.02,0,1011
2024,8,7,11,0,17.900000000000002,1.62,0,57.72,0,1011
2024,8,7,12,0,17.3,1.59,0,60.19,0,1011
2024,8,7,13,0,17.400000000000002,1.56,0,59.6,0,1012
2024,8,7,14,0,20,1.54,435,49.65,0,1012
2024,8,7,15,0,23.5,1.54,684,39.660000000000004,0,1012
2024,8,7,16,0,28.400000000000002,1.54,798,27.22,0,1012
2024,8,7,17,0,32.9,1.54,862,17.150000000000002,0,1012
2024,8,7,18,0,36.4,1.77,912,10.97,0,1012
2024,8,7,19,0,39.1,1.77,934,7.51,0,1011
2024,8,7,20,0,40.800000000000004,1.77,942,5.76,0,1010
2024,8,7,21,0,41.2,1.22,905,5.69,0,1010
2024,8,7,22,0,40.7,1.19,885,6.1000000000000005,0,1010
2024,8,7,23,0,39.5,1.17,851,6.82,0,1009
2024,8,8,0,0,37.5,1.1400000000000001,795,7.98,0,1009
2024,8,8,1,0,34.4,1.12,693,10.38,0,1009
2024,8,8,2,0,29.900000000000002,1.11,497,16.15,0,1009
2024,8,8,3,0,25.700000000000003,1.11,70,25.38,0,1010
2024,8,8,4,0,23.200000000000003,1.1400000000000001,0,34.34,0,1010
2024,8,8,5,0,21.6,1.19,0,41.46,0,1011
2024,8,8,6,0,20.5,1.26,0,47.15,0,1011
2024,8,8,7,0,19.6,1.35,0,52.02,0,1011
2024,8,8,8,0,18.900000000000002,1.43,0,56.13,0,1011
2024,8,8,9,0,18,1.49,0,62.06,0,1011
2024,8,8,10,0,17.1,1.52,0,68.56,0,1011
2024,8,8,11,0,16.6,1.52,0,72.37,0,1010
2024,8,8,12,0,16.2,1.52,0,74.85000000000001,0,1011
2024,8,8,13,0,16,1.51,0,76.53,0,1011
2024,8,8,14,0,17.7,1.51,18,68.48,0,1011
2024,8,8,15,0,21.1,1.51,412,52.35,0,1011
2024,8,8,16,0,24.6,1.51,249,39.26,0,1012
2024,8,8,17,0,28,1.51,634,28.86,0,1012
2024,8,8,18,0,31,1.53,901,21.79,0,1011
2024,8,8,19,0,33.6,1.5,920,17.03,0,1011
2024,8,8,20,0,35.6,1.48,925,13.86,0,1010
2024,8,8,21,0,36.5,1.44,911,12.96,0,1010
2024,8,8,22,0,36.1,1.41,889,13.700000000000001,0,1009
2024,8,8,23,0,35,1.3900000000000001,854,14.86,0,1009
2024,8,9,0,0,33.5,1.3900000000000001,801,16.09,0,1008
2024,8,9,1,0,31.400000000000002,1.3800000000000001,702,18.47,0,1008
2024,8,9,2,0,27.8,1.37,511,24.7,0,1008
2024,8,9,3,0,24.3,1.36,83,32.660000000000004,0,1009
2024,8,9,4,0,22.3,1.34,0,38.42,0,1009
2024,8,9,5,0,20.8,1.31,0,43.57,0,1009
2024,8,9,6,0,19.700000000000003,1.27,0,48.2,0,1009
2024,8,9,7,0,18.7,1.21,0,52.9,0,1009
2024,8,9,8,0,17.900000000000002,1.1500000000000001,0,57.26,0,1009
2024,8,9,9,0,17.1,1.11,0,62.79,0,1009
2024,8,9,10,0,16.3,1.07,0,69.17,0,1009
2024,8,9,11,0,15.8,1.05,0,73.67,0,1009
2024,8,9,12,0,15.5,1.03,0,76.06,0,1009
2024,8,9,13,0,15.5,1.02,0,75.23,0,1010
2024,8,9,14,0,17.3,1.03,345,65.69,0,1010
2024,8,9,15,0,20.700000000000003,1.05,630,50.89,0,1011
2024,8,9,16,0,24.3,1.08,768,38.77,0,1011
2024,8,9,17,0,28,1.1,844,29.72,0,1011
2024,8,9,18,0,31.6,1.08,896,22.17,0,1011
2024,8,9,19,0,34.800000000000004,1.1300000000000001,915,17.06,0,1010
2024,8,9,20,0,36.9,1.18,922,14,0,1010
2024,8,9,21,0,38.300000000000004,1.25,916,11.46,0,1009
2024,8,9,22,0,38.2,1.29,902,11.38,0,1009
2024,8,9,23,0,37,1.33,879,12.3,0,1009
2024,8,10,0,0,35,1.36,836,14.06,0,1009
2024,8,10,1,0,32,1.3800000000000001,752,18.03,0,1009
2024,8,10,2,0,27.8,1.3900000000000001,578,26.01,0,1009
2024,8,10,3,0,23.8,1.4000000000000001,0,36.5,0,1010
2024,8,10,4,0,21.400000000000002,1.41,0,44.52,0,1010
2024,8,10,5,0,19.700000000000003,1.44,0,51.22,0,1010
2024,8,10,6,0,18.400000000000002,1.46,0,57.69,0,1011
2024,8,10,7,0,17.400000000000002,1.46,0,63.76,0,1011
2024,8,10,8,0,16.5,1.45,0,69.83,0,1011
2024,8,10,9,0,15.8,1.4000000000000001,0,76.32000000000001,0,1011
2024,8,10,10,0,15.3,1.4000000000000001,0,80.51,0,1011
2024,8,10,11,0,15,1.4000000000000001,0,81.8,0,1011
2024,8,10,12,0,14.600000000000001,1.42,0,83.46000000000001,0,1011
2024,8,10,13,0,14.600000000000001,1.43,0,82.9,0,1011
2024,8,10,14,0,16.5,1.47,445,73.43,0,1012
2024,8,10,15,0,19.900000000000002,1.53,704,57.620000000000005,0,1012
2024,8,10,16,0,23.700000000000003,1.57,819,42.660000000000004,0,1012
2024,8,10,17,0,27.5,1.6,658,30.79,0,1013
2024,8,10,18,0,31.3,1.7,929,21.53,0,1012
2024,8,10,19,0,34.9,1.73,948,14.88,0,1012
2024,8,10,20,0,38.2,1.74,954,10.200000000000001,0,1011
2024,8,10,21,0,40.2,1.74,947,8.22,0,1011
2024,8,10,22,0,40.6,1.81,930,8.09,0,1010
2024,8,10,23,0,40.400000000000006,1.85,896,8.73,0,1009
2024,8,11,0,0,39.6,1.67,810,10.290000000000001,0,1009
2024,8,11,1,0,37.2,1.6600000000000001,706,13.77,0,1009
2024,8,11,2,0,31.8,1.6300000000000001,510,22.45,0,1009
2024,8,11,3,0,26.700000000000003,1.6,0,34.2,0,1010
2024,8,11,4,0,24,1.57,0,42.32,0,1010
2024,8,11,5,0,22,1.55,0,49.230000000000004,0,1010
2024,8,11,6,0,20.3,1.52,0,56.44,0,1011
2024,8,11,7,0,19.1,1.49,0,62.15,0,1011
2024,8,11,8,0,18.400000000000002,1.46,0,65.48,0,1011
2024,8,11,9,0,17.7,1.44,0,67.61,0,1011
2024,8,11,10,0,16.900000000000002,1.44,0,69.91,0,1011
2024,8,11,11,0,16.1,1.43,0,72.96000000000001,0,1011
2024,8,11,12,0,15.3,1.41,0,77.3,0,1011
2024,8,11,13,0,15.100000000000001,1.43,0,78.51,0,1011
2024,8,11,14,0,16.900000000000002,1.48,436,69.99,0,1012
2024,8,11,15,0,20.200000000000003,1.54,463,53.74,0,1012
2024,8,11,16,0,23.6,1.58,528,40.49,0,1012
2024,8,11,17,0,27.1,1.61,880,29.62,0,1012
2024,8,11,18,0,30.400000000000002,1.6,903,21.82,0,1012
2024,8,11,19,0,32.800000000000004,1.61,922,17.44,0,1012
2024,8,11,20,0,34.6,1.62,662,15.22,0,1011
2024,8,11,21,0,35.300000000000004,1.57,361,14.83,0,1011
2024,8,11,22,0,35,1.55,360,15.88,0,1010
2024,8,11,23,0,33.9,1.52,408,17.92,0,1010
2024,8,12,0,0,31.900000000000002,1.5,813,21.400000000000002,0,1010
2024,8,12,1,0,28.8,1.49,718,27.5,0,1010
2024,8,12,2,0,24.900000000000002,1.48,523,37.29,0,1010
2024,8,12,3,0,21.6,1.47,0,48.410000000000004,0,1010
2024,8,12,4,0,19.700000000000003,1.44,0,56.67,0,1011
2024,8,12,5,0,18.400000000000002,1.4000000000000001,0,62.97,0,1011
2024,8,12,6,0,17.5,1.36,0,67.81,0,1011
2024,8,12,7,0,16.6,1.31,0,72.68,0,1011
2024,8,12,8,0,15.9,1.26,0,75.78,0,1011
2024,8,12,9,0,15.3,1.22,0,78.72,0,1011
2024,8,12,10,0,14.8,1.19,0,81.7,0,1010
2024,8,12,11,0,14.4,1.18,0,84.37,0,1011
2024,8,12,12,0,13.9,1.17,0,87.05,0,1011
2024,8,12,13,0,13.9,1.18,0,86.46000000000001,0,1011
2024,8,12,14,0,15.700000000000001,1.2,343,76.91,0,1012
2024,8,12,15,0,19,1.22,638,62.04,0,1012
2024,8,12,16,0,22.5,1.26,778,49.14,0,1012
2024,8,12,17,0,26,1.32,853,38.45,0,1013
2024,8,12,18,0,29.3,1.5,915,30.21,0,1012
2024,8,12,19,0,32.300000000000004,1.53,933,23.8,0,1012
2024,8,12,20,0,34.7,1.51,941,19.48,0,1011
2024,8,12,21,0,35.300000000000004,1.16,444,18.45,0,1010
2024,8,12,22,0,34.9,1.1400000000000001,238,18.3,0,1010
2024,8,12,23,0,33.9,1.12,165,18.38,0,1010
2024,8,13,0,0,32.6,1.12,836,18.63,0,1010
2024,8,13,1,0,30.6,1.17,745,20.3,0,1010
2024,8,13,2,0,27.200000000000003,1.23,556,26.07,0,1010
2024,8,13,3,0,23.200000000000003,1.27,0,36.24,0,1010
2024,8,13,4,0,20.700000000000003,1.31,0,45.59,0,1011
2024,8,13,5,0,18.900000000000002,1.33,0,54.38,0,1011
2024,8,13,6,0,17.6,1.32,0,62,0,1011
2024,8,13,7,0,16.6,1.3,0,68.41,0,1011
2024,8,13,8,0,15.8,1.29,0,73.3,0,1011
2024,8,13,9,0,15.3,1.29,0,76.4,0,1011
2024,8,13,10,0,14.700000000000001,1.3,0,80.37,0,1011
2024,8,13,11,0,14.200000000000001,1.31,0,83.82000000000001,0,1011
2024,8,13,12,0,13.9,1.33,0,85.86,0,1011
2024,8,13,13,0,13.8,1.35,0,86.59,0,1012
2024,8,13,14,0,15.600000000000001,1.41,405,77.29,0,1012
2024,8,13,15,0,18.8,1.47,678,61.71,0,1013
2024,8,13,16,0,21.900000000000002,1.52,801,49.47,0,1013
2024,8,13,17,0,25,1.56,867,38.96,0,1014
2024,8,13,18,0,28,1.7,912,30.3,0,1014
2024,8,13,19,0,30.8,1.73,933,23.62,0,1013
2024,8,13,20,0,33.2,1.75,941,18.47,0,1013
2024,8,13,21,0,34.9,1.67,938,15,0,1012
2024,8,13,22,0,35.7,1.6400000000000001,926,13.4,0,1011
2024,8,13,23,0,35.7,1.62,896,12.93,0,1011
2024,8,14,0,0,35,1.58,841,13.36,0,1011
2024,8,14,1,0,33.300000000000004,1.55,746,15.23,0,1011
2024,8,14,2,0,29,1.53,548,22.11,0,1011
2024,8,14,3,0,24.400000000000002,1.51,0,34.72,0,1012
2024,8,14,4,0,21.900000000000002,1.51,0,46.09,0,1012
2024,8,14,5,0,20.200000000000003,1.51,0,55.03,0,1012
2024,8,14,6,0,18.8,1.5,0,62.660000000000004,0,1012
2024,8,14,7,0,17.7,1.48,0,68.79,0,1012
2024,8,14,8,0,16.900000000000002,1.46,0,73.31,0,1012
2024,8,14,9,0,16.2,1.43,0,77.58,0,1012
2024,8,14,10,0,15.600000000000001,1.41,0,81.52,0,1012
2024,8,14,11,0,15.200000000000001,1.42,0,83.96000000000001,0,1013
2024,8,14,12,0,14.9,1.43,0,85.05,0,1013
2024,8,14,13,0,15,1.45,0,83.67,0,1013
2024,8,14,14,0,17.3,1.49,413,71.61,0,1014
2024,8,14,15,0,20.3,1.53,688,57.29,0,1014
2024,8,14,16,0,24.1,1.57,809,39.99,0,1014
2024,8,14,17,0,27.6,1.61,876,29.28,0,1015
2024,8,14,18,0,31.200000000000003,1.67,911,21.51,0,1014
2024,8,14,19,0,34.800000000000004,1.72,931,16.13,0,1014
2024,8,14,20,0,36.9,1.76,937,13.93,0,1013
2024,8,14,21,0,38,1.62,925,13,0,1012
2024,8,14,22,0,38.300000000000004,1.58,908,12.76,0,1012
2024,8,14,23,0,37.800000000000004,1.54,877,13.13,0,1011
2024,8,15,0,0,36.4,1.5,824,14.43,0,1012
2024,8,15,1,0,34,1.48,734,17.150000000000002,0,1012
2024,8,15,2,0,30.400000000000002,1.51,550,22.53,0,1013
2024,8,15,3,0,26.900000000000002,1.55,0,30.12,0,1013
2024,8,15,4,0,24.900000000000002,1.58,0,36.6,0,1014
2024,8,15,5,0,23.3,1.59,0,42.56,0,1014
2024,8,15,6,0,21.8,1.6,0,48.46,0,1015
2024,8,15,7,0,20.5,1.61,0,54.17,0,1015
2024,8,15,8,0,19.700000000000003,1.6600000000000001,0,58.32,0,1015
2024,8,15,9,0,19,1.74,0,62.4,0,1014
2024,8,15,10,0,18.400000000000002,1.82,0,66.49,0,1014
2024,8,15,11,0,17.8,1.9000000000000001,0,70.43,0,1014
2024,8,15,12,0,17.2,1.96,0,74.26,0,1014
2024,8,15,13,0,17,2.0100000000000002,0,75.59,0,1015
2024,8,15,14,0,18.900000000000002,2.06,363,66.77,0,1015
2024,8,15,15,0,22,2.09,645,53.910000000000004,0,1015
2024,8,15,16,0,26.900000000000002,2.11,778,33.9,0,1015
2024,8,15,17,0,30.6,2.11,849,23.36,0,1015
2024,8,15,18,0,33.1,2.07,920,19.04,0,1015
2024,8,15,19,0,35.2,1.99,942,16.240000000000002,0,1014
2024,8,15,20,0,36.6,1.94,952,14.77,0,1013
2024,8,15,21,0,37.5,1.8800000000000001,950,14.17,0,1012
2024,8,15,22,0,37.6,1.78,935,14.38,0,1012
2024,8,15,23,0,37.2,1.71,903,14.91,0,1011
2024,8,16,0,0,36.2,1.41,832,16.06,0,1011
2024,8,16,1,0,34.300000000000004,1.3800000000000001,732,18.46,0,1011
2024,8,16,2,0,30.400000000000002,1.35,534,24.7,0,1011
2024,8,16,3,0,26.200000000000003,1.34,0,34.63,0,1011
2024,8,16,4,0,23.700000000000003,1.36,0,43.17,0,1012
2024,8,16,5,0,21.8,1.3900000000000001,0,51.2,0,1012
2024,8,16,6,0,20.3,1.4000000000000001,0,58.94,0,1012
2024,8,16,7,0,18.900000000000002,1.41,0,66.66,0,1011
2024,8,16,8,0,18,1.42,0,72.09,0,1011
2024,8,16,9,0,17.400000000000002,1.44,0,75.92,0,1011
2024,8,16,10,0,17,1.47,0,78.17,0,1011
2024,8,16,11,0,16.8,1.51,0,78.85000000000001,0,1011
2024,8,16,12,0,16.5,1.54,0,79.64,0,1011
2024,8,16,13,0,16.5,1.55,0,78.89,0,1012
2024,8,16,14,0,18.6,1.56,383,68.56,0,1012
2024,8,16,15,0,21.6,1.56,666,56.92,0,1012
2024,8,16,16,0,25.1,1.58,794,45.34,0,1013
2024,8,16,17,0,28.5,1.59,864,35.84,0,1012
2024,8,16,18,0,32.1,1.69,906,26.67,0,1012
2024,8,16,19,0,35.2,1.73,927,20.52,0,1011
2024,8,16,20,0,36.6,1.76,935,18.55,0,1010
2024,8,16,21,0,37.4,1.82,931,17.61,0,1010
2024,8,16,22,0,37.4,1.82,916,17.48,0,1009
2024,8,16,23,0,36.6,1.79,886,18.19,0,1009
2024,8,17,0,0,34.9,1.75,832,20.04,0,1009
2024,8,17,1,0,32.4,1.69,738,23.400000000000002,0,1009
2024,8,17,2,0,28.8,1.6500000000000001,539,29.900000000000002,0,1009
2024,8,17,3,0,25.3,1.6300000000000001,0,38.68,0,1010
2024,8,17,4,0,23.1,1.6400000000000001,0,46.36,0,1010
2024,8,17,5,0,21.5,1.6600000000000001,0,53.44,0,1010
2024,8,17,6,0,20.200000000000003,1.69,0,59.82,0,1010
2024,8,17,7,0,19.200000000000003,1.71,0,64.94,0,1010
2024,8,17,8,0,18.5,1.73,0,68.52,0,1010
2024,8,17,9,0,17.8,1.74,0,72.02,0,1009
2024,8,17,10,0,17.1,1.76,0,75.54,0,1009
2024,8,17,11,0,16.6,1.78,0,78.12,0,1009
2024,8,17,12,0,16.1,1.78,0,80.57000000000001,0,1010
2024,8,17,13,0,15.9,1.77,0,81.4,0,1010
2024,8,17,14,0,17.6,1.76,442,73.42,0,1011
2024,8,17,15,0,21.3,1.73,715,59.27,0,1011
2024,8,17,16,0,24.6,1.7,828,49.24,0,1012
2024,8,17,17,0,27.200000000000003,1.6600000000000001,887,43.33,0,1012
2024,8,17,18,0,29.200000000000003,1.3800000000000001,909,39.550000000000004,0,1012
2024,8,17,19,0,30.400000000000002,1.3800000000000001,923,37.49,0,1012
2024,8,17,20,0,31,1.36,927,36.35,0,1012
2024,8,17,21,0,30.900000000000002,0.98,893,36.49,0,1012
2024,8,17,22,0,30.200000000000003,0.99,876,37.58,0,1012
2024,8,17,23,0,29.3,1.06,850,38.37,0,1012
2024,8,18,0,0,28,1.19,806,39.63,0,1012
2024,8,18,1,0,26.3,1.3900000000000001,717,42.230000000000004,0,1012
2024,8,18,2,0,24.200000000000003,1.55,524,47.03,0,1012
2024,8,18,3,0,22.1,1.6500000000000001,0,53.88,0,1013
2024,8,18,4,0,20.700000000000003,1.7,0,60.33,0,1014
2024,8,18,5,0,19.5,1.72,0,67.74,0,1014
2024,8,18,6,0,18.400000000000002,1.73,0,75.37,0,1014
2024,8,18,7,0,17.400000000000002,1.74,0,81.54,0,1014
2024,8,18,8,0,16.7,1.75,0,85.44,0,1014
2024,8,18,9,0,16,1.76,0,89.01,0,1013
2024,8,18,10,0,15.5,1.77,0,91.22,0,1013
2024,8,18,11,0,15,1.79,0,93.10000000000001,0,1013
2024,8,18,12,0,14.5,1.8,0,94.95,0,1013
2024,8,18,13,0,14.4,1.81,0,94.51,0,1014
2024,8,18,14,0,16.8,1.82,424,79.88,0,1014
2024,8,18,15,0,20.3,1.84,707,62.11,0,1014
2024,8,18,16,0,23.5,1.86,831,47.17,0,1015
2024,8,18,17,0,26.400000000000002,1.8800000000000001,898,34.730000000000004,0,1014
2024,8,18,18,0,28.700000000000003,1.87,936,27.580000000000002,0,1014
2024,8,18,19,0,30.700000000000003,1.85,957,22.23,0,1014
2024,8,18,20,0,32.1,1.82,964,18.81,0,1013
2024,8,18,21,0,32.7,1.54,956,17.080000000000002,0,1013
2024,8,18,22,0,32.6,1.54,941,16.25,0,1012
2024,8,18,23,0,31.8,1.54,909,16.5,0,1012
2024,8,19,0,0,30.400000000000002,1.52,852,17.900000000000002,0,1012
2024,8,19,1,0,28.3,1.54,754,20.91,0,1012
2024,8,19,2,0,25.200000000000003,1.57,542,27.330000000000002,0,1013
2024,8,19,3,0,22.200000000000003,1.61,0,36.76,0,1013
2024,8,19,4,0,20.700000000000003,1.62,0,44.71,0,1013
2024,8,19,5,0,19.200000000000003,1.62,0,53.63,0,1014
2024,8,19,6,0,17.900000000000002,1.6,0,62.42,0,1014
2024,8,19,7,0,16.8,1.59,0,70.84,0,1014
2024,8,19,8,0,15.8,1.57,0,78.94,0,1014
2024,8,19,9,0,15,1.56,0,85.44,0,1014
2024,8,19,10,0,14.3,1.56,0,90.56,0,1014
2024,8,19,11,0,13.700000000000001,1.56,0,93.91,0,1014
2024,8,19,12,0,13.200000000000001,1.55,0,96.10000000000001,0,1014
2024,8,19,13,0,13,1.52,0,96.37,0,1015
2024,8,19,14,0,15.100000000000001,1.49,401,82.89,0,1015
2024,8,19,15,0,18.5,1.46,699,65.51,0,1016
2024,8,19,16,0,22.400000000000002,1.45,828,49.38,0,1016
2024,8,19,17,0,26.1,1.44,896,35.160000000000004,0,1016
2024,8,19,18,0,30.1,1.55,939,19.03,0,1016
2024,8,19,19,0,32.4,1.52,958,13.36,0,1016
2024,8,19,20,0,33.800000000000004,1.48,967,11.19,0,1015
2024,8,19,21,0,34.6,1.31,940,10.23,0,1015
2024,8,19,22,0,34.6,1.31,922,10.24,0,1014
2024,8,19,23,0,33.9,1.32,889,11.02,0,1014
2024,8,20,0,0,32.6,1.32,832,12.48,0,1014
2024,8,20,1,0,30.400000000000002,1.33,728,14.89,0,1014
2024,8,20,2,0,26.8,1.34,505,20.37,0,1014
2024,8,20,3,0,23.8,1.36,0,27.77,0,1014
2024,8,20,4,0,22,1.43,0,34.87,0,1015
2024,8,20,5,0,20.400000000000002,1.47,0,43.24,0,1015
2024,8,20,6,0,19,1.5,0,52.15,0,1015
2024,8,20,7,0,18,1.5,0,59.51,0,1015
2024,8,20,8,0,17.5,1.46,0,63.67,0,1015
2024,8,20,9,0,17.400000000000002,1.47,0,64.41,0,1015
2024,8,20,10,0,17.1,1.49,0,64.62,0,1015
2024,8,20,11,0,16.400000000000002,1.55,0,66.12,0,1015
2024,8,20,12,0,15.700000000000001,1.57,0,67.69,0,1015
2024,8,20,13,0,15.5,1.59,0,67.65,0,1015
2024,8,20,14,0,18.1,1.61,400,56.85,0,1016
2024,8,20,15,0,21.1,1.62,692,47.11,0,1016
2024,8,20,16,0,25.5,1.62,822,32.76,0,1016
2024,8,20,17,0,29.900000000000002,1.6300000000000001,892,21.94,0,1016
2024,8,20,18,0,33.300000000000004,1.54,937,16.38,0,1016
2024,8,20,19,0,35.5,1.56,959,13.6,0,1015
2024,8,20,20,0,36.800000000000004,1.55,965,12.46,0,1014
2024,8,20,21,0,37.6,1.6500000000000001,952,12.16,0,1014
2024,8,20,22,0,37.5,1.61,935,12.780000000000001,0,1013
2024,8,20,23,0,36.5,1.54,900,14.280000000000001,0,1012
2024,8,21,0,0,34.5,1.58,833,16.96,0,1012
2024,8,21,1,0,31.8,1.56,726,20.84,0,1013
2024,8,21,2,0,28.3,1.54,508,26.580000000000002,0,1013
2024,8,21,3,0,25.3,1.54,0,33.12,0,1014
2024,8,21,4,0,23.5,1.54,0,38.33,0,1014
2024,8,21,5,0,21.900000000000002,1.53,0,44.730000000000004,0,1014
2024,8,21,6,0,20.400000000000002,1.53,0,51.99,0,1015
2024,8,21,7,0,19.3,1.55,0,57.96,0,1015
2024,8,21,8,0,18.6,1.54,0,61.86,0,1015
2024,8,21,9,0,18,1.53,0,64.79,0,1014
2024,8,21,10,0,17.400000000000002,1.52,0,68.03,0,1014
2024,8,21,11,0,16.7,1.52,0,72.07000000000001,0,1014
2024,8,21,12,0,16.1,1.52,0,76.05,0,1014
2024,8,21,13,0,15.600000000000001,1.51,0,80.44,0,1015
2024,8,21,14,0,17,1.52,372,75.42,0,1015
2024,8,21,15,0,20,1.54,680,62.800000000000004,0,1015
2024,8,21,16,0,23.5,1.55,812,48.95,0,1016
2024,8,21,17,0,26.900000000000002,1.56,886,37.410000000000004,0,1016
2024,8,21,18,0,30.3,1.59,924,27.07,0,1015
2024,8,21,19,0,33.300000000000004,1.59,950,19.26,0,1014
2024,8,21,20,0,34.7,1.58,961,16.21,0,1013
2024,8,21,21,0,35.300000000000004,1.57,951,14.59,0,1012
2024,8,21,22,0,35,1.55,934,14.42,0,1012
2024,8,21,23,0,33.9,1.52,902,15.56,0,1011
2024,8,22,0,0,31.900000000000002,1.47,841,18.38,0,1011
2024,8,22,1,0,29.3,1.42,732,23.18,0,1011
2024,8,22,2,0,26,1.3800000000000001,504,31.650000000000002,0,1012
2024,8,22,3,0,22.8,1.35,0,44.050000000000004,0,1012
2024,8,22,4,0,20.700000000000003,1.35,0,55.63,0,1012
2024,8,22,5,0,19,1.36,0,65.92,0,1012
2024,8,22,6,0,17.7,1.37,0,73.83,0,1012
2024,8,22,7,0,16.8,1.3900000000000001,0,79.48,0,1011
2024,8,22,8,0,16.1,1.41,0,83.92,0,1011
2024,8,22,9,0,15.5,1.42,0,87.63,0,1011
2024,8,22,10,0,15,1.43,0,90.34,0,1011
2024,8,22,11,0,14.700000000000001,1.43,0,91.67,0,1011
2024,8,22,12,0,14.4,1.42,0,93.01,0,1011
2024,8,22,13,0,14.3,1.42,0,93.07000000000001,0,1011
2024,8,22,14,0,15.9,1.48,346,83.76,0,1011
2024,8,22,15,0,18.8,1.58,656,69.46000000000001,0,1012
2024,8,22,16,0,21.700000000000003,1.67,791,56.34,0,1012
2024,8,22,17,0,24.6,1.71,865,44.56,0,1012
2024,8,22,18,0,27.200000000000003,1.71,906,35.44,0,1012
2024,8,22,19,0,29.1,1.6600000000000001,929,29.54,0,1011
2024,8,22,20,0,30.200000000000003,1.59,940,26.68,0,1011
2024,8,22,21,0,30.1,1.53,936,27.16,0,1010
2024,8,22,22,0,29.3,1.5,921,29.82,0,1010
2024,8,22,23,0,28,1.5,884,33.49,0,1010
2024,8,23,0,0,26.6,1.52,823,36.69,0,1010
2024,8,23,1,0,24.8,1.52,713,40.76,0,1010
2024,8,23,2,0,22.5,1.53,479,47.550000000000004,0,1010
2024,8,23,3,0,20.200000000000003,1.54,0,57.120000000000005,0,1011
2024,8,23,4,0,18.6,1.53,0,65.98,0,1012
2024,8,23,5,0,17.5,1.53,0,73.06,0,1012
2024,8,23,6,0,16.6,1.5,0,79.05,0,1012
2024,8,23,7,0,15.9,1.46,0,83.93,0,1012
2024,8,23,8,0,15.200000000000001,1.43,0,88.28,0,1012
2024,8,23,9,0,14.700000000000001,1.3800000000000001,0,90.93,0,1012
2024,8,23,10,0,14.200000000000001,1.35,0,93.21000000000001,0,1012
2024,8,23,11,0,13.9,1.33,0,94.27,0,1012
2024,8,23,12,0,13.5,1.33,0,96.21000000000001,0,1013
2024,8,23,13,0,13.700000000000001,1.33,0,94.66,0,1013
2024,8,23,14,0,15.5,1.34,302,83.98,0,1014
2024,8,23,15,0,18.2,1.36,626,66.02,0,1014
2024,8,23,16,0,20.8,1.3800000000000001,761,50.93,0,1015
2024,8,23,17,0,21.700000000000003,1.3900000000000001,837,44.9,0,1015
2024,8,23,18,0,22.1,1.28,844,42.1,0,1016
2024,8,23,19,0,22.400000000000002,1.27,632,40.480000000000004,0,1016
2024,8,23,20,0,22.5,1.3,859,40.03,0,1016
2024,8,23,21,0,22.5,1.3,47,39.17,0,1015
2024,8,23,22,0,22.700000000000003,1.33,5,37.33,0,1014
2024,8,23,23,0,24,1.34,13,33.35,0,1014
2024,8,24,0,0,24.1,1.33,11,32.19,0,1013
2024,8,24,1,0,23.200000000000003,1.28,364,34.74,0,1013
2024,8,24,2,0,21,1.26,335,43.160000000000004,0,1013
2024,8,24,3,0,19.5,1.25,0,53.09,0,1013
2024,8,24,4,0,18.900000000000002,1.23,0,61.2,0,1014
2024,8,24,5,0,18.2,1.21,0,68.98,0,1014
2024,8,24,6,0,17.400000000000002,1.18,0,76.13,0,1014
2024,8,24,7,0,16.400000000000002,1.16,0,84.01,0,1015
2024,8,24,8,0,15.8,1.1500000000000001,0,89.31,0,1014
2024,8,24,9,0,15.200000000000001,1.1300000000000001,0,93.84,0,1014
2024,8,24,10,0,14.9,1.11,0,96.23,0,1014
2024,8,24,11,0,14.8,1.1,0,97.10000000000001,0,1014
2024,8,24,12,0,14.700000000000001,1.11,0,98.04,0,1015
2024,8,24,13,0,14.9,1.12,0,97.37,0,1015
2024,8,24,14,0,16.5,1.1500000000000001,0,92.83,0,1016
2024,8,24,15,0,18.2,1.19,0,83.9,0,1016
2024,8,24,16,0,20.3,1.24,3,68.8,0,1016
2024,8,24,17,0,22.8,1.3,125,53.120000000000005,0,1017
2024,8,24,18,0,24.700000000000003,1.1,791,44.01,0,1017
2024,8,24,19,0,25.900000000000002,1.09,3,39.09,0,1017
2024,8,24,20,0,26.6,1.06,0,35.97,0,1016
2024,8,24,21,0,26.8,1.02,830,34.53,0,1016
2024,8,24,22,0,27.200000000000003,1,298,32.54,0,1016
2024,8,24,23,0,27.3,1,779,31.16,0,1016
2024,8,25,0,0,26.8,1.04,712,31.14,0,1016
2024,8,25,1,0,25.8,1.12,585,32.45,0,1016
2024,8,25,2,0,23.3,1.19,326,38.1,0,1016
2024,8,25,3,0,21.3,1.26,0,44.6,0,1017
2024,8,25,4,0,20.1,1.34,0,49.58,0,1017
2024,8,25,5,0,19.1,1.41,0,54.31,0,1018
2024,8,25,6,0,18.2,1.47,0,58.77,0,1018
2024,8,25,7,0,17.3,1.52,0,63.24,0,1018
2024,8,25,8,0,16.6,1.56,0,66.76,0,1018
2024,8,25,9,0,15.8,1.58,0,70.44,0,1018
2024,8,25,10,0,15.200000000000001,1.59,0,72.61,0,1018
2024,8,25,11,0,14.600000000000001,1.58,0,73.78,0,1018
2024,8,25,12,0,14.100000000000001,1.54,0,74.33,0,1018
2024,8,25,13,0,13.8,1.51,0,74.79,0,1019
2024,8,25,14,0,16.7,1.49,268,62.17,0,1019
2024,8,25,15,0,20,1.48,596,51.72,0,1019
2024,8,25,16,0,23.3,1.47,751,39.81,0,1019
2024,8,25,17,0,26,1.45,837,30.95,0,1019
2024,8,25,18,0,28.400000000000002,1.93,916,24.16,0,1019
2024,8,25,19,0,30.400000000000002,1.93,944,19.35,0,1018
2024,8,25,20,0,31.8,1.94,954,16.4,0,1017
2024,8,25,21,0,32.9,1.57,937,14.61,0,1016
2024,8,25,22,0,33.4,1.6,919,14,0,1016
2024,8,25,23,0,33.4,1.6400000000000001,880,13.93,0,1016
2024,8,26,0,0,32.800000000000004,1.9000000000000001,830,14.51,0,1016
2024,8,26,1,0,31.3,1.93,718,16.69,0,1016
2024,8,26,2,0,27.1,1.93,473,23.400000000000002,0,1016
2024,8,26,3,0,24.5,1.9100000000000001,0,29.27,0,1017
2024,8,26,4,0,22.900000000000002,1.8800000000000001,0,36.95,0,1017
2024,8,26,5,0,21.3,1.85,0,45.96,0,1017
2024,8,26,6,0,20.1,1.83,0,52.56,0,1017
2024,8,26,7,0,19.400000000000002,1.81,0,56.22,0,1017
2024,8,26,8,0,18.900000000000002,1.79,0,58.46,0,1017
2024,8,26,9,0,18.6,1.76,0,59.59,0,1017
2024,8,26,10,0,18,1.74,0,62.29,0,1017
2024,8,26,11,0,17.3,1.72,0,65.87,0,1017
2024,8,26,12,0,16.6,1.7,0,69.95,0,1017
2024,8,26,13,0,16.2,1.68,0,72.98,0,1018
2024,8,26,14,0,18.5,1.6600000000000001,321,64.21000000000001,0,1018
2024,8,26,15,0,21.200000000000003,1.6600000000000001,647,56.08,0,1018
2024,8,26,16,0,25.1,1.67,791,45.14,0,1019
2024,8,26,17,0,29.3,1.68,868,30.490000000000002,0,1019
2024,8,26,18,0,32.800000000000004,1.72,915,19.21,0,1018
2024,8,26,19,0,34.7,1.74,939,15.82,0,1017
2024,8,26,20,0,36,1.76,951,13.74,0,1017
2024,8,26,21,0,37,1.42,934,12.040000000000001,0,1016
2024,8,26,22,0,37.4,1.42,919,10.99,0,1015
2024,8,26,23,0,37.2,1.43,882,10.52,0,1014
2024,8,27,0,0,36.4,1.44,820,10.6,0,1014
2024,8,27,1,0,34.5,1.45,698,12.370000000000001,0,1014
2024,8,27,2,0,29.200000000000003,1.46,439,18.82,0,1014
2024,8,27,3,0,26.400000000000002,1.46,0,25.2,0,1015
2024,8,27,4,0,24.400000000000002,1.45,0,33.57,0,1015
2024,8,27,5,0,22.6,1.45,0,41.69,0,1016
2024,8,27,6,0,21.400000000000002,1.45,0,46.6,0,1015
2024,8,27,7,0,20.5,1.45,0,50.15,0,1015
2024,8,27,8,0,19.8,1.45,0,52.86,0,1015
2024,8,27,9,0,19.200000000000003,1.46,0,55,0,1014
2024,8,27,10,0,18.7,1.47,0,56.870000000000005,0,1014
2024,8,27,11,0,18.3,1.49,0,58.54,0,1014
2024,8,27,12,0,17.7,1.51,0,60.89,0,1014
2024,8,27,13,0,17.6,1.53,0,60.870000000000005,0,1014
2024,8,27,14,0,20.200000000000003,1.55,302,50.9,0,1014
2024,8,27,15,0,23,1.57,638,42.74,0,1015
2024,8,27,16,0,26.8,1.59,785,33.45,0,1015
2024,8,27,17,0,32.1,1.61,864,19.53,0,1015
2024,8,27,18,0,35.5,1.8900000000000001,930,13.27,0,1014
2024,8,27,19,0,37.6,1.9100000000000001,952,10.47,0,1013
2024,8,27,20,0,38.900000000000006,1.92,958,8.97,0,1013
2024,8,27,21,0,39.800000000000004,1.95,956,7.99,0,1012
2024,8,27,22,0,40.1,1.97,937,7.58,0,1011
2024,8,27,23,0,39.800000000000004,1.97,897,7.66,0,1010
2024,8,28,0,0,38.800000000000004,1.6,809,8.34,0,1010
2024,8,28,1,0,36.5,1.58,680,10.78,0,1010
2024,8,28,2,0,31.200000000000003,1.56,409,16.7,0,1010
2024,8,28,3,0,28.3,1.55,0,23.330000000000002,0,1011
2024,8,28,4,0,26.200000000000003,1.54,0,30.7,0,1011
2024,8,28,5,0,24.8,1.53,0,35.480000000000004,0,1011
2024,8,28,6,0,23.5,1.54,0,39.59,0,1011
2024,8,28,7,0,22.6,1.56,0,43.07,0,1011
2024,8,28,8,0,21.8,1.58,0,46.7,0,1011
2024,8,28,9,0,21.1,1.6,0,49.660000000000004,0,1011
2024,8,28,10,0,20.400000000000002,1.61,0,51.96,0,1011
2024,8,28,11,0,19.900000000000002,1.61,0,53.27,0,1011
2024,8,28,12,0,19.5,1.6,0,53.71,0,1011
2024,8,28,13,0,19.200000000000003,1.59,0,53.24,0,1011
2024,8,28,14,0,21.700000000000003,1.57,254,44.09,0,1012
2024,8,28,15,0,24.900000000000002,1.55,599,35.49,0,1012
2024,8,28,16,0,29,1.53,756,25.060000000000002,0,1012
2024,8,28,17,0,32.9,1.51,839,16.06,0,1012
2024,8,28,18,0,36,1.52,908,11,0,1012
2024,8,28,19,0,38.2,1.5,935,8.89,0,1011
2024,8,28,20,0,39.400000000000006,1.47,940,8.25,0,1011
2024,8,28,21,0,40,1.46,936,8.09,0,1010
2024,8,28,22,0,39.800000000000004,1.43,920,8.24,0,1009
2024,8,28,23,0,38.7,1.41,882,8.85,0,1009
2024,8,29,0,0,36.9,1.3900000000000001,814,10.07,0,1009
2024,8,29,1,0,33.9,1.4000000000000001,688,12.67,0,1010
2024,8,29,2,0,29.1,1.42,419,18.46,0,1010
2024,8,29,3,0,25.8,1.45,0,25.34,0,1011
2024,8,29,4,0,23.900000000000002,1.48,0,31.810000000000002,0,1011
2024,8,29,5,0,22.200000000000003,1.51,0,39.29,0,1012
2024,8,29,6,0,20.8,1.55,0,47.480000000000004,0,1012
2024,8,29,7,0,19.6,1.58,0,55.78,0,1012
2024,8,29,8,0,18.7,1.62,0,62.33,0,1012
2024,8,29,9,0,18,1.6600000000000001,0,67.19,0,1012
2024,8,29,10,0,17.400000000000002,1.68,0,71.01,0,1012
2024,8,29,11,0,16.900000000000002,1.7,0,73.84,0,1012
2024,8,29,12,0,16.5,1.71,0,76.05,0,1012
2024,8,29,13,0,16.1,1.71,0,78.5,0,1013
2024,8,29,14,0,17.6,1.71,224,71.38,0,1013
2024,8,29,15,0,20.5,1.72,562,57.29,0,1013
2024,8,29,16,0,24,1.72,717,43.35,0,1014
2024,8,29,17,0,27.5,1.72,800,31.66,0,1014
2024,8,29,18,0,30.8,1.71,881,23.88,0,1014
2024,8,29,19,0,33.5,1.7,907,18.78,0,1013
2024,8,29,20,0,35.300000000000004,1.69,915,16.11,0,1013
2024,8,29,21,0,36,1.61,870,14.700000000000001,0,1012
2024,8,29,22,0,35.800000000000004,1.59,845,14.280000000000001,0,1012
2024,8,29,23,0,34.6,1.58,800,15.42,0,1012
2024,8,30,0,0,32.4,1.57,721,18.2,0,1012
2024,8,30,1,0,29.3,1.58,583,23.12,0,1012
2024,8,30,2,0,25.3,1.61,304,31.23,0,1012
2024,8,30,3,0,22.5,1.6600000000000001,0,39.2,0,1013
2024,8,30,4,0,21.1,1.71,0,45.12,0,1013
2024,8,30,5,0,19.900000000000002,1.75,0,52.01,0,1013
2024,8,30,6,0,18.900000000000002,1.76,0,58.38,0,1013
2024,8,30,7,0,18.2,1.77,0,62.34,0,1013
2024,8,30,8,0,17.6,1.77,0,64.65,0,1013
2024,8,30,9,0,17,1.79,0,67.57000000000001,0,1013
2024,8,30,10,0,16.2,1.81,0,72.25,0,1013
2024,8,30,11,0,15.600000000000001,1.85,0,75.88,0,1014
2024,8,30,12,0,15.200000000000001,1.8900000000000001,0,78.55,0,1014
2024,8,30,13,0,14.8,1.93,0,81.29,0,1014
2024,8,30,14,0,16.1,1.94,138,74.99,0,1015
2024,8,30,15,0,18.900000000000002,1.93,450,61.24,0,1015
2024,8,30,16,0,23.1,1.9100000000000001,635,43.160000000000004,0,1015
2024,8,30,17,0,27,1.8900000000000001,748,30.39,0,1015
2024,8,30,18,0,30.5,1.6,907,22.6,0,1015
2024,8,30,19,0,33.6,1.6300000000000001,930,17.23,0,1015
2024,8,30,20,0,35.5,1.6400000000000001,938,15.06,0,1014
2024,8,30,21,0,36.4,1.67,924,14.290000000000001,0,1014
2024,8,30,22,0,36.5,1.67,907,13.89,0,1013
2024,8,30,23,0,35.6,1.6600000000000001,871,14.55,0,1013
2024,8,31,0,0,33.7,1.71,784,16.35,0,1013
2024,8,31,1,0,30.6,1.71,656,20.6,0,1013
2024,8,31,2,0,26.200000000000003,1.74,375,29.78,0,1014
2024,8,31,3,0,23.1,1.79,0,39.72,0,1014
2024,8,31,4,0,21.400000000000002,1.86,0,47.24,0,1014
2024,8,31,5,0,20.1,1.93,0,54.46,0,1014
2024,8,31,6,0,19.1,2,0,60.93,0,1014
2024,8,31,7,0,18.400000000000002,2.04,0,65.47,0,1014
2024,8,31,8,0,17.900000000000002,2.07,0,67.68,0,1013
2024,8,31,9,0,17.400000000000002,2.08,0,70.39,0,1013
2024,8,31,10,0,16.8,2.09,0,74.29,0,1013
2024,8,31,11,0,16.3,2.09,0,77.51,0,1013
2024,8,31,12,0,15.9,2.09,0,80.53,0,1014
2024,8,31,13,0,15.600000000000001,2.08,0,82.95,0,1014
2024,8,31,14,0,16.6,2.05,156,78.44,0,1014
2024,8,31,15,0,19.400000000000002,2.0300000000000002,489,64.91,0,1014
2024,8,31,16,0,23.700000000000003,1.99,673,45.660000000000004,0,1014
2024,8,31,17,0,27.6,1.95,782,32.38,0,1014
2024,8,31,18,0,31.1,1.78,891,24.11,0,1014
2024,8,31,19,0,33.9,1.74,919,19.09,0,1013
2024,8,31,20,0,35.5,1.69,931,17.29,0,1013
2024,8,31,21,0,35.800000000000004,1.68,918,17.73,0,1012
2024,8,31,22,0,35.300000000000004,1.6600000000000001,897,18.76,0,1012
2024,8,31,23,0,33.9,1.6500000000000001,854,20.59,0,1011
2024,9,1,0,0,31.8,1.67,785,23.740000000000002,0,1011
2024,9,1,1,0,28.900000000000002,1.67,656,28.85,0,1012
2024,9,1,2,0,25.3,1.67,376,37.1,0,1012
2024,9,1,3,0,22.6,1.67,0,45.95,0,1012
2024,9,1,4,0,20.900000000000002,1.67,0,53.59,0,1012
2024,9,1,5,0,19.5,1.67,0,61.39,0,1012
2024,9,1,6,0,18.400000000000002,1.68,0,68.34,0,1012
2024,9,1,7,0,17.5,1.68,0,73.74,0,1012
2024,9,1,8,0,16.8,1.69,0,77.65,0,1012
2024,9,1,9,0,16.2,1.7,0,80.96000000000001,0,1012
2024,9,1,10,0,15.700000000000001,1.7,0,83.97,0,1012
2024,9,1,11,0,15.200000000000001,1.69,0,87.29,0,1012
2024,9,1,12,0,14.8,1.68,0,89.99,0,1012
2024,9,1,13,0,14.4,1.68,0,92.24,0,1012
2024,9,1,14,0,15.600000000000001,1.7,265,84.71000000000001,0,1012
2024,9,1,15,0,18.7,1.73,629,67.17,0,1012
2024,9,1,16,0,23.200000000000003,1.75,785,45.15,0,1013
2024,9,1,17,0,26.900000000000002,1.76,867,31.96,0,1013
2024,9,1,18,0,30.1,2.0300000000000002,926,23.23,0,1012
2024,9,1,19,0,32.4,1.99,948,18.66,0,1012
2024,9,1,20,0,33.6,1.94,955,16.97,0,1012
2024,9,1,21,0,33.800000000000004,1.49,935,16.96,0,1011
2024,9,1,22,0,33.1,1.44,916,18.09,0,1011
2024,9,1,23,0,32,1.41,883,19.43,0,1010
2024,9,2,0,0,30.3,1.4000000000000001,818,21.44,0,1010
2024,9,2,1,0,27.8,1.42,699,25.68,0,1010
2024,9,2,2,0,24.3,1.47,413,35.13,0,1010
2024,9,2,3,0,21.700000000000003,1.51,0,46.56,0,1011
2024,9,2,4,0,20.1,1.54,0,56.61,0,1011
2024,9,2,5,0,18.900000000000002,1.56,0,65.28,0,1012
2024,9,2,6,0,17.900000000000002,1.58,0,71.97,0,1012
2024,9,2,7,0,17.1,1.59,0,76.68,0,1012
2024,9,2,8,0,16.5,1.59,0,79.4,0,1012
2024,9,2,9,0,15.8,1.58,0,82.92,0,1012
2024,9,2,10,0,15.100000000000001,1.56,0,86.94,0,1011
2024,9,2,11,0,14.5,1.55,0,90.60000000000001,0,1011
2024,9,2,12,0,14,1.53,0,94.06,0,1012
2024,9,2,13,0,13.600000000000001,1.52,0,96.76,0,1012
2024,9,2,14,0,15.3,1.52,306,86.96000000000001,0,1012
2024,9,2,15,0,18.5,1.52,672,69.73,0,1013
2024,9,2,16,0,22.700000000000003,1.51,820,47.82,0,1013
2024,9,2,17,0,26.1,1.5,895,34.74,0,1013
2024,9,2,18,0,28.900000000000002,1.57,941,26.61,0,1013
2024,9,2,19,0,31.3,1.58,962,20.92,0,1013
2024,9,2,20,0,33,1.59,970,17.34,0,1012
2024,9,2,21,0,33.9,1.45,959,15.69,0,1011
2024,9,2,22,0,33.800000000000004,1.45,940,15.950000000000001,0,1011
2024,9,2,23,0,33,1.45,904,17.06,0,1011
2024,9,3,0,0,31.400000000000002,1.48,838,19.41,0,1011
2024,9,3,1,0,28.900000000000002,1.5,717,24,0,1011
2024,9,3,2,0,24.900000000000002,1.51,420,33.74,0,1011
2024,9,3,3,0,22.1,1.52,0,43.800000000000004,0,1011
2024,9,3,4,0,20.200000000000003,1.52,0,52.81,0,1012
2024,9,3,5,0,18.6,1.51,0,61.800000000000004,0,1012
2024,9,3,6,0,17.3,1.5,0,70.47,0,1012
2024,9,3,7,0,16.3,1.49,0,77.65,0,1012
2024,9,3,8,0,15.5,1.49,0,82.65,0,1012
2024,9,3,9,0,15,1.49,0,84.61,0,1011
2024,9,3,10,0,14.8,1.51,0,83.05,0,1011
2024,9,3,11,0,14.9,1.52,0,78.8,0,1012
2024,9,3,12,0,14.700000000000001,1.54,0,75.46000000000001,0,1012
2024,9,3,13,0,14.5,1.58,0,71.02,0,1012
2024,9,3,14,0,17.3,1.6400000000000001,303,53.74,0,1013
2024,9,3,15,0,22,1.73,664,36.86,0,1013
2024,9,3,16,0,26,1.82,809,27.1,0,1013
2024,9,3,17,0,29.8,1.9000000000000001,883,19.97,0,1013
2024,9,3,18,0,33.800000000000004,2.11,949,13.21,0,1013
2024,9,3,19,0,37.1,2.08,973,8.33,0,1012
2024,9,3,20,0,38.7,2.06,981,6.73,0,1012
2024,9,3,21,0,39.5,1.3900000000000001,953,5.98,0,1011
2024,9,3,22,0,39.800000000000004,1.3900000000000001,929,5.67,0,1010
2024,9,3,23,0,39.5,1.3900000000000001,894,5.68,0,1010
2024,9,4,0,0,38.7,1.3800000000000001,821,5.97,0,1010
2024,9,4,1,0,35.800000000000004,1.37,676,9.08,0,1010
2024,9,4,2,0,31.1,1.36,358,11.21,0,1010
2024,9,4,3,0,28.3,1.34,0,13.49,0,1010
2024,9,4,4,0,26.700000000000003,1.33,0,16.17,0,1011
2024,9,4,5,0,25.5,1.33,0,19.12,0,1011
2024,9,4,6,0,24.5,1.35,0,22.07,0,1011
2024,9,4,7,0,23.8,1.37,0,24.63,0,1011
2024,9,4,8,0,23.1,1.41,0,27.060000000000002,0,1011
2024,9,4,9,0,22.5,1.47,0,29.060000000000002,0,1011
2024,9,4,10,0,22,1.53,0,30.060000000000002,0,1011
2024,9,4,11,0,21.5,1.6,0,29.68,0,1011
2024,9,4,12,0,20.900000000000002,1.67,0,28.900000000000002,0,1012
2024,9,4,13,0,20.200000000000003,1.74,0,28.38,0,1012
2024,9,4,14,0,21.8,1.8,196,24.86,0,1013
2024,9,4,15,0,26,1.86,560,19.61,0,1013
2024,9,4,16,0,29.200000000000003,1.92,728,16.990000000000002,0,1014
2024,9,4,17,0,32.300000000000004,1.96,816,14.63,0,1014
2024,9,4,18,0,35.300000000000004,2.21,908,12.31,0,1014
2024,9,4,19,0,38.5,2.18,934,10.41,0,1013
2024,9,4,20,0,40.6,2.13,945,9.24,0,1013
2024,9,4,21,0,41.400000000000006,1.9100000000000001,933,8.6,0,1012
2024,9,4,22,0,41.5,1.84,912,8.48,0,1012
2024,9,4,23,0,41,1.77,874,8.67,0,1011
2024,9,5,0,0,39.7,1.72,800,9.25,0,1012
2024,9,5,1,0,36.6,1.69,665,11.34,0,1012
2024,9,5,2,0,31.1,1.69,350,16.740000000000002,0,1013
2024,9,5,3,0,28,1.71,0,23.56,0,1013
2024,9,5,4,0,25.700000000000003,1.74,0,32.37,0,1014
2024,9,5,5,0,23.900000000000002,1.79,0,41.03,0,1014
2024,9,5,6,0,22.5,1.83,0,48.02,0,1014
2024,9,5,7,0,21.3,1.86,0,54.44,0,1014
2024,9,5,8,0,20.5,1.8800000000000001,0,58.76,0,1014
2024,9,5,9,0,19.900000000000002,1.8900000000000001,0,59.980000000000004,0,1014
2024,9,5,10,0,19.5,1.8800000000000001,0,58.93,0,1014
2024,9,5,11,0,19.1,1.87,0,58.06,0,1014
2024,9,5,12,0,18.7,1.84,0,57.46,0,1014
2024,9,5,13,0,18.3,1.83,0,56.9,0,1014
2024,9,5,14,0,19.8,1.82,252,49.79,0,1015
2024,9,5,15,0,22.8,1.82,626,40.39,0,1015
2024,9,5,16,0,27.200000000000003,1.82,786,30.16,0,1015
2024,9,5,17,0,32.6,1.81,864,18.27,0,1015
2024,9,5,18,0,37.1,1.87,915,10.86,0,1015
2024,9,5,19,0,39.800000000000004,1.83,940,9.71,0,1014
2024,9,5,20,0,41,1.8,946,9.85,0,1014
2024,9,5,21,0,41.400000000000006,1.51,922,10.17,0,1013
2024,9,5,22,0,41,1.48,899,10.59,0,1013
2024,9,5,23,0,39.900000000000006,1.47,857,11.17,0,1012
2024,9,6,0,0,38.2,1.48,783,12.07,0,1012
2024,9,6,1,0,35.4,1.51,640,13.82,0,1012
2024,9,6,2,0,30.400000000000002,1.57,320,18.490000000000002,0,1013
2024,9,6,3,0,27.900000000000002,1.6500000000000001,0,21.62,0,1013
2024,9,6,4,0,26.400000000000002,1.74,0,23.98,0,1013
2024,9,6,5,0,25.1,1.82,0,27.34,0,1013
2024,9,6,6,0,24.1,1.86,0,30.84,0,1013
2024,9,6,7,0,23.3,1.87,0,33.69,0,1013
2024,9,6,8,0,22.700000000000003,1.85,0,34.26,0,1013
2024,9,6,9,0,22.3,1.82,0,32.82,0,1013
2024,9,6,10,0,21.900000000000002,1.78,0,31.43,0,1012
2024,9,6,11,0,21.5,1.76,0,30.69,0,1013
2024,9,6,12,0,21,1.75,0,30.970000000000002,0,1013
2024,9,6,13,0,20.5,1.74,0,31.73,0,1013
2024,9,6,14,0,22.6,1.74,243,27.76,0,1013
2024,9,6,15,0,25.700000000000003,1.74,621,23.43,0,1013
2024,9,6,16,0,28.900000000000002,1.75,778,20.1,0,1014
2024,9,6,17,0,33.6,1.76,853,12.73,0,1014
2024,9,6,18,0,38,1.86,908,9.88,0,1013
2024,9,6,19,0,40.800000000000004,1.84,923,9.02,0,1013
2024,9,6,20,0,42,1.81,927,8.81,0,1012
2024,9,6,21,0,42.400000000000006,1.6300000000000001,913,9.09,0,1011
2024,9,6,22,0,42,1.61,896,9.82,0,1011
2024,9,6,23,0,40.900000000000006,1.61,860,10.89,0,1010
2024,9,7,0,0,39.300000000000004,1.61,788,12.14,0,1010
2024,9,7,1,0,36.7,1.61,651,14.1,0,1010
2024,9,7,2,0,31.400000000000002,1.6,324,19.31,0,1011
2024,9,7,3,0,28.8,1.62,0,22.51,0,1011
2024,9,7,4,0,27.3,1.62,0,24.400000000000002,0,1011
2024,9,7,5,0,26,1.62,0,26.63,0,1011
2024,9,7,6,0,24.900000000000002,1.62,0,29.490000000000002,0,1011
2024,9,7,7,0,23.900000000000002,1.61,0,32.67,0,1011
2024,9,7,8,0,23.1,1.61,0,35.49,0,1011
2024,9,7,9,0,22.400000000000002,1.62,0,38.09,0,1010
2024,9,7,10,0,21.8,1.6300000000000001,0,40.21,0,1010
2024,9,7,11,0,21.1,1.6500000000000001,0,42.85,0,1010
2024,9,7,12,0,20.1,1.68,0,47.4,0,1010
2024,9,7,13,0,19,1.69,0,53.370000000000005,0,1011
2024,9,7,14,0,19.5,1.7,229,53.45,0,1011
2024,9,7,15,0,22,1.69,615,45.44,0,1011
2024,9,7,16,0,26.200000000000003,1.69,773,31.21,0,1011
2024,9,7,17,0,30,1.7,859,21.97,0,1011
2024,9,7,18,0,33.2,1.71,911,16.53,0,1011
2024,9,7,19,0,35.6,1.71,937,12.98,0,1011
2024,9,7,20,0,37.5,1.7,950,10.21,0,1010
2024,9,7,21,0,38,1.7,949,9.25,0,1009
2024,9,7,22,0,37.7,1.71,932,9.23,0,1009
2024,9,7,23,0,36.800000000000004,1.7,894,10.02,0,1008
2024,9,8,0,0,35.2,1.69,825,11.43,0,1008
2024,9,8,1,0,32.4,1.68,692,14.44,0,1008
2024,9,8,2,0,27.5,1.68,361,22.330000000000002,0,1009
2024,9,8,3,0,24.700000000000003,1.7,0,31.5,0,1009
2024,9,8,4,0,22.8,1.71,0,40.480000000000004,0,1009
2024,9,8,5,0,21.400000000000002,1.72,0,47.15,0,1009
2024,9,8,6,0,20.200000000000003,1.73,0,52.28,0,1009
2024,9,8,7,0,19.200000000000003,1.73,0,56.81,0,1009
2024,9,8,8,0,18.400000000000002,1.73,0,59.99,0,1009
2024,9,8,9,0,17.8,1.73,0,60.81,0,1009
2024,9,8,10,0,17.1,1.74,0,61.29,0,1009
2024,9,8,11,0,16.5,1.74,0,62.06,0,1009
2024,9,8,12,0,16,1.73,0,62.5,0,1009
2024,9,8,13,0,15.5,1.73,0,62.08,0,1010
2024,9,8,14,0,17.3,1.72,266,52.36,0,1010
2024,9,8,15,0,20.3,1.71,658,41.53,0,1011
2024,9,8,16,0,24.6,1.7,813,29.04,0,1011
2024,9,8,17,0,29.200000000000003,1.7,888,17.34,0,1011
2024,9,8,18,0,33,1.67,940,12.19,0,1011
2024,9,8,19,0,36.1,1.67,961,10.85,0,1011
2024,9,8,20,0,38,1.68,965,9.88,0,1010
2024,9,8,21,0,39,1.68,944,9.21,0,1009
2024,9,8,22,0,39.300000000000004,1.69,921,8.89,0,1008
2024,9,8,23,0,39,1.71,877,8.92,0,1008
2024,9,9,0,0,37.9,1.73,796,9.56,0,1007
2024,9,9,1,0,34.6,1.76,648,12.34,0,1008
2024,9,9,2,0,29.1,1.78,303,18.38,0,1008
2024,9,9,3,0,27,1.79,0,22.3,0,1008
2024,9,9,4,0,25.6,1.8,0,25.22,0,1009
2024,9,9,5,0,24.5,1.81,0,27.69,0,1009
2024,9,9,6,0,23.6,1.81,0,30.080000000000002,0,1010
2024,9,9,7,0,22.6,1.81,0,33.34,0,1010
2024,9,9,8,0,21.700000000000003,1.8,0,36.64,0,1010
2024,9,9,9,0,21.1,1.8,0,38.63,0,1009
2024,9,9,10,0,20.5,1.8,0,39.54,0,1009
2024,9,9,11,0,19.8,1.8,0,40.32,0,1009
2024,9,9,12,0,19.200000000000003,1.8,0,40.95,0,1010
2024,9,9,13,0,18.6,1.8,0,41.97,0,1010
2024,9,9,14,0,19.900000000000002,1.79,201,38.81,0,1010
2024,9,9,15,0,22.6,1.8,604,33.74,0,1011
2024,9,9,16,0,26.200000000000003,1.81,772,28.11,0,1011
2024,9,9,17,0,30.700000000000003,1.81,855,19.89,0,1011
2024,9,9,18,0,33.9,1.8,920,14.24,0,1011
2024,9,9,19,0,36.300000000000004,1.79,943,10.85,0,1011
2024,9,9,20,0,37.7,1.79,951,9.52,0,1010
2024,9,9,21,0,37.9,1.79,950,9.83,0,1010
2024,9,9,22,0,37.2,1.8,927,10.98,0,1009
2024,9,9,23,0,35.6,1.81,882,13.16,0,1009
2024,9,10,0,0,33.1,1.81,804,16.740000000000002,0,1009
2024,9,10,1,0,29.3,1.81,653,23.51,0,1009
2024,9,10,2,0,24.8,1.81,298,34.62,0,1009
2024,9,10,3,0,22.200000000000003,1.8,0,44.29,0,1010
2024,9,10,4,0,20.900000000000002,1.78,0,50.72,0,1010
2024,9,10,5,0,19.900000000000002,1.76,0,56.64,0,1010
2024,9,10,6,0,19,1.75,0,62.32,0,1009
2024,9,10,7,0,18.1,1.73,0,67.33,0,1009
2024,9,10,8,0,17.3,1.71,0,71.15,0,1009
2024,9,10,9,0,16.400000000000002,1.71,0,75.77,0,1009
2024,9,10,10,0,15.600000000000001,1.71,0,80.32000000000001,0,1009
2024,9,10,11,0,15,1.7,0,83.65,0,1009
2024,9,10,12,0,14.600000000000001,1.6600000000000001,0,86.02,0,1010
2024,9,10,13,0,14.600000000000001,1.6300000000000001,0,85.95,0,1010
2024,9,10,14,0,15.4,1.6,203,81.18,0,1011
2024,9,10,15,0,17.3,1.58,608,69.99,0,1011
2024,9,10,16,0,19.400000000000002,1.6,777,58.64,0,1011
2024,9,10,17,0,22.200000000000003,1.6300000000000001,868,47.56,0,1011
2024,9,10,18,0,25.400000000000002,1.6,925,36.29,0,1011
2024,9,10,19,0,28.200000000000003,1.61,948,28.54,0,1010
2024,9,10,20,0,30.200000000000003,1.6300000000000001,959,24.1,0,1009
2024,9,10,21,0,31.200000000000003,1.59,936,22.150000000000002,0,1009
2024,9,10,22,0,30.900000000000002,1.57,910,22.88,0,1008
2024,9,10,23,0,29.700000000000003,1.51,865,25.61,0,1008
2024,9,11,0,0,27.900000000000002,1.43,786,29.900000000000002,0,1008
2024,9,11,1,0,25.3,1.34,626,36.660000000000004,0,1008
2024,9,11,2,0,21.8,1.25,247,48.64,0,1008
2024,9,11,3,0,19.3,1.2,0,60.52,0,1008
2024,9,11,4,0,17.8,1.16,0,69.12,0,1008
2024,9,11,5,0,16.8,1.1300000000000001,0,75.76,0,1008
2024,9,11,6,0,16,1.12,0,81.04,0,1007
2024,9,11,7,0,15.5,1.1300000000000001,0,84.12,0,1007
2024,9,11,8,0,15,1.1500000000000001,0,86.11,0,1007
2024,9,11,9,0,14.5,1.12,0,87.37,0,1007
2024,9,11,10,0,13.9,1.08,0,88.69,0,1007
2024,9,11,11,0,13.5,1.08,0,88.81,0,1007
2024,9,11,12,0,13.200000000000001,1.09,0,89.56,0,1007
2024,9,11,13,0,12.9,1.1,0,91.25,0,1008
2024,9,11,14,0,14.200000000000001,1.1,142,84.22,0,1008
2024,9,11,15,0,16.6,1.12,577,72.85000000000001,0,1009
2024,9,11,16,0,20.400000000000002,1.16,761,52.45,0,1009
2024,9,11,17,0,24.6,1.16,849,35.39,0,1010
2024,9,11,18,0,27.900000000000002,0.87,915,27.060000000000002,0,1010
2024,9,11,19,0,30.6,0.93,939,22.02,0,1009
2024,9,11,20,0,32.5,0.99,945,19.48,0,1008
2024,9,11,21,0,33.7,1.2,923,18.63,0,1007
2024,9,11,22,0,33.800000000000004,1.23,897,19.79,0,1006
2024,9,11,23,0,32.800000000000004,1.25,851,22.54,0,1006
2024,9,12,0,0,30.5,1.2,781,26.69,0,1006
2024,9,12,1,0,27.1,1.19,629,32.68,0,1007
2024,9,12,2,0,23.6,1.17,256,40.01,0,1008
2024,9,12,3,0,21.5,1.1400000000000001,0,46.49,0,1008
2024,9,12,4,0,20.3,1.09,0,52.800000000000004,0,1009
2024,9,12,5,0,19.3,1.03,0,59.25,0,1008
2024,9,12,6,0,18.3,1.01,0,65.63,0,1008
2024,9,12,7,0,17.5,1.02,0,70.29,0,1008
2024,9,12,8,0,16.7,1.06,0,73.49,0,1008
2024,9,12,9,0,16.1,1.08,0,75,0,1008
2024,9,12,10,0,15.600000000000001,1.11,0,75.24,0,1008
2024,9,12,11,0,15.200000000000001,1.1300000000000001,0,73.97,0,1008
2024,9,12,12,0,15,1.16,0,70.82000000000001,0,1008
2024,9,12,13,0,14.8,1.18,0,68.66,0,1008
2024,9,12,14,0,16.7,1.21,177,59.43,0,1008
2024,9,12,15,0,20.1,1.25,609,47.92,0,1008
2024,9,12,16,0,23.1,1.28,781,39.59,0,1009
2024,9,12,17,0,25.900000000000002,1.32,868,32.69,0,1009
2024,9,12,18,0,28.5,1.36,921,26.18,0,1008
2024,9,12,19,0,30.5,1.4000000000000001,946,21.64,0,1008
2024,9,12,20,0,32,1.43,957,18.45,0,1007
2024,9,12,21,0,32.9,1.4000000000000001,951,16.29,0,1006
2024,9,12,22,0,33.300000000000004,1.42,934,14.81,0,1006
2024,9,12,23,0,33.1,1.43,895,14.07,0,1005
2024,9,13,0,0,32.300000000000004,1.44,823,14.120000000000001,0,1005
2024,9,13,1,0,29.8,1.44,673,16.52,0,1005
2024,9,13,2,0,25.5,1.44,286,22.18,0,1005
2024,9,13,3,0,23.1,1.43,0,29.080000000000002,0,1006
2024,9,13,4,0,21.400000000000002,1.41,0,38.04,0,1006
2024,9,13,5,0,19.8,1.4000000000000001,0,47.31,0,1006
2024,9,13,6,0,18.7,1.4000000000000001,0,52.910000000000004,0,1006
2024,9,13,7,0,17.900000000000002,1.42,0,55.870000000000005,0,1006
2024,9,13,8,0,17.6,1.44,0,55.03,0,1006
2024,9,13,9,0,17.5,1.45,0,53.18,0,1006
2024,9,13,10,0,17.2,1.46,0,52.33,0,1006
2024,9,13,11,0,17.2,1.49,0,49.9,0,1006
2024,9,13,12,0,17.1,1.54,0,47.57,0,1007
2024,9,13,13,0,16.900000000000002,1.57,0,46.09,0,1007
2024,9,13,14,0,18,1.59,204,41.980000000000004,0,1008
2024,9,13,15,0,21.900000000000002,1.6,625,32.88,0,1008
2024,9,13,16,0,24.700000000000003,1.6,793,28.21,0,1009
2024,9,13,17,0,27.5,1.62,874,22.98,0,1009
2024,9,13,18,0,30.8,1.75,931,17.080000000000002,0,1008
2024,9,13,19,0,33.4,1.75,957,13.290000000000001,0,1008
2024,9,13,20,0,35,1.75,964,11.22,0,1007
2024,9,13,21,0,35.9,1.73,964,9.97,0,1006
2024,9,13,22,0,36.300000000000004,1.73,942,9.290000000000001,0,1006
2024,9,13,23,0,36.1,1.72,901,9.17,0,1006
2024,9,14,0,0,35.1,1.1500000000000001,784,9.77,0,1006
2024,9,14,1,0,32.1,1.1300000000000001,617,12.51,0,1006
2024,9,14,2,0,27.200000000000003,1.11,202,18.6,0,1007
2024,9,14,3,0,25.1,1.09,0,24.97,0,1007
2024,9,14,4,0,23,1.09,0,32.63,0,1008
2024,9,14,5,0,21.5,1.1,0,38.35,0,1008
2024,9,14,6,0,20.3,1.12,0,43.13,0,1008
2024,9,14,7,0,19.3,1.1400000000000001,0,47.81,0,1008
2024,9,14,8,0,18.400000000000002,1.17,0,52.47,0,1008
2024,9,14,9,0,17.6,1.19,0,57.31,0,1008
2024,9,14,10,0,16.8,1.21,0,62.17,0,1008
2024,9,14,11,0,15.9,1.23,0,67.03,0,1008
2024,9,14,12,0,15.100000000000001,1.25,0,71.5,0,1008
2024,9,14,13,0,14.5,1.27,0,75.21000000000001,0,1009
2024,9,14,14,0,15.3,1.28,150,71.60000000000001,0,1009
2024,9,14,15,0,17.900000000000002,1.29,597,60.34,0,1010
2024,9,14,16,0,21.8,1.31,776,45.14,0,1010
2024,9,14,17,0,25.8,1.33,863,32.97,0,1010
2024,9,14,18,0,29.400000000000002,1.55,921,23.81,0,1010
2024,9,14,19,0,32.9,1.55,943,15.6,0,1009
2024,9,14,20,0,34.6,1.52,950,12.82,0,1009
2024,9,14,21,0,35.2,1.46,942,12.120000000000001,0,1008
2024,9,14,22,0,34.9,1.41,914,12.69,0,1008
2024,9,14,23,0,33.9,1.35,862,14.26,0,1007
2024,9,15,0,0,32.1,1.29,773,17.23,0,1007
2024,9,15,1,0,29.1,1.22,603,23.16,0,1007
2024,9,15,2,0,25,1.18,186,34.2,0,1007
2024,9,15,3,0,22.1,1.16,0,45.550000000000004,0,1007
2024,9,15,4,0,20.1,1.1400000000000001,0,54.870000000000005,0,1007
2024,9,15,5,0,18.6,1.1500000000000001,0,62.5,0,1007
2024,9,15,6,0,17.400000000000002,1.16,0,68.53,0,1007
2024,9,15,7,0,16.5,1.18,0,73.07000000000001,0,1007
2024,9,15,8,0,15.700000000000001,1.23,0,77.17,0,1008
2024,9,15,9,0,15,1.28,0,80.64,0,1007
2024,9,15,10,0,14.5,1.32,0,83.14,0,1007
2024,9,15,11,0,14.3,1.3900000000000001,0,83.95,0,1007
2024,9,15,12,0,14.200000000000001,1.44,0,84.63,0,1007
2024,9,15,13,0,13.8,1.46,0,88.10000000000001,0,1007
2024,9,15,14,0,14.3,1.44,166,86.64,0,1007
2024,9,15,15,0,16.7,1.4000000000000001,54,74.28,0,1008
2024,9,15,16,0,19.5,1.32,757,60.35,0,1008
2024,9,15,17,0,22.1,1.2,493,48.93,0,1008
2024,9,15,18,0,24.700000000000003,1.04,719,38.68,0,1008
2024,9,15,19,0,27.1,1.04,947,30.11,0,1007
2024,9,15,20,0,28.8,1.04,953,24.43,0,1007
2024,9,15,21,0,29.400000000000002,0.99,882,22.240000000000002,0,1006
2024,9,15,22,0,28.1,0.98,588,24.23,0,1005
2024,9,15,23,0,25.700000000000003,0.93,319,29.91,0,1005
2024,9,16,0,0,23.700000000000003,0.89,24,36.480000000000004,0,1006
2024,9,16,1,0,21.8,0.88,49,43.37,0,1006
2024,9,16,2,0,19.6,0.88,1,52.78,0,1006
2024,9,16,3,0,18.1,0.88,0,61.33,0,1006
2024,9,16,4,0,17.1,0.86,0,67.73,0,1006
2024,9,16,5,0,16.2,0.8,0,73.69,0,1006
2024,9,16,6,0,15.200000000000001,0.76,0,79.95,0,1005
2024,9,16,7,0,14.5,0.73,0,84.5,0,1005
2024,9,16,8,0,13.9,0.72,0,88.11,0,1005
2024,9,16,9,0,13.4,0.75,0,91.07000000000001,0,1006
2024,9,16,10,0,13,0.79,0,93.31,0,1006
2024,9,16,11,0,12.700000000000001,0.81,0,95,0,1006
2024,9,16,12,0,12.9,0.88,0,93.71000000000001,0,1007
2024,9,16,13,0,13.4,0.92,0,90.9,0,1007
2024,9,16,14,0,13.9,0.93,18,88.02,0,1008
2024,9,16,15,0,15.200000000000001,1,348,78.97,0,1009
2024,9,16,16,0,16.400000000000002,1.06,0,71.76,0,1010
2024,9,16,17,0,18,1.09,120,63.92,0,1010
2024,9,16,18,0,20.1,1.09,138,54.800000000000004,0,1010
2024,9,16,19,0,22.1,1.16,872,46.300000000000004,0,1010
2024,9,16,20,0,23.200000000000003,1.19,0,40.74,0,1010
2024,9,16,21,0,24,1.21,885,37.15,0,1010
2024,9,16,22,0,24.400000000000002,1.23,862,35.35,0,1010
2024,9,16,23,0,24.400000000000002,1.28,819,34.93,0,1010
2024,9,17,0,0,23.700000000000003,1.1400000000000001,687,35.89,0,1010
2024,9,17,1,0,22.3,1.16,34,38.910000000000004,0,1010
2024,9,17,2,0,19.1,1.16,0,48.54,0,1011
2024,9,17,3,0,17.8,1.1500000000000001,0,54.29,0,1011
2024,9,17,4,0,17.2,1.1300000000000001,0,58.7,0,1012
2024,9,17,5,0,16.400000000000002,1.09,0,64.94,0,1012
2024,9,17,6,0,15.200000000000001,1.06,0,73.38,0,1012
2024,9,17,7,0,14.4,1.02,0,80.21000000000001,0,1012
2024,9,17,8,0,13.8,1,0,85.92,0,1012
2024,9,17,9,0,13.3,0.99,0,90.54,0,1012
2024,9,17,10,0,12.9,1.01,0,93.89,0,1012
2024,9,17,11,0,12.600000000000001,1.03,0,96.22,0,1013
2024,9,17,12,0,12.4,1.04,0,97.8,0,1013
2024,9,17,13,0,12.200000000000001,1.06,0,99.5,0,1013
2024,9,17,14,0,13.3,1.09,37,93,0,1014
2024,9,17,15,0,15.9,1.12,433,76.43,0,1014
2024,9,17,16,0,18.5,1.1400000000000001,632,60.14,0,1015
2024,9,17,17,0,20.700000000000003,1.1500000000000001,734,49.58,0,1015
2024,9,17,18,0,22.900000000000002,1.41,838,41.19,0,1015
2024,9,17,19,0,24.8,1.43,862,34.83,0,1014
2024,9,17,20,0,26.200000000000003,1.42,863,30.86,0,1013
2024,9,17,21,0,26.3,1.25,828,30.68,0,1013
2024,9,17,22,0,26.3,1.22,791,32.04,0,1013
2024,9,17,23,0,25.400000000000002,1.2,508,35.660000000000004,0,1012
2024,9,18,0,0,23.6,1.19,285,41.78,0,1013
2024,9,18,1,0,21.6,1.19,229,49.54,0,1013
2024,9,18,2,0,19.6,1.2,0,58.34,0,1013
2024,9,18,3,0,18.5,1.22,0,63.7,0,1013
2024,9,18,4,0,18,1.25,0,65.98,0,1013
2024,9,18,5,0,17.5,1.28,0,68.23,0,1012
2024,9,18,6,0,16.900000000000002,1.28,0,71.3,0,1012
2024,9,18,7,0,16.3,1.29,0,74.66,0,1011
2024,9,18,8,0,15.700000000000001,1.3,0,78.47,0,1011
2024,9,18,9,0,15,1.31,0,83.45,0,1011
2024,9,18,10,0,14.8,1.34,0,85.94,0,1010
2024,9,18,11,0,14.600000000000001,1.37,0,88.16,0,1010
2024,9,18,12,0,14.5,1.3900000000000001,0,89.49,0,1010
2024,9,18,13,0,14.4,1.3900000000000001,0,90.82000000000001,0,1010
2024,9,18,14,0,14.600000000000001,1.3900000000000001,80,90.44,0,1010
2024,9,18,15,0,15.600000000000001,1.3800000000000001,228,86.11,0,1010
2024,9,18,16,0,17.2,1.37,385,77.29,0,1011
2024,9,18,17,0,19.3,1.37,795,65.67,0,1011
2024,9,18,18,0,21.5,1.35,367,55.57,0,1011
2024,9,18,19,0,23.3,1.35,598,48.38,0,1010
2024,9,18,20,0,24.700000000000003,1.35,228,42.800000000000004,0,1010
2024,9,18,21,0,25.5,1.36,123,39.78,0,1009
2024,9,18,22,0,25.8,1.3800000000000001,59,38.42,0,1009
2024,9,18,23,0,25.6,1.3900000000000001,201,38.45,0,1008
2024,9,19,0,0,25,1.44,29,40.01,0,1008
2024,9,19,1,0,23.200000000000003,1.44,5,45.86,0,1009
2024,9,19,2,0,21.1,1.44,82,54.47,0,1009
2024,9,19,3,0,20.400000000000002,1.46,0,58.95,0,1009
2024,9,19,4,0,19.400000000000002,1.49,0,64.15,0,1010
2024,9,19,5,0,18.2,1.51,0,70.10000000000001,0,1010
2024,9,19,6,0,17.5,1.53,0,73.42,0,1009
2024,9,19,7,0,17.6,1.53,0,72.74,0,1009
2024,9,19,8,0,17.6,1.55,0,71.81,0,1009
2024,9,19,9,0,17.3,1.59,0,71.15,0,1009
2024,9,19,10,0,17.2,1.6,0,69,0,1009
2024,9,19,11,0,17,1.61,0,67.35,0,1009
2024,9,19,12,0,16.6,1.61,0,66.79,0,1009
2024,9,19,13,0,16.2,1.61,0,66.6,0,1009
2024,9,19,14,0,16.900000000000002,1.62,0,62.4,0,1010
2024,9,19,15,0,19.700000000000003,1.6400000000000001,81,51.86,0,1010
2024,9,19,16,0,23.1,1.6500000000000001,333,40.980000000000004,0,1011
2024,9,19,17,0,26.3,1.6600000000000001,826,31.79,0,1011
2024,9,19,18,0,28.900000000000002,1.72,884,25.19,0,1010
2024,9,19,19,0,30.900000000000002,1.71,912,20.580000000000002,0,1010
2024,9,19,20,0,32.2,1.69,923,17.72,0,1009
2024,9,19,21,0,32.800000000000004,1.5,909,16.09,0,1008
2024,9,19,22,0,32.9,1.51,878,15.530000000000001,0,1008
2024,9,19,23,0,32.4,1.52,821,16.02,0,1007
2024,9,20,0,0,31.200000000000003,1.53,721,17.95,0,1008
2024,9,20,1,0,28.200000000000003,1.53,523,23.92,0,1008
2024,9,20,2,0,23.5,1.52,79,37.53,0,1009
2024,9,20,3,0,20.6,1.51,0,49.730000000000004,0,1010
2024,9,20,4,0,19,1.49,0,57.42,0,1010
2024,9,20,5,0,18,1.47,0,62.21,0,1011
2024,9,20,6,0,17,1.46,0,67.3,0,1010
2024,9,20,7,0,16.1,1.46,0,72.76,0,1010
2024,9,20,8,0,15.3,1.46,0,77.98,0,1010
2024,9,20,9,0,14.700000000000001,1.45,0,83.12,0,1010
2024,9,20,10,0,14.4,1.45,0,86.19,0,1010
2024,9,20,11,0,14.200000000000001,1.45,0,87.29,0,1010
2024,9,20,12,0,14.600000000000001,1.44,0,85.03,0,1010
2024,9,20,13,0,14.200000000000001,1.44,0,87.58,0,1010
2024,9,20,14,0,14.700000000000001,1.42,0,85.11,0,1010
2024,9,20,15,0,16.7,1.44,530,75.51,0,1011
2024,9,20,16,0,20.3,1.45,730,59.67,0,1011
2024,9,20,17,0,24.6,1.48,825,43.51,0,1011
2024,9,20,18,0,27.900000000000002,1.75,885,32.33,0,1011
2024,9,20,19,0,30.900000000000002,1.82,909,23.45,0,1010
2024,9,20,20,0,33.7,1.86,916,17.35,0,1009
2024,9,20,21,0,35.300000000000004,1.42,892,14.71,0,1008
2024,9,20,22,0,36,1.4000000000000001,868,13.75,0,1008
2024,9,20,23,0,35.6,1.36,821,14.07,0,1007
2024,9,21,0,0,34,1.29,734,16.240000000000002,0,1007
2024,9,21,1,0,29.400000000000002,1.21,545,24.5,0,1008
2024,9,21,2,0,23.400000000000002,1.1500000000000001,0,41.47,0,1009
2024,9,21,3,0,20.400000000000002,1.11,0,54.21,0,1009
2024,9,21,4,0,19,1.1,0,61.26,0,1010
2024,9,21,5,0,18,1.11,0,66.84,0,1010
2024,9,21,6,0,17.2,1.1400000000000001,0,71.68,0,1010
2024,9,21,7,0,16.5,1.16,0,76.04,0,1010
2024,9,21,8,0,15.9,1.18,0,79.64,0,1010
2024,9,21,9,0,15.4,1.19,0,83.25,0,1010
2024,9,21,10,0,14.8,1.19,0,86.95,0,1010
2024,9,21,11,0,14.600000000000001,1.22,0,86.88,0,1010
2024,9,21,12,0,14.4,1.26,0,86.49,0,1010
2024,9,21,13,0,14.200000000000001,1.28,0,86.55,0,1010
2024,9,21,14,0,15.100000000000001,1.28,0,80.63,0,1010
2024,9,21,15,0,17.8,1.29,550,67.44,0,1011
2024,9,21,16,0,21.200000000000003,1.31,743,53.25,0,1011
2024,9,21,17,0,24.700000000000003,1.33,838,40.77,0,1011
2024,9,21,18,0,27.900000000000002,1.51,897,31.150000000000002,0,1011
2024,9,21,19,0,31,1.53,925,23.17,0,1011
2024,9,21,20,0,33.6,1.55,934,17.650000000000002,0,1010
2024,9,21,21,0,35.2,1.26,915,15,0,1010
2024,9,21,22,0,35.7,1.27,890,14.23,0,1009
2024,9,21,23,0,35.5,1.28,841,14.23,0,1009
2024,9,22,0,0,34.5,1.1,734,15.11,0,1009
2024,9,22,1,0,30.900000000000002,1.11,540,19.6,0,1009
2024,9,22,2,0,26.400000000000002,1.12,0,28.67,0,1009
2024,9,22,3,0,23.900000000000002,1.1400000000000001,0,38.29,0,1010
2024,9,22,4,0,21.700000000000003,1.16,0,48.07,0,1011
2024,9,22,5,0,20.3,1.18,0,55.15,0,1011
2024,9,22,6,0,19.1,1.19,0,61.44,0,1011
2024,9,22,7,0,18.1,1.19,0,67.27,0,1011
2024,9,22,8,0,17.2,1.19,0,72.82000000000001,0,1011
2024,9,22,9,0,16.5,1.19,0,76.61,0,1011
2024,9,22,10,0,16,1.19,0,78.41,0,1011
2024,9,22,11,0,15.700000000000001,1.21,0,78.86,0,1012
2024,9,22,12,0,15.3,1.23,0,79.46000000000001,0,1012
2024,9,22,13,0,15,1.26,0,79.26,0,1012
2024,9,22,14,0,15.700000000000001,1.28,0,73.67,0,1012
2024,9,22,15,0,18.400000000000002,1.31,511,60.6,0,1013
2024,9,22,16,0,22.1,1.34,712,46.49,0,1013
2024,9,22,17,0,26.700000000000003,1.36,812,31.16,0,1012
2024,9,22,18,0,31.1,1.57,885,21.01,0,1012
2024,9,22,19,0,33.800000000000004,1.62,913,16.740000000000002,0,1012
2024,9,22,20,0,35.7,1.6600000000000001,925,13.790000000000001,0,1011
2024,9,22,21,0,36.9,1.59,916,11.78,0,1010
2024,9,22,22,0,37.4,1.59,897,10.61,0,1009
2024,9,22,23,0,37.2,1.58,852,10.200000000000001,0,1009
2024,9,23,0,0,36.2,1.55,764,10.57,0,1009
2024,9,23,1,0,32,1.52,576,14.620000000000001,0,1009
2024,9,23,2,0,27.3,1.48,0,22.35,0,1009
2024,9,23,3,0,24.8,1.48,0,32.03,0,1010
2024,9,23,4,0,22.3,1.52,0,42.18,0,1010
2024,9,23,5,0,20.900000000000002,1.56,0,48.14,0,1010
2024,9,23,6,0,20,1.6,0,51.72,0,1010
2024,9,23,7,0,19.3,1.6400000000000001,0,53.89,0,1010
2024,9,23,8,0,18.8,1.6600000000000001,0,54.39,0,1010
2024,9,23,9,0,18.5,1.68,0,54.29,0,1010
2024,9,23,10,0,18.1,1.69,0,54.53,0,1010
2024,9,23,11,0,17.6,1.7,0,53.51,0,1010
2024,9,23,12,0,17.400000000000002,1.7,0,50.65,0,1010
2024,9,23,13,0,17.400000000000002,1.71,0,47.09,0,1011
2024,9,23,14,0,18.3,1.71,0,42.07,0,1011
2024,9,23,15,0,22.3,1.7,564,32.410000000000004,0,1011
2024,9,23,16,0,25.5,1.6600000000000001,757,26.59,0,1012
2024,9,23,17,0,29.5,1.6300000000000001,851,19.98,0,1012
2024,9,23,18,0,32.5,1.99,911,16.02,0,1011
2024,9,23,19,0,35.4,2,936,12.46,0,1010
2024,9,23,20,0,37.800000000000004,1.99,944,9.81,0,1009
2024,9,23,21,0,39,1.17,902,8.42,0,1008
2024,9,23,22,0,39.5,1.19,876,7.74,0,1007
2024,9,23,23,0,39.2,1.21,826,7.55,0,1007
2024,9,24,0,0,38.1,1.17,728,8.1,0,1007
2024,9,24,1,0,34.5,1.17,523,11.25,0,1007
2024,9,24,2,0,30.8,1.18,0,13.94,0,1007
2024,9,24,3,0,29,1.19,0,16.55,0,1008
2024,9,24,4,0,28.3,1.21,0,18.490000000000002,0,1008
2024,9,24,5,0,27.700000000000003,1.23,0,20.1,0,1008
2024,9,24,6,0,27.3,1.27,0,21.16,0,1008
2024,9,24,7,0,26.8,1.29,0,22.12,0,1008
2024,9,24,8,0,26.200000000000003,1.31,0,23.01,0,1007
2024,9,24,9,0,25.3,1.32,0,24.560000000000002,0,1007
2024,9,24,10,0,24.700000000000003,1.33,0,26.080000000000002,0,1007
2024,9,24,11,0,24.400000000000002,1.34,0,27.12,0,1007
2024,9,24,12,0,23.8,1.34,0,28.580000000000002,0,1007
2024,9,24,13,0,22.900000000000002,1.35,0,30.740000000000002,0,1007
2024,9,24,14,0,22.700000000000003,1.36,0,31.88,0,1008
2024,9,24,15,0,25,1.37,516,28.77,0,1008
2024,9,24,16,0,27.6,1.3900000000000001,719,25.38,0,1008
2024,9,24,17,0,30.700000000000003,1.4000000000000001,820,20.67,0,1008
2024,9,24,18,0,33.6,1.75,893,17,0,1008
2024,9,24,19,0,36.5,1.77,921,13.09,0,1008
2024,9,24,20,0,39,1.78,928,10.09,0,1007
2024,9,24,21,0,40.300000000000004,1.52,910,8.96,0,1006
2024,9,24,22,0,40.5,1.52,884,8.790000000000001,0,1005
2024,9,24,23,0,40,1.53,827,9.16,0,1005
2024,9,25,0,0,38.5,1.54,721,10.39,0,1004
2024,9,25,1,0,34,1.55,505,15.22,0,1005
2024,9,25,2,0,29.200000000000003,1.57,0,23.84,0,1005
2024,9,25,3,0,26,1.58,0,33.94,0,1006
2024,9,25,4,0,23.8,1.59,0,42.77,0,1006
2024,9,25,5,0,22.3,1.61,0,49.51,0,1006
2024,9,25,6,0,21,1.6300000000000001,0,55.61,0,1006
2024,9,25,7,0,19.900000000000002,1.6400000000000001,0,61.01,0,1006
2024,9,25,8,0,19,1.6600000000000001,0,65.91,0,1007
2024,9,25,9,0,18.3,1.67,0,69.07000000000001,0,1007
2024,9,25,10,0,17.8,1.69,0,70.71000000000001,0,1007
2024,9,25,11,0,17.3,1.7,0,72.57000000000001,0,1007
2024,9,25,12,0,16.8,1.7,0,74.91,0,1007
2024,9,25,13,0,16.400000000000002,1.67,0,77.2,0,1007
2024,9,25,14,0,16.400000000000002,1.6400000000000001,0,77.53,0,1008
2024,9,25,15,0,18.2,1.6,489,68.21000000000001,0,1008
2024,9,25,16,0,20.900000000000002,1.58,702,55.21,0,1009
2024,9,25,17,0,23.700000000000003,1.56,809,44.13,0,1009
2024,9,25,18,0,26.5,1.9000000000000001,889,34.44,0,1009
2024,9,25,19,0,28.8,1.85,916,27.17,0,1008
2024,9,25,20,0,30.3,1.79,926,23.06,0,1008
2024,9,25,21,0,30.8,1.26,894,21.61,0,1007
2024,9,25,22,0,30.400000000000002,1.16,861,21.98,0,1007
2024,9,25,23,0,29,1.09,803,24.34,0,1007
2024,9,26,0,0,27,1.05,705,28.22,0,1007
2024,9,26,1,0,24,1.05,494,35.89,0,1007
2024,9,26,2,0,20.700000000000003,1.09,0,48.18,0,1008
2024,9,26,3,0,18.7,1.1300000000000001,0,58.68,0,1009
2024,9,26,4,0,17.5,1.17,0,66.51,0,1009
2024,9,26,5,0,16.5,1.2,0,73.57000000000001,0,1009
2024,9,26,6,0,15.8,1.23,0,79,0,1009
2024,9,26,7,0,15.3,1.25,0,82.97,0,1009
2024,9,26,8,0,15,1.27,0,85.44,0,1009
2024,9,26,9,0,14.600000000000001,1.29,0,88.96000000000001,0,1009
2024,9,26,10,0,13.8,1.32,0,94.65,0,1009
2024,9,26,11,0,13.200000000000001,1.35,0,98.01,0,1009
2024,9,26,12,0,12.8,1.3800000000000001,0,99.91,0,1009
2024,9,26,13,0,12.5,1.3900000000000001,0,100,0,1010
2024,9,26,14,0,13.200000000000001,1.4000000000000001,0,96.41,0,1010
2024,9,26,15,0,15.8,1.41,536,81.99,0,1011
2024,9,26,16,0,18.8,1.43,743,68.41,0,1011
2024,9,26,17,0,22.200000000000003,1.45,845,54.04,0,1012
2024,9,26,18,0,25.5,1.74,911,40.74,0,1012
2024,9,26,19,0,28.5,1.71,936,30.490000000000002,0,1011
2024,9,26,20,0,31,1.69,947,23.17,0,1011
2024,9,26,21,0,33.300000000000004,1.61,937,17,0,1010
2024,9,26,22,0,34.4,1.59,911,14.14,0,1010
2024,9,26,23,0,34.300000000000004,1.58,864,13.49,0,1009
2024,9,27,0,0,33.2,1.54,767,14.280000000000001,0,1009
2024,9,27,1,0,29,1.54,559,19.990000000000002,0,1009
2024,9,27,2,0,24.6,1.53,0,31.21,0,1010
2024,9,27,3,0,22.700000000000003,1.5,0,41.95,0,1010
2024,9,27,4,0,21.1,1.48,0,50.11,0,1011
2024,9,27,5,0,19.900000000000002,1.46,0,55.2,0,1011
2024,9,27,6,0,19,1.46,0,58.300000000000004,0,1011
2024,9,27,7,0,18.5,1.47,0,59.57,0,1011
2024,9,27,8,0,18.5,1.49,0,58.57,0,1011
2024,9,27,9,0,18.8,1.51,0,56.1,0,1010
2024,9,27,10,0,19,1.54,0,53.9,0,1010
2024,9,27,11,0,18.900000000000002,1.58,0,52.13,0,1010
2024,9,27,12,0,18.5,1.62,0,50.74,0,1010
2024,9,27,13,0,17.6,1.6600000000000001,0,50.230000000000004,0,1010
2024,9,27,14,0,17.2,1.7,0,47.79,0,1011
2024,9,27,15,0,21.1,1.74,593,35.42,0,1011
2024,9,27,16,0,24.1,1.77,788,28.7,0,1011
2024,9,27,17,0,27.900000000000002,1.79,881,21.71,0,1011
2024,9,27,18,0,31.200000000000003,1.97,932,16.5,0,1011
2024,9,27,19,0,34.4,1.97,957,12.24,0,1010
2024,9,27,20,0,36.4,1.95,970,9.99,0,1009
2024,9,27,21,0,37.7,1.6300000000000001,956,8.21,0,1008
2024,9,27,22,0,38.300000000000004,1.6,931,7.1000000000000005,0,1007
2024,9,27,23,0,38.1,1.57,880,6.72,0,1007
2024,9,28,0,0,36.7,1.54,782,7.22,0,1006
2024,9,28,1,0,31.6,1.52,576,10.63,0,1006
2024,9,28,2,0,27.400000000000002,1.52,0,14.26,0,1007
2024,9,28,3,0,25.6,1.51,0,18.1,0,1007
2024,9,28,4,0,24.3,1.52,0,22.59,0,1007
2024,9,28,5,0,23.200000000000003,1.53,0,27.13,0,1007
2024,9,28,6,0,22.200000000000003,1.54,0,31.09,0,1007
2024,9,28,7,0,21.400000000000002,1.55,0,34,0,1007
2024,9,28,8,0,20.8,1.57,0,35.86,0,1007
2024,9,28,9,0,20.1,1.6,0,38.26,0,1007
2024,9,28,10,0,19.400000000000002,1.62,0,40.95,0,1007
2024,9,28,11,0,18.7,1.6400000000000001,0,43.76,0,1007
2024,9,28,12,0,17.900000000000002,1.6600000000000001,0,46.7,0,1007
2024,9,28,13,0,17.3,1.68,0,48.84,0,1008
2024,9,28,14,0,17.3,1.7,0,48.660000000000004,0,1008
2024,9,28,15,0,21.1,1.71,582,37.96,0,1008
2024,9,28,16,0,24.1,1.72,781,31.38,0,1009
2024,9,28,17,0,28.400000000000002,1.71,870,23.28,0,1009
2024,9,28,18,0,32.4,1.86,923,14.61,0,1009
2024,9,28,19,0,35.1,1.83,944,10.53,0,1009
2024,9,28,20,0,36.7,1.8,947,8.870000000000001,0,1008
2024,9,28,21,0,37.300000000000004,1.48,930,8.61,0,1008
2024,9,28,22,0,36.9,1.42,896,9.47,0,1007
2024,9,28,23,0,35.4,1.3800000000000001,839,11.58,0,1007
2024,9,29,0,0,32.7,1.27,724,15.780000000000001,0,1007
2024,9,29,1,0,28,1.22,488,24.75,0,1008
2024,9,29,2,0,23.3,1.18,0,38.2,0,1008
2024,9,29,3,0,20.5,1.17,0,49.96,0,1009
2024,9,29,4,0,18.8,1.1500000000000001,0,58.47,0,1009
2024,9,29,5,0,17.5,1.1400000000000001,0,66.37,0,1010
2024,9,29,6,0,16.3,1.12,0,74.43,0,1010
2024,9,29,7,0,15.4,1.1,0,80.9,0,1010
2024,9,29,8,0,14.600000000000001,1.07,0,86.57000000000001,0,1011
2024,9,29,9,0,14.100000000000001,1.06,0,89.5,0,1011
2024,9,29,10,0,13.700000000000001,1.07,0,91.43,0,1011
2024,9,29,11,0,13.3,1.09,0,93.21000000000001,0,1011
2024,9,29,12,0,13,1.09,0,94.07000000000001,0,1011
2024,9,29,13,0,12.700000000000001,1.1,0,95.18,0,1012
2024,9,29,14,0,13,1.12,0,92.93,0,1012
2024,9,29,15,0,15.3,1.1500000000000001,505,80.46000000000001,0,1013
2024,9,29,16,0,18.5,1.19,734,65.43,0,1013
2024,9,29,17,0,21.900000000000002,1.22,840,51.870000000000005,0,1013
2024,9,29,18,0,25.3,1.51,909,39.730000000000004,0,1013
2024,9,29,19,0,28.6,1.52,943,28.93,0,1012
2024,9,29,20,0,31.400000000000002,1.53,948,20.95,0,1012
2024,9,29,21,0,33.4,1.56,941,15.64,0,1011
2024,9,29,22,0,34.5,1.54,915,12.700000000000001,0,1010
2024,9,29,23,0,34.4,1.52,864,11.82,0,1010
2024,9,30,0,0,33.4,1.5,762,12.23,0,1009
2024,9,30,1,0,29.200000000000003,1.49,539,16.73,0,1009
2024,9,30,2,0,25,1.46,0,23.47,0,1010
2024,9,30,3,0,23,1.42,0,30.85,0,1011
2024,9,30,4,0,21.3,1.4000000000000001,0,39.32,0,1011
2024,9,30,5,0,19.900000000000002,1.4000000000000001,0,47.13,0,1011
2024,9,30,6,0,18.900000000000002,1.4000000000000001,0,52.410000000000004,0,1011
2024,9,30,7,0,18.3,1.43,0,54.31,0,1011
2024,9,30,8,0,18.2,1.48,0,51.42,0,1011
2024,9,30,9,0,18.400000000000002,1.54,0,44.17,0,1011
2024,9,30,10,0,18.2,1.6,0,35.12,0,1011
2024,9,30,11,0,17.8,1.62,0,28.7,0,1011
2024,9,30,12,0,17.400000000000002,1.62,0,26.04,0,1011
2024,9,30,13,0,17,1.62,0,25.650000000000002,0,1012
2024,9,30,14,0,17,1.61,0,26.17,0,1012
2024,9,30,15,0,19.700000000000003,1.58,574,23.66,0,1012
2024,9,30,16,0,23.1,1.56,773,21.61,0,1013
2024,9,30,17,0,27,1.54,867,18.92,0,1013
2024,9,30,18,0,30.6,1.96,930,16.1,0,1013
2024,9,30,19,0,33,1.97,958,14.120000000000001,0,1012
2024,9,30,20,0,34.800000000000004,1.99,965,12.65,0,1012
2024,9,30,21,0,36.2,1.12,926,11.200000000000001,0,1011
2024,9,30,22,0,37,1.17,893,10,0,1010
2024,9,30,23,0,36.800000000000004,1.23,832,9.63,0,1010
2024,10,1,0,0,35.5,0.93,694,10.4,0,1010
2024,10,1,1,0,31.8,0.98,433,13.43,0,1010
2024,10,1,2,0,29,1.01,0,15.610000000000001,0,1010
2024,10,1,3,0,27.5,1.03,0,17.26,0,1011
2024,10,1,4,0,26.6,1.06,0,18.34,0,1011
2024,10,1,5,0,26,1.09,0,19.400000000000002,0,1012
2024,10,1,6,0,25.400000000000002,1.11,0,20.47,0,1012
2024,10,1,7,0,24.200000000000003,1.1300000000000001,0,22.22,0,1012
2024,10,1,8,0,22.5,1.1400000000000001,0,24.77,0,1012
2024,10,1,9,0,21.1,1.16,0,27.42,0,1012
2024,10,1,10,0,20.200000000000003,1.21,0,29.71,0,1013
2024,10,1,11,0,19.6,1.26,0,31.42,0,1013
2024,10,1,12,0,19.1,1.31,0,32.96,0,1013
2024,10,1,13,0,18.6,1.37,0,34.550000000000004,0,1014
2024,10,1,14,0,18.900000000000002,1.44,0,34.32,0,1014
2024,10,1,15,0,23,1.51,473,26.990000000000002,0,1014
2024,10,1,16,0,26.200000000000003,1.57,684,22.5,0,1015
2024,10,1,17,0,30.1,1.62,778,17.650000000000002,0,1015
2024,10,1,18,0,33.300000000000004,1.83,873,14.48,0,1015
2024,10,1,19,0,35.9,1.84,897,12.44,0,1014
2024,10,1,20,0,38.1,1.85,903,10.81,0,1014
2024,10,1,21,0,40,1.72,886,9.08,0,1013
2024,10,1,22,0,41.6,1.67,857,7.2,0,1012
2024,10,1,23,0,41.6,1.6400000000000001,798,6.94,0,1011
2024,10,2,0,0,40.1,1.6,690,8.71,0,1011
2024,10,2,1,0,37.1,1.57,452,10.42,0,1011
2024,10,2,2,0,33.7,1.54,0,12.57,0,1011
2024,10,2,3,0,32.5,1.52,0,13.86,0,1011
2024,10,2,4,0,31.3,1.51,0,15.11,0,1011
2024,10,2,5,0,29.900000000000002,1.51,0,16.77,0,1012
2024,10,2,6,0,28.8,1.5,0,18.56,0,1012
2024,10,2,7,0,27.5,1.49,0,21.1,0,1012
2024,10,2,8,0,26.200000000000003,1.49,0,23.86,0,1012
2024,10,2,9,0,25.1,1.49,0,26,0,1012
2024,10,2,10,0,24.3,1.49,0,26.900000000000002,0,1011
2024,10,2,11,0,23.400000000000002,1.5,0,27.22,0,1011
2024,10,2,12,0,22.5,1.51,0,27.060000000000002,0,1011
2024,10,2,13,0,22.1,1.51,0,26.34,0,1011
2024,10,2,14,0,22.3,1.51,0,25.07,0,1011
2024,10,2,15,0,25.8,1.5,527,20.18,0,1012
2024,10,2,16,0,29.5,1.49,742,16.67,0,1012
2024,10,2,17,0,32.800000000000004,1.48,842,14.120000000000001,0,1012
2024,10,2,18,0,35.800000000000004,1.68,903,11.58,0,1012
2024,10,2,19,0,38.6,1.6500000000000001,930,9.34,0,1011
2024,10,2,20,0,41.2,1.6300000000000001,939,7.66,0,1010
2024,10,2,21,0,42.400000000000006,1.19,918,7.17,0,1009
2024,10,2,22,0,42.6,1.16,889,7.23,0,1008
2024,10,2,23,0,42.1,1.1400000000000001,833,7.58,0,1007
2024,10,3,0,0,40.300000000000004,1.1300000000000001,726,8.72,0,1007
2024,10,3,1,0,34.6,1.1300000000000001,486,12.74,0,1007
2024,10,3,2,0,30.700000000000003,1.1500000000000001,0,16.61,0,1007
2024,10,3,3,0,28.900000000000002,1.19,0,18.900000000000002,0,1007
2024,10,3,4,0,27.400000000000002,1.23,0,20.16,0,1008
2024,10,3,5,0,26.200000000000003,1.28,0,20.88,0,1008
2024,10,3,6,0,25.5,1.31,0,21.240000000000002,0,1008
2024,10,3,7,0,24.900000000000002,1.32,0,22.04,0,1008
2024,10,3,8,0,24.3,1.32,0,23.43,0,1008
2024,10,3,9,0,23.3,1.32,0,25.84,0,1007
2024,10,3,10,0,22.400000000000002,1.32,0,28.42,0,1007
2024,10,3,11,0,21.700000000000003,1.32,0,30.740000000000002,0,1007
2024,10,3,12,0,21.200000000000003,1.32,0,32.65,0,1007
2024,10,3,13,0,20.6,1.33,0,34.53,0,1007
2024,10,3,14,0,20.400000000000002,1.33,0,35.18,0,1007
2024,10,3,15,0,23.700000000000003,1.35,554,29,0,1008
2024,10,3,16,0,26.6,1.37,768,24.73,0,1008
2024,10,3,17,0,30.6,1.3800000000000001,870,19.66,0,1008
2024,10,3,18,0,34.800000000000004,1.59,932,13.780000000000001,0,1008
2024,10,3,19,0,38.5,1.56,955,8.85,0,1008
2024,10,3,20,0,40.5,1.52,962,6.66,0,1007
2024,10,3,21,0,41.2,1.32,947,5.8,0,1006
2024,10,3,22,0,41,1.25,917,5.5600000000000005,0,1006
2024,10,3,23,0,39.900000000000006,1.23,862,5.67,0,1006
2024,10,4,0,0,37.800000000000004,1.3,759,6.3100000000000005,0,1006
2024,10,4,1,0,32,1.26,513,9.46,0,1006
2024,10,4,2,0,27.700000000000003,1.23,0,13.98,0,1007
2024,10,4,3,0,26,1.2,0,18.66,0,1007
2024,10,4,4,0,24.6,1.18,0,23.580000000000002,0,1008
2024,10,4,5,0,23.400000000000002,1.19,0,27.34,0,1008
2024,10,4,6,0,22.5,1.23,0,29.89,0,1008
2024,10,4,7,0,21.700000000000003,1.26,0,31.12,0,1008
2024,10,4,8,0,21,1.28,0,31.36,0,1008
2024,10,4,9,0,20.5,1.3,0,30.85,0,1009
2024,10,4,10,0,20,1.32,0,29.86,0,1008
2024,10,4,11,0,19.6,1.34,0,29.1,0,1009
2024,10,4,12,0,19.200000000000003,1.34,0,29.62,0,1009
2024,10,4,13,0,18.8,1.33,0,32.82,0,1010
2024,10,4,14,0,19,1.29,0,36.49,0,1010
2024,10,4,15,0,21.900000000000002,1.25,484,33.660000000000004,0,1011
2024,10,4,16,0,24.900000000000002,1.24,721,28.59,0,1012
2024,10,4,17,0,29.200000000000003,1.25,825,17.240000000000002,0,1012
2024,10,4,18,0,33.1,1.37,612,11.450000000000001,0,1012
2024,10,4,19,0,36.7,1.41,158,7.05,0,1012
2024,10,4,20,0,39,1.46,430,5.74,0,1012
2024,10,4,21,0,40,1.56,428,6.07,0,1011
2024,10,4,22,0,40.2,1.59,855,6.82,0,1011
2024,10,4,23,0,39.5,1.6,801,7.78,0,1011
2024,10,5,0,0,37.800000000000004,1.59,691,9.24,0,1011
2024,10,5,1,0,32.5,1.58,443,13.3,0,1011
2024,10,5,2,0,28.8,1.57,0,17.240000000000002,0,1011
2024,10,5,3,0,27.3,1.56,0,19.61,0,1011
2024,10,5,4,0,26.200000000000003,1.55,0,21.5,0,1012
2024,10,5,5,0,25.400000000000002,1.54,0,22.95,0,1012
2024,10,5,6,0,24.900000000000002,1.53,0,23.81,0,1013
2024,10,5,7,0,24.6,1.53,0,23.900000000000002,0,1013
2024,10,5,8,0,24.1,1.53,0,23.73,0,1013
2024,10,5,9,0,23.400000000000002,1.53,0,23.57,0,1013
2024,10,5,10,0,22.700000000000003,1.54,0,23.09,0,1013
2024,10,5,11,0,22.1,1.55,0,22.07,0,1013
2024,10,5,12,0,21.8,1.55,0,20.77,0,1013
2024,10,5,13,0,21.6,1.55,0,20.19,0,1014
2024,10,5,14,0,21.400000000000002,1.56,0,20.82,0,1014
2024,10,5,15,0,24.1,1.56,471,19.06,0,1015
2024,10,5,16,0,27.6,1.56,703,17.91,0,1015
2024,10,5,17,0,31.3,1.55,811,17.05,0,1015
2024,10,5,18,0,34.5,1.6500000000000001,874,15.09,0,1015
2024,10,5,19,0,37.6,1.6300000000000001,897,11.700000000000001,0,1014
2024,10,5,20,0,39.300000000000004,1.62,897,9.98,0,1014
2024,10,5,21,0,40.1,1.62,884,9.06,0,1013
2024,10,5,22,0,40.300000000000004,1.6300000000000001,854,8.61,0,1013
2024,10,5,23,0,39.800000000000004,1.6400000000000001,791,8.65,0,1012
2024,10,6,0,0,38.2,1.6400000000000001,675,9.65,0,1012
2024,10,6,1,0,34.300000000000004,1.6500000000000001,414,12.72,0,1012
2024,10,6,2,0,32.800000000000004,1.6500000000000001,0,14.15,0,1012
2024,10,6,3,0,31.5,1.6400000000000001,0,15.790000000000001,0,1013
2024,10,6,4,0,29.700000000000003,1.6400000000000001,0,17.97,0,1013
2024,10,6,5,0,28.400000000000002,1.6400000000000001,0,19.830000000000002,0,1013
2024,10,6,6,0,27.8,1.6400000000000001,0,20.84,0,1013
2024,10,6,7,0,26.8,1.6400000000000001,0,22.240000000000002,0,1013
2024,10,6,8,0,25.6,1.6400000000000001,0,23.95,0,1013
2024,10,6,9,0,24,1.6400000000000001,0,26.57,0,1013
2024,10,6,10,0,22.700000000000003,1.6400000000000001,0,29.2,0,1013
2024,10,6,11,0,22.200000000000003,1.6400000000000001,0,30.490000000000002,0,1013
2024,10,6,12,0,21.6,1.6400000000000001,0,31.51,0,1013
2024,10,6,13,0,21.1,1.6300000000000001,0,32.08,0,1013
2024,10,6,14,0,21,1.61,0,31.830000000000002,0,1013
2024,10,6,15,0,24.400000000000002,1.58,0,25.79,0,1014
2024,10,6,16,0,27.5,1.53,132,21.57,0,1014
2024,10,6,17,0,31,1.48,781,17.39,0,1014
2024,10,6,18,0,34,1.41,876,14.35,0,1014
2024,10,6,19,0,36.7,1.42,902,11.84,0,1014
2024,10,6,20,0,39.5,1.45,914,9.120000000000001,0,1013
2024,10,6,21,0,40.7,1.47,911,8.08,0,1012
2024,10,6,22,0,40.900000000000006,1.49,885,7.76,0,1011
2024,10,6,23,0,40.300000000000004,1.48,497,7.9,0,1011
2024,10,7,0,0,38.2,1.48,710,9.13,0,1011
2024,10,7,1,0,33.6,1.48,446,12.540000000000001,0,1011
2024,10,7,2,0,31.400000000000002,1.48,0,14.66,0,1011
2024,10,7,3,0,30.400000000000002,1.48,0,15.84,0,1011
2024,10,7,4,0,29.900000000000002,1.48,0,16.34,0,1012
2024,10,7,5,0,29.700000000000003,1.48,0,16.61,0,1012
2024,10,7,6,0,29.5,1.47,0,16.93,0,1012
2024,10,7,7,0,29.200000000000003,1.48,0,17.3,0,1011
2024,10,7,8,0,27.900000000000002,1.47,0,18.77,0,1011
2024,10,7,9,0,26.1,1.47,0,21.240000000000002,0,1011
2024,10,7,10,0,24.200000000000003,1.48,0,24.55,0,1011
2024,10,7,11,0,23.3,1.48,0,27.150000000000002,0,1011
2024,10,7,12,0,22.700000000000003,1.49,0,29.72,0,1011
2024,10,7,13,0,22.1,1.49,0,32.21,0,1011
2024,10,7,14,0,21.900000000000002,1.5,0,34.03,0,1011
2024,10,7,15,0,24.5,1.5,494,30.29,0,1012
2024,10,7,16,0,27.700000000000003,1.5,719,25.26,0,1012
2024,10,7,17,0,31.5,1.5,823,19.36,0,1012
2024,10,7,18,0,34.9,1.52,877,14.98,0,1012
2024,10,7,19,0,37.800000000000004,1.52,903,11.68,0,1011
2024,10,7,20,0,39.900000000000006,1.53,913,9.94,0,1010
2024,10,7,21,0,40.6,1.2,880,9.55,0,1009
2024,10,7,22,0,40.6,1.21,851,9.58,0,1008
2024,10,7,23,0,39.900000000000006,1.21,790,9.950000000000001,0,1008
2024,10,8,0,0,38.300000000000004,1.21,668,11.040000000000001,0,1007
2024,10,8,1,0,34,1.21,388,14.58,0,1007
2024,10,8,2,0,31.3,1.22,0,17.36,0,1008
2024,10,8,3,0,29.8,1.25,0,19.34,0,1008
2024,10,8,4,0,29,1.29,0,20.45,0,1008
2024,10,8,5,0,28.5,1.32,0,21.18,0,1008
2024,10,8,6,0,28.1,1.35,0,21.7,0,1008
2024,10,8,7,0,27.5,1.37,0,22.42,0,1008
2024,10,8,8,0,26.6,1.4000000000000001,0,23.64,0,1008
2024,10,8,9,0,25.3,1.42,0,25.91,0,1008
2024,10,8,10,0,24.1,1.44,0,28.310000000000002,0,1008
2024,10,8,11,0,23.1,1.45,0,30.080000000000002,0,1008
2024,10,8,12,0,22.200000000000003,1.46,0,31.240000000000002,0,1008
2024,10,8,13,0,21.5,1.46,0,31.73,0,1008
2024,10,8,14,0,21.1,1.45,0,31.66,0,1009
2024,10,8,15,0,24.200000000000003,1.44,1,25.92,0,1009
2024,10,8,16,0,27.200000000000003,1.44,728,21.89,0,1010
2024,10,8,17,0,30.700000000000003,1.44,835,17.7,0,1010
2024,10,8,18,0,34,1.5,899,13.98,0,1010
2024,10,8,19,0,37.5,1.49,930,10.52,0,1009
2024,10,8,20,0,39.2,1.46,937,9.19,0,1008
2024,10,8,21,0,39.800000000000004,1.25,918,8.77,0,1008
2024,10,8,22,0,39.5,1.22,520,9,0,1007
2024,10,8,23,0,38.5,1.19,819,9.75,0,1007
2024,10,9,0,0,36.5,1.24,704,11.3,0,1007
2024,10,9,1,0,31.700000000000003,1.19,423,15.860000000000001,0,1008
2024,10,9,2,0,27.900000000000002,1.18,0,21.82,0,1008
2024,10,9,3,0,25.900000000000002,1.19,0,26.580000000000002,0,1008
2024,10,9,4,0,24.3,1.2,0,31.3,0,1009
2024,10,9,5,0,22.700000000000003,1.22,0,37.79,0,1009
2024,10,9,6,0,21.1,1.22,0,46.09,0,1010
2024,10,9,7,0,19.700000000000003,1.22,0,54.08,0,1010
2024,10,9,8,0,18.6,1.21,0,60.84,0,1010
2024,10,9,9,0,17.6,1.2,0,68.48,0,1010
2024,10,9,10,0,16.7,1.19,0,76.41,0,1010
2024,10,9,11,0,16.1,1.18,0,81.42,0,1010
2024,10,9,12,0,15.700000000000001,1.19,0,84.48,0,1011
2024,10,9,13,0,15.4,1.21,0,86.66,0,1011
2024,10,9,14,0,15.4,1.24,0,86.66,0,1011
2024,10,9,15,0,17.1,1.26,500,77.74,0,1012
2024,10,9,16,0,19.6,1.31,733,66.23,0,1013
2024,10,9,17,0,23.400000000000002,1.35,836,48.19,0,1013
2024,10,9,18,0,27.1,1.29,363,33,0,1013
2024,10,9,19,0,30,1.31,913,24.73,0,1013
2024,10,9,20,0,32.4,1.32,398,19.66,0,1012
2024,10,9,21,0,34.5,1.24,496,15.51,0,1011
2024,10,9,22,0,35.1,1.24,544,13.780000000000001,0,1011
2024,10,9,23,0,34.5,1.23,439,13.780000000000001,0,1011
2024,10,10,0,0,32.2,1.21,273,16.52,0,1010
2024,10,10,1,0,28.200000000000003,1.18,369,24.27,0,1011
2024,10,10,2,0,24.5,1.1500000000000001,0,36.59,0,1011
2024,10,10,3,0,22.200000000000003,1.12,0,47.550000000000004,0,1012
2024,10,10,4,0,21,1.11,0,54.13,0,1012
2024,10,10,5,0,19.900000000000002,1.09,0,60.28,0,1012
2024,10,10,6,0,19,1.08,0,66.02,0,1013
2024,10,10,7,0,18.6,1.07,0,69.49,0,1013
2024,10,10,8,0,18.2,1.06,0,72.55,0,1013
2024,10,10,9,0,17.8,1.05,0,75.53,0,1013
2024,10,10,10,0,17,1.02,0,80.58,0,1013
2024,10,10,11,0,16.2,0.99,0,85.29,0,1013
2024,10,10,12,0,16.1,0.99,0,85.46000000000001,0,1013
2024,10,10,13,0,16.1,1,0,84.92,0,1014
2024,10,10,14,0,15.5,1.02,0,87.15,0,1014
2024,10,10,15,0,17.1,1.05,471,78.09,0,1014
2024,10,10,16,0,19.700000000000003,1.08,712,65.96000000000001,0,1015
2024,10,10,17,0,22.6,1.11,820,54.13,0,1015
2024,10,10,18,0,25,1.1300000000000001,893,45.39,0,1015
2024,10,10,19,0,27,1.16,914,38.59,0,1015
2024,10,10,20,0,28.700000000000003,1.19,609,32.730000000000004,0,1014
2024,10,10,21,0,30,1.2,161,28.23,0,1014
2024,10,10,22,0,30.900000000000002,1.23,443,24.98,0,1014
2024,10,10,23,0,31.1,1.25,243,23.3,0,1013
2024,10,11,0,0,30.200000000000003,1.26,694,23.84,0,1013
2024,10,11,1,0,25.8,1.25,409,31.73,0,1013
2024,10,11,2,0,22.900000000000002,1.22,0,39.34,0,1013
2024,10,11,3,0,20.700000000000003,1.18,0,45.92,0,1014
2024,10,11,4,0,18.900000000000002,1.1400000000000001,0,51.72,0,1014
2024,10,11,5,0,17.6,1.12,0,58.53,0,1014
2024,10,11,6,0,16.5,1.11,0,67.06,0,1014
2024,10,11,7,0,15.700000000000001,1.09,0,74.88,0,1014
2024,10,11,8,0,14.8,1.06,0,82.93,0,1014
2024,10,11,9,0,14.200000000000001,1.07,0,87.38,0,1014
2024,10,11,10,0,13.700000000000001,1.12,0,89.21000000000001,0,1014
2024,10,11,11,0,13.3,1.1500000000000001,0,90.32000000000001,0,1014
2024,10,11,12,0,13.100000000000001,1.17,0,90.66,0,1014
2024,10,11,13,0,13.3,1.19,0,88.94,0,1014
2024,10,11,14,0,13.4,1.21,0,87.79,0,1014
2024,10,11,15,0,14.600000000000001,1.24,502,80.82000000000001,0,1015
2024,10,11,16,0,17.5,1.27,759,63.03,0,1015
2024,10,11,17,0,21.400000000000002,1.28,869,42.81,0,1015
2024,10,11,18,0,24.8,1.27,378,29.240000000000002,0,1016
2024,10,11,19,0,27.5,1.26,944,21.93,0,1015
2024,10,11,20,0,29.200000000000003,1.26,951,18.95,0,1015
2024,10,11,21,0,30.1,1.25,940,17.47,0,1014
2024,10,11,22,0,30,1.24,912,17.66,0,1014
2024,10,11,23,0,28.700000000000003,1.22,486,20,0,1014
2024,10,12,0,0,26,1.22,717,26.12,0,1014
2024,10,12,1,0,22.700000000000003,1.23,41,36.87,0,1015
2024,10,12,2,0,20.1,1.27,0,47.78,0,1015
2024,10,12,3,0,18.400000000000002,1.31,0,55.42,0,1016
2024,10,12,4,0,17.400000000000002,1.34,0,60.03,0,1016
2024,10,12,5,0,16.7,1.3800000000000001,0,64.36,0,1016
2024,10,12,6,0,16.3,1.41,0,68.72,0,1016
2024,10,12,7,0,15.9,1.43,0,74.33,0,1017
2024,10,12,8,0,15.5,1.45,0,79.58,0,1017
2024,10,12,9,0,15.100000000000001,1.45,0,84.55,0,1017
2024,10,12,10,0,14.5,1.44,0,90.33,0,1017
2024,10,12,11,0,14.100000000000001,1.43,0,94.12,0,1017
2024,10,12,12,0,13.700000000000001,1.41,0,97.68,0,1018
2024,10,12,13,0,13.5,1.4000000000000001,0,99.39,0,1018
2024,10,12,14,0,13.600000000000001,1.3800000000000001,0,99.31,0,1018
2024,10,12,15,0,16,1.35,461,88.60000000000001,0,1018
2024,10,12,16,0,18.7,1.31,695,77.77,0,1019
2024,10,12,17,0,21.5,1.28,800,65.87,0,1019
2024,10,12,18,0,24.200000000000003,1.26,844,56.14,0,1019
2024,10,12,19,0,26.400000000000002,1.25,868,49.75,0,1019
2024,10,12,20,0,27.6,1.23,1,46.87,0,1018
2024,10,12,21,0,27.900000000000002,1.22,1,47.03,0,1017
2024,10,12,22,0,27.5,1.22,832,49.17,0,1017
2024,10,12,23,0,26.700000000000003,1.22,770,52.410000000000004,0,1017
2024,10,13,0,0,25.400000000000002,1.22,645,57.31,0,1017
2024,10,13,1,0,23.200000000000003,1.23,349,66.7,0,1017
2024,10,13,2,0,21,1.23,0,78.23,0,1017
2024,10,13,3,0,20,1.23,0,83.57000000000001,0,1018
2024,10,13,4,0,19.200000000000003,1.23,0,86.8,0,1018
2024,10,13,5,0,18.400000000000002,1.24,0,90.13,0,1018
2024,10,13,6,0,17.8,1.25,0,92.46000000000001,0,1018
2024,10,13,7,0,17.3,1.26,0,94.22,0,1017
2024,10,13,8,0,16.900000000000002,1.26,0,95.58,0,1017
2024,10,13,9,0,16.6,1.28,0,96.24000000000001,0,1017
2024,10,13,10,0,16.400000000000002,1.3,0,96.36,0,1017
2024,10,13,11,0,16.2,1.32,0,96.55,0,1017
2024,10,13,12,0,16,1.33,0,96.68,0,1017
2024,10,13,13,0,15.9,1.35,0,96.15,0,1017
2024,10,13,14,0,15.9,1.37,0,95.04,0,1017
2024,10,13,15,0,18.400000000000002,1.3800000000000001,462,82.3,0,1017
2024,10,13,16,0,21.1,1.4000000000000001,704,71.9,0,1017
2024,10,13,17,0,24.1,1.42,815,59.81,0,1017
2024,10,13,18,0,26.6,1.43,876,49.08,0,1017
2024,10,13,19,0,28.6,1.45,906,39.230000000000004,0,1016
2024,10,13,20,0,29.900000000000002,1.46,915,32.9,0,1015
2024,10,13,21,0,30.6,1.45,893,29.580000000000002,0,1014
2024,10,13,22,0,30.700000000000003,1.46,860,28.42,0,1014
2024,10,13,23,0,30.400000000000002,1.45,792,28.6,0,1014
2024,10,14,0,0,29.3,1.44,661,30.91,0,1014
2024,10,14,1,0,25.900000000000002,1.43,352,39.26,0,1014
2024,10,14,2,0,23.400000000000002,1.41,0,48.550000000000004,0,1015
2024,10,14,3,0,21.8,1.3900000000000001,0,57,0,1015
2024,10,14,4,0,20.200000000000003,1.3800000000000001,0,65.05,0,1016
2024,10,14,5,0,19.3,1.37,0,69.85000000000001,0,1016
2024,10,14,6,0,18.6,1.37,0,73.32000000000001,0,1016
2024,10,14,7,0,18,1.37,0,75.76,0,1016
2024,10,14,8,0,17.400000000000002,1.3800000000000001,0,77.74,0,1016
2024,10,14,9,0,16.8,1.3800000000000001,0,79.73,0,1016
2024,10,14,10,0,16.2,1.3800000000000001,0,82.19,0,1016
2024,10,14,11,0,15.600000000000001,1.3800000000000001,0,84.71000000000001,0,1016
2024,10,14,12,0,15,1.3800000000000001,0,86.84,0,1016
2024,10,14,13,0,14.5,1.3900000000000001,0,88.28,0,1016
2024,10,14,14,0,14.100000000000001,1.3900000000000001,0,89.26,0,1017
2024,10,14,15,0,15.600000000000001,1.41,478,79.85000000000001,0,1017
2024,10,14,16,0,18.5,1.42,727,66.23,0,1018
2024,10,14,17,0,22.700000000000003,1.43,835,51.68,0,1018
2024,10,14,18,0,27.200000000000003,1.43,890,36.410000000000004,0,1017
2024,10,14,19,0,29.400000000000002,1.45,916,28.96,0,1017
2024,10,14,20,0,30.700000000000003,1.46,926,24.580000000000002,0,1016
2024,10,14,21,0,31.5,1.44,910,21.93,0,1015
2024,10,14,22,0,31.8,1.45,876,20.71,0,1014
2024,10,14,23,0,31.3,1.45,813,20.92,0,1014
2024,10,15,0,0,29.900000000000002,1.44,678,23.3,0,1014
2024,10,15,1,0,25.400000000000002,1.42,358,33.74,0,1015
2024,10,15,2,0,21.8,1.3900000000000001,0,48.92,0,1015
2024,10,15,3,0,19.6,1.36,0,61.26,0,1016
2024,10,15,4,0,18.3,1.36,0,68.98,0,1016
2024,10,15,5,0,17.3,1.35,0,75.33,0,1016
2024,10,15,6,0,16.5,1.35,0,80.71000000000001,0,1016
2024,10,15,7,0,15.8,1.34,0,85.17,0,1016
2024,10,15,8,0,15.100000000000001,1.35,0,89.2,0,1016
2024,10,15,9,0,14.5,1.37,0,92.05,0,1016
2024,10,15,10,0,13.9,1.3900000000000001,0,94.39,0,1016
2024,10,15,11,0,13.5,1.4000000000000001,0,95.19,0,1016
2024,10,15,12,0,13.200000000000001,1.42,0,95.31,0,1016
2024,10,15,13,0,13,1.44,0,94.44,0,1016
2024,10,15,14,0,13,1.46,0,92.03,0,1016
2024,10,15,15,0,15.4,1.48,476,76.76,0,1017
2024,10,15,16,0,18.3,1.5,730,62.04,0,1017
2024,10,15,17,0,22.1,1.51,841,46.03,0,1017
2024,10,15,18,0,25.700000000000003,1.58,906,34.37,0,1016
2024,10,15,19,0,30,1.58,934,20.84,0,1016
2024,10,15,20,0,32.2,1.56,942,15.88,0,1015
2024,10,15,21,0,33,1.45,926,14.38,0,1014
2024,10,15,22,0,33.1,1.43,893,14.32,0,1013
2024,10,15,23,0,32.6,1.4000000000000001,826,15.4,0,1013
2024,10,16,0,0,30.900000000000002,1.31,680,19.09,0,1013
2024,10,16,1,0,25.900000000000002,1.28,344,31.91,0,1013
2024,10,16,2,0,23.1,1.24,0,47.230000000000004,0,1013
2024,10,16,3,0,20.900000000000002,1.22,0,60.410000000000004,0,1013
2024,10,16,4,0,19.700000000000003,1.2,0,67.92,0,1013
2024,10,16,5,0,18.8,1.2,0,73.26,0,1013
2024,10,16,6,0,18.1,1.19,0,77.22,0,1013
2024,10,16,7,0,17.6,1.19,0,79.83,0,1013
2024,10,16,8,0,17.2,1.18,0,81.9,0,1013
2024,10,16,9,0,16.900000000000002,1.18,0,83.23,0,1013
2024,10,16,10,0,16.6,1.18,0,84.81,0,1013
2024,10,16,11,0,16.400000000000002,1.18,0,86.37,0,1012
2024,10,16,12,0,16.3,1.19,0,87.05,0,1012
2024,10,16,13,0,16.3,1.18,0,86.73,0,1013
2024,10,16,14,0,16.3,1.18,0,85.89,0,1013
2024,10,16,15,0,16.5,1.17,1,84.59,0,1013
2024,10,16,16,0,17.400000000000002,1.17,8,79.56,0,1013
2024,10,16,17,0,20.900000000000002,1.18,465,60.51,0,1013
2024,10,16,18,0,25.1,1.19,8,42.300000000000004,0,1013
2024,10,16,19,0,27.700000000000003,1.21,146,34.22,0,1012
2024,10,16,20,0,29,1.22,563,30.48,0,1012
2024,10,16,21,0,29.400000000000002,1.16,884,28.92,0,1011
2024,10,16,22,0,29.200000000000003,1.1300000000000001,849,28.89,0,1010
2024,10,16,23,0,28.400000000000002,1.11,778,30.16,0,1010
2024,10,17,0,0,26.900000000000002,1.11,639,33.05,0,1010
2024,10,17,1,0,24.3,1.11,295,39.37,0,1011
2024,10,17,2,0,21.900000000000002,1.1,0,47.04,0,1011
2024,10,17,3,0,19.900000000000002,1.06,0,55.2,0,1011
2024,10,17,4,0,18.7,1.04,0,61.85,0,1011
2024,10,17,5,0,17.5,1.02,0,68.9,0,1011
2024,10,17,6,0,16.400000000000002,1.02,0,75.27,0,1011
2024,10,17,7,0,15.600000000000001,1.02,0,79.47,0,1011
2024,10,17,8,0,14.9,1.01,0,82.73,0,1010
2024,10,17,9,0,14.3,1,0,85.37,0,1010
2024,10,17,10,0,13.700000000000001,0.99,0,87.99,0,1010
2024,10,17,11,0,13.200000000000001,1,0,89.68,0,1010
2024,10,17,12,0,12.700000000000001,1.05,0,90.53,0,1010
2024,10,17,13,0,12.3,1.09,0,90.61,0,1010
2024,10,17,14,0,12.100000000000001,1.1300000000000001,0,89.25,0,1010
2024,10,17,15,0,14,1.16,438,77.39,0,1011
2024,10,17,16,0,17.400000000000002,1.17,10,54.660000000000004,0,1011
2024,10,17,17,0,20.400000000000002,1.18,822,40.35,0,1011
2024,10,17,18,0,22.6,1.23,895,33.61,0,1011
2024,10,17,19,0,24.3,1.23,932,27.32,0,1011
2024,10,17,20,0,25.400000000000002,1.29,952,21.740000000000002,0,1010
2024,10,17,21,0,25.6,0.88,925,18.47,0,1010
2024,10,17,22,0,25,0.92,905,17.16,0,1010
2024,10,17,23,0,23.900000000000002,0.93,853,17.09,0,1010
2024,10,18,0,0,22.700000000000003,0.93,733,16.73,0,1011
2024,10,18,1,0,21,0.9500000000000001,387,16.32,0,1011
2024,10,18,2,0,19.6,0.92,0,17.04,0,1012
2024,10,18,3,0,18.6,0.89,0,18.52,0,1013
2024,10,18,4,0,17.7,0.88,0,20.330000000000002,0,1014
2024,10,18,5,0,16.6,0.89,0,22.77,0,1015
2024,10,18,6,0,15.600000000000001,0.92,0,25.79,0,1016
2024,10,18,7,0,14.700000000000001,0.96,0,29.67,0,1016
2024,10,18,8,0,14,1,0,33.99,0,1016
2024,10,18,9,0,13.3,1.04,0,38.6,0,1016
2024,10,18,10,0,12.700000000000001,1.09,0,42.27,0,1016
2024,10,18,11,0,12.5,1.1300000000000001,0,43.86,0,1016
2024,10,18,12,0,12.200000000000001,1.18,0,45.63,0,1017
2024,10,18,13,0,11.9,1.21,0,47.34,0,1017
2024,10,18,14,0,11.600000000000001,1.24,0,48.980000000000004,0,1018
2024,10,18,15,0,12.700000000000001,1.27,526,45.7,0,1018
2024,10,18,16,0,15.600000000000001,1.29,782,35.27,0,1019
2024,10,18,17,0,18.900000000000002,1.32,892,24.01,0,1019
2024,10,18,18,0,21.700000000000003,1.41,948,16.81,0,1019
2024,10,18,19,0,23.8,1.41,969,12.58,0,1019
2024,10,18,20,0,25.400000000000002,1.3900000000000001,974,10.1,0,1018
2024,10,18,21,0,26.6,1.01,944,8.41,0,1017
2024,10,18,22,0,27.3,1.07,563,7.34,0,1017
2024,10,18,23,0,27.6,1.1,843,6.54,0,1016
2024,10,19,0,0,26.700000000000003,0.97,695,6.67,0,1016
2024,10,19,1,0,22.5,0.99,4,9.23,0,1017
2024,10,19,2,0,20.3,1.01,0,11.23,0,1017
2024,10,19,3,0,19.3,1.02,0,12.74,0,1018
2024,10,19,4,0,18.7,1.03,0,14.05,0,1018
2024,10,19,5,0,18.3,1.05,0,15.26,0,1018
2024,10,19,6,0,17.7,1.07,0,16.86,0,1018
2024,10,19,7,0,16.900000000000002,1.08,0,19.07,0,1018
2024,10,19,8,0,16.3,1.1,0,21,0,1017
2024,10,19,9,0,16,1.1300000000000001,0,22.52,0,1017
2024,10,19,10,0,15.3,1.17,0,24.86,0,1017
2024,10,19,11,0,14.700000000000001,1.2,0,27.23,0,1018
2024,10,19,12,0,14.100000000000001,1.23,0,29.48,0,1018
2024,10,19,13,0,13.5,1.26,0,31.54,0,1018
2024,10,19,14,0,12.9,1.29,0,33.4,0,1018
2024,10,19,15,0,14.600000000000001,1.31,5,30.11,0,1018
2024,10,19,16,0,17.7,1.33,767,23.05,0,1019
2024,10,19,17,0,21.1,1.34,874,15.72,0,1019
2024,10,19,18,0,23.8,1.49,932,11.53,0,1018
2024,10,19,19,0,26.3,1.51,954,8.89,0,1018
2024,10,19,20,0,28.1,1.53,961,7.46,0,1017
2024,10,19,21,0,29.200000000000003,1.02,926,6.67,0,1016
2024,10,19,22,0,29.6,1.02,891,6.2700000000000005,0,1016
2024,10,19,23,0,29.200000000000003,1.01,825,6.25,0,1015
2024,10,20,0,0,27.1,1,680,9.11,0,1015
2024,10,20,1,0,22.3,0.97,300,12.27,0,1015
2024,10,20,2,0,19.700000000000003,0.9400000000000001,0,14.07,0,1016
2024,10,20,3,0,18.6,0.92,0,15.17,0,1016
2024,10,20,4,0,18,0.91,0,15.780000000000001,0,1016
2024,10,20,5,0,17.7,0.91,0,16.3,0,1017
2024,10,20,6,0,17.2,0.91,0,17.2,0,1017
2024,10,20,7,0,16.400000000000002,0.92,0,18.55,0,1017
2024,10,20,8,0,15.4,0.93,0,20.41,0,1017
2024,10,20,9,0,14.4,0.9400000000000001,0,22.56,0,1017
2024,10,20,10,0,13.700000000000001,0.9500000000000001,0,24.45,0,1018
2024,10,20,11,0,13.5,0.96,0,25.63,0,1018
2024,10,20,12,0,13.5,0.98,0,26.68,0,1018
2024,10,20,13,0,13.200000000000001,0.99,0,28.26,0,1018
2024,10,20,14,0,13.9,1.01,0,27.86,0,1018
2024,10,20,15,0,15.100000000000001,1.02,416,26.76,0,1018
2024,10,20,16,0,18.400000000000002,1.04,709,22.240000000000002,0,1018
2024,10,20,17,0,21.5,1.05,829,17.73,0,1018
2024,10,20,18,0,25.1,1.36,908,12.01,0,1018
2024,10,20,19,0,27.5,1.36,930,9.17,0,1018
2024,10,20,20,0,28.900000000000002,1.36,930,8.01,0,1017
2024,10,20,21,0,29.700000000000003,1.1,898,7.53,0,1016
2024,10,20,22,0,29.900000000000002,1.1,313,7.55,0,1016
2024,10,20,23,0,29.3,1.09,772,8.2,0,1016
2024,10,21,0,0,26.900000000000002,1.26,638,11.33,0,1016
2024,10,21,1,0,22.900000000000002,1.26,8,16.740000000000002,0,1016
2024,10,21,2,0,21.1,1.26,0,22.76,0,1016
2024,10,21,3,0,19.700000000000003,1.26,0,31.76,0,1017
2024,10,21,4,0,18.8,1.22,0,40.99,0,1017
2024,10,21,5,0,18,1.19,0,47.96,0,1017
2024,10,21,6,0,16.900000000000002,1.16,0,54.63,0,1017
2024,10,21,7,0,16.5,1.12,0,57.83,0,1017
2024,10,21,8,0,16.2,1.09,0,60.28,0,1017
2024,10,21,9,0,15.700000000000001,1.06,0,62.15,0,1017
2024,10,21,10,0,14.3,1.03,0,67.67,0,1017
2024,10,21,11,0,13.600000000000001,0.98,0,72.34,0,1017
2024,10,21,12,0,13.100000000000001,0.93,0,78.26,0,1018
2024,10,21,13,0,12.4,0.92,0,85.87,0,1018
2024,10,21,14,0,12,0.92,0,91.32000000000001,0,1018
2024,10,21,15,0,14.3,0.93,389,81.62,0,1019
2024,10,21,16,0,17.400000000000002,0.9400000000000001,679,67.48,0,1019
2024,10,21,17,0,20.6,0.9400000000000001,807,52.15,0,1019
2024,10,21,18,0,23.3,1.1300000000000001,878,40.35,0,1019
2024,10,21,19,0,25.700000000000003,1.1500000000000001,906,30.6,0,1018
2024,10,21,20,0,27.3,1.17,913,24.95,0,1018
2024,10,21,21,0,28,1.18,895,23.45,0,1017
2024,10,21,22,0,27.900000000000002,1.16,853,24.86,0,1017
2024,10,21,23,0,27.1,1.1500000000000001,775,28.5,0,1016
2024,10,22,0,0,25.5,1.1300000000000001,617,34.96,0,1016
2024,10,22,1,0,22.3,1.11,229,47.94,0,1016
2024,10,22,2,0,20.1,1.07,0,60.230000000000004,0,1016
2024,10,22,3,0,18.6,1.05,0,68.19,0,1016
2024,10,22,4,0,17.3,1.04,0,73.16,0,1017
2024,10,22,5,0,16.2,1.05,0,76.06,0,1017
2024,10,22,6,0,15.100000000000001,1.07,0,77.49,0,1017
2024,10,22,7,0,14,1.08,0,79.79,0,1017
2024,10,22,8,0,13,1.08,0,83.55,0,1017
2024,10,22,9,0,12.5,1.09,0,85.98,0,1017
2024,10,22,10,0,12.4,1.1,0,86.55,0,1017
2024,10,22,11,0,12.4,1.12,0,86.71000000000001,0,1017
2024,10,22,12,0,12.3,1.1500000000000001,0,87.64,0,1018
2024,10,22,13,0,11.9,1.18,0,90.35000000000001,0,1018
2024,10,22,14,0,11.100000000000001,1.2,0,95.2,0,1018
2024,10,22,15,0,12.5,1.21,18,87.56,0,1019
2024,10,22,16,0,14.600000000000001,1.23,100,78.26,0,1019
2024,10,22,17,0,18.400000000000002,1.25,577,60.2,0,1019
2024,10,22,18,0,22.700000000000003,1.36,903,30.54,0,1019
2024,10,22,19,0,25.200000000000003,1.37,933,19.2,0,1019
2024,10,22,20,0,26.8,1.37,942,14.6,0,1018
2024,10,22,21,0,27.6,1.18,920,12.13,0,1018
2024,10,22,22,0,27.8,1.18,887,10.73,0,1017
2024,10,22,23,0,27.3,1.18,819,10.44,0,1017
2024,10,23,0,0,25.200000000000003,1.17,667,12.84,0,1017
2024,10,23,1,0,20.1,1.17,275,19.34,0,1017
2024,10,23,2,0,17.8,1.16,0,26.560000000000002,0,1018
2024,10,23,3,0,16.400000000000002,1.16,0,36.71,0,1018
2024,10,23,4,0,15.200000000000001,1.16,0,47.01,0,1018
2024,10,23,5,0,14.200000000000001,1.17,0,55.07,0,1019
2024,10,23,6,0,13.5,1.19,0,59.79,0,1019
2024,10,23,7,0,12.9,1.2,0,63.29,0,1019
2024,10,23,8,0,12.9,1.21,0,63.51,0,1019
2024,10,23,9,0,13.200000000000001,1.22,0,61.85,0,1019
2024,10,23,10,0,13.4,1.23,0,60.42,0,1019
2024,10,23,11,0,13.600000000000001,1.24,0,58.26,0,1018
2024,10,23,12,0,13.8,1.26,0,55.47,0,1018
2024,10,23,13,0,13.700000000000001,1.27,0,53.660000000000004,0,1018
2024,10,23,14,0,13.5,1.28,0,52.82,0,1018
2024,10,23,15,0,14.200000000000001,1.29,422,50.11,0,1018
2024,10,23,16,0,17.8,1.31,713,40.52,0,1019
2024,10,23,17,0,21.200000000000003,1.33,834,32.6,0,1019
2024,10,23,18,0,24.8,1.47,901,22.32,0,1019
2024,10,23,19,0,27,1.49,929,17.59,0,1019
2024,10,23,20,0,28.900000000000002,1.5,933,13.22,0,1018
2024,10,23,21,0,30.1,1.44,915,10.61,0,1017
2024,10,23,22,0,30.5,1.42,874,9.790000000000001,0,1017
2024,10,23,23,0,30.200000000000003,1.4000000000000001,800,10.21,0,1016
2024,10,24,0,0,27.900000000000002,1.33,644,14.34,0,1016
2024,10,24,1,0,23.5,1.28,250,18.59,0,1016
2024,10,24,2,0,21.200000000000003,1.22,0,23.37,0,1016
2024,10,24,3,0,19.6,1.19,0,29.76,0,1016
2024,10,24,4,0,18.6,1.21,0,35.39,0,1017
2024,10,24,5,0,18.6,1.27,0,37.82,0,1017
2024,10,24,6,0,18.3,1.32,0,40.28,0,1017
2024,10,24,7,0,17,1.34,0,44.12,0,1017
2024,10,24,8,0,15.5,1.36,0,48.13,0,1016
2024,10,24,9,0,14.4,1.3800000000000001,0,51.14,0,1016
2024,10,24,10,0,13.5,1.41,0,53.6,0,1016
2024,10,24,11,0,12.700000000000001,1.43,0,55.74,0,1016
2024,10,24,12,0,12,1.44,0,57.870000000000005,0,1016
2024,10,24,13,0,11.3,1.46,0,60.58,0,1016
2024,10,24,14,0,10.700000000000001,1.46,0,63.480000000000004,0,1016
2024,10,24,15,0,11.600000000000001,1.46,445,60.78,0,1016
2024,10,24,16,0,14.5,1.44,734,50.89,0,1016
2024,10,24,17,0,17.900000000000002,1.42,853,41.61,0,1016
2024,10,24,18,0,21.200000000000003,1.6500000000000001,921,32.62,0,1015
2024,10,24,19,0,24.200000000000003,1.6400000000000001,953,23.580000000000002,0,1015
2024,10,24,20,0,25.900000000000002,1.6300000000000001,954,18.66,0,1014
2024,10,24,21,0,26.700000000000003,1.23,927,16.36,0,1013
2024,10,24,22,0,26.900000000000002,1.24,892,15.36,0,1012
2024,10,24,23,0,26.5,1.25,818,15.290000000000001,0,1011
2024,10,25,0,0,24.900000000000002,1.26,667,17.76,0,1011
2024,10,25,1,0,22.5,1.27,251,20.86,0,1012
2024,10,25,2,0,20.400000000000002,1.27,0,24.34,0,1012
2024,10,25,3,0,19.400000000000002,1.27,0,26.79,0,1012
2024,10,25,4,0,18.7,1.27,0,28.69,0,1013
2024,10,25,5,0,18.7,1.28,0,29.310000000000002,0,1013
2024,10,25,6,0,18.3,1.29,0,30.54,0,1012
2024,10,25,7,0,17.8,1.29,0,31.93,0,1012
2024,10,25,8,0,17.1,1.28,0,33.71,0,1012
2024,10,25,9,0,15.9,1.26,0,36.61,0,1012
2024,10,25,10,0,15,1.27,0,38.81,0,1012
2024,10,25,11,0,13.5,1.28,0,42.410000000000004,0,1012
2024,10,25,12,0,12.9,1.26,0,43.24,0,1013
2024,10,25,13,0,13,1.24,0,41.71,0,1013
2024,10,25,14,0,13.100000000000001,1.23,0,40.61,0,1013
2024,10,25,15,0,13.8,1.22,369,39.09,0,1014
2024,10,25,16,0,15.5,1.22,111,35.99,0,1014
2024,10,25,17,0,16.900000000000002,1.22,355,34.08,0,1015
2024,10,25,18,0,18.7,1.44,637,31.1,0,1015
2024,10,25,19,0,21,1.46,923,27.51,0,1015
2024,10,25,20,0,23.8,1.51,932,22.7,0,1015
2024,10,25,21,0,25.900000000000002,1.46,200,19.37,0,1015
2024,10,25,22,0,27,1.46,889,17.59,0,1015
2024,10,25,23,0,27.1,1.46,815,17.12,0,1014
2024,10,26,0,0,24.900000000000002,1.4000000000000001,653,20.55,0,1014
2024,10,26,1,0,20.400000000000002,1.3900000000000001,231,27.76,0,1015
2024,10,26,2,0,18.2,1.3800000000000001,0,34.07,0,1015
2024,10,26,3,0,17,1.36,0,39.34,0,1016
2024,10,26,4,0,15.9,1.34,0,43.71,0,1016
2024,10,26,5,0,14.8,1.33,0,46.08,0,1016
2024,10,26,6,0,13.9,1.32,0,45.2,0,1017
2024,10,26,7,0,13.100000000000001,1.32,0,43.93,0,1017
2024,10,26,8,0,12.600000000000001,1.32,0,42.93,0,1017
2024,10,26,9,0,12.100000000000001,1.32,0,42.38,0,1017
2024,10,26,10,0,11.600000000000001,1.31,0,44.62,0,1017
2024,10,26,11,0,11.4,1.31,0,48.410000000000004,0,1017
2024,10,26,12,0,11.4,1.32,0,54.71,0,1018
2024,10,26,13,0,11.600000000000001,1.34,0,60.870000000000005,0,1018
2024,10,26,14,0,11.700000000000001,1.36,0,66.37,0,1018
2024,10,26,15,0,13.200000000000001,1.36,424,64.74,0,1018
2024,10,26,16,0,16.5,1.37,718,54.76,0,1019
2024,10,26,17,0,19.8,1.4000000000000001,838,47.19,0,1019
2024,10,26,18,0,23.3,1.32,887,40.18,0,1019
2024,10,26,19,0,27.3,1.34,909,27.35,0,1018
2024,10,26,20,0,29.3,1.36,909,23.84,0,1017
2024,10,26,21,0,29.900000000000002,1.04,860,24.42,0,1016
2024,10,26,22,0,29.700000000000003,1.02,486,26.54,0,1016
2024,10,26,23,0,28.900000000000002,0.99,399,29.73,0,1016
2024,10,27,0,0,26.5,0.96,217,36.07,0,1016
2024,10,27,1,0,23.400000000000002,0.91,1,45.12,0,1016
2024,10,27,2,0,21.8,0.86,0,51.300000000000004,0,1016
2024,10,27,3,0,20.400000000000002,0.86,0,56.910000000000004,0,1017
2024,10,27,4,0,19.3,0.91,0,61.88,0,1017
2024,10,27,5,0,18.2,0.96,0,67.36,0,1017
2024,10,27,6,0,17.3,1,0,73,0,1018
2024,10,27,7,0,16.5,1.02,0,79.31,0,1018
2024,10,27,8,0,15.9,1.01,0,84.96000000000001,0,1018
2024,10,27,9,0,15.3,1,0,90.36,0,1018
2024,10,27,10,0,14.8,0.99,0,94.9,0,1018
2024,10,27,11,0,14.5,1,0,97.67,0,1017
2024,10,27,12,0,14.100000000000001,1.03,0,100,0,1017
2024,10,27,13,0,13.8,1.06,0,100,0,1017
2024,10,27,14,0,13.5,1.1,0,100,0,1017
2024,10,27,15,0,15.200000000000001,1.1300000000000001,0,93.49,0,1018
2024,10,27,16,0,18,1.1500000000000001,430,79.56,0,1018
2024,10,27,17,0,21,1.17,811,63.27,0,1018
2024,10,27,18,0,23.5,0.9400000000000001,850,52.36,0,1018
2024,10,27,19,0,24.900000000000002,0.96,870,47.730000000000004,0,1017
2024,10,27,20,0,25.700000000000003,0.99,870,44.88,0,1017
2024,10,27,21,0,25.8,1.04,845,43.15,0,1016
2024,10,27,22,0,24.8,1.06,181,44.6,0,1015
2024,10,27,23,0,24.200000000000003,1.03,25,44.72,0,1015
2024,10,28,0,0,22.8,0.97,572,46.77,0,1015
2024,10,28,1,0,20.3,0.93,141,53.36,0,1015
2024,10,28,2,0,18.400000000000002,0.92,0,59.910000000000004,0,1016
2024,10,28,3,0,17.1,0.9400000000000001,0,64.81,0,1016
2024,10,28,4,0,16,0.96,0,69.05,0,1016
2024,10,28,5,0,14.8,0.99,0,74.44,0,1016
2024,10,28,6,0,13.700000000000001,1,0,81.12,0,1016
2024,10,28,7,0,12.700000000000001,0.9500000000000001,0,88.99,0,1016
2024,10,28,8,0,12.100000000000001,0.87,0,94.44,0,1016
2024,10,28,9,0,11.600000000000001,0.86,0,97.96000000000001,0,1016
2024,10,28,10,0,11.200000000000001,0.91,0,100,0,1016
2024,10,28,11,0,10.9,0.98,0,100,0,1016
2024,10,28,12,0,10.700000000000001,1.05,0,100,0,1016
2024,10,28,13,0,10.700000000000001,1.1,0,100,0,1016
2024,10,28,14,0,10.700000000000001,1.1400000000000001,0,99.47,0,1016
2024,10,28,15,0,12.200000000000001,1.17,347,91.05,0,1016
2024,10,28,16,0,14.5,1.21,671,75.17,0,1016
2024,10,28,17,0,17.1,1.24,801,54.79,0,1016
2024,10,28,18,0,19.3,1.44,875,43.76,0,1015
2024,10,28,19,0,20.6,1.49,899,38.88,0,1015
2024,10,28,20,0,21.3,1.49,901,36.14,0,1014
2024,10,28,21,0,21.5,1.41,176,35.04,0,1013
2024,10,28,22,0,21.200000000000003,1.37,813,35.160000000000004,0,1012
2024,10,28,23,0,20.5,1.35,722,36.19,0,1012
2024,10,29,0,0,19.5,1.35,177,38.45,0,1012
2024,10,29,1,0,16.8,1.36,0,47.03,0,1012
2024,10,29,2,0,15.700000000000001,1.34,0,52.72,0,1012
2024,10,29,3,0,14.9,1.31,0,57.160000000000004,0,1013
2024,10,29,4,0,14.200000000000001,1.26,0,59.07,0,1013
2024,10,29,5,0,13.700000000000001,1.19,0,58.89,0,1013
2024,10,29,6,0,13.3,1.1500000000000001,0,58.160000000000004,0,1013
2024,10,29,7,0,12.5,1.16,0,60.72,0,1013
2024,10,29,8,0,11.4,1.21,0,66.54,0,1013
2024,10,29,9,0,10.600000000000001,1.25,0,71.28,0,1013
2024,10,29,10,0,10.3,1.28,0,72.63,0,1013
2024,10,29,11,0,10,1.32,0,72.74,0,1013
2024,10,29,12,0,9.600000000000001,1.35,0,73.17,0,1014
2024,10,29,13,0,9.3,1.37,0,73.13,0,1015
2024,10,29,14,0,9,1.3900000000000001,0,72.92,0,1015
2024,10,29,15,0,10.3,1.4000000000000001,372,66.03,0,1016
2024,10,29,16,0,13.100000000000001,1.4000000000000001,693,54.14,0,1016
2024,10,29,17,0,16,1.3900000000000001,830,42.550000000000004,0,1016
2024,10,29,18,0,18.5,1.44,898,33.76,0,1016
2024,10,29,19,0,20.400000000000002,1.42,931,27.97,0,1016
2024,10,29,20,0,21.8,1.4000000000000001,940,24.19,0,1015
2024,10,29,21,0,22.5,1.26,928,21.97,0,1014
2024,10,29,22,0,22.700000000000003,1.29,895,20.69,0,1014
2024,10,29,23,0,22.3,1.33,819,20.21,0,1014
2024,10,30,0,0,20.5,1.37,655,22.48,0,1014
2024,10,30,1,0,16.900000000000002,1.4000000000000001,201,28.36,0,1014
2024,10,30,2,0,14.4,1.3900000000000001,0,35.4,0,1015
2024,10,30,3,0,13.200000000000001,1.37,0,44.7,0,1015
2024,10,30,4,0,12.100000000000001,1.34,0,58.01,0,1015
2024,10,30,5,0,11,1.3,0,72.46000000000001,0,1016
2024,10,30,6,0,10.100000000000001,1.28,0,84.81,0,1016
2024,10,30,7,0,9.4,1.25,0,93.87,0,1016
2024,10,30,8,0,9.200000000000001,1.22,0,98.52,0,1016
2024,10,30,9,0,9.200000000000001,1.21,0,100,0,1017
2024,10,30,10,0,9.200000000000001,1.21,0,100,0,1017
2024,10,30,11,0,9.200000000000001,1.2,0,100,0,1017
2024,10,30,12,0,9.4,1.19,0,100,0,1017
2024,10,30,13,0,9.700000000000001,1.18,0,99.18,0,1018
2024,10,30,14,0,9.9,1.18,0,98.33,0,1018
2024,10,30,15,0,10.8,1.19,0,93.65,0,1019
2024,10,30,16,0,13.100000000000001,1.19,658,78.21000000000001,0,1019
2024,10,30,17,0,15.9,1.18,809,56.800000000000004,0,1020
2024,10,30,18,0,18.3,1.25,884,42.42,0,1019
2024,10,30,19,0,20,1.23,155,34.480000000000004,0,1019
2024,10,30,20,0,21.1,1.2,239,29.740000000000002,0,1018
2024,10,30,21,0,21.6,1.1400000000000001,901,27.39,0,1017
2024,10,30,22,0,21.200000000000003,1.1,51,27.71,0,1017
2024,10,30,23,0,20,1.07,29,31.18,0,1017
2024,10,31,0,0,18.1,1,24,38.6,0,1017
2024,10,31,1,0,15.200000000000001,0.98,115,52.1,0,1017
2024,10,31,2,0,13.4,0.93,0,65.69,0,1018
2024,10,31,3,0,12.700000000000001,0.9400000000000001,0,75.64,0,1018
2024,10,31,4,0,12.8,0.98,0,79.98,0,1018
2024,10,31,5,0,12.8,0.96,0,82.96000000000001,0,1018
2024,10,31,6,0,12.8,0.92,0,85.16,0,1017
2024,10,31,7,0,13.100000000000001,0.9,0,85.61,0,1017
2024,10,31,8,0,13.4,0.85,0,87.26,0,1017
2024,10,31,9,0,13.4,0.8200000000000001,0,89.95,0,1017
2024,10,31,10,0,12.200000000000001,0.86,0,96.22,0,1017
2024,10,31,11,0,10.9,0.88,0,100,0,1017
2024,10,31,12,0,10,0.89,0,100,0,1017
2024,10,31,13,0,9.200000000000001,0.91,0,100,0,1017
2024,10,31,14,0,8.4,0.9400000000000001,0,100,0,1018
2024,10,31,15,0,9.600000000000001,0.97,291,96.62,0,1019
2024,10,31,16,0,11.700000000000001,0.99,653,84.08,0,1019
2024,10,31,17,0,14.600000000000001,0.99,792,62.63,0,1020
2024,10,31,18,0,17.3,1.01,863,47.15,0,1020
2024,10,31,19,0,19.1,1.01,888,40.08,0,1020
2024,10,31,20,0,20,1.02,885,37.07,0,1019
2024,10,31,21,0,20.3,1.11,871,36.65,0,1018
2024,10,31,22,0,20.200000000000003,1.1500000000000001,822,37.36,0,1018
2024,10,31,23,0,19.8,1.18,733,38.6,0,1017
2024,11,1,0,0,18.7,1.17,552,43.43,0,1017
2024,11,1,1,0,16,1.1500000000000001,0,52.9,0,1017
2024,11,1,2,0,14.200000000000001,1.1400000000000001,0,60.29,0,1017
2024,11,1,3,0,13.100000000000001,1.12,0,68.4,0,1018
2024,11,1,4,0,12.5,1.09,0,74.93,0,1018
2024,11,1,5,0,12.200000000000001,1.05,0,79.51,0,1018
2024,11,1,6,0,11.9,1.01,0,82.87,0,1018
2024,11,1,7,0,11.4,1,0,86.48,0,1018
2024,11,1,8,0,10.3,0.99,0,93.7,0,1018
2024,11,1,9,0,10.4,0.99,0,93.51,0,1017
2024,11,1,10,0,10.3,0.98,0,94.15,0,1017
2024,11,1,11,0,9.200000000000001,0.96,0,100,0,1017
2024,11,1,12,0,8.700000000000001,0.9400000000000001,0,100,0,1017
2024,11,1,13,0,8.5,0.9400000000000001,0,100,0,1016
2024,11,1,14,0,8.3,0.9400000000000001,0,100,0,1016
2024,11,1,15,0,9.8,0.93,40,97.82000000000001,0,1016
2024,11,1,16,0,13,0.92,273,81.41,0,1017
2024,11,1,17,0,15.8,0.93,521,64.16,0,1016
2024,11,1,18,0,18.400000000000002,0.76,185,48.75,0,1016
2024,11,1,19,0,20,0.76,210,41.28,0,1015
2024,11,1,20,0,19.8,0.77,835,40.64,0,1014
2024,11,1,21,0,19.5,0.79,104,42.52,0,1014
2024,11,1,22,0,19.1,0.8200000000000001,436,46.19,0,1013
2024,11,1,23,0,18.1,0.84,59,52.88,0,1013
2024,11,2,0,0,16.6,0.86,16,63.04,0,1013
2024,11,2,1,0,15.100000000000001,0.87,0,74.2,0,1012
2024,11,2,2,0,14.4,0.84,0,81.45,0,1011
2024,11,2,3,0,14.100000000000001,0.78,0,86.61,0,1011
2024,11,2,4,0,14.100000000000001,0.74,0,89.65,0,1011
2024,11,2,5,0,14.100000000000001,0.71,0,91.59,0,1011
2024,11,2,6,0,14.3,0.78,0,91.54,0,1010
2024,11,2,7,0,14.3,0.79,0,92.67,0,1010
2024,11,2,8,0,14,0.76,0,94.67,0,1010
2024,11,2,9,0,12.700000000000001,0.84,0,99.45,0,1010
2024,11,2,10,0,12.100000000000001,0.93,0,99.65,0,1010
2024,11,2,11,0,11.700000000000001,1,0,99.33,0,1010
2024,11,2,12,0,10.700000000000001,1.05,0,100,0,1011
2024,11,2,13,0,9.700000000000001,1.08,0,100,0,1011
2024,11,2,14,0,9.1,1.1,0,100,0,1011
2024,11,2,15,0,10.100000000000001,1.11,294,97.49000000000001,0,1012
2024,11,2,16,0,12.100000000000001,1.12,646,86.64,0,1013
2024,11,2,17,0,14,1.1500000000000001,784,74.02,0,1014
2024,11,2,18,0,16.1,1.1300000000000001,0,62.25,0,1014
2024,11,2,19,0,17.6,1.1400000000000001,887,52.58,0,1014
2024,11,2,20,0,18.6,1.12,894,46.300000000000004,0,1013
2024,11,2,21,0,19.200000000000003,1.02,872,42.88,0,1013
2024,11,2,22,0,19.400000000000002,1,827,41.46,0,1013
2024,11,2,23,0,19.1,0.98,735,41.81,0,1013
2024,11,3,0,0,17.8,0.96,1,52.6,0,1013
2024,11,3,1,0,15.3,0.9500000000000001,0,59.81,0,1013
2024,11,3,2,0,13.700000000000001,0.9400000000000001,0,66.4,0,1014
2024,11,3,3,0,12.8,0.9400000000000001,0,71.89,0,1014
2024,11,3,4,0,11.9,0.96,0,76.71000000000001,0,1015
2024,11,3,5,0,11,0.99,0,81.46000000000001,0,1015
2024,11,3,6,0,10.3,1.03,0,84.54,0,1015
2024,11,3,7,0,9.9,1.07,0,85.61,0,1015
2024,11,3,8,0,9.8,1.12,0,85.4,0,1016
2024,11,3,9,0,9.4,1.18,0,87.27,0,1016
2024,11,3,10,0,9,1.21,0,89.8,0,1016
2024,11,3,11,0,8.8,1.23,0,91.36,0,1016
2024,11,3,12,0,8.700000000000001,1.24,0,92.03,0,1016
2024,11,3,13,0,8.700000000000001,1.24,0,91.76,0,1017
2024,11,3,14,0,8.6,1.24,0,91.56,0,1017
2024,11,3,15,0,10,1.24,377,83.94,0,1017
2024,11,3,16,0,12.700000000000001,1.25,715,71.49,0,1018
2024,11,3,17,0,16,1.25,844,54.17,0,1018
2024,11,3,18,0,18.400000000000002,1.16,908,42.27,0,1018
2024,11,3,19,0,20.1,1.17,936,34.52,0,1017
2024,11,3,20,0,21.200000000000003,1.1500000000000001,942,30.01,0,1017
2024,11,3,21,0,21.8,0.96,917,27.12,0,1016
2024,11,3,22,0,22,1.01,882,25.48,0,1016
2024,11,3,23,0,21.700000000000003,1.03,803,24.93,0,1016
2024,11,4,0,0,20,1.07,627,28.51,0,1016
2024,11,4,1,0,17,1.12,0,36.31,0,1017
2024,11,4,2,0,15.600000000000001,1.19,0,41.03,0,1018
2024,11,4,3,0,15,1.26,0,43.5,0,1019
2024,11,4,4,0,14.5,1.3,0,45.64,0,1019
2024,11,4,5,0,13.600000000000001,1.31,0,49.49,0,1019
2024,11,4,6,0,12.5,1.31,0,54.49,0,1019
2024,11,4,7,0,11.8,1.31,0,58.31,0,1020
2024,11,4,8,0,11.3,1.31,0,61.38,0,1020
2024,11,4,9,0,10.9,1.31,0,63.53,0,1020
2024,11,4,10,0,10.4,1.29,0,65.41,0,1020
2024,11,4,11,0,10,1.29,0,66.59,0,1020
2024,11,4,12,0,9.4,1.3,0,68.77,0,1020
2024,11,4,13,0,9.1,1.31,0,69.89,0,1020
2024,11,4,14,0,8.8,1.32,0,71.45,0,1020
2024,11,4,15,0,9.700000000000001,1.32,347,68.42,0,1021
2024,11,4,16,0,12.3,1.31,684,57.11,0,1021
2024,11,4,17,0,14.9,1.32,819,45.230000000000004,0,1021
2024,11,4,18,0,17.8,1.3900000000000001,883,34.26,0,1021
2024,11,4,19,0,20.5,1.42,913,26.490000000000002,0,1021
2024,11,4,20,0,22.8,1.45,920,21.54,0,1020
2024,11,4,21,0,24.400000000000002,1.41,902,19.57,0,1019
2024,11,4,22,0,25.1,1.45,859,20.54,0,1018
2024,11,4,23,0,24.8,1.48,778,24.45,0,1018
2024,11,5,0,0,22.6,1.5,605,41.4,0,1018
2024,11,5,1,0,21.1,1.49,0,37.78,0,1018
2024,11,5,2,0,18.900000000000002,1.44,0,45.29,0,1018
2024,11,5,3,0,17.5,1.36,0,51.64,0,1018
2024,11,5,4,0,16.900000000000002,1.3,0,56.29,0,1019
2024,11,5,5,0,16.3,1.27,0,60.82,0,1019
2024,11,5,6,0,16,1.24,0,64.27,0,1019
2024,11,5,7,0,15,1.22,0,71.34,0,1018
2024,11,5,8,0,13.5,1.24,0,82.35000000000001,0,1019
2024,11,5,9,0,12.3,1.26,0,91.39,0,1019
2024,11,5,10,0,11.700000000000001,1.24,0,94.53,0,1018
2024,11,5,11,0,11.100000000000001,1.24,0,96.68,0,1018
2024,11,5,12,0,10.4,1.25,0,98.31,0,1018
2024,11,5,13,0,10,1.22,0,93.73,0,1019
2024,11,5,14,0,10.3,1.22,0,83.69,0,1019
2024,11,5,15,0,11.200000000000001,1.22,333,72.47,0,1019
2024,11,5,16,0,13.9,1.23,406,57.6,0,1019
2024,11,5,17,0,16.7,1.23,354,45.31,0,1019
2024,11,5,18,0,19.3,1.25,379,34.45,0,1018
2024,11,5,19,0,21.400000000000002,1.33,532,25.560000000000002,0,1017
2024,11,5,20,0,22.900000000000002,1.37,246,19.330000000000002,0,1016
2024,11,5,21,0,23.6,1.1300000000000001,519,16.11,0,1016
2024,11,5,22,0,23.700000000000003,1.08,860,14.71,0,1015
2024,11,5,23,0,23.1,1.07,425,15.46,0,1015
2024,11,6,0,0,21,1.06,205,20.31,0,1015
2024,11,6,1,0,18.400000000000002,1.06,0,26.05,0,1015
2024,11,6,2,0,17.900000000000002,1.07,0,26.88,0,1015
2024,11,6,3,0,18,1.04,0,26.740000000000002,0,1015
2024,11,6,4,0,17.6,0.97,0,27.97,0,1015
2024,11,6,5,0,16.3,0.9500000000000001,0,31.7,0,1015
2024,11,6,6,0,15.3,0.99,0,35.230000000000004,0,1015
2024,11,6,7,0,14.5,1,0,37.89,0,1015
2024,11,6,8,0,13.600000000000001,1.03,0,40.64,0,1015
2024,11,6,9,0,13,1.1,0,42.11,0,1014
2024,11,6,10,0,12.5,1.1500000000000001,0,43.11,0,1014
2024,11,6,11,0,12.200000000000001,1.17,0,43.38,0,1014
2024,11,6,12,0,11.9,1.17,0,43.480000000000004,0,1014
2024,11,6,13,0,11.600000000000001,1.18,0,43.28,0,1014
2024,11,6,14,0,11.4,1.21,0,41.89,0,1015
2024,11,6,15,0,11.700000000000001,1.25,363,38.67,0,1015
2024,11,6,16,0,13.5,1.27,718,32.05,0,1016
2024,11,6,17,0,16,1.26,847,23.02,0,1016
2024,11,6,18,0,18.3,1.26,913,17.34,0,1016
2024,11,6,19,0,20.400000000000002,1.16,945,13.68,0,1015
2024,11,6,20,0,22.1,1.06,951,11.13,0,1015
2024,11,6,21,0,23,0.98,936,10.08,0,1014
2024,11,6,22,0,23.400000000000002,0.92,894,9.950000000000001,0,1014
2024,11,6,23,0,22.900000000000002,0.89,808,11.48,0,1014
2024,11,7,0,0,20,0.8200000000000001,596,26.09,0,1014
2024,11,7,1,0,16.900000000000002,0.8200000000000001,0,28.38,0,1015
2024,11,7,2,0,15.100000000000001,0.8,0,31.8,0,1015
2024,11,7,3,0,13.5,0.81,0,35.37,0,1016
2024,11,7,4,0,12.8,0.81,0,36.230000000000004,0,1017
2024,11,7,5,0,12.700000000000001,0.8200000000000001,0,35.77,0,1017
2024,11,7,6,0,13.100000000000001,0.81,0,33.75,0,1017
2024,11,7,7,0,12.700000000000001,0.81,0,35.2,0,1018
2024,11,7,8,0,11.9,0.8200000000000001,0,37.6,0,1018
2024,11,7,9,0,11.100000000000001,0.8300000000000001,0,38.93,0,1018
2024,11,7,10,0,10.5,0.85,0,39.53,0,1019
2024,11,7,11,0,9.8,0.86,0,40.44,0,1019
2024,11,7,12,0,8.9,0.87,0,41.92,0,1020
2024,11,7,13,0,8.200000000000001,0.89,0,43.03,0,1020
2024,11,7,14,0,7.5,0.92,0,44.29,0,1021
2024,11,7,15,0,8,0.9500000000000001,245,47.11,0,1021
2024,11,7,16,0,11.8,0.98,644,35.89,0,1022
2024,11,7,17,0,14.700000000000001,1,801,28.8,0,1022
2024,11,7,18,0,17.5,1.1400000000000001,885,24.87,0,1022
2024,11,7,19,0,20,1.18,917,20.26,0,1022
2024,11,7,20,0,22,1.22,923,16.080000000000002,0,1021
2024,11,7,21,0,22.8,1.28,909,14.85,0,1020
2024,11,7,22,0,22.900000000000002,1.31,859,14.82,0,1020
2024,11,7,23,0,22.200000000000003,1.32,768,16.52,0,1019
2024,11,8,0,0,20.3,1.33,571,26.96,0,1019
2024,11,8,1,0,18.400000000000002,1.33,0,26.73,0,1020
2024,11,8,2,0,17.3,1.33,0,28.47,0,1020
2024,11,8,3,0,15.8,1.33,0,32.72,0,1020
2024,11,8,4,0,15.200000000000001,1.34,0,34.76,0,1021
2024,11,8,5,0,14.5,1.34,0,37.63,0,1021
2024,11,8,6,0,13.8,1.34,0,40.33,0,1021
2024,11,8,7,0,13.100000000000001,1.34,0,43.36,0,1021
2024,11,8,8,0,12.4,1.34,0,46.61,0,1021
2024,11,8,9,0,12,1.34,0,47.910000000000004,0,1021
2024,11,8,10,0,11.4,1.34,0,49.08,0,1021
2024,11,8,11,0,10.9,1.34,0,49.65,0,1021
2024,11,8,12,0,10.5,1.34,0,49.86,0,1021
2024,11,8,13,0,10.200000000000001,1.34,0,49.79,0,1021
2024,11,8,14,0,9.600000000000001,1.35,0,50.65,0,1021
2024,11,8,15,0,8.9,1.37,239,54.36,0,1021
2024,11,8,16,0,11.5,1.4000000000000001,628,45.74,0,1021
2024,11,8,17,0,14.100000000000001,1.41,782,37.04,0,1021
2024,11,8,18,0,17.3,1.45,872,29.26,0,1021
2024,11,8,19,0,20.5,1.48,901,20.6,0,1020
2024,11,8,20,0,21.900000000000002,1.49,905,18.36,0,1019
2024,11,8,21,0,22.5,1.46,878,17.89,0,1018
2024,11,8,22,0,22.5,1.46,827,18.12,0,1017
2024,11,8,23,0,21.8,1.46,727,19.740000000000002,0,1017
2024,11,9,0,0,19.900000000000002,1.45,510,29.76,0,1017
2024,11,9,1,0,17.8,1.44,0,31.07,0,1017
2024,11,9,2,0,16.1,1.44,0,34.4,0,1017
2024,11,9,3,0,14.700000000000001,1.44,0,39.74,0,1017
2024,11,9,4,0,13.5,1.44,0,44.550000000000004,0,1017
2024,11,9,5,0,12.5,1.43,0,49.74,0,1017
2024,11,9,6,0,11.600000000000001,1.42,0,55.54,0,1017
2024,11,9,7,0,10.700000000000001,1.41,0,61.730000000000004,0,1016
2024,11,9,8,0,9.9,1.4000000000000001,0,67.91,0,1016
2024,11,9,9,0,9.1,1.3900000000000001,0,73.12,0,1016
2024,11,9,10,0,8.6,1.36,0,75.54,0,1016
2024,11,9,11,0,8.8,1.34,0,73.67,0,1015
2024,11,9,12,0,9,1.33,0,71.88,0,1015
2024,11,9,13,0,9.1,1.31,0,71.13,0,1015
2024,11,9,14,0,9.1,1.3,0,70.99,0,1015
2024,11,9,15,0,9.1,1.3,227,71.84,0,1015
2024,11,9,16,0,11.8,1.28,334,61.1,0,1016
2024,11,9,17,0,14.100000000000001,1.26,786,49.97,0,1016
2024,11,9,18,0,16.1,1.24,869,39.72,0,1016
2024,11,9,19,0,17.3,1.26,903,33.78,0,1016
2024,11,9,20,0,18.400000000000002,1.28,910,28.44,0,1015
2024,11,9,21,0,19.400000000000002,1.3,893,25.29,0,1015
2024,11,9,22,0,20.5,1.32,850,21.23,0,1014
2024,11,9,23,0,20.400000000000002,1.33,757,22.75,0,1014
2024,11,10,0,0,19.200000000000003,1.35,4,28.12,0,1013
2024,11,10,1,0,18,1.34,0,27.3,0,1014
2024,11,10,2,0,17.400000000000002,1.33,0,28.16,0,1014
2024,11,10,3,0,16.900000000000002,1.33,0,29.490000000000002,0,1014
2024,11,10,4,0,16.400000000000002,1.32,0,31.32,0,1014
2024,11,10,5,0,15.200000000000001,1.32,0,35.230000000000004,0,1014
2024,11,10,6,0,13.600000000000001,1.35,0,42.43,0,1015
2024,11,10,7,0,12.4,1.3800000000000001,0,50.28,0,1015
2024,11,10,8,0,11.8,1.4000000000000001,0,57.04,0,1015
2024,11,10,9,0,11.700000000000001,1.4000000000000001,0,60.14,0,1015
2024,11,10,10,0,11.700000000000001,1.41,0,60.550000000000004,0,1015
2024,11,10,11,0,11.200000000000001,1.42,0,60.92,0,1015
2024,11,10,12,0,10.5,1.43,0,60.61,0,1015
2024,11,10,13,0,9.600000000000001,1.44,0,59.6,0,1015
2024,11,10,14,0,9.200000000000001,1.42,0,56.870000000000005,0,1015
2024,11,10,15,0,9.600000000000001,1.43,183,55.24,0,1016
2024,11,10,16,0,12,1.45,590,49.79,0,1017
2024,11,10,17,0,14.600000000000001,1.47,758,41.410000000000004,0,1017
2024,11,10,18,0,19.5,1.58,858,26.96,0,1017
2024,11,10,19,0,21.8,1.6,884,21.14,0,1016
2024,11,10,20,0,22.900000000000002,1.61,888,18.87,0,1015
2024,11,10,21,0,23.5,1.6500000000000001,880,17.56,0,1014
2024,11,10,22,0,23.5,1.6600000000000001,831,17.11,0,1014
2024,11,10,23,0,22.700000000000003,1.6400000000000001,734,18.7,0,1014
2024,11,11,0,0,18.8,1.61,530,37.11,0,1014
2024,11,11,1,0,15.100000000000001,1.57,0,42.83,0,1014
2024,11,11,2,0,13.700000000000001,1.52,0,51.69,0,1015
2024,11,11,3,0,12.8,1.45,0,67.39,0,1015
2024,11,11,4,0,12.200000000000001,1.42,0,83.87,0,1016
2024,11,11,5,0,11.600000000000001,1.41,0,95.12,0,1015
2024,11,11,6,0,11.100000000000001,1.42,0,100,0,1015
2024,11,11,7,0,10.8,1.41,0,100,0,1015
2024,11,11,8,0,10.8,1.3900000000000001,0,100,0,1015
2024,11,11,9,0,11,1.37,0,100,0,1014
2024,11,11,10,0,11,1.35,0,100,0,1014
2024,11,11,11,0,10.8,1.32,0,100,0,1013
2024,11,11,12,0,11,1.29,0,100,0,1013
2024,11,11,13,0,11.4,1.26,0,98.83,0,1013
2024,11,11,14,0,12.100000000000001,1.24,0,96.52,0,1013
2024,11,11,15,0,12.8,1.21,0,94.82000000000001,0,1013
2024,11,11,16,0,13.8,1.18,229,92.44,0,1013
2024,11,11,17,0,15.3,1.1400000000000001,0,88.48,0,1013
2024,11,11,18,0,16.3,0.98,0,76.79,0,1013
2024,11,11,19,0,16.5,0.99,0,60.230000000000004,0,1014
2024,11,11,20,0,17.1,1.07,2,47.12,0,1014
2024,11,11,21,0,18.2,1.08,15,40.21,0,1014
2024,11,11,22,0,18.6,1.07,871,38.58,0,1014
2024,11,11,23,0,18.1,1.06,778,40.980000000000004,0,1015
2024,11,12,0,0,15.700000000000001,0.8300000000000001,546,60.63,0,1015
2024,11,12,1,0,12.5,0.78,0,72.19,0,1016
2024,11,12,2,0,11.5,0.74,0,80.12,0,1017
2024,11,12,3,0,10.8,0.71,0,88.9,0,1018
2024,11,12,4,0,10.3,0.73,0,95.73,0,1018
2024,11,12,5,0,9.700000000000001,0.76,0,100,0,1019
2024,11,12,6,0,9.200000000000001,0.8300000000000001,0,100,0,1019
2024,11,12,7,0,8.6,0.92,0,100,0,1019
2024,11,12,8,0,8.200000000000001,0.99,0,100,0,1020
2024,11,12,9,0,7.7,1.05,0,100,0,1020
2024,11,12,10,0,7.4,1.09,0,100,0,1020
2024,11,12,11,0,7.300000000000001,1.11,0,100,0,1020
2024,11,12,12,0,7.2,1.11,0,100,0,1021
2024,11,12,13,0,7.300000000000001,1.11,0,100,0,1021
2024,11,12,14,0,7.5,1.12,0,97.89,0,1022
2024,11,12,15,0,7.6000000000000005,1.1300000000000001,188,96.51,0,1023
2024,11,12,16,0,8.6,1.1300000000000001,599,91.17,0,1023
2024,11,12,17,0,10.4,1.16,767,84.11,0,1024
2024,11,12,18,0,12.600000000000001,1.24,847,72.34,0,1024
2024,11,12,19,0,15.5,1.27,888,56.24,0,1023
2024,11,12,20,0,17.7,1.28,906,42.24,0,1022
2024,11,12,21,0,18.400000000000002,1.2,893,37.57,0,1021
2024,11,12,22,0,18.5,1.19,846,35.62,0,1020
2024,11,12,23,0,17.900000000000002,1.18,747,36.5,0,1020
2024,11,13,0,0,16.3,1.19,539,47.34,0,1020
2024,11,13,1,0,13.8,1.19,0,54.84,0,1020
2024,11,13,2,0,12.200000000000001,1.2,0,62.59,0,1020
2024,11,13,3,0,11.3,1.21,0,68.67,0,1021
2024,11,13,4,0,10.5,1.22,0,75.41,0,1021
2024,11,13,5,0,9.9,1.21,0,82.45,0,1021
2024,11,13,6,0,9.600000000000001,1.2,0,88.43,0,1021
2024,11,13,7,0,9.5,1.19,0,92.72,0,1021
2024,11,13,8,0,9.200000000000001,1.2,0,97.05,0,1020
2024,11,13,9,0,8.6,1.2,0,100,0,1020
2024,11,13,10,0,8,1.2,0,100,0,1019
2024,11,13,11,0,7.4,1.22,0,100,0,1018
2024,11,13,12,0,6.9,1.23,0,100,0,1018
2024,11,13,13,0,6.5,1.24,0,100,0,1018
2024,11,13,14,0,6.2,1.25,0,100,0,1018
2024,11,13,15,0,6.9,1.24,0,99.5,0,1019
2024,11,13,16,0,9.8,1.24,609,82.84,0,1019
2024,11,13,17,0,12.5,1.23,366,68.08,0,1019
2024,11,13,18,0,15.600000000000001,1.18,368,48.800000000000004,0,1018
2024,11,13,19,0,17.1,1.19,145,41.45,0,1018
2024,11,13,20,0,17.6,1.18,10,42.38,0,1017
2024,11,13,21,0,17.400000000000002,0.88,12,50.94,0,1017
2024,11,13,22,0,16.5,0.96,2,65.11,0,1017
2024,11,13,23,0,15.9,0.9500000000000001,1,76.25,0,1017
2024,11,14,0,0,15.200000000000001,0.9500000000000001,440,83.56,0,1017
2024,11,14,1,0,13.200000000000001,0.9400000000000001,0,94.69,0,1018
2024,11,14,2,0,11.600000000000001,0.88,0,100,0,1018
2024,11,14,3,0,10.8,0.84,0,100,0,1019
2024,11,14,4,0,10.4,0.8300000000000001,0,100,0,1019
2024,11,14,5,0,10,0.85,0,100,0,1019
2024,11,14,6,0,9.700000000000001,0.86,0,100,0,1019
2024,11,14,7,0,9.4,0.86,0,100,0,1019
2024,11,14,8,0,9.200000000000001,0.86,0,100,0,1019
2024,11,14,9,0,9.1,0.86,0,100,0,1018
2024,11,14,10,0,8.9,0.87,0,100,0,1018
2024,11,14,11,0,9.1,0.88,0,100,0,1018
2024,11,14,12,0,9.4,0.89,0,100,0,1018
2024,11,14,13,0,9.600000000000001,0.9,0,100,0,1018
2024,11,14,14,0,9.5,0.89,0,100,0,1018
2024,11,14,15,0,9.5,0.87,107,100,0,1017
2024,11,14,16,0,12.4,0.87,545,93.76,0,1017
2024,11,14,17,0,14.3,0.91,721,82.23,0,1017
2024,11,14,18,0,15.8,1.01,808,68.1,0,1017
2024,11,14,19,0,16.8,1.03,845,57.95,0,1017
2024,11,14,20,0,17.3,1.02,0,52.46,0,1016
2024,11,14,21,0,17.400000000000002,1.08,141,51.01,0,1015
2024,11,14,22,0,17,1.1,22,52.65,0,1014
2024,11,14,23,0,16.3,1.11,2,56.410000000000004,0,1014
2024,11,15,0,0,14.600000000000001,0.99,0,70.47,0,1013
2024,11,15,1,0,12.4,0.96,0,78.42,0,1013
2024,11,15,2,0,11.9,0.9400000000000001,0,83.03,0,1013
2024,11,15,3,0,11.4,0.93,0,86.97,0,1012
2024,11,15,4,0,10.8,0.9400000000000001,0,90.21000000000001,0,1012
2024,11,15,5,0,10,0.96,0,93.53,0,1012
2024,11,15,6,0,9.1,1.02,0,96.26,0,1011
2024,11,15,7,0,8.6,1.09,0,96.4,0,1011
2024,11,15,8,0,8.200000000000001,1.16,0,95.71000000000001,0,1011
2024,11,15,9,0,7.5,1.21,0,96.47,0,1011
2024,11,15,10,0,6.9,1.24,0,96.41,0,1011
2024,11,15,11,0,6.300000000000001,1.25,0,96.97,0,1011
2024,11,15,12,0,5.9,1.25,0,96.59,0,1011
2024,11,15,13,0,5.5,1.25,0,96.41,0,1012
2024,11,15,14,0,5.2,1.26,0,95.38,0,1012
2024,11,15,15,0,5.800000000000001,1.28,131,90.67,0,1013
2024,11,15,16,0,8.5,1.33,577,77.4,0,1013
2024,11,15,17,0,11.3,1.3900000000000001,761,59.68,0,1014
2024,11,15,18,0,13.8,1.6,851,45.07,0,1014
2024,11,15,19,0,15.4,1.67,885,37.7,0,1013
2024,11,15,20,0,16.400000000000002,1.73,893,34.11,0,1013
2024,11,15,21,0,16.900000000000002,1.78,870,32.660000000000004,0,1012
2024,11,15,22,0,16.900000000000002,1.78,814,32.78,0,1012
2024,11,15,23,0,16.400000000000002,1.74,708,34.07,0,1012
2024,11,16,0,0,13.700000000000001,1.67,482,46.87,0,1013
2024,11,16,1,0,10.3,1.57,0,58.84,0,1014
2024,11,16,2,0,9.600000000000001,1.46,0,60.82,0,1014
2024,11,16,3,0,9.3,1.37,0,61.27,0,1015
2024,11,16,4,0,9.4,1.33,0,60.14,0,1015
2024,11,16,5,0,9.5,1.33,0,59.44,0,1015
2024,11,16,6,0,9.200000000000001,1.35,0,60.54,0,1015
2024,11,16,7,0,8.3,1.3900000000000001,0,64.94,0,1015
2024,11,16,8,0,7.4,1.43,0,69.14,0,1015
2024,11,16,9,0,6.800000000000001,1.47,0,71.09,0,1016
2024,11,16,10,0,6.300000000000001,1.5,0,72.07000000000001,0,1016
2024,11,16,11,0,6.1000000000000005,1.54,0,70.77,0,1016
2024,11,16,12,0,5.6000000000000005,1.56,0,71.52,0,1016
2024,11,16,13,0,5.1000000000000005,1.59,0,72.67,0,1017
2024,11,16,14,0,4.7,1.6,0,73.39,0,1017
2024,11,16,15,0,4.7,1.59,161,72.86,0,1017
2024,11,16,16,0,7,1.59,615,62.7,0,1018
2024,11,16,17,0,10,1.58,68,49.74,0,1018
2024,11,16,18,0,12.5,1.68,229,40.35,0,1018
2024,11,16,19,0,14.8,1.6600000000000001,914,31.48,0,1017
2024,11,16,20,0,16.1,1.67,925,26.67,0,1017
2024,11,16,21,0,16.8,1.68,915,23.84,0,1016
2024,11,16,22,0,16.8,1.68,868,22.57,0,1016
2024,11,16,23,0,16.1,1.6600000000000001,776,23.37,0,1016
2024,11,17,0,0,13,1.27,544,42.67,0,1016
2024,11,17,1,0,11.200000000000001,1.27,0,40.15,0,1017
2024,11,17,2,0,10.700000000000001,1.28,0,40.62,0,1017
2024,11,17,3,0,9.9,1.29,0,43.17,0,1017
2024,11,17,4,0,9.4,1.29,0,45.54,0,1017
2024,11,17,5,0,9,1.29,0,48.35,0,1017
2024,11,17,6,0,8.8,1.28,0,51.27,0,1017
2024,11,17,7,0,8.5,1.3,0,54.24,0,1017
2024,11,17,8,0,7.800000000000001,1.3,0,59.81,0,1017
2024,11,17,9,0,6.9,1.31,0,68.68,0,1017
2024,11,17,10,0,5.9,1.31,0,80.39,0,1017
2024,11,17,11,0,5.300000000000001,1.3,0,91.43,0,1017
2024,11,17,12,0,5,1.28,0,99.16,0,1017
2024,11,17,13,0,5.4,1.27,0,98.11,0,1017
2024,11,17,14,0,6.1000000000000005,1.27,0,92.17,0,1018
2024,11,17,15,0,6.300000000000001,1.25,1,89.13,0,1018
2024,11,17,16,0,7.300000000000001,1.24,548,83.37,0,1018
2024,11,17,17,0,9.3,1.25,730,72.64,0,1018
2024,11,17,18,0,12.3,1.05,786,57.31,0,1018
2024,11,17,19,0,15.5,1.04,810,42.01,0,1017
2024,11,17,20,0,16.8,1.02,126,40.5,0,1017
2024,11,17,21,0,17,1.07,4,45.69,0,1016
2024,11,17,22,0,17.1,1.02,22,51.01,0,1015
2024,11,17,23,0,16.5,0.99,16,58.410000000000004,0,1015
2024,11,18,0,0,14.700000000000001,0.99,152,72.21000000000001,0,1015
2024,11,18,1,0,12.8,0.99,0,84.97,0,1015
2024,11,18,2,0,12.8,0.96,0,90.52,0,1015
2024,11,18,3,0,12.100000000000001,0.9400000000000001,0,96.11,0,1015
2024,11,18,4,0,10.9,0.96,0,99.24000000000001,0,1015
2024,11,18,5,0,9.8,0.99,0,97.8,0,1016
2024,11,18,6,0,8.9,1.03,0,93.69,0,1017
2024,11,18,7,0,7.9,1.07,0,93.55,0,1017
2024,11,18,8,0,7.1000000000000005,1.11,0,94.75,0,1017
2024,11,18,9,0,6.5,1.1300000000000001,0,95.56,0,1017
2024,11,18,10,0,6,1.1400000000000001,0,95.52,0,1017
2024,11,18,11,0,5.6000000000000005,1.1400000000000001,0,95.46000000000001,0,1018
2024,11,18,12,0,5.4,1.1500000000000001,0,94.39,0,1018
2024,11,18,13,0,5,1.19,0,94.31,0,1018
2024,11,18,14,0,4.6000000000000005,1.23,0,94.44,0,1019
2024,11,18,15,0,5.1000000000000005,1.26,0,91.60000000000001,0,1020
2024,11,18,16,0,8,1.23,540,80.78,0,1021
2024,11,18,17,0,10.8,1.19,748,66.7,0,1021
2024,11,18,18,0,13.700000000000001,1.35,847,48.31,0,1021
2024,11,18,19,0,15.4,1.35,870,38.88,0,1020
2024,11,18,20,0,16.1,1.28,856,34.61,0,1020
2024,11,18,21,0,16,1.26,835,33.18,0,1019
2024,11,18,22,0,15.9,1.27,443,33.01,0,1019
2024,11,18,23,0,15.3,1.28,680,35.06,0,1019
2024,11,19,0,0,12.3,1.31,120,51.61,0,1019
2024,11,19,1,0,9.700000000000001,1.34,0,60.45,0,1020
2024,11,19,2,0,8.8,1.3800000000000001,0,63.85,0,1020
2024,11,19,3,0,8.1,1.42,0,67.69,0,1020
2024,11,19,4,0,7.4,1.45,0,70.79,0,1020
2024,11,19,5,0,6.800000000000001,1.47,0,73.48,0,1020
2024,11,19,6,0,6.6000000000000005,1.48,0,74,0,1020
2024,11,19,7,0,6.800000000000001,1.5,0,72.18,0,1020
2024,11,19,8,0,7,1.51,0,69.77,0,1020
2024,11,19,9,0,6.800000000000001,1.5,0,68.85000000000001,0,1020
2024,11,19,10,0,6.6000000000000005,1.5,0,67.4,0,1019
2024,11,19,11,0,6.1000000000000005,1.5,0,67.66,0,1019
2024,11,19,12,0,5.7,1.52,0,68.24,0,1019
2024,11,19,13,0,5.300000000000001,1.52,0,69.39,0,1019
2024,11,19,14,0,4.7,1.52,0,72.39,0,1019
2024,11,19,15,0,4.4,1.52,0,76.57000000000001,0,1020
2024,11,19,16,0,6.800000000000001,1.5,47,69.06,0,1020
2024,11,19,17,0,9.1,1.48,129,62.24,0,1020
2024,11,19,18,0,11.4,1.6300000000000001,220,53.44,0,1019
2024,11,19,19,0,12.5,1.61,333,47.67,0,1019
2024,11,19,20,0,13,1.57,304,44.6,0,1018
2024,11,19,21,0,13.600000000000001,1.55,124,41.97,0,1018
2024,11,19,22,0,13.9,1.57,121,40.6,0,1018
2024,11,19,23,0,12.5,1.51,6,53.65,0,1017
2024,11,20,0,0,10.9,1.45,458,58.64,0,1016
2024,11,20,1,0,10.100000000000001,1.42,0,57.99,0,1015
2024,11,20,2,0,10,1.41,0,56.76,0,1014
2024,11,20,3,0,9.9,1.43,0,54.980000000000004,0,1014
2024,11,20,4,0,9.600000000000001,1.43,0,55.31,0,1014
2024,11,20,5,0,9.5,1.42,0,56.54,0,1015
2024,11,20,6,0,9.4,1.3800000000000001,0,58.72,0,1016
2024,11,20,7,0,9.3,1.32,0,61.18,0,1016
2024,11,20,8,0,9.4,1.29,0,62.29,0,1016
2024,11,20,9,0,9.4,1.25,0,63.45,0,1016
2024,11,20,10,0,9.5,1.23,0,61.78,0,1015
2024,11,20,11,0,9.600000000000001,1.22,0,59.42,0,1015
2024,11,20,12,0,9.600000000000001,1.22,0,58.36,0,1014
2024,11,20,13,0,9.4,1.21,0,60.230000000000004,0,1014
2024,11,20,14,0,9.200000000000001,1.2,0,63.440000000000005,0,1014
2024,11,20,15,0,9.200000000000001,1.16,0,66.57000000000001,0,1015
2024,11,20,16,0,10.100000000000001,1.12,4,64.98,0,1016
2024,11,20,17,0,10.9,1.1,8,62.97,0,1016
2024,11,20,18,0,12.100000000000001,1.05,2,63.84,0,1016
2024,11,20,19,0,12.9,1.01,1,66.73,0,1015
2024,11,20,20,0,13.3,0.97,3,70.94,0,1015
2024,11,20,21,0,13.600000000000001,0.88,4,75.71000000000001,0,1015
2024,11,20,22,0,13.9,0.8200000000000001,0,79.05,0,1014
2024,11,20,23,0,13.9,0.76,0,82.69,0,1014
2024,11,21,0,0,13.8,0.74,1,85.44,0,1015
2024,11,21,1,0,13.600000000000001,0.74,0,87.63,0,1015
2024,11,21,2,0,13.5,0.75,0,88.23,0,1015
2024,11,21,3,0,13.5,0.73,0,87.73,0,1015
2024,11,21,4,0,13.4,0.73,0,87.85000000000001,0,1015
2024,11,21,5,0,13.3,0.73,0,88.31,0,1015
2024,11,21,6,0,13.200000000000001,0.73,0,89.02,0,1015
2024,11,21,7,0,13.100000000000001,0.73,0,89.87,0,1016
2024,11,21,8,0,13,0.72,0,90.43,0,1016
2024,11,21,9,0,12.9,0.75,0,90.47,0,1016
2024,11,21,10,0,13,0.78,0,89.25,0,1016
2024,11,21,11,0,13,0.8300000000000001,0,88.12,0,1016
2024,11,21,12,0,12.8,0.86,0,87.91,0,1015
2024,11,21,13,0,12.600000000000001,0.88,0,88.16,0,1015
2024,11,21,14,0,12.5,0.92,0,87.48,0,1015
2024,11,21,15,0,12.5,0.92,0,87.05,0,1015
2024,11,21,16,0,12.8,0.89,0,87.63,0,1016
2024,11,21,17,0,13.5,0.88,1,87.42,0,1016
2024,11,21,18,0,14.200000000000001,0.9,0,87.59,0,1016
2024,11,21,19,0,15.100000000000001,0.92,1,87.02,0,1016
2024,11,21,20,0,16,0.89,0,86.51,0,1016
2024,11,21,21,0,16.7,0.81,0,86.3,0,1015
2024,11,21,22,0,16.900000000000002,0.75,6,86.76,0,1015
2024,11,21,23,0,16.8,0.7000000000000001,0,87.13,0,1015
2024,11,22,0,0,16.400000000000002,0.6900000000000001,83,89.06,0,1015
2024,11,22,1,0,15.700000000000001,0.67,0,91.19,0,1015
2024,11,22,2,0,15.600000000000001,0.67,0,91.03,0,1016
2024,11,22,3,0,15.4,0.73,0,91.38,0,1016
2024,11,22,4,0,15.200000000000001,0.81,0,91.47,0,1016
2024,11,22,5,0,15.200000000000001,0.87,0,91.41,0,1016
2024,11,22,6,0,15.100000000000001,0.9400000000000001,0,92.27,0,1015
2024,11,22,7,0,14.700000000000001,0.97,0,94.03,0,1015
2024,11,22,8,0,14.5,1.01,0,94.71000000000001,0,1014
2024,11,22,9,0,14.600000000000001,1.05,0,94.65,0,1014
2024,11,22,10,0,14.5,1.08,0,94.78,0,1014
2024,11,22,11,0,14.4,1.09,0,94.45,0,1014
2024,11,22,12,0,14.9,1.11,0,92.15,0,1013
2024,11,22,13,0,15,1.1300000000000001,0,91.35000000000001,0,1013
2024,11,22,14,0,15.100000000000001,1.1300000000000001,0,89.60000000000001,0,1013
2024,11,22,15,0,15,1.12,0,88.44,0,1012
2024,11,22,16,0,15,1.08,0,88.46000000000001,0,1012
2024,11,22,17,0,15.5,1.04,0,87.21000000000001,0,1012
2024,11,22,18,0,16.1,1.11,1,86.89,0,1012
2024,11,22,19,0,16.7,1.05,0,87.26,0,1012
2024,11,22,20,0,17,0.97,0,88.10000000000001,0,1010
2024,11,22,21,0,17.1,0.85,1,89.56,0,1009
2024,11,22,22,0,16.8,0.8300000000000001,1,91.94,0,1008
2024,11,22,23,0,16.5,0.8300000000000001,0,93.22,0,1008
2024,11,23,0,0,15.700000000000001,0.88,0,95.29,0,1008
2024,11,23,1,0,14.700000000000001,0.89,0,97.69,0,1009
2024,11,23,2,0,14.200000000000001,0.92,0,98.01,0,1009
2024,11,23,3,0,14.100000000000001,0.92,0,95.9,0,1009
2024,11,23,4,0,13.4,0.96,0,95.68,0,1010
2024,11,23,5,0,12.4,0.96,0,97.56,0,1009
2024,11,23,6,0,12,0.89,0,97.95,0,1009
2024,11,23,7,0,11.700000000000001,0.8,0,97.29,0,1009
2024,11,23,8,0,11.4,0.78,0,97.32000000000001,0,1009
2024,11,23,9,0,11,0.86,0,97.63,0,1009
2024,11,23,10,0,10.600000000000001,0.93,0,98.07000000000001,0,1010
2024,11,23,11,0,10.5,0.92,0,97.93,0,1010
2024,11,23,12,0,10.4,0.84,0,98.02,0,1011
2024,11,23,13,0,10.200000000000001,0.77,0,98.11,0,1011
2024,11,23,14,0,10.100000000000001,0.73,0,97.87,0,1012
2024,11,23,15,0,10.4,0.6900000000000001,0,97.09,0,1012
2024,11,23,16,0,11.600000000000001,0.65,491,94.69,0,1013
2024,11,23,17,0,13,0.65,257,88.05,0,1013
2024,11,23,18,0,14.200000000000001,0.67,425,77.74,0,1013
2024,11,23,19,0,15.100000000000001,0.64,44,70.99,0,1013
2024,11,23,20,0,15.600000000000001,0.64,342,67.17,0,1013
2024,11,23,21,0,15.5,0.53,760,66.08,0,1012
2024,11,23,22,0,15.200000000000001,0.54,52,67.01,0,1012
2024,11,23,23,0,14.600000000000001,0.54,19,71.25,0,1012
2024,11,24,0,0,12.600000000000001,0.58,377,84.48,0,1012
2024,11,24,1,0,10.3,0.62,0,91.15,0,1013
2024,11,24,2,0,9.5,0.67,0,94.62,0,1013
2024,11,24,3,0,8.9,0.74,0,97.38,0,1013
2024,11,24,4,0,8.3,0.8,0,100,0,1013
2024,11,24,5,0,7.9,0.8300000000000001,0,100,0,1013
2024,11,24,6,0,7.5,0.84,0,100,0,1014
2024,11,24,7,0,7.300000000000001,0.85,0,100,0,1014
2024,11,24,8,0,7.300000000000001,0.86,0,100,0,1014
2024,11,24,9,0,7.300000000000001,0.91,0,100,0,1014
2024,11,24,10,0,7.5,0.96,0,100,0,1014
2024,11,24,11,0,7.6000000000000005,1,0,100,0,1014
2024,11,24,12,0,7.4,1.04,0,100,0,1015
2024,11,24,13,0,7.5,1.07,0,99.99000000000001,0,1015
2024,11,24,14,0,7.300000000000001,1.09,0,99.96000000000001,0,1016
2024,11,24,15,0,7.1000000000000005,1.1,0,100,0,1016
2024,11,24,16,0,8.5,1.1,551,95.38,0,1016
2024,11,24,17,0,10.3,1.11,748,89.25,0,1017
2024,11,24,18,0,12.700000000000001,1.16,834,75.95,0,1017
2024,11,24,19,0,14.600000000000001,1.17,871,65.35,0,1017
2024,11,24,20,0,16,1.18,884,58.74,0,1016
2024,11,24,21,0,16.6,0.96,848,56.53,0,1015
2024,11,24,22,0,16.7,0.96,794,57.08,0,1015
2024,11,24,23,0,16.1,0.9500000000000001,685,63.4,0,1015
2024,11,25,0,0,13.700000000000001,0.93,430,79.46000000000001,0,1015
2024,11,25,1,0,12.3,0.9500000000000001,0,78.86,0,1015
2024,11,25,2,0,11.700000000000001,0.9400000000000001,0,81.56,0,1015
2024,11,25,3,0,11,0.9500000000000001,0,84.35000000000001,0,1016
2024,11,25,4,0,10.4,0.9500000000000001,0,86.36,0,1016
2024,11,25,5,0,9.8,0.9400000000000001,0,88.88,0,1016
2024,11,25,6,0,9.4,0.93,0,91.49,0,1016
2024,11,25,7,0,9.1,0.9400000000000001,0,93.64,0,1016
2024,11,25,8,0,8.8,0.9500000000000001,0,95.16,0,1016
2024,11,25,9,0,8.3,0.98,0,96.75,0,1016
2024,11,25,10,0,8.6,1.02,0,95.58,0,1016
2024,11,25,11,0,8.9,1.04,0,94.8,0,1016
2024,11,25,12,0,9.3,1.06,0,94.24,0,1017
2024,11,25,13,0,9.3,1.06,0,94.79,0,1017
2024,11,25,14,0,9.3,1.06,0,95.06,0,1017
2024,11,25,15,0,9.5,1.09,0,94.98,0,1017
2024,11,25,16,0,10.600000000000001,1.1300000000000001,201,91.95,0,1017
2024,11,25,17,0,11.4,1.19,3,89.74,0,1017
2024,11,25,18,0,12.700000000000001,1.25,33,83.55,0,1017
2024,11,25,19,0,13.3,1.27,72,77.62,0,1017
2024,11,25,20,0,13.100000000000001,1.28,146,77.60000000000001,0,1016
2024,11,25,21,0,12.8,1.26,183,80.85000000000001,0,1016
2024,11,25,22,0,12.5,1.24,12,85.36,0,1015
2024,11,25,23,0,12.200000000000001,1.25,3,91.05,0,1015
2024,11,26,0,0,11.600000000000001,1.26,131,94.21000000000001,0,1015
2024,11,26,1,0,11,1.28,0,96.46000000000001,0,1015
2024,11,26,2,0,10.700000000000001,1.29,0,98.12,0,1015
2024,11,26,3,0,10.100000000000001,1.35,0,99.9,0,1015
2024,11,26,4,0,9.8,1.3800000000000001,0,100,0,1016
2024,11,26,5,0,9.600000000000001,1.4000000000000001,0,100,0,1016
2024,11,26,6,0,9.600000000000001,1.4000000000000001,0,100,0,1017
2024,11,26,7,0,9.600000000000001,1.4000000000000001,0,100,0,1017
2024,11,26,8,0,9.600000000000001,1.4000000000000001,0,100,0,1017
2024,11,26,9,0,9.5,1.4000000000000001,0,100,0,1017
2024,11,26,10,0,9.4,1.41,0,99.93,0,1017
2024,11,26,11,0,9.3,1.3800000000000001,0,100,0,1018
2024,11,26,12,0,9.200000000000001,1.33,0,100,0,1018
2024,11,26,13,0,9.3,1.29,0,99.53,0,1018
2024,11,26,14,0,9.3,1.24,0,99.28,0,1018
2024,11,26,15,0,9.4,1.2,0,99.15,0,1018
2024,11,26,16,0,10.9,1.16,87,96.29,0,1019
2024,11,26,17,0,12.200000000000001,1.1300000000000001,0,92.93,0,1019
2024,11,26,18,0,13.200000000000001,1.08,159,86.97,0,1019
2024,11,26,19,0,14,1.07,86,80.31,0,1019
2024,11,26,20,0,14.5,1.06,398,75.8,0,1019
2024,11,26,21,0,15.100000000000001,1.06,22,71.43,0,1019
2024,11,26,22,0,15.3,1.07,822,67.91,0,1018
2024,11,26,23,0,14.9,1.06,737,70.48,0,1019
2024,11,27,0,0,13.3,0.9400000000000001,496,78.31,0,1019
2024,11,27,1,0,12.700000000000001,0.96,0,73.39,0,1019
2024,11,27,2,0,12.4,0.98,0,74.07000000000001,0,1019
2024,11,27,3,0,11.700000000000001,1,0,78.03,0,1020
2024,11,27,4,0,10.4,1.04,0,84.83,0,1020
2024,11,27,5,0,9.1,1.09,0,91.85000000000001,0,1020
2024,11,27,6,0,8.3,1.1400000000000001,0,95.10000000000001,0,1021
2024,11,27,7,0,7.5,1.18,0,97.34,0,1021
2024,11,27,8,0,6.9,1.22,0,96.52,0,1021
2024,11,27,9,0,6.1000000000000005,1.25,0,94.52,0,1021
2024,11,27,10,0,5.9,1.27,0,89.47,0,1021
2024,11,27,11,0,5.1000000000000005,1.32,0,89.93,0,1021
2024,11,27,12,0,4.4,1.36,0,91.75,0,1021
2024,11,27,13,0,4.3,1.36,0,90.79,0,1021
2024,11,27,14,0,4.6000000000000005,1.35,0,88.51,0,1021
2024,11,27,15,0,4.800000000000001,1.36,0,87.4,0,1021
2024,11,27,16,0,6.300000000000001,1.3900000000000001,624,81.22,0,1021
2024,11,27,17,0,8.8,1.43,826,70.03,0,1021
2024,11,27,18,0,11.4,1.1300000000000001,900,58.82,0,1021
2024,11,27,19,0,13.4,1.06,938,50.47,0,1020
2024,11,27,20,0,14.5,1.02,946,47.02,0,1020
2024,11,27,21,0,15,0.91,917,46.29,0,1019
2024,11,27,22,0,15,0.9,872,47.550000000000004,0,1019
2024,11,27,23,0,14.100000000000001,0.89,771,54.410000000000004,0,1018
2024,11,28,0,0,10.700000000000001,0.89,539,75.55,0,1018
2024,11,28,1,0,8,0.89,0,80.72,0,1019
2024,11,28,2,0,7.300000000000001,0.9,0,83.26,0,1019
2024,11,28,3,0,6.6000000000000005,0.92,0,86.64,0,1019
2024,11,28,4,0,6.1000000000000005,0.9400000000000001,0,90.08,0,1020
2024,11,28,5,0,5.6000000000000005,0.96,0,93.61,0,1020
2024,11,28,6,0,5.1000000000000005,0.98,0,96.54,0,1020
2024,11,28,7,0,4.6000000000000005,1.01,0,98.78,0,1020
2024,11,28,8,0,4.2,1.03,0,99.68,0,1020
2024,11,28,9,0,3.8000000000000003,1.04,0,99.31,0,1020
2024,11,28,10,0,3.4000000000000004,1.04,0,97.2,0,1020
2024,11,28,11,0,3,1.05,0,93.9,0,1020
2024,11,28,12,0,2.7,1.05,0,88.95,0,1021
2024,11,28,13,0,2.4000000000000004,1.05,0,83.60000000000001,0,1021
2024,11,28,14,0,2.2,1.05,0,79.63,0,1021
2024,11,28,15,0,2.4000000000000004,1.05,0,78.48,0,1021
2024,11,28,16,0,6.1000000000000005,1.05,600,69.56,0,1021
2024,11,28,17,0,8.6,1.06,799,57.75,0,1021
2024,11,28,18,0,10.4,1.21,896,55.82,0,1021
2024,11,28,19,0,12.4,1.21,935,52.21,0,1021
2024,11,28,20,0,13.700000000000001,1.21,944,50.97,0,1020
2024,11,28,21,0,14.700000000000001,0.88,905,48.24,0,1020
2024,11,28,22,0,14.8,0.89,857,49.2,0,1019
2024,11,28,23,0,14,0.89,753,57.08,0,1019
2024,11,29,0,0,10.5,0.89,512,75.49,0,1019
2024,11,29,1,0,8,0.89,0,76.63,0,1019
2024,11,29,2,0,7,0.9,0,79.98,0,1019
2024,11,29,3,0,6.300000000000001,0.91,0,82.74,0,1019
2024,11,29,4,0,6.1000000000000005,0.91,0,82.79,0,1019
2024,11,29,5,0,5.800000000000001,0.92,0,83.77,0,1020
2024,11,29,6,0,5.2,0.93,0,86.54,0,1020
2024,11,29,7,0,5.2,0.9400000000000001,0,85.84,0,1021
2024,11,29,8,0,5.1000000000000005,0.9400000000000001,0,86.24,0,1021
2024,11,29,9,0,4.7,0.9500000000000001,0,88.09,0,1021
2024,11,29,10,0,4.1000000000000005,0.97,0,90.72,0,1020
2024,11,29,11,0,3.4000000000000004,0.99,0,92.96000000000001,0,1020
2024,11,29,12,0,3.6,1.02,0,88.98,0,1020
2024,11,29,13,0,3.3000000000000003,1.03,0,86.93,0,1020
2024,11,29,14,0,2.6,1.04,0,86.97,0,1020
2024,11,29,15,0,2.6,1.05,0,84.8,0,1020
2024,11,29,16,0,6.2,1.06,259,74.92,0,1021
2024,11,29,17,0,9,1.06,523,61.52,0,1021
2024,11,29,18,0,11.200000000000001,1.11,882,57.53,0,1021
2024,11,29,19,0,13.100000000000001,1.1,924,54.72,0,1020
2024,11,29,20,0,14.5,1.09,937,52.75,0,1019
2024,11,29,21,0,15.3,1.03,916,51.5,0,1019
2024,11,29,22,0,15.4,1.03,870,51.620000000000005,0,1018
2024,11,29,23,0,14.3,1.03,767,63.43,0,1018
2024,11,30,0,0,11.3,1.01,528,74.37,0,1018
2024,11,30,1,0,9.8,1.01,0,72.52,0,1018
2024,11,30,2,0,9.3,1.01,0,74.66,0,1019
2024,11,30,3,0,8.8,1.01,0,77.41,0,1019
2024,11,30,4,0,8.200000000000001,1.02,0,80.98,0,1020
2024,11,30,5,0,7.4,1.03,0,85.86,0,1020
2024,11,30,6,0,6.4,1.04,0,92.14,0,1020
2024,11,30,7,0,5.6000000000000005,1.06,0,97.42,0,1020
2024,11,30,8,0,5.1000000000000005,1.07,0,100,0,1020
2024,11,30,9,0,4.5,1.09,0,100,0,1020
2024,11,30,10,0,3.9000000000000004,1.1,0,100,0,1020
2024,11,30,11,0,3.3000000000000003,1.12,0,100,0,1020
2024,11,30,12,0,2.8000000000000003,1.1300000000000001,0,100,0,1020
2024,11,30,13,0,2.7,1.1400000000000001,0,100,0,1020
2024,11,30,14,0,2.6,1.1400000000000001,0,94.96000000000001,0,1020
2024,11,30,15,0,2.9000000000000004,1.1400000000000001,0,88.14,0,1020
2024,11,30,16,0,5.7,1.1400000000000001,579,75.7,0,1021
2024,11,30,17,0,8.3,1.1400000000000001,787,66.35,0,1021
2024,11,30,18,0,11.100000000000001,1.18,664,59.35,0,1021
2024,11,30,19,0,13.200000000000001,1.17,928,54.58,0,1020
2024,11,30,20,0,14.600000000000001,1.16,930,49.74,0,1020
2024,11,30,21,0,15.100000000000001,1.16,914,49.25,0,1019
2024,11,30,22,0,15,1.16,858,51.15,0,1018
2024,11,30,23,0,13.9,1.18,293,59.730000000000004,0,1018
2024,12,1,0,0,10.200000000000001,1.2,0,78.35000000000001,0,1019
2024,12,1,1,0,7.6000000000000005,1.21,0,84.31,0,1019
2024,12,1,2,0,6.9,1.23,0,88.59,0,1019
2024,12,1,3,0,6.4,1.24,0,91.33,0,1020
2024,12,1,4,0,6.1000000000000005,1.25,0,91.95,0,1020
2024,12,1,5,0,5.6000000000000005,1.26,0,93.48,0,1020
2024,12,1,6,0,5.300000000000001,1.28,0,93.28,0,1020
2024,12,1,7,0,5.1000000000000005,1.3,0,91.03,0,1020
2024,12,1,8,0,4.9,1.32,0,87.19,0,1019
2024,12,1,9,0,4.7,1.33,0,83.69,0,1019
2024,12,1,10,0,4.6000000000000005,1.31,0,80.65,0,1019
2024,12,1,11,0,5.1000000000000005,1.3,0,77.94,0,1020
2024,12,1,12,0,5.4,1.29,0,78.12,0,1020
2024,12,1,13,0,5.4,1.3,0,80.35000000000001,0,1020
2024,12,1,14,0,5.300000000000001,1.3,0,82.28,0,1021
2024,12,1,15,0,5.300000000000001,1.3,0,81.94,0,1021
2024,12,1,16,0,6.1000000000000005,1.3,0,78.10000000000001,0,1021
2024,12,1,17,0,7.800000000000001,1.3,0,69.53,0,1022
2024,12,1,18,0,9.600000000000001,1.35,8,64.61,0,1022
2024,12,1,19,0,11.700000000000001,1.37,103,57.69,0,1021
2024,12,1,20,0,13.4,1.3800000000000001,248,54.39,0,1020
2024,12,1,21,0,14.600000000000001,1.4000000000000001,863,51.74,0,1020
2024,12,1,22,0,15,1.41,821,52.71,0,1019
2024,12,1,23,0,14.4,1.43,723,61.82,0,1020
2024,12,2,0,0,11.3,1.32,481,78.02,0,1020
2024,12,2,1,0,9.1,1.32,0,81.11,0,1020
2024,12,2,2,0,8.700000000000001,1.33,0,82.83,0,1020
2024,12,2,3,0,8.4,1.35,0,85.29,0,1020
2024,12,2,4,0,8.1,1.36,0,87.89,0,1020
2024,12,2,5,0,7.6000000000000005,1.37,0,91.95,0,1020
2024,12,2,6,0,7.1000000000000005,1.3800000000000001,0,95.46000000000001,0,1020
2024,12,2,7,0,6.7,1.3800000000000001,0,97.18,0,1020
2024,12,2,8,0,6.300000000000001,1.3800000000000001,0,97.55,0,1020
2024,12,2,9,0,5.9,1.3800000000000001,0,97.60000000000001,0,1020
2024,12,2,10,0,5.7,1.3800000000000001,0,95.99000000000001,0,1020
2024,12,2,11,0,5.5,1.3900000000000001,0,94.35000000000001,0,1020
2024,12,2,12,0,5.300000000000001,1.4000000000000001,0,92.88,0,1020
2024,12,2,13,0,5.2,1.4000000000000001,0,91.18,0,1020
2024,12,2,14,0,5.1000000000000005,1.4000000000000001,0,90.18,0,1021
2024,12,2,15,0,5.300000000000001,1.41,0,88.34,0,1021
2024,12,2,16,0,8.5,1.42,1,79.67,0,1021
2024,12,2,17,0,11.100000000000001,1.44,725,68.5,0,1022
2024,12,2,18,0,13.3,1.46,826,64.73,0,1022
2024,12,2,19,0,15,1.48,868,62.940000000000005,0,1021
2024,12,2,20,0,16.3,1.5,880,60.22,0,1021
2024,12,2,21,0,17,1.52,866,59.64,0,1020
2024,12,2,22,0,17.3,1.53,820,59.89,0,1019
2024,12,2,23,0,16.5,1.55,719,68.97,0,1019
2024,12,3,0,0,13.9,1.56,492,76.57000000000001,0,1019
2024,12,3,1,0,12.5,1.57,0,76.38,0,1019
2024,12,3,2,0,11.9,1.58,0,79.28,0,1019
2024,12,3,3,0,11.600000000000001,1.59,0,81.02,0,1020
2024,12,3,4,0,11.200000000000001,1.6,0,83.35000000000001,0,1020
2024,12,3,5,0,10.8,1.61,0,85.92,0,1019
2024,12,3,6,0,10.4,1.62,0,88.37,0,1019
2024,12,3,7,0,9.600000000000001,1.6300000000000001,0,92.08,0,1019
2024,12,3,8,0,8.700000000000001,1.6300000000000001,0,94.49,0,1019
2024,12,3,9,0,8.1,1.6300000000000001,0,93.93,0,1019
2024,12,3,10,0,7.5,1.6300000000000001,0,92.69,0,1019
2024,12,3,11,0,7,1.6300000000000001,0,90.78,0,1019
2024,12,3,12,0,6.300000000000001,1.62,0,90.08,0,1019
2024,12,3,13,0,5.7,1.62,0,88.79,0,1020
2024,12,3,14,0,5.300000000000001,1.61,0,86.74,0,1020
2024,12,3,15,0,5.300000000000001,1.6,0,85.52,0,1020
2024,12,3,16,0,8.6,1.59,528,75.8,0,1021
2024,12,3,17,0,11.200000000000001,1.58,738,64.87,0,1021
2024,12,3,18,0,13.5,1.71,840,59.99,0,1021
2024,12,3,19,0,15.200000000000001,1.7,882,58.33,0,1020
2024,12,3,20,0,16.5,1.68,894,57.11,0,1020
2024,12,3,21,0,17.3,1.67,876,57.230000000000004,0,1019
2024,12,3,22,0,17.5,1.6600000000000001,830,58.95,0,1019
2024,12,3,23,0,16.7,1.6400000000000001,731,68.94,0,1019
2024,12,4,0,0,13.4,1.17,457,81.53,0,1019
2024,12,4,1,0,11.600000000000001,1.1500000000000001,0,85.45,0,1019
2024,12,4,2,0,11,1.1300000000000001,0,89.10000000000001,0,1020
2024,12,4,3,0,10.8,1.1300000000000001,0,89.60000000000001,0,1020
2024,12,4,4,0,10.700000000000001,1.1300000000000001,0,89.21000000000001,0,1020
2024,12,4,5,0,10.3,1.1300000000000001,0,90.94,0,1021
2024,12,4,6,0,9.5,1.1400000000000001,0,94.71000000000001,0,1021
2024,12,4,7,0,8.6,1.1400000000000001,0,98.37,0,1021
2024,12,4,8,0,7.800000000000001,1.1500000000000001,0,99.59,0,1021
2024,12,4,9,0,7.2,1.16,0,98.27,0,1021
2024,12,4,10,0,6.800000000000001,1.18,0,93.88,0,1021
2024,12,4,11,0,6.5,1.19,0,88.14,0,1021
2024,12,4,12,0,6.300000000000001,1.21,0,83.92,0,1021
2024,12,4,13,0,6.1000000000000005,1.23,0,81.62,0,1022
2024,12,4,14,0,5.9,1.25,0,80.11,0,1022
2024,12,4,15,0,6,1.26,0,79.92,0,1022
2024,12,4,16,0,9.1,1.27,509,74.47,0,1023
2024,12,4,17,0,11.700000000000001,1.29,729,64.72,0,1023
2024,12,4,18,0,13.8,1.42,836,60.22,0,1023
2024,12,4,19,0,15.4,1.42,881,58.99,0,1023
2024,12,4,20,0,16.900000000000002,1.43,893,56.56,0,1022
2024,12,4,21,0,17.6,1.31,873,56.61,0,1021
2024,12,4,22,0,17.8,1.31,827,57.99,0,1021
2024,12,4,23,0,16.900000000000002,1.32,728,68.18,0,1021
2024,12,5,0,0,14,1.32,501,76.94,0,1021
2024,12,5,1,0,12.4,1.33,0,78.99,0,1021
2024,12,5,2,0,11.8,1.34,0,83.4,0,1021
2024,12,5,3,0,11.4,1.35,0,86.67,0,1021
2024,12,5,4,0,10.700000000000001,1.36,0,91.42,0,1021
2024,12,5,5,0,10.600000000000001,1.3800000000000001,0,92.71000000000001,0,1022
2024,12,5,6,0,10.8,1.3900000000000001,0,91.56,0,1022
2024,12,5,7,0,10.600000000000001,1.4000000000000001,0,92.45,0,1022
2024,12,5,8,0,11,1.41,0,89.87,0,1022
2024,12,5,9,0,11,1.41,0,89.65,0,1022
2024,12,5,10,0,10.3,1.41,0,93.61,0,1022
2024,12,5,11,0,8.9,1.4000000000000001,0,100,0,1022
2024,12,5,12,0,8,1.41,0,100,0,1022
2024,12,5,13,0,7.9,1.43,0,100,0,1022
2024,12,5,14,0,7.800000000000001,1.44,0,98.23,0,1022
2024,12,5,15,0,8,1.45,0,93.48,0,1023
2024,12,5,16,0,9.700000000000001,1.45,8,85.52,0,1023
2024,12,5,17,0,11.5,1.46,6,76.89,0,1023
2024,12,5,18,0,13.3,1.62,266,71.53,0,1023
2024,12,5,19,0,15.9,1.67,871,65.86,0,1023
2024,12,5,20,0,17.900000000000002,1.68,884,59.67,0,1022
2024,12,5,21,0,18.6,1.48,863,58.25,0,1022
2024,12,5,22,0,18.6,1.47,822,58.86,0,1021
2024,12,5,23,0,17.7,1.45,721,68.5,0,1021
2024,12,6,0,0,14.600000000000001,1.43,491,77.87,0,1021
2024,12,6,1,0,13,1.42,0,77.7,0,1021
2024,12,6,2,0,12.8,1.42,0,78.57000000000001,0,1021
2024,12,6,3,0,13.100000000000001,1.44,0,77.78,0,1021
2024,12,6,4,0,13.200000000000001,1.47,0,78.09,0,1021
2024,12,6,5,0,12.3,1.49,0,83.08,0,1021
2024,12,6,6,0,11.100000000000001,1.51,0,90.08,0,1021
2024,12,6,7,0,9.9,1.51,0,98.09,0,1021
2024,12,6,8,0,8.700000000000001,1.51,0,100,0,1021
2024,12,6,9,0,8,1.51,0,100,0,1022
2024,12,6,10,0,7.4,1.48,0,100,0,1022
2024,12,6,11,0,7,1.46,0,100,0,1023
2024,12,6,12,0,6.7,1.45,0,100,0,1023
2024,12,6,13,0,6.2,1.45,0,96.21000000000001,0,1023
2024,12,6,14,0,5.800000000000001,1.46,0,91.09,0,1023
2024,12,6,15,0,5.800000000000001,1.46,0,84.61,0,1023
2024,12,6,16,0,8.8,1.46,536,74.46000000000001,0,1023
2024,12,6,17,0,11.3,1.47,754,64.32000000000001,0,1024
2024,12,6,18,0,13.700000000000001,1.43,847,59.370000000000005,0,1023
2024,12,6,19,0,15.4,1.43,891,57.08,0,1023
2024,12,6,20,0,16.5,1.43,905,55.77,0,1022
2024,12,6,21,0,17.2,1.3900000000000001,300,55.35,0,1021
2024,12,6,22,0,17.400000000000002,1.3800000000000001,844,56.33,0,1021
2024,12,6,23,0,16.5,1.37,746,66.83,0,1021
2024,12,7,0,0,13.600000000000001,1.19,493,76.57000000000001,0,1021
2024,12,7,1,0,12.3,1.2,0,76.61,0,1020
2024,12,7,2,0,11.600000000000001,1.22,0,81.3,0,1020
2024,12,7,3,0,10.8,1.23,0,86.64,0,1020
2024,12,7,4,0,9.5,1.25,0,94.71000000000001,0,1020
2024,12,7,5,0,8.4,1.26,0,100,0,1021
2024,12,7,6,0,7.800000000000001,1.28,0,100,0,1021
2024,12,7,7,0,7.6000000000000005,1.29,0,100,0,1021
2024,12,7,8,0,7.800000000000001,1.3,0,96.08,0,1021
2024,12,7,9,0,7.7,1.31,0,92.31,0,1021
2024,12,7,10,0,7.300000000000001,1.32,0,90.76,0,1021
2024,12,7,11,0,7,1.32,0,89.66,0,1021
2024,12,7,12,0,6.800000000000001,1.32,0,88,0,1021
2024,12,7,13,0,6.7,1.32,0,86.03,0,1021
2024,12,7,14,0,6.7,1.33,0,83.15,0,1021
2024,12,7,15,0,6.7,1.33,0,81.10000000000001,0,1021
2024,12,7,16,0,9,1.33,484,78.47,0,1022
2024,12,7,17,0,11.5,1.33,42,66.11,0,1022
2024,12,7,18,0,13.5,1.3,552,65.15,0,1022
2024,12,7,19,0,15.100000000000001,1.3,565,63.08,0,1021
2024,12,7,20,0,16.3,1.31,547,60.660000000000004,0,1020
2024,12,7,21,0,17.1,1.28,316,58.45,0,1020
2024,12,7,22,0,17.3,1.28,364,58.57,0,1019
2024,12,7,23,0,16.5,1.28,229,66.2,0,1019
2024,12,8,0,0,13.9,1.27,2,75.64,0,1019
2024,12,8,1,0,12.9,1.26,0,75.66,0,1019
2024,12,8,2,0,12.3,1.26,0,79.73,0,1019
2024,12,8,3,0,11.600000000000001,1.27,0,83.63,0,1019
2024,12,8,4,0,11,1.27,0,85.86,0,1019
2024,12,8,5,0,10.5,1.28,0,86.12,0,1019
2024,12,8,6,0,10,1.27,0,86.16,0,1019
2024,12,8,7,0,9.600000000000001,1.27,0,86.26,0,1019
2024,12,8,8,0,8.9,1.27,0,89.79,0,1018
2024,12,8,9,0,8.5,1.27,0,94.5,0,1019
2024,12,8,10,0,8.5,1.26,0,97.57000000000001,0,1019
2024,12,8,11,0,8.5,1.26,0,99.87,0,1019
2024,12,8,12,0,8.700000000000001,1.26,0,99.03,0,1019
2024,12,8,13,0,9.1,1.3,0,93.01,0,1019
2024,12,8,14,0,8.700000000000001,1.32,0,88.36,0,1019
2024,12,8,15,0,8.1,1.34,0,85.62,0,1019
2024,12,8,16,0,9.200000000000001,1.35,563,78.52,0,1020
2024,12,8,17,0,11.5,1.37,785,69.15,0,1020
2024,12,8,18,0,13.8,1.44,881,60.36,0,1020
2024,12,8,19,0,15.600000000000001,1.44,925,52.1,0,1019
2024,12,8,20,0,16.900000000000002,1.48,941,47.14,0,1018
2024,12,8,21,0,17.6,1.51,929,45.1,0,1018
2024,12,8,22,0,17.7,1.53,888,46.72,0,1017
2024,12,8,23,0,16.400000000000002,1.54,792,58.94,0,1017
2024,12,9,0,0,12.5,0.61,480,75.23,0,1018
2024,12,9,1,0,10.4,0.59,0,80.42,0,1018
2024,12,9,2,0,9.9,0.58,0,82,0,1018
2024,12,9,3,0,9.5,0.6,0,82.73,0,1018
2024,12,9,4,0,9,0.62,0,83.12,0,1019
2024,12,9,5,0,8.4,0.67,0,83.39,0,1019
2024,12,9,6,0,7.800000000000001,0.74,0,83.86,0,1019
2024,12,9,7,0,7.2,0.85,0,84.5,0,1019
2024,12,9,8,0,6.5,0.97,0,85.60000000000001,0,1019
2024,12,9,9,0,5.9,1.06,0,85.59,0,1020
2024,12,9,10,0,5.4,1.1300000000000001,0,85.18,0,1020
2024,12,9,11,0,4.9,1.17,0,85.51,0,1020
2024,12,9,12,0,4.5,1.21,0,85.96000000000001,0,1021
2024,12,9,13,0,4.1000000000000005,1.24,0,86.64,0,1021
2024,12,9,14,0,3.6,1.28,0,87.38,0,1022
2024,12,9,15,0,3.3000000000000003,1.31,0,87.59,0,1022
2024,12,9,16,0,5.2,1.35,546,78.68,0,1023
2024,12,9,17,0,8.1,1.3800000000000001,788,65.64,0,1023
2024,12,9,18,0,11,1.62,896,55.21,0,1023
2024,12,9,19,0,13.5,1.52,940,46.800000000000004,0,1023
2024,12,9,20,0,15.100000000000001,1.4000000000000001,950,42.160000000000004,0,1022
2024,12,9,21,0,16.1,1.24,934,40.980000000000004,0,1021
2024,12,9,22,0,16.400000000000002,1.16,886,43.17,0,1021
2024,12,9,23,0,15.3,1.17,782,52.75,0,1021
2024,12,10,0,0,12,1.23,546,66.41,0,1021
2024,12,10,1,0,9.8,1.34,0,75.22,0,1022
2024,12,10,2,0,8.700000000000001,1.43,0,80.04,0,1022
2024,12,10,3,0,7.800000000000001,1.49,0,82.62,0,1023
2024,12,10,4,0,6.800000000000001,1.52,0,85.69,0,1023
2024,12,10,5,0,5.7,1.53,0,88.62,0,1024
2024,12,10,6,0,4.7,1.53,0,88.34,0,1024
2024,12,10,7,0,3.5,1.52,0,89.54,0,1024
2024,12,10,8,0,2.8000000000000003,1.5,0,89.29,0,1025
2024,12,10,9,0,2.4000000000000004,1.48,0,88.01,0,1025
2024,12,10,10,0,1.9000000000000001,1.47,0,85.66,0,1025
2024,12,10,11,0,1.5,1.44,0,81.64,0,1025
2024,12,10,12,0,1.4000000000000001,1.41,0,77.73,0,1026
2024,12,10,13,0,1.5,1.3800000000000001,0,74.21000000000001,0,1026
2024,12,10,14,0,1.5,1.35,0,73.76,0,1026
2024,12,10,15,0,1.5,1.32,0,76.84,0,1026
2024,12,10,16,0,4.4,1.29,500,72.79,0,1027
2024,12,10,17,0,7.1000000000000005,1.27,727,60.25,0,1028
2024,12,10,18,0,9.3,1.35,848,53.15,0,1028
2024,12,10,19,0,11.5,1.36,896,46.480000000000004,0,1027
2024,12,10,20,0,13.100000000000001,1.37,564,42.410000000000004,0,1027
2024,12,10,21,0,13.8,1.16,874,42.2,0,1026
2024,12,10,22,0,14,1.2,818,44.04,0,1026
2024,12,10,23,0,12.9,1.23,213,58.870000000000005,0,1026
2024,12,11,0,0,9.600000000000001,1.26,457,69.2,0,1026
2024,12,11,1,0,7.1000000000000005,1.27,0,75.24,0,1026
2024,12,11,2,0,6.1000000000000005,1.27,0,79.09,0,1026
2024,12,11,3,0,5.4,1.28,0,81.43,0,1026
2024,12,11,4,0,4.9,1.3,0,83.37,0,1026
2024,12,11,5,0,4.5,1.31,0,85.7,0,1026
2024,12,11,6,0,4.3,1.33,0,87.93,0,1026
2024,12,11,7,0,4.2,1.33,0,89.25,0,1025
2024,12,11,8,0,4.4,1.32,0,88.45,0,1025
2024,12,11,9,0,4.5,1.32,0,87.4,0,1025
2024,12,11,10,0,4.4,1.31,0,86.32000000000001,0,1024
2024,12,11,11,0,4.5,1.3,0,83.42,0,1024
2024,12,11,12,0,4.4,1.31,0,80.63,0,1023
2024,12,11,13,0,4,1.33,0,79.77,0,1023
2024,12,11,14,0,3.4000000000000004,1.37,0,80.95,0,1023
2024,12,11,15,0,2.8000000000000003,1.41,0,84.8,0,1023
2024,12,11,16,0,5.1000000000000005,1.42,438,79.83,0,1023
2024,12,11,17,0,7.300000000000001,1.44,456,69.83,0,1022
2024,12,11,18,0,9.3,1.55,818,62.03,0,1022
2024,12,11,19,0,10.8,1.54,868,58.910000000000004,0,1021
2024,12,11,20,0,12.3,1.51,879,56.2,0,1019
2024,12,11,21,0,13.4,1.42,313,53.7,0,1018
2024,12,11,22,0,13.700000000000001,1.41,425,53.54,0,1017
2024,12,11,23,0,12.8,1.4000000000000001,682,65.72,0,1016
2024,12,12,0,0,9.9,1.3800000000000001,420,75.85000000000001,0,1016
2024,12,12,1,0,8.1,1.41,0,80.63,0,1016
2024,12,12,2,0,7.5,1.4000000000000001,0,85.16,0,1015
2024,12,12,3,0,7.7,1.3800000000000001,0,84.02,0,1015
2024,12,12,4,0,7.2,1.35,0,85.75,0,1014
2024,12,12,5,0,6.5,1.32,0,89.32000000000001,0,1013
2024,12,12,6,0,6.5,1.27,0,89.63,0,1012
2024,12,12,7,0,6.800000000000001,1.22,0,89.45,0,1012
2024,12,12,8,0,7.7,1.1300000000000001,0,87.89,0,1011
2024,12,12,9,0,9.200000000000001,1.02,0,88.68,0,1010
2024,12,12,10,0,9.700000000000001,0.9400000000000001,0,93.04,0,1009
2024,12,12,11,0,10.3,0.8200000000000001,0,95.14,0,1009
2024,12,12,12,0,9.5,0.66,0,98.78,0,1008
2024,12,12,13,0,8.9,0.53,0,99.16,0,1009
2024,12,12,14,0,7.7,0.51,0,100,0,1010
2024,12,12,15,0,6.7,0.5,0,100,0,1010
2024,12,12,16,0,9.200000000000001,0.48,399,95.82000000000001,0,1011
2024,12,12,17,0,11,0.48,656,90.77,0,1012
2024,12,12,18,0,11.9,0.43,151,84.95,0,1012
2024,12,12,19,0,12.5,0.38,269,80.09,0,1012
2024,12,12,20,0,13,0.39,4,75.65,0,1012
2024,12,12,21,0,13.100000000000001,0.39,0,75.37,0,1011
2024,12,12,22,0,12.4,0.37,0,81.33,0,1011
2024,12,12,23,0,11.8,0.33,0,87.25,0,1011
2024,12,13,0,0,11.3,0.33,9,91.39,0,1011
2024,12,13,1,0,10.8,0.3,0,94.58,0,1012
2024,12,13,2,0,10.700000000000001,0.32,0,95.24,0,1012
2024,12,13,3,0,10.5,0.42,0,96.06,0,1013
2024,12,13,4,0,10.100000000000001,0.56,0,96.81,0,1013
2024,12,13,5,0,9.1,0.71,0,99.64,0,1014
2024,12,13,6,0,8.1,0.8300000000000001,0,100,0,1014
2024,12,13,7,0,7.6000000000000005,0.92,0,100,0,1015
2024,12,13,8,0,7.5,1.02,0,100,0,1015
2024,12,13,9,0,7.9,1.07,0,100,0,1016
2024,12,13,10,0,8.200000000000001,1.05,0,100,0,1016
2024,12,13,11,0,8,0.91,0,100,0,1017
2024,12,13,12,0,8.5,0.73,0,99.23,0,1017
2024,12,13,13,0,8.6,0.67,0,99.05,0,1018
2024,12,13,14,0,8.8,0.73,0,98.4,0,1018
2024,12,13,15,0,8.9,0.71,0,98.03,0,1019
2024,12,13,16,0,9.8,0.63,94,95.27,0,1019
2024,12,13,17,0,10.8,0.63,5,92.93,0,1019
2024,12,13,18,0,12.100000000000001,0.71,8,87.19,0,1019
2024,12,13,19,0,13.200000000000001,0.8,7,78.76,0,1019
2024,12,13,20,0,13.9,0.91,1,72.04,0,1018
2024,12,13,21,0,13.5,0.9500000000000001,27,71.94,0,1017
2024,12,13,22,0,13.5,0.96,0,73.08,0,1017
2024,12,13,23,0,13.3,0.9500000000000001,18,73.67,0,1017
2024,12,14,0,0,12.8,0.92,385,73.92,0,1016
2024,12,14,1,0,12.200000000000001,0.93,0,75.37,0,1016
2024,12,14,2,0,12.100000000000001,0.84,0,75.25,0,1015
2024,12,14,3,0,12,0.73,0,76.42,0,1015
2024,12,14,4,0,11.8,0.63,0,78.52,0,1015
2024,12,14,5,0,11.9,0.5700000000000001,0,79.25,0,1014
2024,12,14,6,0,11.8,0.5700000000000001,0,80.76,0,1013
2024,12,14,7,0,11.8,0.53,0,82.96000000000001,0,1012
2024,12,14,8,0,11.9,0.51,0,86.3,0,1013
2024,12,14,9,0,11.9,0.5,0,89.07000000000001,0,1012
2024,12,14,10,0,11.8,0.48,0,90.56,0,1012
2024,12,14,11,0,11.3,0.45,0,91.81,0,1011
2024,12,14,12,0,10.5,0.53,0,92.85000000000001,0,1011
2024,12,14,13,0,10,0.47000000000000003,0,92.79,0,1010
2024,12,14,14,0,10.200000000000001,0.41000000000000003,0,93.58,0,1009
2024,12,14,15,0,10.9,0.43,0,94.99,0,1008
2024,12,14,16,0,12.4,0.5,274,93.34,0,1009
2024,12,14,17,0,13.3,0.62,0,90.44,0,1010
2024,12,14,18,0,13.700000000000001,0.58,1,86.59,0,1010
2024,12,14,19,0,14,0.59,115,79.96000000000001,0,1011
2024,12,14,20,0,14,0.54,13,74.84,0,1012
2024,12,14,21,0,13.700000000000001,0.55,838,71.14,0,1013
2024,12,14,22,0,13.3,0.55,792,69.84,0,1015
2024,12,14,23,0,12.5,0.6,236,73.51,0,1017
2024,12,15,0,0,10.9,0.67,451,82.7,0,1018
2024,12,15,1,0,9.700000000000001,0.77,0,89.75,0,1019
2024,12,15,2,0,8.8,0.88,0,94.22,0,1020
2024,12,15,3,0,7.9,0.9400000000000001,0,98.48,0,1021
2024,12,15,4,0,7.2,0.9500000000000001,0,100,0,1022
2024,12,15,5,0,6.800000000000001,0.92,0,100,0,1022
2024,12,15,6,0,6.5,0.88,0,100,0,1023
2024,12,15,7,0,6.4,0.85,0,100,0,1023
2024,12,15,8,0,6.6000000000000005,0.85,0,100,0,1023
2024,12,15,9,0,6.9,0.88,0,100,0,1023
2024,12,15,10,0,6.6000000000000005,0.9,0,100,0,1024
2024,12,15,11,0,6.4,0.92,0,100,0,1024
2024,12,15,12,0,6.6000000000000005,0.96,0,98.51,0,1025
2024,12,15,13,0,6.300000000000001,1.02,0,96.4,0,1025
2024,12,15,14,0,5.9,1.08,0,95.54,0,1025
2024,12,15,15,0,5.9,1.1,0,94.45,0,1025
2024,12,15,16,0,6.6000000000000005,1.11,407,92.60000000000001,0,1026
2024,12,15,17,0,7.300000000000001,1.12,2,91.13,0,1027
2024,12,15,18,0,7.9,1.08,91,90.14,0,1027
2024,12,15,19,0,8.6,1.09,62,88.10000000000001,0,1026
2024,12,15,20,0,9.4,1.11,1,85.69,0,1025
2024,12,15,21,0,10,0.91,1,82.97,0,1024
2024,12,15,22,0,10.200000000000001,0.96,0,81.49,0,1024
2024,12,15,23,0,10,0.99,3,82.45,0,1024
2024,12,16,0,0,9.1,1.01,44,87.82000000000001,0,1023
2024,12,16,1,0,8.1,1.01,0,90.69,0,1023
2024,12,16,2,0,7.5,0.98,0,93.25,0,1023
2024,12,16,3,0,7.300000000000001,0.97,0,93.61,0,1023
2024,12,16,4,0,7.5,0.97,0,91.63,0,1023
2024,12,16,5,0,7.6000000000000005,0.97,0,90.64,0,1023
2024,12,16,6,0,7.5,0.97,0,90.81,0,1023
2024,12,16,7,0,7.2,0.98,0,90.13,0,1022
2024,12,16,8,0,5.800000000000001,1,0,92.57000000000001,0,1021
2024,12,16,9,0,4.800000000000001,0.99,0,94.59,0,1020
2024,12,16,10,0,4.4,0.98,0,94.12,0,1020
2024,12,16,11,0,4.2,1.02,0,94.25,0,1019
2024,12,16,12,0,4.3,1.05,0,93.17,0,1019
2024,12,16,13,0,5.1000000000000005,1.09,0,90.73,0,1018
2024,12,16,14,0,5.9,1.12,0,87.71000000000001,0,1017
2024,12,16,15,0,6.300000000000001,1.1300000000000001,0,87.85000000000001,0,1017
2024,12,16,16,0,7.2,1.07,1,89.01,0,1019
2024,12,16,17,0,7.7,1,0,87.46000000000001,0,1019
2024,12,16,18,0,8,0.96,0,89.34,0,1019
2024,12,16,19,0,8.8,0.9400000000000001,25,88.45,0,1019
2024,12,16,20,0,9.3,0.86,14,88.09,0,1018
2024,12,16,21,0,9.700000000000001,0.8300000000000001,1,88.67,0,1017
2024,12,16,22,0,10.200000000000001,0.8300000000000001,5,89.31,0,1017
2024,12,16,23,0,10.4,0.78,69,91.27,0,1018
2024,12,17,0,0,10,0.79,0,93.94,0,1019
2024,12,17,1,0,9.3,0.78,0,97.22,0,1020
2024,12,17,2,0,8.9,0.79,0,99.34,0,1021
2024,12,17,3,0,8.8,0.78,0,100,0,1021
2024,12,17,4,0,8.8,0.76,0,100,0,1021
2024,12,17,5,0,9,0.76,0,99.5,0,1022
2024,12,17,6,0,9.1,0.78,0,98.17,0,1022
2024,12,17,7,0,9,0.79,0,97.58,0,1022
2024,12,17,8,0,8.700000000000001,0.76,0,97.59,0,1023
2024,12,17,9,0,7.5,0.76,0,100,0,1023
2024,12,17,10,0,6.800000000000001,0.77,0,100,0,1023
2024,12,17,11,0,6.4,0.79,0,100,0,1024
2024,12,17,12,0,6.300000000000001,0.84,0,100,0,1024
2024,12,17,13,0,6.9,0.89,0,98.26,0,1024
2024,12,17,14,0,7,0.92,0,96.95,0,1025
2024,12,17,15,0,6.9,0.96,0,96.64,0,1025
2024,12,17,16,0,7.5,1,342,95.41,0,1026
2024,12,17,17,0,8.6,1.03,2,93.64,0,1026
2024,12,17,18,0,10.4,1.1400000000000001,1,90.65,0,1027
2024,12,17,19,0,12.8,1.17,48,83.77,0,1026
2024,12,17,20,0,14.5,1.21,83,77.21000000000001,0,1026
2024,12,17,21,0,15.3,1.1300000000000001,824,73.25,0,1025
2024,12,17,22,0,15,1.16,781,74.89,0,1025
2024,12,17,23,0,13.8,1.17,690,85.53,0,1025
2024,12,18,0,0,11.3,1.19,467,92.01,0,1024
2024,12,18,1,0,9.700000000000001,1.22,0,97.74000000000001,0,1025
2024,12,18,2,0,8.5,1.24,0,100,0,1025
2024,12,18,3,0,7.800000000000001,1.25,0,100,0,1025
2024,12,18,4,0,7.4,1.25,0,100,0,1025
2024,12,18,5,0,7.2,1.26,0,97.41,0,1025
2024,12,18,6,0,6.800000000000001,1.28,0,94.71000000000001,0,1025
2024,12,18,7,0,6.5,1.29,0,91.72,0,1025
2024,12,18,8,0,6.2,1.31,0,90.62,0,1025
2024,12,18,9,0,5.7,1.32,0,92.63,0,1025
2024,12,18,10,0,5.300000000000001,1.34,0,95.22,0,1026
2024,12,18,11,0,5.4,1.34,0,94.79,0,1026
2024,12,18,12,0,4.6000000000000005,1.34,0,98.71000000000001,0,1025
2024,12,18,13,0,4.6000000000000005,1.33,0,97.82000000000001,0,1026
2024,12,18,14,0,4.800000000000001,1.32,0,95.12,0,1026
2024,12,18,15,0,4.7,1.34,0,95.12,0,1026
2024,12,18,16,0,7.1000000000000005,1.35,2,88.26,0,1026
2024,12,18,17,0,9.4,1.34,0,79.17,0,1027
2024,12,18,18,0,10.9,1.22,11,74.84,0,1026
2024,12,18,19,0,12.200000000000001,1.26,16,70.31,0,1025
2024,12,18,20,0,12.8,1.28,0,69.65,0,1024
2024,12,18,21,0,13.4,1.3,76,65.6,0,1023
2024,12,18,22,0,13.4,1.32,64,65.64,0,1023
2024,12,18,23,0,12.600000000000001,1.34,262,72.83,0,1023
2024,12,19,0,0,9.600000000000001,0.9500000000000001,469,88.91,0,1022
2024,12,19,1,0,7.800000000000001,0.9400000000000001,0,96.75,0,1022
2024,12,19,2,0,7.7,0.92,0,100,0,1022
2024,12,19,3,0,7.6000000000000005,0.91,0,100,0,1022
2024,12,19,4,0,7.5,0.88,0,100,0,1022
2024,12,19,5,0,7.6000000000000005,0.85,0,100,0,1022
2024,12,19,6,0,7.7,0.81,0,100,0,1022
2024,12,19,7,0,7.300000000000001,0.77,0,100,0,1022
2024,12,19,8,0,6.800000000000001,0.74,0,100,0,1022
2024,12,19,9,0,6.5,0.74,0,100,0,1022
2024,12,19,10,0,6.5,0.78,0,100,0,1021
2024,12,19,11,0,6.4,0.85,0,100,0,1021
2024,12,19,12,0,6.300000000000001,0.92,0,100,0,1021
2024,12,19,13,0,6.5,0.99,0,98.27,0,1020
2024,12,19,14,0,6.5,1.05,0,96.34,0,1021
2024,12,19,15,0,6.5,1.11,0,95.36,0,1021
2024,12,19,16,0,7.2,1.1500000000000001,425,93.06,0,1022
2024,12,19,17,0,8.3,1.19,701,90.67,0,1022
2024,12,19,18,0,9.8,1.2,0,87.33,0,1022
2024,12,19,19,0,11.8,1.22,0,82.81,0,1022
2024,12,19,20,0,12.9,1.21,890,81.17,0,1021
2024,12,19,21,0,13.3,1.16,875,81.41,0,1020
2024,12,19,22,0,13.200000000000001,1.18,830,82.41,0,1019
2024,12,19,23,0,12.5,1.18,726,86.12,0,1019
2024,12,20,0,0,9.9,1.17,486,98.99000000000001,0,1018
2024,12,20,1,0,7.9,1.16,0,100,0,1018
2024,12,20,2,0,7.6000000000000005,1.1400000000000001,0,100,0,1019
2024,12,20,3,0,7.7,1.1300000000000001,0,100,0,1019
2024,12,20,4,0,8.1,1.1300000000000001,0,98.75,0,1019
2024,12,20,5,0,8.4,1.1500000000000001,0,95.06,0,1019
2024,12,20,6,0,8.4,1.16,0,93.33,0,1019
2024,12,20,7,0,8.4,1.18,0,91.39,0,1018
2024,12,20,8,0,8.200000000000001,1.2,0,90.89,0,1018
2024,12,20,9,0,8.1,1.21,0,89.82000000000001,0,1018
2024,12,20,10,0,7.9,1.23,0,89.37,0,1018
2024,12,20,11,0,7.7,1.24,0,89.32000000000001,0,1019
2024,12,20,12,0,7.5,1.24,0,89.45,0,1019
2024,12,20,13,0,7.300000000000001,1.23,0,89.55,0,1019
2024,12,20,14,0,7.1000000000000005,1.23,0,89.66,0,1019
2024,12,20,15,0,7,1.22,0,89.73,0,1019
2024,12,20,16,0,7.2,1.22,29,90.37,0,1020
2024,12,20,17,0,7.800000000000001,1.21,624,88.99,0,1020
2024,12,20,18,0,8.3,1.2,0,88.16,0,1020
2024,12,20,19,0,8.8,1.21,0,87.81,0,1020
2024,12,20,20,0,9,1.22,2,88.95,0,1019
2024,12,20,21,0,9.200000000000001,1.22,6,89.19,0,1018
2024,12,20,22,0,9.4,1.25,17,88.66,0,1018
2024,12,20,23,0,9.200000000000001,1.28,0,90.15,0,1019
2024,12,21,0,0,8.4,1.29,20,93.51,0,1019
2024,12,21,1,0,7.7,1.31,0,96.16,0,1019
2024,12,21,2,0,7.300000000000001,1.33,0,96.56,0,1019
2024,12,21,3,0,7.1000000000000005,1.32,0,96.05,0,1019
2024,12,21,4,0,6.800000000000001,1.3,0,97.46000000000001,0,1019
2024,12,21,5,0,6.800000000000001,1.28,0,98.37,0,1019
2024,12,21,6,0,7.1000000000000005,1.24,0,97.82000000000001,0,1019
2024,12,21,7,0,7.5,1.23,0,96.39,0,1019
2024,12,21,8,0,7.300000000000001,1.23,0,96.45,0,1019
2024,12,21,9,0,6.6000000000000005,1.23,0,96.52,0,1018
2024,12,21,10,0,6.5,1.24,0,94.53,0,1018
2024,12,21,11,0,6.6000000000000005,1.23,0,94.03,0,1018
2024,12,21,12,0,6.9,1.23,0,94.73,0,1017
2024,12,21,13,0,7,1.24,0,95.42,0,1017
2024,12,21,14,0,7,1.21,0,95.28,0,1018
2024,12,21,15,0,7.300000000000001,1.17,0,93.93,0,1018
2024,12,21,16,0,8.200000000000001,1.1400000000000001,3,90.08,0,1019
2024,12,21,17,0,9.4,1.12,4,87.34,0,1019
2024,12,21,18,0,10.700000000000001,1.11,2,87.8,0,1019
2024,12,21,19,0,11.4,1.07,1,88.55,0,1019
2024,12,21,20,0,11.5,1.04,11,89.74,0,1018
2024,12,21,21,0,11.600000000000001,1.04,3,90.62,0,1018
2024,12,21,22,0,11.8,1.03,15,91.26,0,1018
2024,12,21,23,0,11.8,1.01,19,92.93,0,1018
2024,12,22,0,0,11.3,1.02,53,93.02,0,1019
2024,12,22,1,0,11,1.04,0,93.60000000000001,0,1019
2024,12,22,2,0,10.8,1.05,0,94.2,0,1019
2024,12,22,3,0,10.600000000000001,1.08,0,94.98,0,1019
2024,12,22,4,0,10.5,1.11,0,95.2,0,1020
2024,12,22,5,0,10.3,1.11,0,95.44,0,1020
2024,12,22,6,0,10.100000000000001,1.11,0,95.53,0,1020
2024,12,22,7,0,10,1.09,0,95.25,0,1019
2024,12,22,8,0,9.9,1.08,0,95.24,0,1019
2024,12,22,9,0,9.8,1.09,0,94.92,0,1018
2024,12,22,10,0,9.700000000000001,1.07,0,94.82000000000001,0,1019
2024,12,22,11,0,9.700000000000001,1.05,0,94.9,0,1019
2024,12,22,12,0,9.5,1.06,0,96.04,0,1019
2024,12,22,13,0,9.4,1.04,0,97.08,0,1019
2024,12,22,14,0,9.5,1.01,0,97.14,0,1019
2024,12,22,15,0,9.5,1.01,0,97.95,0,1019
2024,12,22,16,0,10.4,1.01,10,96.89,0,1020
2024,12,22,17,0,12.100000000000001,0.98,293,93.13,0,1020
2024,12,22,18,0,14,1.23,741,89.22,0,1020
2024,12,22,19,0,15.700000000000001,1.21,279,84.87,0,1020
2024,12,22,20,0,16.7,1.19,0,82.45,0,1019
2024,12,22,21,0,17.1,0.66,0,81.55,0,1018
2024,12,22,22,0,17.1,0.63,13,82.19,0,1018
2024,12,22,23,0,16.400000000000002,0.6,1,88.67,0,1017
2024,12,23,0,0,14.3,0.58,22,93.75,0,1017
2024,12,23,1,0,13.3,0.6,0,95.49,0,1018
2024,12,23,2,0,12.700000000000001,0.61,0,97.53,0,1018
2024,12,23,3,0,12.200000000000001,0.61,0,98.8,0,1018
2024,12,23,4,0,12.3,0.6,0,97.25,0,1019
2024,12,23,5,0,12.5,0.63,0,96.25,0,1019
2024,12,23,6,0,12.5,0.67,0,96.46000000000001,0,1020
2024,12,23,7,0,12.3,0.7000000000000001,0,97.10000000000001,0,1020
2024,12,23,8,0,12.200000000000001,0.71,0,97.27,0,1020
2024,12,23,9,0,12.3,0.79,0,96.19,0,1020
2024,12,23,10,0,12.600000000000001,0.8200000000000001,0,94.83,0,1020
2024,12,23,11,0,12.700000000000001,0.81,0,94.71000000000001,0,1020
2024,12,23,12,0,12.700000000000001,0.86,0,94.27,0,1020
2024,12,23,13,0,12.100000000000001,0.9,0,95.7,0,1020
2024,12,23,14,0,11.600000000000001,0.91,0,96.54,0,1020
2024,12,23,15,0,11.5,0.93,0,96.48,0,1021
2024,12,23,16,0,12.700000000000001,0.96,0,94.97,0,1021
2024,12,23,17,0,14,0.96,4,91.77,0,1022
2024,12,23,18,0,15.5,1.05,745,88.72,0,1022
2024,12,23,19,0,16.900000000000002,1.07,0,85.33,0,1021
2024,12,23,20,0,18.2,1.08,0,81.9,0,1020
2024,12,23,21,0,18.8,1.11,0,80.27,0,1019
2024,12,23,22,0,18.6,1.22,12,82.23,0,1018
2024,12,23,23,0,18,1.28,0,87.77,0,1018
2024,12,24,0,0,16,1.26,0,93.26,0,1018
2024,12,24,1,0,14.9,1.2,0,94.7,0,1017
2024,12,24,2,0,15.200000000000001,1.1,0,93.51,0,1017
2024,12,24,3,0,15.4,0.9500000000000001,0,92.8,0,1017
2024,12,24,4,0,15.5,0.8200000000000001,0,92.79,0,1016
2024,12,24,5,0,15.4,0.72,0,93.68,0,1016
2024,12,24,6,0,15.4,0.68,0,93.74,0,1016
2024,12,24,7,0,15.3,0.68,0,94.65,0,1016
2024,12,24,8,0,15.3,0.6900000000000001,0,94.38,0,1015
2024,12,24,9,0,15.3,0.71,0,94.04,0,1014
2024,12,24,10,0,15.4,0.77,0,93.93,0,1014
2024,12,24,11,0,15.100000000000001,0.88,0,93.81,0,1014
2024,12,24,12,0,13.8,1.09,0,90.89,0,1014
2024,12,24,13,0,12.200000000000001,1.18,0,89.83,0,1015
2024,12,24,14,0,11,1.21,0,89.59,0,1017
2024,12,24,15,0,9.9,1.24,0,91.64,0,1017
2024,12,24,16,0,10.100000000000001,1.12,0,92.73,0,1017
2024,12,24,17,0,10.700000000000001,0.85,0,92.44,0,1018
2024,12,24,18,0,11.5,0.53,1,91.49,0,1019
2024,12,24,19,0,13,0.54,4,86.29,0,1018
2024,12,24,20,0,14.4,0.56,805,77.48,0,1017
2024,12,24,21,0,15.200000000000001,0.62,828,69.9,0,1017
2024,12,24,22,0,15.3,0.66,249,67.17,0,1017
2024,12,24,23,0,14.5,0.74,721,72.99,0,1018
2024,12,25,0,0,12.200000000000001,0.78,520,83.96000000000001,0,1018
2024,12,25,1,0,10.5,0.74,0,89.17,0,1018
2024,12,25,2,0,9.600000000000001,0.78,0,92.84,0,1019
2024,12,25,3,0,8.5,0.84,0,96.77,0,1019
2024,12,25,4,0,8.4,0.9,0,95.86,0,1019
2024,12,25,5,0,8.200000000000001,0.92,0,95.89,0,1019
2024,12,25,6,0,7.1000000000000005,0.93,0,100,0,1020
2024,12,25,7,0,7.1000000000000005,0.9500000000000001,0,99.68,0,1019
2024,12,25,8,0,6.300000000000001,0.9400000000000001,0,100,0,1020
2024,12,25,9,0,5.800000000000001,0.98,0,100,0,1020
2024,12,25,10,0,5.7,0.99,0,100,0,1021
2024,12,25,11,0,5.4,1.02,0,100,0,1020
2024,12,25,12,0,5.300000000000001,1.03,0,98.98,0,1021
2024,12,25,13,0,5.300000000000001,1.05,0,96.53,0,1021
2024,12,25,14,0,5.300000000000001,1.06,0,94.44,0,1021
2024,12,25,15,0,5.5,1.08,0,92.65,0,1022
2024,12,25,16,0,6.7,1.1,4,90.95,0,1022
2024,12,25,17,0,9.1,1.12,225,82.05,0,1022
2024,12,25,18,0,11.700000000000001,1.1400000000000001,301,77.09,0,1022
2024,12,25,19,0,12.4,1.16,580,76.10000000000001,0,1020
2024,12,25,20,0,12.9,1.18,119,73.69,0,1021
2024,12,25,21,0,12.700000000000001,1.22,9,74.03,0,1020
2024,12,25,22,0,13.4,1.23,3,70.69,0,1020
2024,12,25,23,0,11.8,1.24,48,82.72,0,1021
2024,12,26,0,0,10.100000000000001,1.22,6,88.33,0,1022
2024,12,26,1,0,9.3,1.21,0,90.35000000000001,0,1021
2024,12,26,2,0,9,1.18,0,91.84,0,1021
2024,12,26,3,0,8.8,1.18,0,92.3,0,1021
2024,12,26,4,0,8.700000000000001,1.18,0,92.61,0,1021
2024,12,26,5,0,8.5,1.1500000000000001,0,93.63,0,1020
2024,12,26,6,0,8.8,1.1400000000000001,0,93.04,0,1020
2024,12,26,7,0,8.8,1.06,0,93.56,0,1020
2024,12,26,8,0,9,0.9500000000000001,0,93.09,0,1019
2024,12,26,9,0,9.200000000000001,0.9,0,93.32000000000001,0,1019
2024,12,26,10,0,9.5,0.91,0,91.85000000000001,0,1019
2024,12,26,11,0,9.600000000000001,0.8200000000000001,0,89.95,0,1018
2024,12,26,12,0,9.600000000000001,0.8200000000000001,0,89.22,0,1018
2024,12,26,13,0,9.600000000000001,0.76,0,90.07000000000001,0,1017
2024,12,26,14,0,9.8,0.6900000000000001,0,90.52,0,1018
2024,12,26,15,0,9.8,0.78,0,92.16,0,1018
2024,12,26,16,0,10.200000000000001,0.88,0,92.8,0,1018
2024,12,26,17,0,11.100000000000001,0.9400000000000001,229,92.47,0,1019
2024,12,26,18,0,11.8,0.97,81,92.86,0,1018
2024,12,26,19,0,13,1.01,5,90.99,0,1018
2024,12,26,20,0,13.600000000000001,1.03,30,91.15,0,1018
2024,12,26,21,0,13.700000000000001,1.07,149,92.45,0,1018
2024,12,26,22,0,13.5,1.11,9,94.10000000000001,0,1017
2024,12,26,23,0,12.8,1.12,0,95.5,0,1017
2024,12,27,0,0,12,1.1400000000000001,40,97.57000000000001,0,1017
2024,12,27,1,0,11.8,1.1500000000000001,0,98.33,0,1017
2024,12,27,2,0,11.8,1.18,0,98.26,0,1017
2024,12,27,3,0,12.200000000000001,1.2,0,97.01,0,1016
2024,12,27,4,0,12.3,1.18,0,95.41,0,1015
2024,12,27,5,0,12.200000000000001,1.12,0,94.55,0,1015
2024,12,27,6,0,12,1.07,0,95,0,1014
2024,12,27,7,0,11.9,1,0,95.32000000000001,0,1013
2024,12,27,8,0,12.100000000000001,0.9400000000000001,0,94.81,0,1012
2024,12,27,9,0,12.4,0.92,0,95.4,0,1010
2024,12,27,10,0,13.100000000000001,0.81,0,95.59,0,1009
2024,12,27,11,0,13.9,0.64,0,95.65,0,1009
2024,12,27,12,0,14.100000000000001,0.55,0,95.75,0,1009
2024,12,27,13,0,13.8,0.49,0,96.15,0,1010
2024,12,27,14,0,12.8,0.44,0,98.29,0,1011
2024,12,27,15,0,12.4,0.45,0,97.88,0,1012
2024,12,27,16,0,13.5,0.46,19,94.91,0,1013
2024,12,27,17,0,14.4,0.51,628,90.24,0,1014
2024,12,27,18,0,15.100000000000001,0.52,295,83.61,0,1015
2024,12,27,19,0,15.9,0.61,36,77.55,0,1016
2024,12,27,20,0,16.400000000000002,0.68,813,73.39,0,1016
2024,12,27,21,0,16.6,0.76,139,71.84,0,1016
2024,12,27,22,0,16.2,0.78,249,73.67,0,1016
2024,12,27,23,0,15.3,0.81,7,80.06,0,1016
2024,12,28,0,0,13.200000000000001,0.85,9,90.72,0,1017
2024,12,28,1,0,11.4,0.88,0,97.49000000000001,0,1018
2024,12,28,2,0,11,0.9,0,100,0,1018
2024,12,28,3,0,11.5,0.93,0,98.8,0,1019
2024,12,28,4,0,11.5,0.97,0,98.94,0,1019
2024,12,28,5,0,11.3,0.99,0,99.81,0,1019
2024,12,28,6,0,11.5,1,0,98.60000000000001,0,1019
2024,12,28,7,0,11.5,1.02,0,98.45,0,1019
2024,12,28,8,0,11.200000000000001,1.02,0,98.97,0,1018
2024,12,28,9,0,11.200000000000001,1.01,0,98.42,0,1018
2024,12,28,10,0,11.5,1.02,0,97.5,0,1019
2024,12,28,11,0,11.8,0.98,0,96.71000000000001,0,1018
2024,12,28,12,0,12,0.9500000000000001,0,96.39,0,1018
2024,12,28,13,0,12,0.93,0,96.37,0,1018
2024,12,28,14,0,11.9,0.89,0,96.67,0,1018
2024,12,28,15,0,12,0.88,0,96.7,0,1019
2024,12,28,16,0,13.200000000000001,0.89,8,94.92,0,1019
2024,12,28,17,0,14.5,0.9,112,92.98,0,1019
2024,12,28,18,0,16,0.9,416,89.78,0,1020
2024,12,28,19,0,17.1,0.92,347,85.19,0,1020
2024,12,28,20,0,17.5,0.92,41,82.78,0,1019
2024,12,28,21,0,17.5,0.9400000000000001,2,83.05,0,1019
2024,12,28,22,0,17.3,0.9500000000000001,0,85.44,0,1018
2024,12,28,23,0,16.7,0.9500000000000001,0,89.57000000000001,0,1018
2024,12,29,0,0,15.700000000000001,0.91,34,93.39,0,1018
2024,12,29,1,0,14.9,0.91,0,95.74000000000001,0,1019
2024,12,29,2,0,14.600000000000001,0.93,0,95.93,0,1019
2024,12,29,3,0,14.100000000000001,0.9400000000000001,0,96.91,0,1019
2024,12,29,4,0,13.3,0.9500000000000001,0,98.83,0,1019
2024,12,29,5,0,12.600000000000001,0.96,0,100,0,1019
2024,12,29,6,0,12,0.99,0,100,0,1019
2024,12,29,7,0,11.600000000000001,1.02,0,100,0,1019
2024,12,29,8,0,11.3,1.06,0,100,0,1019
2024,12,29,9,0,10.9,1.11,0,100,0,1018
2024,12,29,10,0,10.9,1.1400000000000001,0,99.79,0,1018
2024,12,29,11,0,11.4,1.12,0,97.60000000000001,0,1017
2024,12,29,12,0,12.4,1.08,0,94.54,0,1017
2024,12,29,13,0,12.9,1.05,0,93.11,0,1015
2024,12,29,14,0,13.100000000000001,0.98,0,93.21000000000001,0,1014
2024,12,29,15,0,13.5,0.91,0,94.02,0,1014
2024,12,29,16,0,14,0.88,0,95.23,0,1015
2024,12,29,17,0,14.600000000000001,1.04,0,92.36,0,1016
2024,12,29,18,0,15,0.99,794,83.3,0,1018
2024,12,29,19,0,15.600000000000001,1.07,866,74.8,0,1018
2024,12,29,20,0,16.3,1.1300000000000001,15,71.49,0,1018
2024,12,29,21,0,16.5,0.9500000000000001,263,70.97,0,1018
2024,12,29,22,0,16.3,0.9500000000000001,825,71.02,0,1018
2024,12,29,23,0,15.5,0.97,60,74.55,0,1018
2024,12,30,0,0,12.9,0.97,559,86.93,0,1019
2024,12,30,1,0,10.9,0.9500000000000001,0,93.11,0,1020
2024,12,30,2,0,10.100000000000001,0.9400000000000001,0,96.15,0,1021
2024,12,30,3,0,9.1,0.96,0,99.54,0,1022
2024,12,30,4,0,8.3,1.02,0,100,0,1022
2024,12,30,5,0,7.6000000000000005,1.09,0,100,0,1023
2024,12,30,6,0,7,1.1300000000000001,0,100,0,1023
2024,12,30,7,0,6.5,1.1500000000000001,0,100,0,1023
2024,12,30,8,0,6.1000000000000005,1.16,0,100,0,1023
2024,12,30,9,0,5.9,1.16,0,100,0,1023
2024,12,30,10,0,5.800000000000001,1.17,0,100,0,1023
2024,12,30,11,0,5.800000000000001,1.18,0,97.13,0,1023
2024,12,30,12,0,5.7,1.19,0,94.75,0,1023
2024,12,30,13,0,5.7,1.22,0,91.65,0,1023
2024,12,30,14,0,5.6000000000000005,1.26,0,89.29,0,1023
2024,12,30,15,0,5.5,1.3,0,87.73,0,1023
2024,12,30,16,0,7.1000000000000005,1.34,466,82.91,0,1024
2024,12,30,17,0,9,1.37,740,77.7,0,1024
2024,12,30,18,0,11.100000000000001,1.44,852,69.63,0,1024
2024,12,30,19,0,12.4,1.3800000000000001,899,65.36,0,1023
2024,12,30,20,0,13.100000000000001,1.37,909,63.730000000000004,0,1022
2024,12,30,21,0,13.200000000000001,1.23,882,64.77,0,1021
2024,12,30,22,0,13.100000000000001,1.31,845,67.23,0,1020
2024,12,30,23,0,12.3,1.33,763,74.78,0,1020
2024,12,31,0,0,10.200000000000001,1.33,565,84.58,0,1020
2024,12,31,1,0,8.8,1.35,0,86.21000000000001,0,1020
2024,12,31,2,0,8.1,1.3800000000000001,0,87.07000000000001,0,1021
2024,12,31,3,0,7.5,1.3900000000000001,0,88.39,0,1021
2024,12,31,4,0,6.6000000000000005,1.43,0,90.31,0,1021
2024,12,31,5,0,5.9,1.42,0,93.51,0,1021
2024,12,31,6,0,5.300000000000001,1.41,0,95.51,0,1022
2024,12,31,7,0,4.800000000000001,1.41,0,95.15,0,1021
2024,12,31,8,0,4.3,1.43,0,94.89,0,1021
2024,12,31,9,0,3.8000000000000003,1.44,0,95.08,0,1021
2024,12,31,10,0,3.4000000000000004,1.44,0,94.54,0,1021
2024,12,31,11,0,3.2,1.45,0,92.56,0,1021
2024,12,31,12,0,3,1.45,0,91.89,0,1020
2024,12,31,13,0,3.1,1.45,0,90.4,0,1021
2024,12,31,14,0,2.6,1.42,0,92.82000000000001,0,1022
2024,12,31,15,0,3.3000000000000003,1.3800000000000001,0,89.8,0,1022
2024,12,31,16,0,4.7,1.37,437,86.92,0,1022
2024,12,31,17,0,7.1000000000000005,1.46,735,79.10000000000001,0,1023
2024,12,31,18,0,10,1.49,852,69.68,0,1023
2024,12,31,19,0,11.9,1.45,904,63.730000000000004,0,1023
2024,12,31,20,0,13,1.45,600,59.76,0,1022
2024,12,31,21,0,13.4,1.4000000000000001,905,57.79,0,1021
2024,12,31,22,0,13.100000000000001,1.3900000000000001,282,60.28,0,1020
2024,12,31,23,0,12.3,1.4000000000000001,426,69.72,0,1020
