Source,Location ID,City,State,Country,Latitude,Longitude,Time Zone,Elevation,Local Time Zone,Clearsky DHI Units,Clearsky DNI Units,Clearsky GHI Units,Dew Point Units,DHI Units,DNI Units,GHI Units,Solar Zenith Angle Units,Temperature Units,Pressure Units,Relative Humidity Units,Precipitable Water Units,Wind Direction Units,Wind Speed Units,Cloud Type -15,Cloud Type 0,Cloud Type 1,Cloud Type 2,Cloud Type 3,Cloud Type 4,Cloud Type 5,Cloud Type 6,Cloud Type 7,Cloud Type 8,Cloud Type 9,Cloud Type 10,Cloud Type 11,Cloud Type 12,Fill Flag 0,Fill Flag 1,Fill Flag 2,Fill Flag 3,Fill Flag 4,Fill Flag 5,Surface Albedo Units,Version
NSRDB,603402,-,-,-,38.54,-121.73,0,13,-8,w/m2,w/m2,w/m2,c,w/m2,w/m2,w/m2,Degree,c,mbar,%,cm,Degrees,m/s,N/A,Clear,Probably Clear,Fog,Water,Super-Cooled Water,Mixed,Opaque Ice,Cirrus,Overlapping,Overshooting,Unknown,Dust,Smoke,N/A,Missing Image,Low Irradiance,Exceeds Clearsky,Missing CLoud Properties,Rayleigh Violation,N/A,4.1.2.dev4+g3b38bc8.d20250228
Year,Month,Day,Hour,Minute,Temperature,Dew Point,Relative Humidity,Pressure,Wind Speed
2024,1,1,0,0,11.4,10.200000000000001,92.46000000000001,1018,0
2024,1,1,0,30,10.9,10.200000000000001,95.57000000000001,1018,0
2024,1,1,1,0,10.5,9.9,96.11,1018,0
2024,1,1,1,30,10.3,9.9,97.49000000000001,1019,0
2024,1,1,2,0,10,9.9,99.24000000000001,1019,0
2024,1,1,2,30,9.9,9.9,99.9,1019,0
2024,1,1,3,0,9.8,9.8,100,1019,0
2024,1,1,3,30,9.700000000000001,9.700000000000001,100,1019,0
2024,1,1,4,0,9.600000000000001,9.600000000000001,100,1019,0
2024,1,1,4,30,9.4,9.4,100,1019,0
2024,1,1,5,0,9.3,9.3,100,1019,0
2024,1,1,5,30,9.1,9.1,100,1019,0
2024,1,1,6,0,8.9,8.9,99.95,1019,0
2024,1,1,6,30,8.700000000000001,8.700000000000001,100,1019,0
2024,1,1,7,0,8.5,8.4,99.37,1019,0
2024,1,1,7,30,8.4,8.4,100,1019,0
2024,1,1,8,0,8.3,8.200000000000001,99.04,1019,0
2024,1,1,8,30,8.3,8.200000000000001,99.04,1019,0
2024,1,1,9,0,8.3,8,98.16,1019,0
2024,1,1,9,30,8,8,100,1020,0
2024,1,1,10,0,7.7,7.6000000000000005,99.09,1020,0
2024,1,1,10,30,7.5,7.5,100,1020,0
2024,1,1,11,0,7.4,7.1000000000000005,97.94,1020,0
2024,1,1,11,30,7.2,7.1000000000000005,99.19,1019,0
2024,1,1,12,0,7.1000000000000005,6.6000000000000005,96.88,1019,0
2024,1,1,12,30,7,6.6000000000000005,97.55,1019,0
2024,1,1,13,0,6.9,6.2,95.41,1019,0
2024,1,1,13,30,6.9,6.2,95.5,1020,0
2024,1,1,14,0,6.800000000000001,5.9,94.09,1020,0
2024,1,1,14,30,6.800000000000001,5.9,94.09,1020,0
2024,1,1,15,0,6.800000000000001,5.7,92.73,1020,0
2024,1,1,15,30,7.5,5.7,88.49,1021,0
2024,1,1,16,0,8.200000000000001,6.5,88.96000000000001,1021,0
2024,1,1,16,30,9,6.5,84.29,1021,0
2024,1,1,17,0,9.9,7.2,83.09,1022,0
2024,1,1,17,30,10.9,7.2,77.74,1022,0
2024,1,1,18,0,12,7.6000000000000005,74.36,1022,0
2024,1,1,18,30,12.9,7.6000000000000005,70.10000000000001,1022,0
2024,1,1,19,0,13.9,7.5,65.11,1021,0
2024,1,1,19,30,14.600000000000001,7.5,62.230000000000004,1021,0
2024,1,1,20,0,15.3,7.2,58.54,1021,0
2024,1,1,20,30,15.600000000000001,7.2,57.370000000000005,1020,0
2024,1,1,21,0,16,7.2,56,1020,0
2024,1,1,21,30,16,7.2,56,1020,0
2024,1,1,22,0,16,7.5,57.08,1020,0
2024,1,1,22,30,15.700000000000001,7.5,58.18,1020,0
2024,1,1,23,0,15.3,8.6,64.32000000000001,1020,0
2024,1,1,23,30,14.200000000000001,8.6,69.03,1020,0
2024,1,2,0,0,13.100000000000001,8.3,72.63,1020,0
2024,1,2,0,30,12.8,8.3,74.06,1020,0
2024,1,2,1,0,12.600000000000001,7.300000000000001,70.36,1020,0
2024,1,2,1,30,12.4,7.300000000000001,71.29,1020,0
2024,1,2,2,0,12.200000000000001,7.7,74.15,1021,0
2024,1,2,2,30,11.8,7.7,76.12,1021,0
2024,1,2,3,0,11.4,8,79.5,1021,0
2024,1,2,3,30,10.9,8,82.17,1021,0
2024,1,2,4,0,10.3,8.1,86.03,1021,0
2024,1,2,4,30,10,8.1,87.77,1021,0
2024,1,2,5,0,9.600000000000001,8.200000000000001,90.96000000000001,1021,0
2024,1,2,5,30,9.1,8.200000000000001,94.16,1022,0
2024,1,2,6,0,8.700000000000001,8.4,97.69,1022,0
2024,1,2,6,30,8.3,8.3,100,1022,0
2024,1,2,7,0,7.9,7.9,100,1022,0
2024,1,2,7,30,7.6000000000000005,7.6000000000000005,100,1022,0
2024,1,2,8,0,7.2,7.2,100,1021,0
2024,1,2,8,30,7.2,7.2,100,1021,0
2024,1,2,9,0,7.1000000000000005,7.1000000000000005,100,1022,0
2024,1,2,9,30,7.300000000000001,7.300000000000001,100,1022,0
2024,1,2,10,0,7.5,7.5,100,1022,0
2024,1,2,10,30,7.6000000000000005,7.6000000000000005,100,1021,0
2024,1,2,11,0,7.7,7.7,100,1021,0
2024,1,2,11,30,7.300000000000001,7.300000000000001,100,1021,0
2024,1,2,12,0,6.9,6.9,100,1021,0
2024,1,2,12,30,6.800000000000001,6.800000000000001,100,1021,0
2024,1,2,13,0,6.7,6.7,100,1021,0
2024,1,2,13,30,6.6000000000000005,6.6000000000000005,100,1021,0
2024,1,2,14,0,6.5,6.5,100,1021,0
2024,1,2,14,30,6.5,6.5,100,1021,0
2024,1,2,15,0,6.5,6.4,99.54,1021,0
2024,1,2,15,30,7.2,6.4,94.88,1021,0
2024,1,2,16,0,7.9,6.9,93.18,1021,0
2024,1,2,16,30,8.4,6.9,90.16,1022,0
2024,1,2,17,0,8.8,7.4,91.07000000000001,1022,0
2024,1,2,17,30,9.8,7.4,85.15,1022,0
2024,1,2,18,0,10.8,8.700000000000001,87.10000000000001,1022,0
2024,1,2,18,30,12.200000000000001,8.700000000000001,79.34,1021,0
2024,1,2,19,0,13.600000000000001,9.9,78.55,1021,0
2024,1,2,19,30,14.5,9.9,74.04,1020,0
2024,1,2,20,0,15.5,10,69.76,1019,0
2024,1,2,20,30,15.9,10,68,1019,0
2024,1,2,21,0,16.3,9.5,64.1,1018,0
2024,1,2,21,30,15.8,9.5,66.11,1017,0
2024,1,2,22,0,15.3,9.600000000000001,68.88,1017,0
2024,1,2,22,30,14.600000000000001,9.600000000000001,71.97,1016,0
2024,1,2,23,0,13.9,10.200000000000001,78.44,1016,0
2024,1,2,23,30,13.4,10.200000000000001,80.95,1015,0
2024,1,3,0,0,12.8,10.600000000000001,86.24,1015,0
2024,1,3,0,30,12.4,10.600000000000001,88.53,1015,0
2024,1,3,1,0,12.100000000000001,10.9,92.48,1015,0
2024,1,3,1,30,11.9,10.9,93.7,1015,0
2024,1,3,2,0,11.700000000000001,10.8,94.03,1015,0
2024,1,3,2,30,11.4,10.8,95.91,1015,0
2024,1,3,3,0,11,9.8,92.51,1015,0
2024,1,3,3,30,10.5,9.8,95.63,1015,0
2024,1,3,4,0,10,8.9,93.04,1015,0
2024,1,3,4,30,9.3,8.9,97.60000000000001,1016,0
2024,1,3,5,0,8.700000000000001,8,95.39,1016,0
2024,1,3,5,30,8.5,8,96.69,1016,0
2024,1,3,6,0,8.3,7.7,95.78,1016,0
2024,1,3,6,30,8.200000000000001,7.7,96.43,1016,0
2024,1,3,7,0,8,7.4,96.04,1016,0
2024,1,3,7,30,7.800000000000001,7.4,97.45,1017,0
2024,1,3,8,0,7.5,7,96.94,1017,0
2024,1,3,8,30,7.300000000000001,7,98.27,1017,0
2024,1,3,9,0,7.2,6.9,97.67,1017,0
2024,1,3,9,30,7.300000000000001,6.9,97.01,1017,0
2024,1,3,10,0,7.300000000000001,6.9,97.23,1017,0
2024,1,3,10,30,7.300000000000001,6.9,97.23,1017,0
2024,1,3,11,0,7.4,6.9,96.84,1017,0
2024,1,3,11,30,7.4,6.9,96.84,1017,0
2024,1,3,12,0,7.5,7,96.75,1017,0
2024,1,3,12,30,7.6000000000000005,7,96.09,1017,0
2024,1,3,13,0,7.7,7.2,96.68,1017,0
2024,1,3,13,30,7.6000000000000005,7.2,97.34,1017,0
2024,1,3,14,0,7.6000000000000005,7.2,97.3,1018,0
2024,1,3,14,30,7.6000000000000005,7.2,97.3,1018,0
2024,1,3,15,0,7.5,7.2,97.83,1018,0
2024,1,3,15,30,8.1,7.2,93.92,1018,0
2024,1,3,16,0,8.700000000000001,8,95.63,1018,0
2024,1,3,16,30,9.5,8.1,90.71000000000001,1019,0
2024,1,3,17,0,10.200000000000001,8.8,91.22,1019,0
2024,1,3,17,30,10.9,8.8,87.08,1019,0
2024,1,3,18,0,11.600000000000001,8.8,83.21000000000001,1019,0
2024,1,3,18,30,12,8.8,81.05,1019,0
2024,1,3,19,0,12.3,8.3,76.76,1019,0
2024,1,3,19,30,12.600000000000001,8.3,75.27,1019,0
2024,1,3,20,0,12.8,7.9,72.27,1019,0
2024,1,3,20,30,12.700000000000001,7.9,72.75,1019,0
2024,1,3,21,0,12.700000000000001,7.6000000000000005,71,1019,0
2024,1,3,21,30,12.600000000000001,7.6000000000000005,71.46000000000001,1019,0
2024,1,3,22,0,12.5,7.5,71.68,1019,0
2024,1,3,22,30,12.3,7.5,72.7,1020,0
2024,1,3,23,0,12.200000000000001,7.6000000000000005,73.67,1020,0
2024,1,3,23,30,11.3,7.6000000000000005,78.17,1020,0
2024,1,4,0,0,10.4,8.200000000000001,86.34,1020,0
2024,1,4,0,30,9.8,8.200000000000001,89.95,1021,0
2024,1,4,1,0,9.1,7.6000000000000005,90.46000000000001,1021,0
2024,1,4,1,30,8.8,7.6000000000000005,92.4,1022,0
2024,1,4,2,0,8.4,7.300000000000001,92.55,1022,0
2024,1,4,2,30,8.200000000000001,7.300000000000001,93.81,1022,0
2024,1,4,3,0,7.9,7.2,95.2,1022,0
2024,1,4,3,30,7.7,7.2,96.5,1022,0
2024,1,4,4,0,7.5,7.1000000000000005,97.55,1023,0
2024,1,4,4,30,7.2,7.1000000000000005,99.56,1023,0
2024,1,4,5,0,6.9,6.9,100,1023,0
2024,1,4,5,30,6.5,6.5,100,1023,0
2024,1,4,6,0,6,6,100,1023,0
2024,1,4,6,30,5.6000000000000005,5.6000000000000005,100,1023,0
2024,1,4,7,0,5.1000000000000005,5.1000000000000005,100,1023,0
2024,1,4,7,30,4.9,4.9,100,1023,0
2024,1,4,8,0,4.6000000000000005,4.6000000000000005,100,1023,0
2024,1,4,8,30,4.6000000000000005,4.6000000000000005,100,1023,0
2024,1,4,9,0,4.6000000000000005,4.6000000000000005,100,1023,0
2024,1,4,9,30,4.7,4.7,100,1023,0
2024,1,4,10,0,4.800000000000001,4.800000000000001,100,1023,0
2024,1,4,10,30,5,5,100,1023,0
2024,1,4,11,0,5.300000000000001,5.1000000000000005,98.41,1023,0
2024,1,4,11,30,5.5,5.1000000000000005,97.06,1023,0
2024,1,4,12,0,5.7,4.800000000000001,94.17,1023,0
2024,1,4,12,30,5.6000000000000005,4.800000000000001,94.82000000000001,1023,0
2024,1,4,13,0,5.5,4.6000000000000005,93.86,1023,0
2024,1,4,13,30,5.1000000000000005,4.6000000000000005,96.5,1023,0
2024,1,4,14,0,4.7,4.2,96.9,1024,0
2024,1,4,14,30,4.3,4.2,99.65,1024,0
2024,1,4,15,0,3.8000000000000003,3.8000000000000003,100,1024,0
2024,1,4,15,30,5.2,4,91.64,1024,0
2024,1,4,16,0,6.5,4.800000000000001,88.64,1025,0
2024,1,4,16,30,7.6000000000000005,4.800000000000001,82.22,1025,0
2024,1,4,17,0,8.8,5.4,78.97,1025,0
2024,1,4,17,30,10.200000000000001,5.4,71.9,1025,0
2024,1,4,18,0,11.5,4.9,63.97,1026,0
2024,1,4,18,30,12.4,4.9,60.24,1025,0
2024,1,4,19,0,13.3,5,57.34,1025,0
2024,1,4,19,30,13.9,5,55.15,1025,0
2024,1,4,20,0,14.600000000000001,5.2,53.300000000000004,1024,0
2024,1,4,20,30,15,5.2,51.95,1024,0
2024,1,4,21,0,15.3,5.4,51.76,1024,0
2024,1,4,21,30,15.5,5.4,51.050000000000004,1023,0
2024,1,4,22,0,15.600000000000001,5.7,51.84,1023,0
2024,1,4,22,30,14.9,5.7,54.22,1023,0
2024,1,4,23,0,14.200000000000001,8.6,68.92,1023,0
2024,1,4,23,30,13.100000000000001,8.6,74.01,1023,0
2024,1,5,0,0,12,7.6000000000000005,74.63,1023,0
2024,1,5,0,30,11,7.6000000000000005,79.72,1023,0
2024,1,5,1,0,10.100000000000001,6.4,77.71000000000001,1024,0
2024,1,5,1,30,9.700000000000001,6.4,79.81,1024,0
2024,1,5,2,0,9.4,6.9,84.34,1024,0
2024,1,5,2,30,9.1,6.9,86.06,1024,0
2024,1,5,3,0,8.700000000000001,7.6000000000000005,92.64,1024,0
2024,1,5,3,30,8.5,7.6000000000000005,93.9,1024,0
2024,1,5,4,0,8.200000000000001,8.1,99.27,1024,0
2024,1,5,4,30,8.3,8.1,98.60000000000001,1024,0
2024,1,5,5,0,8.4,8.4,100,1024,0
2024,1,5,5,30,8.5,8.5,99.8,1024,0
2024,1,5,6,0,8.5,8.5,100,1024,0
2024,1,5,6,30,8.6,8.6,100,1024,0
2024,1,5,7,0,8.700000000000001,8.700000000000001,100,1024,0
2024,1,5,7,30,8.8,8.700000000000001,99.59,1024,0
2024,1,5,8,0,8.9,8.700000000000001,98.83,1023,0
2024,1,5,8,30,8.8,8.700000000000001,99.59,1024,0
2024,1,5,9,0,8.700000000000001,8.700000000000001,100,1024,0
2024,1,5,9,30,8.3,8.3,100,1024,0
2024,1,5,10,0,8,8,100,1024,0
2024,1,5,10,30,7.7,7.7,100,1024,0
2024,1,5,11,0,7.4,7.4,100,1024,0
2024,1,5,11,30,7,7,100,1024,0
2024,1,5,12,0,6.6000000000000005,6.6000000000000005,100,1024,0
2024,1,5,12,30,6.300000000000001,6.300000000000001,100,1025,0
2024,1,5,13,0,6,6,100,1025,0
2024,1,5,13,30,5.800000000000001,5.800000000000001,100,1025,0
2024,1,5,14,0,5.6000000000000005,5.6000000000000005,100,1025,0
2024,1,5,14,30,5.5,5.5,100,1026,0
2024,1,5,15,0,5.5,5.5,100,1026,0
2024,1,5,15,30,6.9,6.7,98.41,1026,0
2024,1,5,16,0,8.200000000000001,7.2,93.7,1027,0
2024,1,5,16,30,9.4,7.2,86.42,1027,0
2024,1,5,17,0,10.5,8.1,85.03,1027,0
2024,1,5,17,30,11.700000000000001,8.1,78.54,1027,0
2024,1,5,18,0,12.8,8.700000000000001,76,1027,0
2024,1,5,18,30,13.600000000000001,8.700000000000001,72.14,1027,0
2024,1,5,19,0,14.4,8.5,67.73,1026,0
2024,1,5,19,30,14.8,8.5,66.01,1026,0
2024,1,5,20,0,15.3,7.4,59.44,1025,0
2024,1,5,20,30,15.5,7.4,58.69,1025,0
2024,1,5,21,0,15.700000000000001,6.4,53.82,1024,0
2024,1,5,21,30,15.700000000000001,6.4,53.82,1024,0
2024,1,5,22,0,15.700000000000001,5.5,50.800000000000004,1023,0
2024,1,5,22,30,15.100000000000001,5.5,52.78,1023,0
2024,1,5,23,0,14.600000000000001,5.9,56.08,1023,0
2024,1,5,23,30,12.9,5.9,62.61,1023,0
2024,1,6,0,0,11.200000000000001,6.2,71.25,1023,0
2024,1,6,0,30,10.100000000000001,6.2,76.65,1023,0
2024,1,6,1,0,9,5.5,78.89,1023,0
2024,1,6,1,30,8.700000000000001,5.5,80.58,1024,0
2024,1,6,2,0,8.4,5.6000000000000005,82.39,1024,0
2024,1,6,2,30,8.1,5.6000000000000005,84.08,1024,0
2024,1,6,3,0,7.800000000000001,5.6000000000000005,85.83,1024,0
2024,1,6,3,30,7.2,5.6000000000000005,89.41,1024,0
2024,1,6,4,0,6.7,5.2,90.41,1024,0
2024,1,6,4,30,6.300000000000001,5.2,92.84,1023,0
2024,1,6,5,0,5.9,4.7,92.26,1023,0
2024,1,6,5,30,5.800000000000001,4.7,92.9,1023,0
2024,1,6,6,0,5.7,4.3,90.46000000000001,1023,0
2024,1,6,6,30,5.7,4.3,90.46000000000001,1023,0
2024,1,6,7,0,5.7,3.9000000000000004,87.93,1022,0
2024,1,6,7,30,5.7,3.9000000000000004,87.93,1022,0
2024,1,6,8,0,5.7,3.6,86.32000000000001,1022,0
2024,1,6,8,30,6.5,3.6,81.7,1022,0
2024,1,6,9,0,7.2,3.4000000000000004,76.86,1022,0
2024,1,6,9,30,7,3.4000000000000004,77.92,1022,0
2024,1,6,10,0,6.800000000000001,3.3000000000000003,78.15,1022,0
2024,1,6,10,30,6.1000000000000005,3.2,81.92,1021,0
2024,1,6,11,0,5.4,3.7,88.52,1021,0
2024,1,6,11,30,5.300000000000001,3.7,89.13,1021,0
2024,1,6,12,0,5.1000000000000005,4.800000000000001,97.83,1021,0
2024,1,6,12,30,5.2,4.800000000000001,97.06,1020,0
2024,1,6,13,0,5.300000000000001,5.300000000000001,100,1020,0
2024,1,6,13,30,5.7,5.7,100,1020,0
2024,1,6,14,0,6,6,100,1020,0
2024,1,6,14,30,6.300000000000001,6.300000000000001,100,1019,0
2024,1,6,15,0,6.6000000000000005,6.6000000000000005,100,1019,0
2024,1,6,15,30,7.2,7.2,100,1019,0
2024,1,6,16,0,7.800000000000001,7.7,99.57000000000001,1019,0
2024,1,6,16,30,8.4,7.7,95.60000000000001,1019,0
2024,1,6,17,0,9,7.9,93.08,1019,0
2024,1,6,17,30,9.3,7.9,91.22,1019,0
2024,1,6,18,0,9.5,8.4,92.68,1018,0
2024,1,6,18,30,9.8,8.4,90.84,1018,0
2024,1,6,19,0,10.100000000000001,8.9,92.12,1017,0
2024,1,6,19,30,10.5,8.9,89.61,1016,0
2024,1,6,20,0,11,9.4,90.11,1015,0
2024,1,6,20,30,11.200000000000001,9.4,88.83,1014,0
2024,1,6,21,0,11.5,9.9,89.89,1013,0
2024,1,6,21,30,11.700000000000001,9.9,88.71000000000001,1013,0
2024,1,6,22,0,11.9,9.600000000000001,85.95,1012,0
2024,1,6,22,30,11.8,9.600000000000001,86.60000000000001,1013,0
2024,1,6,23,0,11.700000000000001,8.3,79.65,1013,0
2024,1,6,23,30,10.5,8.3,86.23,1013,0
2024,1,7,0,0,9.4,6.300000000000001,80.89,1013,0
2024,1,7,0,30,8.200000000000001,6.300000000000001,87.79,1014,0
2024,1,7,1,0,7,4.6000000000000005,84.5,1014,0
2024,1,7,1,30,6.6000000000000005,4.6000000000000005,86.84,1014,0
2024,1,7,2,0,6.2,3.6,83.61,1015,0
2024,1,7,2,30,5.800000000000001,3.6,85.95,1015,0
2024,1,7,3,0,5.5,3,84.03,1015,0
2024,1,7,3,30,5.2,3,85.88,1016,0
2024,1,7,4,0,4.9,2.5,84.56,1016,0
2024,1,7,4,30,4.5,2.5,86.95,1016,0
2024,1,7,5,0,4.1000000000000005,2,86.49,1016,0
2024,1,7,5,30,3.7,2.1,89.03,1017,0
2024,1,7,6,0,3.3000000000000003,1.6,88.42,1017,0
2024,1,7,6,30,3,1.6,90.31,1017,0
2024,1,7,7,0,2.6,1.1,89.74,1017,0
2024,1,7,7,30,2.4000000000000004,1.1,91.03,1017,0
2024,1,7,8,0,2.1,0.7000000000000001,90.44,1017,0
2024,1,7,8,30,1.9000000000000001,0.7000000000000001,91.73,1017,0
2024,1,7,9,0,1.7000000000000002,0.4,91.13,1017,0
2024,1,7,9,30,1.6,0.4,91.78,1017,0
2024,1,7,10,0,1.5,0.2,91.03,1017,0
2024,1,7,10,30,1.4000000000000001,0.2,91.77,1018,0
2024,1,7,11,0,1.3,0.1,91.44,1018,0
2024,1,7,11,30,1.1,0.1,92.77,1018,0
2024,1,7,12,0,1,-0.1,92.32000000000001,1018,0
2024,1,7,12,30,0.8,-0.1,93.65,1018,0
2024,1,7,13,0,0.6000000000000001,-0.30000000000000004,93.61,1018,0
2024,1,7,13,30,0.4,-0.30000000000000004,94.97,1018,0
2024,1,7,14,0,0.30000000000000004,-0.5,94.16,1019,0
2024,1,7,14,30,0.4,-0.5,93.48,1019,0
2024,1,7,15,0,0.4,-0.5,93.37,1019,0
2024,1,7,15,30,1.9000000000000001,-0.5,83.84,1019,0
2024,1,7,16,0,3.3000000000000003,0.6000000000000001,82.34,1020,0
2024,1,7,16,30,4.6000000000000005,0.6000000000000001,75.17,1020,0
2024,1,7,17,0,5.9,1.4000000000000001,73.07000000000001,1020,0
2024,1,7,17,30,7.4,1.4000000000000001,65.92,1020,0
2024,1,7,18,0,9,1.3,58.45,1020,0
2024,1,7,18,30,9.9,1.3,55.03,1020,0
2024,1,7,19,0,10.9,1,50.29,1020,0
2024,1,7,19,30,11.4,0.9,48.61,1019,0
2024,1,7,20,0,12,0.6000000000000001,45.61,1019,0
2024,1,7,20,30,12.200000000000001,0.6000000000000001,44.97,1018,0
2024,1,7,21,0,12.4,0.5,43.96,1018,0
2024,1,7,21,30,12.4,0.5,43.96,1018,0
2024,1,7,22,0,12.4,0.5,44.04,1018,0
2024,1,7,22,30,12,0.5,45.21,1018,0
2024,1,7,23,0,11.600000000000001,1.4000000000000001,49.660000000000004,1018,0
2024,1,7,23,30,9.8,1.4000000000000001,56.02,1019,0
2024,1,8,0,0,8,3,70.52,1019,0
2024,1,8,0,30,6.800000000000001,3,76.53,1019,0
2024,1,8,1,0,5.6000000000000005,2,77.48,1019,0
2024,1,8,1,30,5.300000000000001,2,79.10000000000001,1019,0
2024,1,8,2,0,5,1.9000000000000001,80.19,1019,0
2024,1,8,2,30,4.7,1.9000000000000001,81.96000000000001,1020,0
2024,1,8,3,0,4.5,1.9000000000000001,83.35000000000001,1020,0
2024,1,8,3,30,4.3,1.9000000000000001,84.52,1020,0
2024,1,8,4,0,4.2,2,85.46000000000001,1021,0
2024,1,8,4,30,4,2,86.67,1021,0
2024,1,8,5,0,3.8000000000000003,1.9000000000000001,87.5,1021,0
2024,1,8,5,30,3.6,1.9000000000000001,88.74,1021,0
2024,1,8,6,0,3.4000000000000004,1.7000000000000002,88.75,1021,0
2024,1,8,6,30,3.2,1.7000000000000002,90.01,1021,0
2024,1,8,7,0,3.1,1.4000000000000001,88.47,1021,0
2024,1,8,7,30,3,1.4000000000000001,89.10000000000001,1021,0
2024,1,8,8,0,2.8000000000000003,1,87.82000000000001,1021,0
2024,1,8,8,30,2.6,1,89.07000000000001,1021,0
2024,1,8,9,0,2.4000000000000004,0.6000000000000001,87.71000000000001,1022,0
2024,1,8,9,30,2.2,0.6000000000000001,88.97,1022,0
2024,1,8,10,0,1.9000000000000001,0.1,87.8,1022,0
2024,1,8,10,30,1.7000000000000002,0.1,89.07000000000001,1022,0
2024,1,8,11,0,1.5,-0.30000000000000004,87.64,1022,0
2024,1,8,11,30,1.4000000000000001,-0.30000000000000004,88.27,1022,0
2024,1,8,12,0,1.3,-0.6000000000000001,87,1023,0
2024,1,8,12,30,1.3,-0.6000000000000001,87,1023,0
2024,1,8,13,0,1.3,-0.9,85.44,1023,0
2024,1,8,13,30,1.2000000000000002,-0.9,86.14,1024,0
2024,1,8,14,0,1.2000000000000002,-1.1,84.63,1024,0
2024,1,8,14,30,1.3,-1.1,84.11,1025,0
2024,1,8,15,0,1.5,-1.1,82.67,1025,0
2024,1,8,15,30,2.9000000000000004,-1.1,74.91,1026,0
2024,1,8,16,0,4.4,0.30000000000000004,74.75,1026,0
2024,1,8,16,30,5.6000000000000005,0.30000000000000004,68.76,1026,0
2024,1,8,17,0,6.7,0,62.190000000000005,1027,0
2024,1,8,17,30,7.800000000000001,0,57.69,1027,0
2024,1,8,18,0,8.9,0.4,55.2,1027,0
2024,1,8,18,30,10.100000000000001,0.4,50.93,1027,0
2024,1,8,19,0,11.200000000000001,0.6000000000000001,48.11,1026,0
2024,1,8,19,30,12,0.6000000000000001,45.64,1026,0
2024,1,8,20,0,12.8,0.8,43.84,1025,0
2024,1,8,20,30,13.200000000000001,0.8,42.71,1025,0
2024,1,8,21,0,13.600000000000001,1.1,42.58,1025,0
2024,1,8,21,30,13.700000000000001,1.1,42.31,1025,0
2024,1,8,22,0,13.8,1.6,43.480000000000004,1025,0
2024,1,8,22,30,13.5,1.6,44.33,1025,0
2024,1,8,23,0,13.200000000000001,3.3000000000000003,51.09,1025,0
2024,1,8,23,30,12.3,3.3000000000000003,54.18,1025,0
2024,1,9,0,0,11.3,3.1,57.21,1025,0
2024,1,9,0,30,10.3,3.1,61.19,1026,0
2024,1,9,1,0,9.4,2.5,61.97,1026,0
2024,1,9,1,30,8.9,2.5,64.09,1026,0
2024,1,9,2,0,8.4,2.6,66.8,1026,0
2024,1,9,2,30,8.1,2.6,68.17,1026,0
2024,1,9,3,0,7.7,2.7,70.66,1026,0
2024,1,9,3,30,7.6000000000000005,2.7,71.21000000000001,1027,0
2024,1,9,4,0,7.4,2.8000000000000003,72.86,1027,0
2024,1,9,4,30,7.300000000000001,2.8000000000000003,73.36,1027,0
2024,1,9,5,0,7.1000000000000005,3,75.4,1027,0
2024,1,9,5,30,7,3,75.92,1027,0
2024,1,9,6,0,6.9,3.3000000000000003,77.64,1027,0
2024,1,9,6,30,6.6000000000000005,3.3000000000000003,79.25,1027,0
2024,1,9,7,0,6.4,3.5,81.61,1027,0
2024,1,9,7,30,6.2,3.5,82.74,1027,0
2024,1,9,8,0,6.1000000000000005,3.7,84.59,1027,0
2024,1,9,8,30,6.1000000000000005,3.7,84.59,1027,0
2024,1,9,9,0,6.1000000000000005,3.9000000000000004,85.75,1027,0
2024,1,9,9,30,6.2,3.9000000000000004,85.16,1027,0
2024,1,9,10,0,6.300000000000001,4,85.35000000000001,1026,0
2024,1,9,10,30,6.300000000000001,4,85.35000000000001,1026,0
2024,1,9,11,0,6.300000000000001,4.1000000000000005,85.71000000000001,1026,0
2024,1,9,11,30,6.2,4.1000000000000005,86.3,1026,0
2024,1,9,12,0,6.1000000000000005,4.4,88.63,1025,0
2024,1,9,12,30,6.300000000000001,4.4,87.41,1025,0
2024,1,9,13,0,6.4,4.9,90.07000000000001,1025,0
2024,1,9,13,30,6.6000000000000005,4.9,88.84,1025,0
2024,1,9,14,0,6.7,5.4,91.69,1025,0
2024,1,9,14,30,6.9,5.4,90.44,1025,0
2024,1,9,15,0,7.1000000000000005,6.1000000000000005,93.10000000000001,1025,0
2024,1,9,15,30,7.6000000000000005,6,89.9,1024,0
2024,1,9,16,0,8.1,7.1000000000000005,93.13,1024,0
2024,1,9,16,30,8.6,7.1000000000000005,90.03,1024,0
2024,1,9,17,0,9.200000000000001,8.1,92.65,1024,0
2024,1,9,17,30,9.700000000000001,8.1,89.51,1023,0
2024,1,9,18,0,10.3,9.200000000000001,92.76,1023,0
2024,1,9,18,30,11.100000000000001,9.200000000000001,87.96000000000001,1023,0
2024,1,9,19,0,11.8,10.3,90.69,1023,0
2024,1,9,19,30,12.4,10.3,87.10000000000001,1022,0
2024,1,9,20,0,13.100000000000001,10.3,83.11,1022,0
2024,1,9,20,30,13.600000000000001,10.3,80.37,1021,0
2024,1,9,21,0,14.100000000000001,8.9,71.10000000000001,1021,0
2024,1,9,21,30,14.100000000000001,8.9,71.10000000000001,1021,0
2024,1,9,22,0,14.200000000000001,7.6000000000000005,64.61,1021,0
2024,1,9,22,30,13.8,7.6000000000000005,66.24,1020,0
2024,1,9,23,0,13.4,7.9,69.26,1020,0
2024,1,9,23,30,12.200000000000001,7.9,74.9,1020,0
2024,1,10,0,0,11,7.4,78.73,1020,0
2024,1,10,0,30,10,7.4,84.15,1020,0
2024,1,10,1,0,9.1,6.4,83.48,1020,0
2024,1,10,1,30,8.3,6.4,88.11,1020,0
2024,1,10,2,0,7.5,6.7,94.42,1020,0
2024,1,10,2,30,7.1000000000000005,6.7,97.03,1020,0
2024,1,10,3,0,6.7,6.7,99.79,1020,0
2024,1,10,3,30,6.4,6.4,100,1020,0
2024,1,10,4,0,6.1000000000000005,6.1000000000000005,100,1021,0
2024,1,10,4,30,5.800000000000001,5.800000000000001,100,1021,0
2024,1,10,5,0,5.5,5.5,100,1021,0
2024,1,10,5,30,5.2,5.2,100,1021,0
2024,1,10,6,0,5,5,100,1021,0
2024,1,10,6,30,4.7,4.7,100,1021,0
2024,1,10,7,0,4.4,4.4,100,1021,0
2024,1,10,7,30,4.2,4.2,100,1020,0
2024,1,10,8,0,3.9000000000000004,3.9000000000000004,100,1020,0
2024,1,10,8,30,3.6,3.6,100,1020,0
2024,1,10,9,0,3.3000000000000003,3.3000000000000003,100,1020,0
2024,1,10,9,30,3.1,3.1,100,1020,0
2024,1,10,10,0,2.9000000000000004,2.9000000000000004,100,1020,0
2024,1,10,10,30,2.8000000000000003,2.8000000000000003,100,1020,0
2024,1,10,11,0,2.7,2.7,100,1019,0
2024,1,10,11,30,2.7,2.7,100,1019,0
2024,1,10,12,0,2.7,2.7,100,1019,0
2024,1,10,12,30,2.8000000000000003,2.8000000000000003,100,1019,0
2024,1,10,13,0,2.9000000000000004,2.9000000000000004,100,1018,0
2024,1,10,13,30,3.3000000000000003,3.3000000000000003,100,1018,0
2024,1,10,14,0,3.7,3.7,100,1018,0
2024,1,10,14,30,4.5,4.4,99.24000000000001,1017,0
2024,1,10,15,0,5.300000000000001,5.2,99.64,1017,0
2024,1,10,15,30,6,5.2,94.93,1017,0
2024,1,10,16,0,6.800000000000001,6.2,95.92,1016,0
2024,1,10,16,30,7.7,6.2,90.21000000000001,1016,0
2024,1,10,17,0,8.6,7.7,94.06,1016,0
2024,1,10,17,30,9.9,7.7,86.11,1015,0
2024,1,10,18,0,11.200000000000001,9.3,88.05,1015,0
2024,1,10,18,30,12.100000000000001,9.3,82.9,1014,0
2024,1,10,19,0,13,9.600000000000001,79.75,1014,0
2024,1,10,19,30,13.3,9.600000000000001,78.13,1013,0
2024,1,10,20,0,13.700000000000001,9.3,74.72,1012,0
2024,1,10,20,30,13.700000000000001,9.3,74.72,1012,0
2024,1,10,21,0,13.700000000000001,9.3,74.52,1011,0
2024,1,10,21,30,13.600000000000001,9.3,75,1011,0
2024,1,10,22,0,13.5,9.3,75.86,1011,0
2024,1,10,22,30,13.200000000000001,9.3,77.27,1010,0
2024,1,10,23,0,12.9,9.5,79.66,1010,0
2024,1,10,23,30,12.4,9.5,82.31,1010,0
2024,1,11,0,0,11.8,9.4,85.14,1010,0
2024,1,11,0,30,11.3,9.4,88,1010,0
2024,1,11,1,0,10.8,9,88.44,1010,0
2024,1,11,1,30,10.3,9,91.42,1010,0
2024,1,11,2,0,9.8,8.1,89.37,1010,0
2024,1,11,2,30,9.3,8.1,92.42,1010,0
2024,1,11,3,0,8.8,7,88.25,1010,0
2024,1,11,3,30,8.3,7,91.38,1011,0
2024,1,11,4,0,7.800000000000001,5.7,86.65,1011,0
2024,1,11,4,30,7.4,5.7,89.04,1011,0
2024,1,11,5,0,7,4.800000000000001,85.71000000000001,1011,0
2024,1,11,5,30,6.7,4.800000000000001,87.58,1012,0
2024,1,11,6,0,6.4,4,84.75,1012,0
2024,1,11,6,30,6.2,4,85.93,1012,0
2024,1,11,7,0,5.9,3.1,81.97,1013,0
2024,1,11,7,30,5.800000000000001,3.1,82.54,1013,0
2024,1,11,8,0,5.6000000000000005,2,77.8,1013,0
2024,1,11,8,30,5.4,2,78.97,1014,0
2024,1,11,9,0,5.2,1.4000000000000001,76.48,1014,0
2024,1,11,9,30,4.800000000000001,1.4000000000000001,78.71000000000001,1015,0
2024,1,11,10,0,4.3,1.2000000000000002,80.3,1015,0
2024,1,11,10,30,3.8000000000000003,1.2000000000000002,83.16,1015,0
2024,1,11,11,0,3.3000000000000003,1,85.06,1016,0
2024,1,11,11,30,3.1,1,86.27,1016,0
2024,1,11,12,0,2.8000000000000003,0.7000000000000001,86.11,1017,0
2024,1,11,12,30,2.5,0.7000000000000001,87.96000000000001,1017,0
2024,1,11,13,0,2.3000000000000003,0.2,86.27,1018,0
2024,1,11,13,30,2,0.2,88.13,1018,0
2024,1,11,14,0,1.8,-0.30000000000000004,86.21000000000001,1018,0
2024,1,11,14,30,1.7000000000000002,-0.2,86.92,1019,0
2024,1,11,15,0,1.6,-0.5,85.68,1019,0
2024,1,11,15,30,2.8000000000000003,-0.5,78.75,1020,0
2024,1,11,16,0,4.1000000000000005,-0.1,74.28,1020,0
2024,1,11,16,30,5.300000000000001,-0.1,68.39,1021,0
2024,1,11,17,0,6.6000000000000005,-0.2,62,1021,0
2024,1,11,17,30,7.800000000000001,-0.2,57.120000000000005,1021,0
2024,1,11,18,0,9.1,-1.1,48.71,1021,0
2024,1,11,18,30,10,-1.1,45.86,1021,0
2024,1,11,19,0,10.9,-1.6,41.68,1021,0
2024,1,11,19,30,11.5,-1.6,40.06,1021,0
2024,1,11,20,0,12.100000000000001,-1.4000000000000001,39.01,1021,0
2024,1,11,20,30,12.4,-1.4000000000000001,38.25,1021,0
2024,1,11,21,0,12.700000000000001,-1.3,37.94,1020,0
2024,1,11,21,30,12.700000000000001,-1.3,37.94,1020,0
2024,1,11,22,0,12.8,-1.2000000000000002,37.97,1020,0
2024,1,11,22,30,12.5,-1.2000000000000002,38.730000000000004,1020,0
2024,1,11,23,0,12.3,0,42.730000000000004,1020,0
2024,1,11,23,30,11.4,0,45.33,1020,0
2024,1,12,0,0,10.600000000000001,0,47.71,1020,0
2024,1,12,0,30,9.5,0,51.4,1021,0
2024,1,12,1,0,8.5,-0.2,54.47,1021,0
2024,1,12,1,30,7.6000000000000005,-0.2,57.9,1021,0
2024,1,12,2,0,6.800000000000001,0.2,62.81,1021,0
2024,1,12,2,30,6.300000000000001,0.2,65,1021,0
2024,1,12,3,0,5.7,1,71.62,1021,0
2024,1,12,3,30,5.6000000000000005,1,72.12,1021,0
2024,1,12,4,0,5.4,1.7000000000000002,77.3,1021,0
2024,1,12,4,30,5.2,1.7000000000000002,78.38,1021,0
2024,1,12,5,0,4.9,2.6,84.8,1022,0
2024,1,12,5,30,4.6000000000000005,2.6,86.59,1022,0
2024,1,12,6,0,4.2,3,92.2,1022,0
2024,1,12,6,30,4.3,3,91.56,1022,0
2024,1,12,7,0,4.4,3.5,93.84,1022,0
2024,1,12,7,30,4.3,3.5,94.5,1022,0
2024,1,12,8,0,4.1000000000000005,3.7,97.33,1022,0
2024,1,12,8,30,3.6,3.6,100,1022,0
2024,1,12,9,0,3.1,3.1,100,1022,0
2024,1,12,9,30,3.2,3.2,100,1022,0
2024,1,12,10,0,3.3000000000000003,3.3000000000000003,100,1022,0
2024,1,12,10,30,3.6,3.5,99.61,1022,0
2024,1,12,11,0,4,3.3000000000000003,95.2,1022,0
2024,1,12,11,30,3.9000000000000004,3.3000000000000003,95.87,1022,0
2024,1,12,12,0,3.8000000000000003,3.1,94.89,1022,0
2024,1,12,12,30,3.7,3.1,95.56,1022,0
2024,1,12,13,0,3.6,2.9000000000000004,95.33,1022,0
2024,1,12,13,30,3.5,2.9000000000000004,96.10000000000001,1023,0
2024,1,12,14,0,3.4000000000000004,2.8000000000000003,95.77,1023,0
2024,1,12,14,30,3.3000000000000003,2.8000000000000003,96.45,1023,0
2024,1,12,15,0,3.2,2.5,95.10000000000001,1024,0
2024,1,12,15,30,3.5,2.5,93.11,1024,0
2024,1,12,16,0,3.8000000000000003,2.5,91.06,1024,0
2024,1,12,16,30,4.4,2.5,87.31,1024,0
2024,1,12,17,0,4.9,2.8000000000000003,86.57000000000001,1024,0
2024,1,12,17,30,5.9,2.8000000000000003,80.77,1024,0
2024,1,12,18,0,6.9,3.9000000000000004,81.27,1024,0
2024,1,12,18,30,8.200000000000001,3.9000000000000004,74.39,1024,0
2024,1,12,19,0,9.5,4.3,70.11,1024,0
2024,1,12,19,30,10.4,4.3,65.96000000000001,1023,0
2024,1,12,20,0,11.3,4.4,62.410000000000004,1023,0
2024,1,12,20,30,11.700000000000001,4.4,60.79,1023,0
2024,1,12,21,0,12,4.4,59.69,1022,0
2024,1,12,21,30,12,4.4,59.69,1022,0
2024,1,12,22,0,12,4.7,60.96,1022,0
2024,1,12,22,30,11.700000000000001,4.7,62.17,1022,0
2024,1,12,23,0,11.4,6.1000000000000005,70.05,1022,0
2024,1,12,23,30,10.8,6.1000000000000005,72.88,1022,0
2024,1,13,0,0,10.200000000000001,5.2,71.15,1022,0
2024,1,13,0,30,9.5,5.2,74.56,1022,0
2024,1,13,1,0,8.8,4.3,73.39,1021,0
2024,1,13,1,30,8.4,4.3,75.48,1022,0
2024,1,13,2,0,8,4.4,78,1022,0
2024,1,13,2,30,7.800000000000001,4.4,79.06,1022,0
2024,1,13,3,0,7.6000000000000005,4.5,80.77,1022,0
2024,1,13,3,30,7.300000000000001,4.5,82.44,1022,0
2024,1,13,4,0,7.1000000000000005,4.800000000000001,85.06,1022,0
2024,1,13,4,30,6.800000000000001,4.800000000000001,86.83,1022,0
2024,1,13,5,0,6.5,5.1000000000000005,90.91,1022,0
2024,1,13,5,30,6.4,5.1000000000000005,91.54,1022,0
2024,1,13,6,0,6.4,5.6000000000000005,94.31,1022,0
2024,1,13,6,30,6.4,5.6000000000000005,94.31,1022,0
2024,1,13,7,0,6.4,5.9,96.71000000000001,1022,0
2024,1,13,7,30,6.300000000000001,5.9,97.28,1021,0
2024,1,13,8,0,6.2,6.1000000000000005,99.19,1021,0
2024,1,13,8,30,6.300000000000001,6.1000000000000005,98.51,1021,0
2024,1,13,9,0,6.4,6.1000000000000005,98.25,1021,0
2024,1,13,9,30,6.5,6.1000000000000005,97.58,1021,0
2024,1,13,10,0,6.6000000000000005,6.1000000000000005,96.57000000000001,1021,0
2024,1,13,10,30,6.6000000000000005,6.1000000000000005,96.48,1020,0
2024,1,13,11,0,6.6000000000000005,6.1000000000000005,96.35000000000001,1020,0
2024,1,13,11,30,6.6000000000000005,6.1000000000000005,96.35000000000001,1020,0
2024,1,13,12,0,6.6000000000000005,6.1000000000000005,96.63,1020,0
2024,1,13,12,30,6.5,6.1000000000000005,97.29,1020,0
2024,1,13,13,0,6.5,6.1000000000000005,97.28,1019,0
2024,1,13,13,30,6.5,6.1000000000000005,97.28,1019,0
2024,1,13,14,0,6.4,6.1000000000000005,98.05,1019,0
2024,1,13,14,30,6.6000000000000005,6.1000000000000005,96.71000000000001,1019,0
2024,1,13,15,0,6.7,6.2,96.66,1019,0
2024,1,13,15,30,7,6.2,94.69,1019,0
2024,1,13,16,0,7.4,6.6000000000000005,94.61,1019,0
2024,1,13,16,30,7.7,6.6000000000000005,92.7,1019,0
2024,1,13,17,0,8,7.1000000000000005,93.78,1019,0
2024,1,13,17,30,8.3,7.1000000000000005,91.9,1019,0
2024,1,13,18,0,8.6,7.6000000000000005,93.53,1019,0
2024,1,13,18,30,8.9,7.6000000000000005,91.57000000000001,1018,0
2024,1,13,19,0,9.200000000000001,8.200000000000001,93.42,1018,0
2024,1,13,19,30,9.600000000000001,8.200000000000001,90.86,1017,0
2024,1,13,20,0,9.9,8.9,93.48,1017,0
2024,1,13,20,30,10.100000000000001,8.9,92.15,1016,0
2024,1,13,21,0,10.4,9.5,93.91,1016,0
2024,1,13,21,30,10.700000000000001,9.4,91.97,1015,0
2024,1,13,22,0,11,10.100000000000001,94.04,1015,0
2024,1,13,22,30,11.200000000000001,10.100000000000001,92.8,1015,0
2024,1,13,23,0,11.4,10.600000000000001,94.85000000000001,1015,0
2024,1,13,23,30,11.600000000000001,10.600000000000001,93.60000000000001,1015,0
2024,1,14,0,0,11.8,11,94.96000000000001,1015,0
2024,1,14,0,30,11.9,11,94.34,1015,0
2024,1,14,1,0,12.100000000000001,11.3,95.07000000000001,1014,0
2024,1,14,1,30,12.200000000000001,11.3,94.45,1014,0
2024,1,14,2,0,12.4,11.600000000000001,94.75,1014,0
2024,1,14,2,30,12.4,11.600000000000001,94.75,1014,0
2024,1,14,3,0,12.5,11.700000000000001,94.97,1014,0
2024,1,14,3,30,12.5,11.700000000000001,94.97,1014,0
2024,1,14,4,0,12.600000000000001,11.8,94.9,1014,0
2024,1,14,4,30,12.5,11.8,95.52,1014,0
2024,1,14,5,0,12.4,11.8,96.05,1014,0
2024,1,14,5,30,12.3,11.8,96.68,1014,0
2024,1,14,6,0,12.100000000000001,11.600000000000001,96.64,1014,0
2024,1,14,6,30,11.700000000000001,11.600000000000001,99.22,1014,0
2024,1,14,7,0,11.4,11.100000000000001,98.10000000000001,1014,0
2024,1,14,7,30,11.100000000000001,11.100000000000001,100,1014,0
2024,1,14,8,0,10.8,10.600000000000001,98.53,1014,0
2024,1,14,8,30,10.600000000000001,10.600000000000001,99.85000000000001,1014,0
2024,1,14,9,0,10.4,10.200000000000001,98.51,1014,0
2024,1,14,9,30,10,10,100,1015,0
2024,1,14,10,0,9.700000000000001,9.4,97.91,1015,0
2024,1,14,10,30,9.4,9.4,99.9,1015,0
2024,1,14,11,0,9.1,8.5,96.21000000000001,1015,0
2024,1,14,11,30,8.8,8.5,98.18,1015,0
2024,1,14,12,0,8.4,7.800000000000001,96.11,1016,0
2024,1,14,12,30,8.1,7.800000000000001,98.09,1016,0
2024,1,14,13,0,7.9,7.2,95.44,1016,0
2024,1,14,13,30,7.6000000000000005,7.2,97.5,1017,0
2024,1,14,14,0,7.4,6.6000000000000005,94.94,1017,0
2024,1,14,14,30,7.300000000000001,6.6000000000000005,95.59,1017,0
2024,1,14,15,0,7.1000000000000005,6.6000000000000005,96.46000000000001,1018,0
2024,1,14,15,30,8.3,6.6000000000000005,88.91,1018,0
2024,1,14,16,0,9.4,8.5,94.06,1018,0
2024,1,14,16,30,10.200000000000001,8.5,89.25,1019,0
2024,1,14,17,0,11.100000000000001,9.4,89.31,1019,0
2024,1,14,17,30,12,9.4,84.17,1019,0
2024,1,14,18,0,12.8,9.600000000000001,81.16,1019,0
2024,1,14,18,30,13.5,9.700000000000001,77.55,1019,0
2024,1,14,19,0,14.200000000000001,9.600000000000001,73.74,1019,0
2024,1,14,19,30,14.700000000000001,9.600000000000001,71.4,1019,0
2024,1,14,20,0,15.100000000000001,9.5,69.2,1018,0
2024,1,14,20,30,15.3,9.5,68.32000000000001,1018,0
2024,1,14,21,0,15.5,9.5,67.44,1018,0
2024,1,14,21,30,15.4,9.5,67.88,1018,0
2024,1,14,22,0,15.3,9.5,68.21000000000001,1018,0
2024,1,14,22,30,15,9.5,69.53,1018,0
2024,1,14,23,0,14.600000000000001,9.600000000000001,72.15,1018,0
2024,1,14,23,30,13.4,9.600000000000001,77.97,1018,0
2024,1,15,0,0,12.200000000000001,10.200000000000001,87.62,1018,0
2024,1,15,0,30,11.100000000000001,10.200000000000001,94.21000000000001,1018,0
2024,1,15,1,0,10,9.200000000000001,94.78,1019,0
2024,1,15,1,30,9.600000000000001,9.200000000000001,97.35000000000001,1019,0
2024,1,15,2,0,9.3,9.3,100,1019,0
2024,1,15,2,30,9,9,100,1019,0
2024,1,15,3,0,8.700000000000001,8.700000000000001,100,1020,0
2024,1,15,3,30,8.6,8.6,100,1020,0
2024,1,15,4,0,8.4,8.4,100,1020,0
2024,1,15,4,30,8.200000000000001,8.200000000000001,100,1020,0
2024,1,15,5,0,7.9,7.9,100,1020,0
2024,1,15,5,30,7.6000000000000005,7.6000000000000005,100,1020,0
2024,1,15,6,0,7.300000000000001,7.300000000000001,100,1020,0
2024,1,15,6,30,7.2,7.2,100,1020,0
2024,1,15,7,0,7.1000000000000005,7.1000000000000005,100,1020,0
2024,1,15,7,30,7,7,100,1020,0
2024,1,15,8,0,6.9,6.9,100,1020,0
2024,1,15,8,30,6.800000000000001,6.800000000000001,100,1020,0
2024,1,15,9,0,6.800000000000001,6.800000000000001,100,1020,0
2024,1,15,9,30,6.800000000000001,6.800000000000001,100,1020,0
2024,1,15,10,0,6.800000000000001,6.800000000000001,100,1019,0
2024,1,15,10,30,6.800000000000001,6.800000000000001,100,1019,0
2024,1,15,11,0,6.800000000000001,6.800000000000001,100,1019,0
2024,1,15,11,30,6.800000000000001,6.800000000000001,100,1019,0
2024,1,15,12,0,6.7,6.7,99.73,1019,0
2024,1,15,12,30,6.6000000000000005,6.6000000000000005,100,1019,0
2024,1,15,13,0,6.5,6.300000000000001,98.85000000000001,1019,0
2024,1,15,13,30,6.4,6.300000000000001,99.53,1019,0
2024,1,15,14,0,6.4,6,97,1019,0
2024,1,15,14,30,6.4,6,97,1019,0
2024,1,15,15,0,6.4,5.7,95.29,1020,0
2024,1,15,15,30,7.2,5.7,90.21000000000001,1020,0
2024,1,15,16,0,8,6.2,88.15,1020,0
2024,1,15,16,30,8.8,6.2,83.51,1020,0
2024,1,15,17,0,9.5,6.5,81.48,1020,0
2024,1,15,17,30,10.4,6.5,76.73,1020,0
2024,1,15,18,0,11.4,7,74.58,1020,0
2024,1,15,18,30,12,7,71.69,1020,0
2024,1,15,19,0,12.600000000000001,7.5,71,1020,0
2024,1,15,19,30,13,7.5,69.17,1020,0
2024,1,15,20,0,13.4,7.7,68.48,1019,0
2024,1,15,20,30,13.700000000000001,7.7,67.16,1019,0
2024,1,15,21,0,13.9,7.9,67.24,1019,0
2024,1,15,21,30,13.9,7.9,67.24,1019,0
2024,1,15,22,0,14,8.1,67.48,1018,0
2024,1,15,22,30,13.8,8.1,68.36,1018,0
2024,1,15,23,0,13.700000000000001,8.4,70.34,1018,0
2024,1,15,23,30,12.8,8.4,74.58,1018,0
2024,1,16,0,0,11.9,8.5,79.83,1018,0
2024,1,16,0,30,11.100000000000001,8.5,84.16,1018,0
2024,1,16,1,0,10.3,7.6000000000000005,83.54,1019,0
2024,1,16,1,30,9.8,7.6000000000000005,86.37,1019,0
2024,1,16,2,0,9.3,7.7,89.76,1019,0
2024,1,16,2,30,9,7.7,91.59,1019,0
2024,1,16,3,0,8.700000000000001,7.7,93.36,1019,0
2024,1,16,3,30,8.4,7.7,95.37,1020,0
2024,1,16,4,0,8.200000000000001,7.6000000000000005,96.09,1020,0
2024,1,16,4,30,7.9,7.6000000000000005,98.06,1020,0
2024,1,16,5,0,7.6000000000000005,7.5,99.24000000000001,1020,0
2024,1,16,5,30,7.2,7.2,100,1020,0
2024,1,16,6,0,6.800000000000001,6.800000000000001,100,1020,0
2024,1,16,6,30,6.4,6.4,100,1019,0
2024,1,16,7,0,6.1000000000000005,6.1000000000000005,100,1019,0
2024,1,16,7,30,5.9,5.9,100,1019,0
2024,1,16,8,0,5.800000000000001,5.800000000000001,100,1019,0
2024,1,16,8,30,5.6000000000000005,5.6000000000000005,100,1019,0
2024,1,16,9,0,5.5,5.5,100,1019,0
2024,1,16,9,30,5.5,5.5,100,1019,0
2024,1,16,10,0,5.5,5.5,100,1019,0
2024,1,16,10,30,5.800000000000001,5.800000000000001,100,1018,0
2024,1,16,11,0,6,6,100,1018,0
2024,1,16,11,30,6.300000000000001,6.300000000000001,100,1018,0
2024,1,16,12,0,6.5,6.1000000000000005,97.16,1018,0
2024,1,16,12,30,6.6000000000000005,6.1000000000000005,96.49000000000001,1018,0
2024,1,16,13,0,6.7,5.9,94.48,1018,0
2024,1,16,13,30,6.6000000000000005,5.9,95.14,1018,0
2024,1,16,14,0,6.6000000000000005,5.7,94.09,1018,0
2024,1,16,14,30,6.6000000000000005,5.7,94.18,1019,0
2024,1,16,15,0,6.7,5.7,93.48,1019,0
2024,1,16,15,30,7.2,5.7,90.34,1019,0
2024,1,16,16,0,7.7,6.300000000000001,91.13,1019,0
2024,1,16,16,30,8.3,6.300000000000001,87.49,1019,0
2024,1,16,17,0,8.9,7,87.58,1019,0
2024,1,16,17,30,9.9,7,81.9,1019,0
2024,1,16,18,0,10.9,8,82.10000000000001,1020,0
2024,1,16,18,30,11.600000000000001,8,78.31,1019,0
2024,1,16,19,0,12.200000000000001,8.5,77.95,1019,0
2024,1,16,19,30,12.4,8.5,76.94,1019,0
2024,1,16,20,0,12.600000000000001,8.8,77.5,1018,0
2024,1,16,20,30,12.5,8.8,78.01,1018,0
2024,1,16,21,0,12.4,8.9,79.32000000000001,1017,0
2024,1,16,21,30,12.200000000000001,8.9,80.37,1017,0
2024,1,16,22,0,12,9,82.03,1017,0
2024,1,16,22,30,11.600000000000001,9,84.22,1017,0
2024,1,16,23,0,11.3,9.4,88.14,1017,0
2024,1,16,23,30,10.8,9.4,91.02,1016,0
2024,1,17,0,0,10.4,9.4,93.26,1016,0
2024,1,17,0,30,9.9,9.4,96.42,1016,0
2024,1,17,1,0,9.5,8.8,95.7,1016,0
2024,1,17,1,30,9.4,8.8,96.34,1016,0
2024,1,17,2,0,9.200000000000001,8.700000000000001,96.58,1015,0
2024,1,17,2,30,9.3,8.700000000000001,95.93,1015,0
2024,1,17,3,0,9.4,8.700000000000001,95.66,1015,0
2024,1,17,3,30,9.5,8.700000000000001,95.02,1015,0
2024,1,17,4,0,9.700000000000001,8.9,94.86,1015,0
2024,1,17,4,30,9.700000000000001,8.9,94.86,1015,0
2024,1,17,5,0,9.700000000000001,9,95.52,1015,0
2024,1,17,5,30,9.8,9,94.79,1014,0
2024,1,17,6,0,9.8,9.200000000000001,95.77,1014,0
2024,1,17,6,30,9.8,9.200000000000001,95.77,1014,0
2024,1,17,7,0,9.8,9.3,96.46000000000001,1014,0
2024,1,17,7,30,10,9.3,95.18,1014,0
2024,1,17,8,0,10.100000000000001,9.5,96.18,1013,0
2024,1,17,8,30,10,9.5,96.82000000000001,1013,0
2024,1,17,9,0,10,9.700000000000001,97.68,1013,0
2024,1,17,9,30,9.700000000000001,9.700000000000001,99.76,1014,0
2024,1,17,10,0,9.4,9.3,99.56,1014,0
2024,1,17,10,30,9.1,9.1,100,1014,0
2024,1,17,11,0,8.8,8.8,100,1014,0
2024,1,17,11,30,8.5,8.5,100,1014,0
2024,1,17,12,0,8.3,8.3,100,1014,0
2024,1,17,12,30,8.1,8.1,100,1014,0
2024,1,17,13,0,7.9,7.800000000000001,99.62,1014,0
2024,1,17,13,30,7.5,7.5,100,1015,0
2024,1,17,14,0,7.2,7.1000000000000005,99.5,1015,0
2024,1,17,14,30,7,7,100,1015,0
2024,1,17,15,0,6.9,6.800000000000001,99.34,1016,0
2024,1,17,15,30,8.200000000000001,6.800000000000001,90.92,1016,0
2024,1,17,16,0,9.4,8.6,94.87,1016,0
2024,1,17,16,30,10.100000000000001,8.6,90.62,1017,0
2024,1,17,17,0,10.700000000000001,9.4,91.75,1017,0
2024,1,17,17,30,11.4,9.4,87.68,1018,0
2024,1,17,18,0,12.100000000000001,9.9,86.21000000000001,1018,0
2024,1,17,18,30,13,9.9,81.28,1018,0
2024,1,17,19,0,14,10.3,78.15,1018,0
2024,1,17,19,30,14.8,10.3,74.23,1018,0
2024,1,17,20,0,15.600000000000001,10.100000000000001,69.84,1018,0
2024,1,17,20,30,15.9,10.100000000000001,68.52,1018,0
2024,1,17,21,0,16.2,10,66.59,1018,0
2024,1,17,21,30,16.3,10,66.17,1018,0
2024,1,17,22,0,16.400000000000002,10,66.05,1018,0
2024,1,17,22,30,16.2,10,66.83,1017,0
2024,1,17,23,0,16,10.600000000000001,70.33,1017,0
2024,1,17,23,30,14.9,10.600000000000001,75.45,1017,0
2024,1,18,0,0,13.8,10.600000000000001,80.96000000000001,1016,0
2024,1,18,0,30,13,10.600000000000001,85.28,1016,0
2024,1,18,1,0,12.200000000000001,9.4,83.11,1016,0
2024,1,18,1,30,11.700000000000001,9.4,85.97,1017,0
2024,1,18,2,0,11.200000000000001,9.600000000000001,89.72,1017,0
2024,1,18,2,30,10.700000000000001,9.600000000000001,92.74,1017,0
2024,1,18,3,0,10.200000000000001,9.700000000000001,96.66,1017,0
2024,1,18,3,30,10,9.700000000000001,98.05,1018,0
2024,1,18,4,0,9.8,9.8,99.79,1018,0
2024,1,18,4,30,9.600000000000001,9.600000000000001,100,1018,0
2024,1,18,5,0,9.4,9.4,100,1018,0
2024,1,18,5,30,9.3,9.3,100,1018,0
2024,1,18,6,0,9.3,9.3,100,1018,0
2024,1,18,6,30,9.200000000000001,9.200000000000001,100,1018,0
2024,1,18,7,0,9.1,9.1,100,1018,0
2024,1,18,7,30,8.9,8.9,100,1018,0
2024,1,18,8,0,8.8,8.8,100,1018,0
2024,1,18,8,30,8.700000000000001,8.700000000000001,100,1018,0
2024,1,18,9,0,8.6,8.6,100,1018,0
2024,1,18,9,30,8.4,8.4,100,1018,0
2024,1,18,10,0,8.1,8.1,100,1018,0
2024,1,18,10,30,7.6000000000000005,7.6000000000000005,100,1018,0
2024,1,18,11,0,7.1000000000000005,7.1000000000000005,100,1018,0
2024,1,18,11,30,6.800000000000001,6.800000000000001,100,1018,0
2024,1,18,12,0,6.5,6.5,100,1018,0
2024,1,18,12,30,6.6000000000000005,6.6000000000000005,100,1018,0
2024,1,18,13,0,6.7,6.7,100,1018,0
2024,1,18,13,30,6.800000000000001,6.800000000000001,100,1018,0
2024,1,18,14,0,6.9,6.5,97.44,1018,0
2024,1,18,14,30,7.1000000000000005,6.5,96.12,1018,0
2024,1,18,15,0,7.2,6.4,94.43,1018,0
2024,1,18,15,30,7.9,6.4,90.04,1018,0
2024,1,18,16,0,8.6,6.9,89.13,1018,0
2024,1,18,16,30,9.1,6.9,86.18,1018,0
2024,1,18,17,0,9.700000000000001,7.5,86.36,1018,0
2024,1,18,17,30,10.3,7.5,82.97,1018,0
2024,1,18,18,0,11,7.9,81.16,1018,0
2024,1,18,18,30,11.5,7.9,78.52,1018,0
2024,1,18,19,0,12.100000000000001,8.4,77.93,1018,0
2024,1,18,19,30,12.4,8.4,76.33,1017,0
2024,1,18,20,0,12.700000000000001,8.6,76.10000000000001,1017,0
2024,1,18,20,30,13,8.6,74.55,1016,0
2024,1,18,21,0,13.200000000000001,8.5,73.17,1016,0
2024,1,18,21,30,13.100000000000001,8.5,73.64,1016,0
2024,1,18,22,0,13,9,76.82000000000001,1016,0
2024,1,18,22,30,12.700000000000001,9,78.34,1016,0
2024,1,18,23,0,12.3,9.9,85.26,1016,0
2024,1,18,23,30,11.700000000000001,9.9,88.77,1017,0
2024,1,19,0,0,11.100000000000001,8.700000000000001,84.99,1017,0
2024,1,19,0,30,10.5,8.700000000000001,88.44,1017,0
2024,1,19,1,0,9.9,7.9,87.2,1017,0
2024,1,19,1,30,9.600000000000001,7.9,88.97,1017,0
2024,1,19,2,0,9.3,7.7,89.7,1017,0
2024,1,19,2,30,9.1,7.7,90.91,1017,0
2024,1,19,3,0,8.9,7.4,90.49,1017,0
2024,1,19,3,30,8.9,7.4,90.49,1017,0
2024,1,19,4,0,8.8,7.2,89.51,1017,0
2024,1,19,4,30,8.9,7.2,88.91,1017,0
2024,1,19,5,0,9,7,87.32000000000001,1017,0
2024,1,19,5,30,9.200000000000001,7,86.15,1017,0
2024,1,19,6,0,9.4,7,84.73,1017,0
2024,1,19,6,30,9.3,6.9,85.22,1016,0
2024,1,19,7,0,9.3,7,85.46000000000001,1016,0
2024,1,19,7,30,9.1,7,86.61,1016,0
2024,1,19,8,0,8.9,7.1000000000000005,88.27,1016,0
2024,1,19,8,30,8.6,7.1000000000000005,89.99,1015,0
2024,1,19,9,0,8.3,7.1000000000000005,92.11,1015,0
2024,1,19,9,30,8.1,7.1000000000000005,93.37,1015,0
2024,1,19,10,0,7.9,7.1000000000000005,94.46000000000001,1015,0
2024,1,19,10,30,7.7,7.1000000000000005,95.75,1015,0
2024,1,19,11,0,7.6000000000000005,7,95.82000000000001,1014,0
2024,1,19,11,30,7.5,7,96.48,1014,0
2024,1,19,12,0,7.4,6.9,96.55,1014,0
2024,1,19,12,30,7.300000000000001,6.9,97.12,1013,0
2024,1,19,13,0,7.300000000000001,6.800000000000001,96.31,1013,0
2024,1,19,13,30,7.300000000000001,6.800000000000001,96.31,1013,0
2024,1,19,14,0,7.300000000000001,6.6000000000000005,95.43,1013,0
2024,1,19,14,30,7.300000000000001,6.6000000000000005,95.43,1013,0
2024,1,19,15,0,7.4,6.6000000000000005,94.65,1013,0
2024,1,19,15,30,8.3,6.6000000000000005,89.04,1013,0
2024,1,19,16,0,9.1,7.300000000000001,88.59,1013,0
2024,1,19,16,30,9.9,7.300000000000001,83.96000000000001,1013,0
2024,1,19,17,0,10.600000000000001,8,84.07000000000001,1014,0
2024,1,19,17,30,11.5,8,79.21000000000001,1014,0
2024,1,19,18,0,12.4,8.6,77.56,1014,0
2024,1,19,18,30,13.100000000000001,8.6,74.02,1013,0
2024,1,19,19,0,13.8,9.4,74.86,1013,0
2024,1,19,19,30,14.100000000000001,9.4,73.35000000000001,1012,0
2024,1,19,20,0,14.4,9.9,74.17,1012,0
2024,1,19,20,30,14.5,9.8,73.62,1011,0
2024,1,19,21,0,14.700000000000001,10.3,74.75,1011,0
2024,1,19,21,30,14.700000000000001,10.3,74.68,1010,0
2024,1,19,22,0,14.8,11,77.78,1010,0
2024,1,19,22,30,14.4,10.9,79.73,1009,0
2024,1,19,23,0,14,11.8,86.47,1009,0
2024,1,19,23,30,13.4,11.8,89.9,1009,0
2024,1,20,0,0,12.700000000000001,11,89.36,1009,0
2024,1,20,0,30,12.3,11,91.73,1009,0
2024,1,20,1,0,11.9,10.4,90.27,1009,0
2024,1,20,1,30,11.8,10.4,90.86,1009,0
2024,1,20,2,0,11.700000000000001,10.4,91.47,1009,0
2024,1,20,2,30,11.9,10.4,90.27,1009,0
2024,1,20,3,0,12,10.700000000000001,91.60000000000001,1009,0
2024,1,20,3,30,12.100000000000001,10.700000000000001,91,1009,0
2024,1,20,4,0,12.200000000000001,11.100000000000001,92.78,1009,0
2024,1,20,4,30,12.200000000000001,11.100000000000001,92.69,1008,0
2024,1,20,5,0,12.3,11.4,94.01,1008,0
2024,1,20,5,30,12.4,11.4,93.4,1008,0
2024,1,20,6,0,12.5,11.600000000000001,94.5,1008,0
2024,1,20,6,30,12.5,11.600000000000001,94.5,1008,0
2024,1,20,7,0,12.4,11.600000000000001,94.82000000000001,1008,0
2024,1,20,7,30,12.3,11.600000000000001,95.44,1008,0
2024,1,20,8,0,12.3,11.5,94.96000000000001,1008,0
2024,1,20,8,30,12.200000000000001,11.5,95.49,1007,0
2024,1,20,9,0,12.100000000000001,11.4,95.23,1007,0
2024,1,20,9,30,12.200000000000001,11.4,94.61,1007,0
2024,1,20,10,0,12.200000000000001,11.5,95.45,1007,0
2024,1,20,10,30,12.200000000000001,11.5,95.45,1007,0
2024,1,20,11,0,12.200000000000001,11.4,95.17,1007,0
2024,1,20,11,30,11.9,11.4,97.07000000000001,1007,0
2024,1,20,12,0,11.600000000000001,11,96.38,1007,0
2024,1,20,12,30,11.200000000000001,11,98.95,1007,0
2024,1,20,13,0,10.8,10.5,97.94,1007,0
2024,1,20,13,30,10.700000000000001,10.5,98.59,1007,0
2024,1,20,14,0,10.600000000000001,10.3,97.84,1007,0
2024,1,20,14,30,10.700000000000001,10.3,97.29,1008,0
2024,1,20,15,0,10.8,10.5,97.86,1008,0
2024,1,20,15,30,11.600000000000001,10.5,92.82000000000001,1008,0
2024,1,20,16,0,12.4,11.700000000000001,95.26,1008,0
2024,1,20,16,30,12.8,11.700000000000001,92.8,1008,0
2024,1,20,17,0,13.3,12.4,94.38,1009,0
2024,1,20,17,30,13.700000000000001,12.4,91.96000000000001,1009,0
2024,1,20,18,0,14.100000000000001,12.9,92.77,1009,0
2024,1,20,18,30,14.5,12.9,90.4,1009,0
2024,1,20,19,0,14.8,12.5,86.39,1009,0
2024,1,20,19,30,14.8,12.5,86.31,1008,0
2024,1,20,20,0,14.8,12,83.2,1008,0
2024,1,20,20,30,14.600000000000001,12,84.27,1008,0
2024,1,20,21,0,14.4,11.700000000000001,84.09,1007,0
2024,1,20,21,30,14.200000000000001,11.700000000000001,85.19,1007,0
2024,1,20,22,0,14,11.8,86.55,1007,0
2024,1,20,22,30,13.9,11.8,87.12,1007,0
2024,1,20,23,0,13.700000000000001,11.9,88.91,1007,0
2024,1,20,23,30,13.200000000000001,11.9,91.85000000000001,1007,0
2024,1,21,0,0,12.600000000000001,11.5,93.23,1007,0
2024,1,21,0,30,12.100000000000001,11.5,96.33,1007,0
2024,1,21,1,0,11.700000000000001,11,95.63,1007,0
2024,1,21,1,30,11.600000000000001,11,96.26,1007,0
2024,1,21,2,0,11.600000000000001,11,95.92,1007,0
2024,1,21,2,30,11.600000000000001,11,95.92,1007,0
2024,1,21,3,0,11.600000000000001,10.8,95.09,1007,0
2024,1,21,3,30,11.4,10.8,96.35000000000001,1007,0
2024,1,21,4,0,11.200000000000001,10.600000000000001,96.31,1008,0
2024,1,21,4,30,11,10.600000000000001,97.59,1008,0
2024,1,21,5,0,10.8,10.3,97,1008,0
2024,1,21,5,30,10.9,10.3,96.36,1008,0
2024,1,21,6,0,10.9,10.4,96.65,1008,0
2024,1,21,6,30,11,10.4,96.01,1008,0
2024,1,21,7,0,11.100000000000001,10.5,95.89,1008,0
2024,1,21,7,30,11.200000000000001,10.5,95.25,1008,0
2024,1,21,8,0,11.200000000000001,10.600000000000001,95.91,1008,0
2024,1,21,8,30,11.200000000000001,10.600000000000001,95.91,1008,0
2024,1,21,9,0,11.100000000000001,10.5,96.14,1008,0
2024,1,21,9,30,11.100000000000001,10.5,96.14,1008,0
2024,1,21,10,0,11.100000000000001,10.5,96.11,1008,0
2024,1,21,10,30,11.100000000000001,10.5,96.02,1007,0
2024,1,21,11,0,11,10.4,96.21000000000001,1007,0
2024,1,21,11,30,11,10.4,96.21000000000001,1007,0
2024,1,21,12,0,11,10.4,96.01,1007,0
2024,1,21,12,30,11.100000000000001,10.4,95.37,1007,0
2024,1,21,13,0,11.100000000000001,10.4,95.48,1008,0
2024,1,21,13,30,11.100000000000001,10.4,95.48,1008,0
2024,1,21,14,0,11.100000000000001,10.3,95.11,1008,0
2024,1,21,14,30,11.100000000000001,10.3,95.11,1008,0
2024,1,21,15,0,11,10.3,95.57000000000001,1009,0
2024,1,21,15,30,11.4,10.3,93.07000000000001,1009,0
2024,1,21,16,0,11.700000000000001,10.8,94.33,1009,0
2024,1,21,16,30,12.200000000000001,10.8,91.28,1009,0
2024,1,21,17,0,12.600000000000001,11.5,93.07000000000001,1010,0
2024,1,21,17,30,13.200000000000001,11.5,89.41,1009,0
2024,1,21,18,0,13.700000000000001,11.8,88.57000000000001,1009,0
2024,1,21,18,30,14.3,11.8,85.2,1009,0
2024,1,21,19,0,14.9,12,82.91,1008,0
2024,1,21,19,30,15.5,12,79.79,1008,0
2024,1,21,20,0,16.1,12.100000000000001,77.01,1007,0
2024,1,21,20,30,16.5,12.100000000000001,75.08,1007,0
2024,1,21,21,0,16.8,12,73.54,1007,0
2024,1,21,21,30,16.7,12,74.01,1007,0
2024,1,21,22,0,16.5,12.3,76.47,1007,0
2024,1,21,22,30,16.2,12.3,77.94,1007,0
2024,1,21,23,0,16,12.8,81.21000000000001,1006,0
2024,1,21,23,30,15.5,12.8,83.84,1006,0
2024,1,22,0,0,15.100000000000001,12.4,83.77,1006,0
2024,1,22,0,30,14.700000000000001,12.4,85.95,1006,0
2024,1,22,1,0,14.4,11.9,84.93,1006,0
2024,1,22,1,30,14.3,11.9,85.48,1006,0
2024,1,22,2,0,14.100000000000001,11.9,86.9,1006,0
2024,1,22,2,30,13.9,11.9,88.03,1006,0
2024,1,22,3,0,13.700000000000001,12.100000000000001,90,1006,0
2024,1,22,3,30,13.600000000000001,12.100000000000001,90.5,1005,0
2024,1,22,4,0,13.4,12.200000000000001,92.34,1005,0
2024,1,22,4,30,13.3,12.200000000000001,92.94,1005,0
2024,1,22,5,0,13.200000000000001,12.100000000000001,92.77,1004,0
2024,1,22,5,30,13.200000000000001,12.100000000000001,92.77,1004,0
2024,1,22,6,0,13.100000000000001,12,92.91,1004,0
2024,1,22,6,30,13.200000000000001,12,92.3,1004,0
2024,1,22,7,0,13.3,12.100000000000001,92.69,1004,0
2024,1,22,7,30,13.3,12.100000000000001,92.69,1004,0
2024,1,22,8,0,13.3,12.3,93.83,1004,0
2024,1,22,8,30,13.200000000000001,12.3,94.44,1004,0
2024,1,22,9,0,13.200000000000001,12.4,94.86,1004,0
2024,1,22,9,30,13.100000000000001,12.4,95.48,1004,0
2024,1,22,10,0,13.100000000000001,12.4,95.38,1004,0
2024,1,22,10,30,13,12.4,96.01,1004,0
2024,1,22,11,0,12.9,12.3,96.11,1004,0
2024,1,22,11,30,12.8,12.3,96.74000000000001,1004,0
2024,1,22,12,0,12.700000000000001,12.100000000000001,96.25,1004,0
2024,1,22,12,30,12.600000000000001,12.100000000000001,96.88,1004,0
2024,1,22,13,0,12.4,11.9,96.76,1004,0
2024,1,22,13,30,12.3,11.9,97.39,1004,0
2024,1,22,14,0,12.200000000000001,11.700000000000001,96.51,1004,0
2024,1,22,14,30,12.100000000000001,11.700000000000001,97.24000000000001,1005,0
2024,1,22,15,0,12.100000000000001,11.5,95.98,1005,0
2024,1,22,15,30,12.3,11.5,94.73,1005,0
2024,1,22,16,0,12.4,11.700000000000001,95.44,1006,0
2024,1,22,16,30,12.8,11.700000000000001,92.97,1006,0
2024,1,22,17,0,13.100000000000001,12,93.2,1006,0
2024,1,22,17,30,13.600000000000001,12,90.22,1006,0
2024,1,22,18,0,14.100000000000001,12.5,89.83,1006,0
2024,1,22,18,30,14.600000000000001,12.5,86.98,1006,0
2024,1,22,19,0,15.200000000000001,12.700000000000001,85.08,1006,0
2024,1,22,19,30,15.600000000000001,12.700000000000001,82.93,1006,0
2024,1,22,20,0,16,12.9,81.64,1006,0
2024,1,22,20,30,16.3,12.9,80.10000000000001,1006,0
2024,1,22,21,0,16.6,12.9,78.75,1006,0
2024,1,22,21,30,16.5,12.9,79.25,1006,0
2024,1,22,22,0,16.5,13.100000000000001,80.55,1006,0
2024,1,22,22,30,16,13.100000000000001,83.15,1006,0
2024,1,22,23,0,15.5,13.9,90.10000000000001,1006,0
2024,1,22,23,30,14.9,13.9,93.72,1007,0
2024,1,23,0,0,14.3,13.200000000000001,93.38,1007,0
2024,1,23,0,30,13.8,13.200000000000001,96.44,1007,0
2024,1,23,1,0,13.4,12.5,94.5,1008,0
2024,1,23,1,30,13.100000000000001,12.5,96.36,1008,0
2024,1,23,2,0,12.8,12.200000000000001,96.43,1009,0
2024,1,23,2,30,12.4,12.200000000000001,98.98,1009,0
2024,1,23,3,0,12.100000000000001,11.8,98.22,1009,0
2024,1,23,3,30,11.700000000000001,11.700000000000001,100,1010,0
2024,1,23,4,0,11.4,11.3,99.55,1010,0
2024,1,23,4,30,11.100000000000001,11.100000000000001,100,1010,0
2024,1,23,5,0,10.8,10.8,100,1011,0
2024,1,23,5,30,10.600000000000001,10.600000000000001,100,1011,0
2024,1,23,6,0,10.4,10.4,99.87,1011,0
2024,1,23,6,30,10.100000000000001,10.100000000000001,100,1011,0
2024,1,23,7,0,9.9,9.9,100,1011,0
2024,1,23,7,30,9.700000000000001,9.700000000000001,100,1012,0
2024,1,23,8,0,9.5,9.5,100,1012,0
2024,1,23,8,30,9.3,9.3,100,1012,0
2024,1,23,9,0,9.1,9.1,100,1012,0
2024,1,23,9,30,9,9,100,1012,0
2024,1,23,10,0,8.8,8.700000000000001,99.54,1013,0
2024,1,23,10,30,8.700000000000001,8.700000000000001,100,1012,0
2024,1,23,11,0,8.5,8.4,99.17,1012,0
2024,1,23,11,30,8.4,8.4,99.85000000000001,1012,0
2024,1,23,12,0,8.3,8.1,98.82000000000001,1012,0
2024,1,23,12,30,8.200000000000001,8.1,99.49000000000001,1012,0
2024,1,23,13,0,8,7.800000000000001,98.91,1013,0
2024,1,23,13,30,7.9,7.800000000000001,99.58,1013,0
2024,1,23,14,0,7.800000000000001,7.6000000000000005,98.60000000000001,1013,0
2024,1,23,14,30,7.9,7.6000000000000005,98.03,1014,0
2024,1,23,15,0,8.1,7.9,98.4,1014,0
2024,1,23,15,30,9.4,7.9,90.23,1015,0
2024,1,23,16,0,10.700000000000001,9.9,94.83,1015,0
2024,1,23,16,30,11.8,9.9,88.18,1015,0
2024,1,23,17,0,12.9,11.3,90.11,1015,0
2024,1,23,17,30,13.8,11.3,85.08,1016,0
2024,1,23,18,0,14.8,12,83.48,1016,0
2024,1,23,18,30,15.200000000000001,12,81.37,1016,0
2024,1,23,19,0,15.600000000000001,12,79,1016,0
2024,1,23,19,30,16,12,77.01,1016,0
2024,1,23,20,0,16.3,11.9,75.07000000000001,1016,0
2024,1,23,20,30,16.6,11.9,73.66,1016,0
2024,1,23,21,0,16.8,11.700000000000001,71.84,1016,0
2024,1,23,21,30,16.900000000000002,11.700000000000001,71.38,1016,0
2024,1,23,22,0,17,11.5,70.28,1015,0
2024,1,23,22,30,16.8,11.5,71.17,1015,0
2024,1,23,23,0,16.7,11.600000000000001,71.68,1015,0
2024,1,23,23,30,16,11.600000000000001,75.01,1016,0
2024,1,24,0,0,15.4,11.600000000000001,78.02,1016,0
2024,1,24,0,30,14.3,11.600000000000001,83.73,1016,0
2024,1,24,1,0,13.3,10.8,84.84,1016,0
2024,1,24,1,30,12.600000000000001,10.8,88.8,1016,0
2024,1,24,2,0,12,11,93.48,1017,0
2024,1,24,2,30,11.600000000000001,11,95.88,1016,0
2024,1,24,3,0,11.200000000000001,10.9,97.99000000000001,1016,0
2024,1,24,3,30,10.9,10.9,99.96000000000001,1016,0
2024,1,24,4,0,10.600000000000001,10.600000000000001,100,1017,0
2024,1,24,4,30,10.5,10.5,100,1017,0
2024,1,24,5,0,10.4,10.4,100,1017,0
2024,1,24,5,30,10.3,10.3,100,1018,0
2024,1,24,6,0,10.100000000000001,10.100000000000001,99.73,1018,0
2024,1,24,6,30,10.100000000000001,10.100000000000001,99.83,1019,0
2024,1,24,7,0,10,9.9,99.09,1019,0
2024,1,24,7,30,9.8,9.8,100,1018,0
2024,1,24,8,0,9.5,9.4,99.5,1017,0
2024,1,24,8,30,9.4,9.4,100,1017,0
2024,1,24,9,0,9.200000000000001,9.200000000000001,100,1017,0
2024,1,24,9,30,9.4,9.3,99.03,1017,0
2024,1,24,10,0,9.5,9.4,99.12,1017,0
2024,1,24,10,30,9.700000000000001,9.4,97.8,1017,0
2024,1,24,11,0,10,9.600000000000001,97.13,1016,0
2024,1,24,11,30,10,9.600000000000001,97.13,1016,0
2024,1,24,12,0,10,9.5,96.44,1016,0
2024,1,24,12,30,9.8,9.5,97.74000000000001,1016,0
2024,1,24,13,0,9.5,9.1,97.22,1017,0
2024,1,24,13,30,9.3,9.1,98.53,1017,0
2024,1,24,14,0,9.1,8.700000000000001,97.14,1018,0
2024,1,24,14,30,9.5,8.700000000000001,94.57000000000001,1018,0
2024,1,24,15,0,9.9,9.200000000000001,95.66,1018,0
2024,1,24,15,30,10.3,9.200000000000001,93.14,1018,0
2024,1,24,16,0,10.700000000000001,9.8,93.94,1018,0
2024,1,24,16,30,11,9.8,92.09,1018,0
2024,1,24,17,0,11.3,10.200000000000001,93.08,1018,0
2024,1,24,17,30,11.600000000000001,10.200000000000001,91.25,1018,0
2024,1,24,18,0,12,10.700000000000001,91.76,1018,0
2024,1,24,18,30,12.200000000000001,10.700000000000001,90.56,1018,0
2024,1,24,19,0,12.4,10.8,90.15,1018,0
2024,1,24,19,30,12.600000000000001,10.8,88.89,1017,0
2024,1,24,20,0,12.9,11.100000000000001,88.64,1017,0
2024,1,24,20,30,13.100000000000001,11.100000000000001,87.49,1017,0
2024,1,24,21,0,13.200000000000001,11.3,87.98,1017,0
2024,1,24,21,30,13.3,11.3,87.41,1017,0
2024,1,24,22,0,13.4,11.5,88.03,1017,0
2024,1,24,22,30,13.4,11.4,87.95,1016,0
2024,1,24,23,0,13.4,11.700000000000001,89.37,1016,0
2024,1,24,23,30,13.100000000000001,11.700000000000001,91.13,1016,0
2024,1,25,0,0,12.9,11.700000000000001,92.59,1016,0
2024,1,25,0,30,12.5,11.700000000000001,95.04,1016,0
2024,1,25,1,0,12.200000000000001,11.5,95.31,1016,0
2024,1,25,1,30,12.200000000000001,11.5,95.31,1016,0
2024,1,25,2,0,12.100000000000001,11.600000000000001,96.54,1017,0
2024,1,25,2,30,12.100000000000001,11.600000000000001,96.54,1017,0
2024,1,25,3,0,12.100000000000001,11.700000000000001,97.18,1017,0
2024,1,25,3,30,11.9,11.700000000000001,98.46000000000001,1017,0
2024,1,25,4,0,11.700000000000001,11.5,98.78,1017,0
2024,1,25,4,30,11.4,11.4,100,1017,0
2024,1,25,5,0,11,11,100,1017,0
2024,1,25,5,30,10.600000000000001,10.600000000000001,100,1017,0
2024,1,25,6,0,10.100000000000001,10.100000000000001,100,1018,0
2024,1,25,6,30,9.8,9.8,100,1018,0
2024,1,25,7,0,9.5,9.5,100,1018,0
2024,1,25,7,30,9.1,9.1,100,1018,0
2024,1,25,8,0,8.8,8.8,100,1018,0
2024,1,25,8,30,8.4,8.4,100,1018,0
2024,1,25,9,0,8,8,100,1018,0
2024,1,25,9,30,7.6000000000000005,7.6000000000000005,100,1018,0
2024,1,25,10,0,7.300000000000001,7.300000000000001,100,1019,0
2024,1,25,10,30,7,7,100,1019,0
2024,1,25,11,0,6.7,6.7,100,1019,0
2024,1,25,11,30,6.5,6.5,100,1019,0
2024,1,25,12,0,6.300000000000001,6.300000000000001,100,1019,0
2024,1,25,12,30,6.1000000000000005,6.1000000000000005,100,1020,0
2024,1,25,13,0,5.9,5.800000000000001,99.15,1020,0
2024,1,25,13,30,5.800000000000001,5.800000000000001,99.84,1020,0
2024,1,25,14,0,5.6000000000000005,5.2,97.48,1021,0
2024,1,25,14,30,5.800000000000001,5.2,96.14,1021,0
2024,1,25,15,0,6.1000000000000005,5.5,95.77,1021,0
2024,1,25,15,30,7.6000000000000005,5.5,86.42,1021,0
2024,1,25,16,0,9.1,7.9,91.91,1022,0
2024,1,25,16,30,10,7.9,86.53,1022,0
2024,1,25,17,0,11,8.9,87.06,1022,0
2024,1,25,17,30,12.100000000000001,8.9,80.97,1022,0
2024,1,25,18,0,13.100000000000001,9.3,77.87,1023,0
2024,1,25,18,30,14,9.3,73.46000000000001,1023,0
2024,1,25,19,0,14.8,9.1,68.59,1023,0
2024,1,25,19,30,15.4,9.1,65.94,1022,0
2024,1,25,20,0,15.9,8.700000000000001,62.29,1022,0
2024,1,25,20,30,16.1,8.700000000000001,61.5,1022,0
2024,1,25,21,0,16.400000000000002,8.5,59.65,1021,0
2024,1,25,21,30,16.400000000000002,8.5,59.65,1021,0
2024,1,25,22,0,16.400000000000002,8.4,59.22,1021,0
2024,1,25,22,30,16.2,8.4,59.980000000000004,1021,0
2024,1,25,23,0,15.9,8.9,63.15,1021,0
2024,1,25,23,30,15,8.9,66.96000000000001,1022,0
2024,1,26,0,0,14.100000000000001,9.700000000000001,74.96000000000001,1022,0
2024,1,26,0,30,13.100000000000001,9.700000000000001,79.98,1022,0
2024,1,26,1,0,12.100000000000001,7.7,74.62,1022,0
2024,1,26,1,30,11.5,7.7,77.7,1023,0
2024,1,26,2,0,10.9,8,82.12,1023,0
2024,1,26,2,30,10.700000000000001,8,83.21000000000001,1023,0
2024,1,26,3,0,10.5,8.3,86.42,1023,0
2024,1,26,3,30,10.5,8.3,86.42,1023,0
2024,1,26,4,0,10.5,8.6,87.87,1023,0
2024,1,26,4,30,10.3,8.6,89.04,1023,0
2024,1,26,5,0,10.200000000000001,8.700000000000001,90.29,1023,0
2024,1,26,5,30,10.200000000000001,8.700000000000001,90.29,1023,0
2024,1,26,6,0,10.100000000000001,8.700000000000001,90.95,1023,0
2024,1,26,6,30,9.9,8.700000000000001,92.17,1023,0
2024,1,26,7,0,9.8,8.6,92.4,1023,0
2024,1,26,7,30,9.700000000000001,8.6,93.02,1023,0
2024,1,26,8,0,9.5,8.6,93.94,1023,0
2024,1,26,8,30,9.5,8.6,93.94,1023,0
2024,1,26,9,0,9.600000000000001,8.6,93.31,1023,0
2024,1,26,9,30,9.700000000000001,8.6,92.68,1023,0
2024,1,26,10,0,9.700000000000001,8.5,92.13,1023,0
2024,1,26,10,30,9.8,8.5,91.52,1023,0
2024,1,26,11,0,9.8,8.3,90.55,1023,0
2024,1,26,11,30,9.700000000000001,8.3,91.16,1023,0
2024,1,26,12,0,9.700000000000001,8.1,89.83,1023,0
2024,1,26,12,30,9.700000000000001,8.1,89.83,1023,0
2024,1,26,13,0,9.600000000000001,7.9,89.05,1023,0
2024,1,26,13,30,9.600000000000001,7.9,89.05,1023,0
2024,1,26,14,0,9.600000000000001,7.7,87.88,1024,0
2024,1,26,14,30,9.600000000000001,7.7,87.88,1024,0
2024,1,26,15,0,9.600000000000001,7.800000000000001,88.29,1024,0
2024,1,26,15,30,10.200000000000001,7.800000000000001,84.82000000000001,1024,0
2024,1,26,16,0,10.700000000000001,8.6,86.97,1025,0
2024,1,26,16,30,11.100000000000001,8.6,84.69,1025,0
2024,1,26,17,0,11.5,8.8,83.69,1025,0
2024,1,26,17,30,12.100000000000001,8.9,80.53,1026,0
2024,1,26,18,0,12.8,9.5,80.31,1026,0
2024,1,26,18,30,14.200000000000001,9.5,73.34,1026,0
2024,1,26,19,0,15.600000000000001,9.1,65.08,1026,0
2024,1,26,19,30,16.3,9,62.18,1025,0
2024,1,26,20,0,17,8.5,57.31,1025,0
2024,1,26,20,30,17,8.5,57.31,1025,0
2024,1,26,21,0,16.900000000000002,8.700000000000001,58.52,1025,0
2024,1,26,21,30,16.7,8.700000000000001,59.26,1025,0
2024,1,26,22,0,16.400000000000002,9,61.690000000000005,1025,0
2024,1,26,22,30,16.1,9,62.88,1025,0
2024,1,26,23,0,15.9,9.9,67.43,1025,0
2024,1,26,23,30,15.200000000000001,9.9,70.51,1025,0
2024,1,27,0,0,14.5,10,74.38,1025,0
2024,1,27,0,30,13.9,10,77.31,1025,0
2024,1,27,1,0,13.3,8.700000000000001,73.66,1025,0
2024,1,27,1,30,13,8.700000000000001,75.19,1026,0
2024,1,27,2,0,12.600000000000001,8.700000000000001,77.34,1026,0
2024,1,27,2,30,12.200000000000001,8.700000000000001,79.39,1026,0
2024,1,27,3,0,11.9,8.9,81.77,1026,0
2024,1,27,3,30,11.600000000000001,8.9,83.4,1026,0
2024,1,27,4,0,11.4,8.8,84.21000000000001,1026,0
2024,1,27,4,30,11.200000000000001,8.8,85.33,1026,0
2024,1,27,5,0,11.100000000000001,8.700000000000001,85.18,1026,0
2024,1,27,5,30,11,8.700000000000001,85.75,1026,0
2024,1,27,6,0,10.8,8.6,86.01,1026,0
2024,1,27,6,30,10.700000000000001,8.6,86.58,1026,0
2024,1,27,7,0,10.600000000000001,8.4,86.35000000000001,1025,0
2024,1,27,7,30,10.5,8.4,86.92,1025,0
2024,1,27,8,0,10.4,8.4,87.14,1025,0
2024,1,27,8,30,10.200000000000001,8.4,88.31,1025,0
2024,1,27,9,0,10,8.3,89.10000000000001,1025,0
2024,1,27,9,30,9.8,8.3,90.3,1025,0
2024,1,27,10,0,9.600000000000001,8.3,91.54,1025,0
2024,1,27,10,30,9.600000000000001,8.3,91.54,1025,0
2024,1,27,11,0,9.5,8.3,92.48,1025,0
2024,1,27,11,30,9.5,8.3,92.48,1025,0
2024,1,27,12,0,9.600000000000001,8.5,92.71000000000001,1025,0
2024,1,27,12,30,9.5,8.5,93.33,1025,0
2024,1,27,13,0,9.5,8.700000000000001,94.45,1025,0
2024,1,27,13,30,9.4,8.700000000000001,95.09,1025,0
2024,1,27,14,0,9.3,8.9,97.05,1025,0
2024,1,27,14,30,9.5,8.9,95.76,1025,0
2024,1,27,15,0,9.600000000000001,9.1,96.9,1025,0
2024,1,27,15,30,10.3,9.1,92.47,1025,0
2024,1,27,16,0,11.100000000000001,9.9,92.26,1025,0
2024,1,27,16,30,11.700000000000001,9.9,88.68,1025,0
2024,1,27,17,0,12.3,10.5,88.71000000000001,1025,0
2024,1,27,17,30,13,10.5,84.74,1025,0
2024,1,27,18,0,13.600000000000001,11.200000000000001,85.32000000000001,1025,0
2024,1,27,18,30,14.200000000000001,11.200000000000001,82.07000000000001,1025,0
2024,1,27,19,0,14.9,11.700000000000001,81.37,1025,0
2024,1,27,19,30,15,11.700000000000001,80.77,1024,0
2024,1,27,20,0,15.200000000000001,12.200000000000001,82.41,1024,0
2024,1,27,20,30,15.100000000000001,12.200000000000001,82.94,1024,0
2024,1,27,21,0,15.100000000000001,12.5,84.51,1024,0
2024,1,27,21,30,15,12.5,84.97,1023,0
2024,1,27,22,0,14.9,12.700000000000001,86.74,1023,0
2024,1,27,22,30,14.8,12.700000000000001,87.3,1023,0
2024,1,27,23,0,14.700000000000001,13,89.64,1022,0
2024,1,27,23,30,14.100000000000001,13,93.27,1023,0
2024,1,28,0,0,13.5,12.600000000000001,94.2,1023,0
2024,1,28,0,30,12.9,12.600000000000001,97.95,1023,0
2024,1,28,1,0,12.4,12.200000000000001,99.02,1023,0
2024,1,28,1,30,12.100000000000001,12.100000000000001,100,1023,0
2024,1,28,2,0,11.8,11.8,100,1023,0
2024,1,28,2,30,11.5,11.5,100,1023,0
2024,1,28,3,0,11.3,11.3,100,1023,0
2024,1,28,3,30,11.3,11.3,100,1023,0
2024,1,28,4,0,11.3,11.3,100,1023,0
2024,1,28,4,30,11.4,11.4,100,1023,0
2024,1,28,5,0,11.600000000000001,11.600000000000001,100,1023,0
2024,1,28,5,30,11.700000000000001,11.700000000000001,100,1023,0
2024,1,28,6,0,11.9,11.9,100,1023,0
2024,1,28,6,30,12,12,100,1023,0
2024,1,28,7,0,12.200000000000001,12.200000000000001,100,1023,0
2024,1,28,7,30,12.200000000000001,12.200000000000001,100,1023,0
2024,1,28,8,0,12.100000000000001,12.100000000000001,100,1022,0
2024,1,28,8,30,11.9,11.9,100,1022,0
2024,1,28,9,0,11.700000000000001,11.700000000000001,100,1021,0
2024,1,28,9,30,11.5,11.5,100,1021,0
2024,1,28,10,0,11.3,11.3,100,1021,0
2024,1,28,10,30,10.9,10.9,100,1021,0
2024,1,28,11,0,10.600000000000001,10.600000000000001,100,1021,0
2024,1,28,11,30,10.4,10.4,100,1021,0
2024,1,28,12,0,10.200000000000001,10.200000000000001,100,1021,0
2024,1,28,12,30,10.200000000000001,10.200000000000001,100,1021,0
2024,1,28,13,0,10.100000000000001,10.100000000000001,100,1021,0
2024,1,28,13,30,9.9,9.9,100,1021,0
2024,1,28,14,0,9.700000000000001,9.700000000000001,100,1021,0
2024,1,28,14,30,9.9,9.9,100,1021,0
2024,1,28,15,0,10.100000000000001,10.100000000000001,100,1021,0
2024,1,28,15,30,11.700000000000001,10.8,94.13,1021,0
2024,1,28,16,0,13.4,11.9,90.77,1021,0
2024,1,28,16,30,14.4,11.9,85.09,1021,0
2024,1,28,17,0,15.5,13.100000000000001,85.47,1021,0
2024,1,28,17,30,16.6,13.100000000000001,79.69,1021,0
2024,1,28,18,0,17.7,14.5,81.44,1021,0
2024,1,28,18,30,18.400000000000002,14.5,77.94,1021,0
2024,1,28,19,0,19.1,15.3,78.57000000000001,1021,0
2024,1,28,19,30,19.6,15.3,76.09,1020,0
2024,1,28,20,0,20.1,15.700000000000001,75.92,1020,0
2024,1,28,20,30,20.3,15.700000000000001,74.99,1020,0
2024,1,28,21,0,20.5,16,75.51,1019,0
2024,1,28,21,30,20.5,16,75.51,1019,0
2024,1,28,22,0,20.5,16.1,75.91,1019,0
2024,1,28,22,30,20.3,16.1,76.85000000000001,1019,0
2024,1,28,23,0,20,16.1,78.41,1019,0
2024,1,28,23,30,18.8,16.1,84.47,1019,0
2024,1,29,0,0,17.7,16,89.5,1019,0
2024,1,29,0,30,16.400000000000002,15.9,97.15,1019,0
2024,1,29,1,0,15,14.600000000000001,97.43,1019,0
2024,1,29,1,30,14.4,14.4,100,1019,0
2024,1,29,2,0,13.700000000000001,13.700000000000001,100,1019,0
2024,1,29,2,30,13.3,13.3,100,1019,0
2024,1,29,3,0,13,13,100,1019,0
2024,1,29,3,30,12.8,12.8,100,1019,0
2024,1,29,4,0,12.600000000000001,12.600000000000001,100,1019,0
2024,1,29,4,30,12.3,12.3,100,1019,0
2024,1,29,5,0,12.100000000000001,12.100000000000001,100,1019,0
2024,1,29,5,30,11.9,11.9,100,1019,0
2024,1,29,6,0,11.700000000000001,11.700000000000001,100,1020,0
2024,1,29,6,30,11.5,11.5,100,1020,0
2024,1,29,7,0,11.4,11.4,100,1020,0
2024,1,29,7,30,11.4,11.4,100,1020,0
2024,1,29,8,0,11.4,11.4,100,1019,0
2024,1,29,8,30,11.3,11.3,100,1019,0
2024,1,29,9,0,11.100000000000001,11.100000000000001,100,1019,0
2024,1,29,9,30,10.9,10.9,100,1019,0
2024,1,29,10,0,10.8,10.8,100,1019,0
2024,1,29,10,30,10.700000000000001,10.700000000000001,100,1019,0
2024,1,29,11,0,10.600000000000001,10.600000000000001,100,1019,0
2024,1,29,11,30,10.5,10.5,100,1019,0
2024,1,29,12,0,10.5,10.5,100,1019,0
2024,1,29,12,30,10.5,10.5,100,1019,0
2024,1,29,13,0,10.600000000000001,10.600000000000001,100,1019,0
2024,1,29,13,30,10.600000000000001,10.600000000000001,100,1019,0
2024,1,29,14,0,10.600000000000001,10.200000000000001,97.32000000000001,1019,0
2024,1,29,14,30,10.8,10.200000000000001,96.03,1019,0
2024,1,29,15,0,11,10,93.41,1019,0
2024,1,29,15,30,12.200000000000001,10,86.31,1019,0
2024,1,29,16,0,13.4,11.200000000000001,86.44,1020,0
2024,1,29,16,30,14.3,11.200000000000001,81.55,1020,0
2024,1,29,17,0,15.200000000000001,11.600000000000001,79.13,1020,0
2024,1,29,17,30,16.2,11.600000000000001,74.24,1020,0
2024,1,29,18,0,17.3,12.700000000000001,74.45,1019,0
2024,1,29,18,30,18.1,12.700000000000001,70.8,1019,0
2024,1,29,19,0,18.900000000000002,13.3,69.91,1019,0
2024,1,29,19,30,19.5,13.3,67.28,1018,0
2024,1,29,20,0,20,13.4,65.74,1018,0
2024,1,29,20,30,20.400000000000002,13.4,64.14,1018,0
2024,1,29,21,0,20.700000000000003,13.3,62.56,1017,0
2024,1,29,21,30,20.700000000000003,13.3,62.56,1017,0
2024,1,29,22,0,20.700000000000003,13.100000000000001,61.95,1017,0
2024,1,29,22,30,20.400000000000002,13.100000000000001,63.1,1017,0
2024,1,29,23,0,20.1,13.8,67.13,1017,0
2024,1,29,23,30,19.1,13.8,71.41,1017,0
2024,1,30,0,0,18,14.100000000000001,77.73,1017,0
2024,1,30,0,30,16.900000000000002,14,83.3,1017,0
2024,1,30,1,0,15.8,11.8,77.37,1018,0
2024,1,30,1,30,15.100000000000001,11.8,80.92,1018,0
2024,1,30,2,0,14.4,11.4,81.98,1018,0
2024,1,30,2,30,14.100000000000001,11.4,83.58,1018,0
2024,1,30,3,0,13.8,11.200000000000001,84.12,1018,0
2024,1,30,3,30,13.700000000000001,11.200000000000001,84.66,1018,0
2024,1,30,4,0,13.700000000000001,11,83.83,1018,0
2024,1,30,4,30,13.600000000000001,11,84.38,1018,0
2024,1,30,5,0,13.5,10.9,84.4,1018,0
2024,1,30,5,30,13.3,10.9,85.51,1018,0
2024,1,30,6,0,13.200000000000001,10.9,85.88,1018,0
2024,1,30,6,30,12.8,10.9,88.15,1018,0
2024,1,30,7,0,12.4,10.9,90.29,1018,0
2024,1,30,7,30,11.9,10.9,93.3,1018,0
2024,1,30,8,0,11.3,10.8,96.78,1018,0
2024,1,30,8,30,11,10.8,98.72,1018,0
2024,1,30,9,0,10.700000000000001,10.700000000000001,100,1017,0
2024,1,30,9,30,11,10.8,98.66,1017,0
2024,1,30,10,0,11.3,10.8,96.97,1017,0
2024,1,30,10,30,11.5,10.8,95.7,1017,0
2024,1,30,11,0,11.8,10.8,93.34,1017,0
2024,1,30,11,30,12,10.700000000000001,92.03,1016,0
2024,1,30,12,0,12.200000000000001,10.5,89.57000000000001,1016,0
2024,1,30,12,30,12,10.5,90.75,1016,0
2024,1,30,13,0,11.9,10.3,89.85000000000001,1016,0
2024,1,30,13,30,11.600000000000001,10.3,91.64,1016,0
2024,1,30,14,0,11.3,10.200000000000001,92.8,1016,0
2024,1,30,14,30,11,10.200000000000001,94.66,1016,0
2024,1,30,15,0,10.600000000000001,10.3,97.95,1016,0
2024,1,30,15,30,11.5,10.3,92.29,1016,0
2024,1,30,16,0,12.3,11.3,93.54,1017,0
2024,1,30,16,30,13.5,11.3,86.49,1017,0
2024,1,30,17,0,14.600000000000001,12.100000000000001,84.9,1017,0
2024,1,30,17,30,15.9,12.100000000000001,78.04,1016,0
2024,1,30,18,0,17.2,13,76.41,1016,0
2024,1,30,18,30,18.2,13,71.76,1016,0
2024,1,30,19,0,19.1,12.9,67.53,1015,0
2024,1,30,19,30,19.700000000000003,13,65.06,1015,0
2024,1,30,20,0,20.400000000000002,12.600000000000001,61.09,1014,0
2024,1,30,20,30,20.5,12.700000000000001,60.71,1014,0
2024,1,30,21,0,20.700000000000003,12.9,61.04,1014,0
2024,1,30,21,30,20.700000000000003,12.9,60.980000000000004,1013,0
2024,1,30,22,0,20.6,13.200000000000001,62.61,1013,0
2024,1,30,22,30,20.1,13.200000000000001,64.56,1013,0
2024,1,30,23,0,19.5,13.8,69.65,1013,0
2024,1,30,23,30,18.1,13.8,75.99,1013,0
2024,1,31,0,0,16.7,14.100000000000001,84.87,1013,0
2024,1,31,0,30,15.600000000000001,14.100000000000001,90.92,1012,0
2024,1,31,1,0,14.4,12.600000000000001,88.86,1012,0
2024,1,31,1,30,14,12.600000000000001,91.18,1012,0
2024,1,31,2,0,13.5,12.200000000000001,92.01,1012,0
2024,1,31,2,30,13.200000000000001,12.200000000000001,93.82000000000001,1012,0
2024,1,31,3,0,12.9,12,94.23,1012,0
2024,1,31,3,30,12.700000000000001,12,95.47,1012,0
2024,1,31,4,0,12.5,11.9,95.86,1012,0
2024,1,31,4,30,12.3,11.9,97.12,1012,0
2024,1,31,5,0,12.100000000000001,11.8,98.12,1012,0
2024,1,31,5,30,12,11.8,98.67,1011,0
2024,1,31,6,0,11.9,11.8,99.22,1011,0
2024,1,31,6,30,11.5,11.5,100,1011,0
2024,1,31,7,0,11.100000000000001,11.100000000000001,100,1011,0
2024,1,31,7,30,10.9,10.9,100,1010,0
2024,1,31,8,0,10.700000000000001,10.700000000000001,100,1010,0
2024,1,31,8,30,10.5,10.5,100,1010,0
2024,1,31,9,0,10.200000000000001,10.200000000000001,100,1009,0
2024,1,31,9,30,10,10,100,1009,0
2024,1,31,10,0,9.8,9.8,100,1009,0
2024,1,31,10,30,9.600000000000001,9.600000000000001,100,1009,0
2024,1,31,11,0,9.3,9.3,100,1009,0
2024,1,31,11,30,9.200000000000001,9.200000000000001,100,1009,0
2024,1,31,12,0,9,9,100,1008,0
2024,1,31,12,30,9,9,100,1008,0
2024,1,31,13,0,9.1,9.1,100,1007,0
2024,1,31,13,30,8.8,8.8,100,1007,0
2024,1,31,14,0,8.6,8.6,100,1007,0
2024,1,31,14,30,9.200000000000001,9.200000000000001,100,1008,0
2024,1,31,15,0,9.8,9.600000000000001,98.51,1008,0
2024,1,31,15,30,11.100000000000001,9.600000000000001,90.35000000000001,1008,0
2024,1,31,16,0,12.4,11,91.06,1008,0
2024,1,31,16,30,12.600000000000001,11,89.88,1008,0
2024,1,31,17,0,12.9,11.3,90.19,1008,0
2024,1,31,17,30,13.200000000000001,11.3,88.44,1008,0
2024,1,31,18,0,13.4,11.600000000000001,88.89,1008,0
2024,1,31,18,30,14.200000000000001,11.600000000000001,84.41,1008,0
2024,1,31,19,0,15,12.4,84.25,1007,0
2024,1,31,19,30,15.200000000000001,12.4,83.17,1007,0
2024,1,31,20,0,15.4,12.4,82.53,1006,0
2024,1,31,20,30,15.200000000000001,12.4,83.51,1005,0
2024,1,31,21,0,15.100000000000001,12.200000000000001,82.83,1004,0
2024,1,31,21,30,15.200000000000001,12.200000000000001,82.3,1004,0
2024,1,31,22,0,15.4,12.100000000000001,80.81,1003,0
2024,1,31,22,30,15,12.100000000000001,82.91,1003,0
2024,1,31,23,0,14.700000000000001,11.3,80.07000000000001,1003,0
2024,1,31,23,30,14.100000000000001,11.3,83.23,1003,0
2024,2,1,0,0,13.4,10.5,82.46000000000001,1003,0
2024,2,1,0,30,12.9,10.5,85.18,1003,0
2024,2,1,1,0,12.5,10.200000000000001,85.87,1003,0
2024,2,1,1,30,12.200000000000001,10.200000000000001,87.57000000000001,1003,0
2024,2,1,2,0,12,10.100000000000001,87.92,1003,0
2024,2,1,2,30,11.9,10.100000000000001,88.49,1003,0
2024,2,1,3,0,11.8,10.100000000000001,89.06,1003,0
2024,2,1,3,30,11.700000000000001,10.100000000000001,89.64,1003,0
2024,2,1,4,0,11.700000000000001,10.200000000000001,90.66,1002,0
2024,2,1,4,30,11.700000000000001,10.200000000000001,90.66,1002,0
2024,2,1,5,0,11.8,10.5,91.73,1002,0
2024,2,1,5,30,11.8,10.5,91.73,1002,0
2024,2,1,6,0,11.8,10.700000000000001,92.96000000000001,1002,0
2024,2,1,6,30,11.8,10.700000000000001,92.96000000000001,1002,0
2024,2,1,7,0,11.8,10.700000000000001,92.99,1002,0
2024,2,1,7,30,11.600000000000001,10.700000000000001,94.13,1001,0
2024,2,1,8,0,11.5,10.5,93.69,1001,0
2024,2,1,8,30,11.200000000000001,10.5,95.57000000000001,1001,0
2024,2,1,9,0,11,10.200000000000001,94.7,1001,0
2024,2,1,9,30,10.700000000000001,10.200000000000001,96.61,1001,0
2024,2,1,10,0,10.4,9.8,95.76,1002,0
2024,2,1,10,30,10,9.700000000000001,98.25,1001,0
2024,2,1,11,0,9.600000000000001,9.200000000000001,97.05,1001,0
2024,2,1,11,30,9.3,9.200000000000001,99.03,1001,0
2024,2,1,12,0,9,8.700000000000001,97.91,1001,0
2024,2,1,12,30,8.6,8.6,100,1002,0
2024,2,1,13,0,8.200000000000001,8.1,99.15,1002,0
2024,2,1,13,30,7.800000000000001,7.800000000000001,100,1002,0
2024,2,1,14,0,7.4,7.4,100,1002,0
2024,2,1,14,30,7.7,7.5,98.60000000000001,1003,0
2024,2,1,15,0,8,7.9,99.18,1003,0
2024,2,1,15,30,9.200000000000001,7.9,91.46000000000001,1003,0
2024,2,1,16,0,10.4,9.5,94.35000000000001,1004,0
2024,2,1,16,30,11.3,9.5,88.89,1004,0
2024,2,1,17,0,12.100000000000001,10.100000000000001,87.49,1004,0
2024,2,1,17,30,12.8,10.100000000000001,83.57000000000001,1004,0
2024,2,1,18,0,13.5,9.9,78.99,1005,0
2024,2,1,18,30,13.9,9.9,76.97,1005,0
2024,2,1,19,0,14.4,9.5,72.21000000000001,1004,0
2024,2,1,19,30,14.600000000000001,9.5,71.29,1004,0
2024,2,1,20,0,14.700000000000001,9,68.71000000000001,1004,0
2024,2,1,20,30,14.700000000000001,9,68.71000000000001,1004,0
2024,2,1,21,0,14.700000000000001,8.700000000000001,67.42,1004,0
2024,2,1,21,30,14.5,8.700000000000001,68.29,1004,0
2024,2,1,22,0,14.200000000000001,9,70.97,1004,0
2024,2,1,22,30,13.8,9,72.83,1004,0
2024,2,1,23,0,13.4,10,79.66,1004,0
2024,2,1,23,30,12.700000000000001,10,83.38,1004,0
2024,2,2,0,0,12.100000000000001,10.600000000000001,90.29,1004,0
2024,2,2,0,30,11.4,10.600000000000001,94.64,1005,0
2024,2,2,1,0,10.8,9.9,94.12,1005,0
2024,2,2,1,30,10.4,9.9,96.65,1005,0
2024,2,2,2,0,10.100000000000001,9.5,95.98,1006,0
2024,2,2,2,30,9.9,9.5,97.27,1006,0
2024,2,2,3,0,9.600000000000001,9.1,96.75,1006,0
2024,2,2,3,30,9.4,9.1,98.05,1006,0
2024,2,2,4,0,9.200000000000001,8.9,97.69,1006,0
2024,2,2,4,30,9.1,8.9,98.35000000000001,1006,0
2024,2,2,5,0,9,8.700000000000001,98.18,1007,0
2024,2,2,5,30,8.9,8.700000000000001,98.84,1007,0
2024,2,2,6,0,8.8,8.6,98.66,1007,0
2024,2,2,6,30,8.700000000000001,8.6,99.32000000000001,1007,0
2024,2,2,7,0,8.6,8.5,99.04,1007,0
2024,2,2,7,30,8.5,8.5,99.71000000000001,1007,0
2024,2,2,8,0,8.4,8.3,99.14,1007,0
2024,2,2,8,30,8.4,8.3,99.14,1007,0
2024,2,2,9,0,8.4,8.1,98.22,1007,0
2024,2,2,9,30,8.3,8.1,98.89,1007,0
2024,2,2,10,0,8.200000000000001,8,98.46000000000001,1007,0
2024,2,2,10,30,8.1,8,99.12,1007,0
2024,2,2,11,0,8.1,7.800000000000001,97.96000000000001,1007,0
2024,2,2,11,30,8,7.800000000000001,98.73,1008,0
2024,2,2,12,0,8,7.7,98.03,1008,0
2024,2,2,12,30,7.9,7.7,98.7,1008,0
2024,2,2,13,0,7.9,7.5,97.57000000000001,1008,0
2024,2,2,13,30,7.800000000000001,7.6000000000000005,98.33,1009,0
2024,2,2,14,0,7.800000000000001,7.4,97.35000000000001,1009,0
2024,2,2,14,30,8.1,7.4,95.48,1010,0
2024,2,2,15,0,8.4,7.800000000000001,96.33,1010,0
2024,2,2,15,30,9.200000000000001,7.9,91.27,1010,0
2024,2,2,16,0,9.9,9,94.36,1011,0
2024,2,2,16,30,10.5,9,90.66,1011,0
2024,2,2,17,0,11.100000000000001,9.3,88.48,1011,0
2024,2,2,17,30,11.5,9.3,86.17,1011,0
2024,2,2,18,0,11.9,8.700000000000001,81.04,1012,0
2024,2,2,18,30,12.200000000000001,8.8,79.46000000000001,1012,0
2024,2,2,19,0,12.4,7.9,74.23,1012,0
2024,2,2,19,30,12.700000000000001,7.9,72.79,1012,0
2024,2,2,20,0,13,7.300000000000001,68.33,1011,0
2024,2,2,20,30,13.200000000000001,7.300000000000001,67.45,1011,0
2024,2,2,21,0,13.4,6.7,63.79,1011,0
2024,2,2,21,30,13.4,6.7,63.79,1011,0
2024,2,2,22,0,13.4,6.300000000000001,62.300000000000004,1011,0
2024,2,2,22,30,13.100000000000001,6.300000000000001,63.59,1012,0
2024,2,2,23,0,12.8,6.6000000000000005,66.06,1012,0
2024,2,2,23,30,11.9,6.6000000000000005,70.07000000000001,1012,0
2024,2,3,0,0,11.100000000000001,7.300000000000001,77.39,1012,0
2024,2,3,0,30,9.700000000000001,7.300000000000001,84.95,1012,0
2024,2,3,1,0,8.4,6.5,87.89,1013,0
2024,2,3,1,30,7.9,6.5,90.92,1013,0
2024,2,3,2,0,7.5,6.1000000000000005,90.84,1013,0
2024,2,3,2,30,7.2,6.1000000000000005,92.72,1013,0
2024,2,3,3,0,6.9,5.9,93.62,1014,0
2024,2,3,3,30,6.7,5.9,94.91,1014,0
2024,2,3,4,0,6.5,5.9,95.67,1014,0
2024,2,3,4,30,6.300000000000001,5.9,96.99000000000001,1014,0
2024,2,3,5,0,6.1000000000000005,5.7,97.47,1014,0
2024,2,3,5,30,6,5.7,98.24000000000001,1015,0
2024,2,3,6,0,5.9,5.6000000000000005,98.25,1015,0
2024,2,3,6,30,5.9,5.6000000000000005,98.25,1015,0
2024,2,3,7,0,5.800000000000001,5.6000000000000005,98.53,1015,0
2024,2,3,7,30,5.800000000000001,5.6000000000000005,98.53,1015,0
2024,2,3,8,0,5.800000000000001,5.6000000000000005,98.47,1015,0
2024,2,3,8,30,5.800000000000001,5.6000000000000005,98.47,1015,0
2024,2,3,9,0,5.800000000000001,5.5,98.15,1015,0
2024,2,3,9,30,5.9,5.5,97.47,1015,0
2024,2,3,10,0,6,5.6000000000000005,97.38,1015,0
2024,2,3,10,30,6.1000000000000005,5.6000000000000005,96.71000000000001,1015,0
2024,2,3,11,0,6.1000000000000005,5.6000000000000005,96.73,1015,0
2024,2,3,11,30,6.1000000000000005,5.6000000000000005,96.73,1015,0
2024,2,3,12,0,6.1000000000000005,5.6000000000000005,96.48,1015,0
2024,2,3,12,30,6.2,5.6000000000000005,95.81,1015,0
2024,2,3,13,0,6.300000000000001,5.7,95.66,1015,0
2024,2,3,13,30,6.300000000000001,5.7,95.66,1015,0
2024,2,3,14,0,6.2,5.7,96.38,1015,0
2024,2,3,14,30,6.4,5.7,95.16,1016,0
2024,2,3,15,0,6.5,6.1000000000000005,97.28,1016,0
2024,2,3,15,30,7.6000000000000005,6.1000000000000005,90.23,1016,0
2024,2,3,16,0,8.6,7.7,94.11,1016,0
2024,2,3,16,30,9.4,7.7,89.18,1016,0
2024,2,3,17,0,10.200000000000001,8.4,88.42,1016,0
2024,2,3,17,30,10.600000000000001,8.4,86.10000000000001,1016,0
2024,2,3,18,0,11,8.200000000000001,82.95,1016,0
2024,2,3,18,30,11.200000000000001,8.200000000000001,81.86,1016,0
2024,2,3,19,0,11.4,7.9,79.23,1016,0
2024,2,3,19,30,11.5,7.9,78.63,1015,0
2024,2,3,20,0,11.600000000000001,7.6000000000000005,76.26,1015,0
2024,2,3,20,30,11.600000000000001,7.6000000000000005,76.26,1015,0
2024,2,3,21,0,11.600000000000001,7.4,75.29,1014,0
2024,2,3,21,30,11.5,7.4,75.79,1014,0
2024,2,3,22,0,11.5,7.5,76.42,1013,0
2024,2,3,22,30,11.3,7.5,77.44,1013,0
2024,2,3,23,0,11.100000000000001,8.1,81.84,1013,0
2024,2,3,23,30,10.5,8.1,85.16,1013,0
2024,2,4,0,0,10,8.200000000000001,88.73,1013,0
2024,2,4,0,30,9.4,8.200000000000001,92.27,1012,0
2024,2,4,1,0,8.9,7.2,89.25,1012,0
2024,2,4,1,30,8.700000000000001,7.2,90.46000000000001,1012,0
2024,2,4,2,0,8.5,7,90.31,1012,0
2024,2,4,2,30,8.4,7,90.92,1012,0
2024,2,4,3,0,8.200000000000001,6.800000000000001,91.04,1012,0
2024,2,4,3,30,8.200000000000001,6.800000000000001,90.95,1011,0
2024,2,4,4,0,8.1,6.6000000000000005,90.33,1011,0
2024,2,4,4,30,8,6.6000000000000005,90.94,1011,0
2024,2,4,5,0,7.9,6.4,90.39,1011,0
2024,2,4,5,30,7.9,6.4,90.39,1011,0
2024,2,4,6,0,7.9,6.4,90.4,1011,0
2024,2,4,6,30,7.800000000000001,6.4,90.93,1010,0
2024,2,4,7,0,7.800000000000001,6.6000000000000005,91.84,1010,0
2024,2,4,7,30,7.7,6.6000000000000005,92.46000000000001,1010,0
2024,2,4,8,0,7.7,6.5,92.29,1009,0
2024,2,4,8,30,7.4,6.5,94.2,1009,0
2024,2,4,9,0,7.2,6.300000000000001,94.17,1009,0
2024,2,4,9,30,7,6.300000000000001,95.37,1008,0
2024,2,4,10,0,6.800000000000001,5.9,94.14,1007,0
2024,2,4,10,30,6.6000000000000005,5.9,95.44,1007,0
2024,2,4,11,0,6.300000000000001,5.5,94.46000000000001,1006,0
2024,2,4,11,30,6.300000000000001,5.5,94.46000000000001,1006,0
2024,2,4,12,0,6.4,5.6000000000000005,94.33,1005,0
2024,2,4,12,30,6.7,5.5,92.32000000000001,1004,0
2024,2,4,13,0,7.1000000000000005,6.1000000000000005,93.32000000000001,1003,0
2024,2,4,13,30,7.5,6.1000000000000005,90.81,1003,0
2024,2,4,14,0,7.9,6.7,92.15,1002,0
2024,2,4,14,30,8,6.7,91.53,1002,0
2024,2,4,15,0,8.1,6.800000000000001,91.74,1001,0
2024,2,4,15,30,8.200000000000001,6.800000000000001,91.12,1001,0
2024,2,4,16,0,8.4,7.2,92.11,1001,0
2024,2,4,16,30,8.8,7.2,89.65,1001,0
2024,2,4,17,0,9.200000000000001,7.9,91.28,1000,0
2024,2,4,17,30,9.8,7.9,87.68,1000,0
2024,2,4,18,0,10.3,8.700000000000001,89.84,999,0
2024,2,4,18,30,10.9,8.700000000000001,86.24,998,0
2024,2,4,19,0,11.4,9.5,88.13,998,0
2024,2,4,19,30,11.8,9.5,85.75,997,0
2024,2,4,20,0,12.200000000000001,10.100000000000001,86.88,996,0
2024,2,4,20,30,12.5,10.100000000000001,85.18,996,0
2024,2,4,21,0,12.9,10.700000000000001,86.5,995,0
2024,2,4,21,30,13.4,10.700000000000001,83.65,994,0
2024,2,4,22,0,13.9,11.5,85.32000000000001,994,0
2024,2,4,22,30,14.3,11.5,83.06,993,0
2024,2,4,23,0,14.700000000000001,12.100000000000001,84.66,993,0
2024,2,4,23,30,14.8,12.100000000000001,84.03,992,0
2024,2,5,0,0,14.9,12.700000000000001,86.85000000000001,992,0
2024,2,5,0,30,14.700000000000001,12.700000000000001,88.06,993,0
2024,2,5,1,0,14.600000000000001,12.8,88.73,993,0
2024,2,5,1,30,14,12.8,92.32000000000001,994,0
2024,2,5,2,0,13.4,11.3,87.36,995,0
2024,2,5,2,30,13,11.3,89.67,995,0
2024,2,5,3,0,12.5,10.5,87.73,996,0
2024,2,5,3,30,12.200000000000001,10.5,89.56,997,0
2024,2,5,4,0,11.9,9.9,87.74,997,0
2024,2,5,4,30,11.700000000000001,9.9,88.99,998,0
2024,2,5,5,0,11.5,9.5,87.64,998,0
2024,2,5,5,30,11.4,9.5,88.31,999,0
2024,2,5,6,0,11.3,9.3,87.76,999,0
2024,2,5,6,30,11.200000000000001,9.4,88.43,1000,0
2024,2,5,7,0,11.100000000000001,9.200000000000001,88.17,1000,0
2024,2,5,7,30,11,9.200000000000001,88.84,1001,0
2024,2,5,8,0,11,9.200000000000001,88.81,1002,0
2024,2,5,8,30,10.9,9.200000000000001,89.4,1002,0
2024,2,5,9,0,10.8,9.200000000000001,89.84,1003,0
2024,2,5,9,30,10.700000000000001,9.200000000000001,90.44,1003,0
2024,2,5,10,0,10.600000000000001,9.1,90.67,1003,0
2024,2,5,10,30,10.4,9.200000000000001,91.97,1004,0
2024,2,5,11,0,10.200000000000001,8.9,91.85000000000001,1004,0
2024,2,5,11,30,10,8.9,93.08,1004,0
2024,2,5,12,0,9.8,8.8,93.18,1004,0
2024,2,5,12,30,9.600000000000001,8.8,94.53,1005,0
2024,2,5,13,0,9.4,8.6,94.77,1005,0
2024,2,5,13,30,9.3,8.6,95.41,1005,0
2024,2,5,14,0,9.1,8.5,95.77,1006,0
2024,2,5,14,30,9.3,8.5,94.49,1006,0
2024,2,5,15,0,9.4,8.700000000000001,95.48,1007,0
2024,2,5,15,30,10.100000000000001,8.700000000000001,91.12,1007,0
2024,2,5,16,0,10.700000000000001,9.8,94.27,1007,0
2024,2,5,16,30,11.5,9.8,89.41,1007,0
2024,2,5,17,0,12.3,10.600000000000001,89.22,1007,0
2024,2,5,17,30,12.9,10.600000000000001,85.79,1007,0
2024,2,5,18,0,13.4,10.200000000000001,80.74,1007,0
2024,2,5,18,30,13.8,10.200000000000001,78.67,1007,0
2024,2,5,19,0,14.100000000000001,9.8,75.16,1007,0
2024,2,5,19,30,14.3,9.8,74.19,1007,0
2024,2,5,20,0,14.4,9.5,72.38,1006,0
2024,2,5,20,30,14.4,9.5,72.38,1006,0
2024,2,5,21,0,14.3,9.4,72.16,1006,0
2024,2,5,21,30,14.200000000000001,9.4,72.63,1006,0
2024,2,5,22,0,14,9.4,73.95,1006,0
2024,2,5,22,30,13.700000000000001,9.4,75.4,1006,0
2024,2,5,23,0,13.3,9.8,79.60000000000001,1006,0
2024,2,5,23,30,12.8,9.8,82.24,1006,0
2024,2,6,0,0,12.200000000000001,10.4,88.56,1006,0
2024,2,6,0,30,11.100000000000001,10.4,95.21000000000001,1006,0
2024,2,6,1,0,10,8.9,92.79,1006,0
2024,2,6,1,30,9.700000000000001,8.9,94.67,1006,0
2024,2,6,2,0,9.3,8.4,93.87,1007,0
2024,2,6,2,30,9.1,8.4,95.14,1007,0
2024,2,6,3,0,8.9,8,94.28,1007,0
2024,2,6,3,30,8.8,8,94.92,1007,0
2024,2,6,4,0,8.6,7.800000000000001,94.48,1007,0
2024,2,6,4,30,8.5,7.800000000000001,95.12,1007,0
2024,2,6,5,0,8.4,7.6000000000000005,94.39,1007,0
2024,2,6,5,30,8.200000000000001,7.6000000000000005,95.68,1007,0
2024,2,6,6,0,8,7.300000000000001,95.5,1007,0
2024,2,6,6,30,7.800000000000001,7.300000000000001,96.8,1007,0
2024,2,6,7,0,7.5,7.1000000000000005,97.15,1007,0
2024,2,6,7,30,7.300000000000001,7.1000000000000005,98.49000000000001,1007,0
2024,2,6,8,0,7.1000000000000005,6.800000000000001,98.07000000000001,1007,0
2024,2,6,8,30,7,6.800000000000001,98.75,1007,0
2024,2,6,9,0,6.800000000000001,6.6000000000000005,98.63,1007,0
2024,2,6,9,30,6.7,6.6000000000000005,99.3,1007,0
2024,2,6,10,0,6.7,6.300000000000001,97.48,1006,0
2024,2,6,10,30,6.6000000000000005,6.300000000000001,98.15,1006,0
2024,2,6,11,0,6.5,6.1000000000000005,96.99000000000001,1006,0
2024,2,6,11,30,6.300000000000001,6.1000000000000005,98.33,1006,0
2024,2,6,12,0,6.2,5.800000000000001,96.97,1006,0
2024,2,6,12,30,6.1000000000000005,5.7,97.54,1005,0
2024,2,6,13,0,6.1000000000000005,5.5,95.84,1005,0
2024,2,6,13,30,6.1000000000000005,5.5,95.84,1005,0
2024,2,6,14,0,6,5.4,95.63,1005,0
2024,2,6,14,30,6.300000000000001,5.4,93.76,1006,0
2024,2,6,15,0,6.6000000000000005,5.800000000000001,94.53,1006,0
2024,2,6,15,30,7.300000000000001,5.800000000000001,90.11,1006,0
2024,2,6,16,0,8,6.6000000000000005,91.15,1006,0
2024,2,6,16,30,8.6,6.6000000000000005,87.52,1006,0
2024,2,6,17,0,9.200000000000001,7.6000000000000005,89.71000000000001,1006,0
2024,2,6,17,30,10.100000000000001,7.6000000000000005,84.47,1006,0
2024,2,6,18,0,11,8.8,86.01,1006,0
2024,2,6,18,30,11.600000000000001,8.8,82.67,1006,0
2024,2,6,19,0,12.200000000000001,8.8,79.78,1005,0
2024,2,6,19,30,12.5,8.8,78.23,1005,0
2024,2,6,20,0,12.9,8.3,73.65,1005,0
2024,2,6,20,30,13.100000000000001,8.3,72.63,1004,0
2024,2,6,21,0,13.200000000000001,7.9,70.37,1004,0
2024,2,6,21,30,13.3,7.9,69.92,1004,0
2024,2,6,22,0,13.3,7.7,68.86,1004,0
2024,2,6,22,30,13.200000000000001,7.7,69.31,1004,0
2024,2,6,23,0,13.200000000000001,7.800000000000001,69.58,1004,0
2024,2,6,23,30,12.8,7.800000000000001,71.42,1004,0
2024,2,7,0,0,12.4,8.6,77.82000000000001,1004,0
2024,2,7,0,30,11.600000000000001,8.6,82.02,1004,0
2024,2,7,1,0,10.9,7.300000000000001,78.42,1004,0
2024,2,7,1,30,10.3,7.300000000000001,81.61,1004,0
2024,2,7,2,0,9.700000000000001,7.300000000000001,84.91,1004,0
2024,2,7,2,30,9.200000000000001,7.300000000000001,87.8,1004,0
2024,2,7,3,0,8.8,7.1000000000000005,88.98,1004,0
2024,2,7,3,30,8.3,7.1000000000000005,92.04,1004,0
2024,2,7,4,0,7.9,7,93.94,1005,0
2024,2,7,4,30,7.6000000000000005,7,95.88,1005,0
2024,2,7,5,0,7.2,7,98.55,1005,0
2024,2,7,5,30,6.9,6.9,100,1005,0
2024,2,7,6,0,6.5,6.5,100,1005,0
2024,2,7,6,30,6.2,6.2,100,1005,0
2024,2,7,7,0,5.9,5.9,100,1005,0
2024,2,7,7,30,5.7,5.7,100,1005,0
2024,2,7,8,0,5.4,5.4,100,1006,0
2024,2,7,8,30,5.300000000000001,5.300000000000001,100,1006,0
2024,2,7,9,0,5.1000000000000005,5.1000000000000005,100,1006,0
2024,2,7,9,30,4.9,4.9,100,1006,0
2024,2,7,10,0,4.7,4.7,100,1006,0
2024,2,7,10,30,4.9,4.9,100,1006,0
2024,2,7,11,0,5,5,100,1006,0
2024,2,7,11,30,5.4,5.4,100,1006,0
2024,2,7,12,0,5.7,5.5,98.9,1007,0
2024,2,7,12,30,5.800000000000001,5.5,98.22,1007,0
2024,2,7,13,0,5.800000000000001,5.4,97.38,1007,0
2024,2,7,13,30,5.800000000000001,5.4,97.38,1007,0
2024,2,7,14,0,5.800000000000001,5.4,97.59,1007,0
2024,2,7,14,30,6.1000000000000005,5.4,95.59,1007,0
2024,2,7,15,0,6.4,5.800000000000001,95.86,1007,0
2024,2,7,15,30,7.1000000000000005,5.800000000000001,91.46000000000001,1008,0
2024,2,7,16,0,7.800000000000001,6.7,92.72,1008,0
2024,2,7,16,30,8.5,6.7,88.42,1008,0
2024,2,7,17,0,9.200000000000001,7.300000000000001,88.13,1008,0
2024,2,7,17,30,9.5,7.300000000000001,86.37,1008,0
2024,2,7,18,0,9.8,7.5,85.48,1007,0
2024,2,7,18,30,10,7.5,84.35000000000001,1007,0
2024,2,7,19,0,10.100000000000001,7.9,86.23,1007,0
2024,2,7,19,30,10.4,7.9,84.44,1006,0
2024,2,7,20,0,10.600000000000001,8.200000000000001,85.07000000000001,1005,0
2024,2,7,20,30,10.600000000000001,8.200000000000001,85.07000000000001,1005,0
2024,2,7,21,0,10.600000000000001,8.1,84.24,1004,0
2024,2,7,21,30,10.600000000000001,8.1,84.24,1004,0
2024,2,7,22,0,10.5,8,84.29,1004,0
2024,2,7,22,30,10.5,8,84.29,1004,0
2024,2,7,23,0,10.5,7.7,82.97,1004,0
2024,2,7,23,30,10.100000000000001,7.7,85.21000000000001,1004,0
2024,2,8,0,0,9.600000000000001,7.2,85.17,1004,0
2024,2,8,0,30,8.8,7.2,89.87,1004,0
2024,2,8,1,0,8,6.4,89.54,1005,0
2024,2,8,1,30,7.6000000000000005,6.4,92,1005,0
2024,2,8,2,0,7.300000000000001,6,91.25,1005,0
2024,2,8,2,30,7.300000000000001,6,91.34,1006,0
2024,2,8,3,0,7.2,5.9,91.36,1006,0
2024,2,8,3,30,7.1000000000000005,5.9,92.08,1007,0
2024,2,8,4,0,7.1000000000000005,5.9,92.35000000000001,1007,0
2024,2,8,4,30,6.9,6,93.72,1008,0
2024,2,8,5,0,6.800000000000001,6,94.59,1008,0
2024,2,8,5,30,6.6000000000000005,6,95.9,1008,0
2024,2,8,6,0,6.5,5.9,96.26,1009,0
2024,2,8,6,30,6.4,5.9,96.93,1009,0
2024,2,8,7,0,6.2,5.800000000000001,97.28,1010,0
2024,2,8,7,30,6,5.800000000000001,98.63,1010,0
2024,2,8,8,0,5.9,5.6000000000000005,97.85000000000001,1011,0
2024,2,8,8,30,5.6000000000000005,5.6000000000000005,99.9,1011,0
2024,2,8,9,0,5.2,5.1000000000000005,99.45,1011,0
2024,2,8,9,30,4.800000000000001,4.800000000000001,100,1012,0
2024,2,8,10,0,4.3,4.3,100,1012,0
2024,2,8,10,30,4,4,100,1012,0
2024,2,8,11,0,3.7,3.7,100,1012,0
2024,2,8,11,30,3.8000000000000003,3.8000000000000003,100,1012,0
2024,2,8,12,0,3.8000000000000003,3.7,99.11,1012,0
2024,2,8,12,30,3.7,3.7,99.91,1013,0
2024,2,8,13,0,3.7,3.4000000000000004,98.14,1013,0
2024,2,8,13,30,3.7,3.4000000000000004,98.14,1013,0
2024,2,8,14,0,3.6,3.2,97.45,1013,0
2024,2,8,14,30,4,3.2,94.84,1014,0
2024,2,8,15,0,4.4,3.8000000000000003,95.59,1014,0
2024,2,8,15,30,5.5,3.8000000000000003,88.55,1014,0
2024,2,8,16,0,6.5,5,90.26,1014,0
2024,2,8,16,30,7.800000000000001,5,82.67,1015,0
2024,2,8,17,0,9,5.5,78.97,1015,0
2024,2,8,17,30,9.700000000000001,5.5,75.35000000000001,1015,0
2024,2,8,18,0,10.5,5.6000000000000005,71.88,1015,0
2024,2,8,18,30,11,5.6000000000000005,69.53,1015,0
2024,2,8,19,0,11.5,5.6000000000000005,66.89,1015,0
2024,2,8,19,30,11.700000000000001,5.6000000000000005,66.02,1015,0
2024,2,8,20,0,12,5.5,64.54,1015,0
2024,2,8,20,30,12.100000000000001,5.5,64.12,1015,0
2024,2,8,21,0,12.200000000000001,5.4,63.17,1015,0
2024,2,8,21,30,12.100000000000001,5.4,63.59,1015,0
2024,2,8,22,0,12.100000000000001,5.300000000000001,63.13,1015,0
2024,2,8,22,30,11.8,5.300000000000001,64.39,1015,0
2024,2,8,23,0,11.5,5.4,66.34,1016,0
2024,2,8,23,30,10.9,5.4,69.02,1016,0
2024,2,9,0,0,10.3,6.5,77.53,1016,0
2024,2,9,0,30,9,6.6000000000000005,84.66,1017,0
2024,2,9,1,0,7.7,6.1000000000000005,89.37,1017,0
2024,2,9,1,30,6.9,6.1000000000000005,94.39,1017,0
2024,2,9,2,0,6.1000000000000005,5.300000000000001,94.83,1018,0
2024,2,9,2,30,5.6000000000000005,5.300000000000001,98.16,1018,0
2024,2,9,3,0,5.1000000000000005,5,99.25,1018,0
2024,2,9,3,30,4.800000000000001,4.800000000000001,100,1018,0
2024,2,9,4,0,4.4,4.4,100,1018,0
2024,2,9,4,30,4.5,4.5,100,1018,0
2024,2,9,5,0,4.5,4.2,98.22,1018,0
2024,2,9,5,30,4.7,4.2,96.86,1018,0
2024,2,9,6,0,4.9,4.1000000000000005,94.52,1018,0
2024,2,9,6,30,5.2,4.1000000000000005,92.57000000000001,1018,0
2024,2,9,7,0,5.4,4.1000000000000005,91.26,1018,0
2024,2,9,7,30,5.1000000000000005,4.1000000000000005,93.18,1018,0
2024,2,9,8,0,4.800000000000001,4,94.58,1018,0
2024,2,9,8,30,4.5,4,96.58,1018,0
2024,2,9,9,0,4.2,3.9000000000000004,98.23,1018,0
2024,2,9,9,30,3.8000000000000003,3.8000000000000003,100,1019,0
2024,2,9,10,0,3.4000000000000004,3.4000000000000004,100,1019,0
2024,2,9,10,30,3.1,3.1,100,1019,0
2024,2,9,11,0,2.8000000000000003,2.8000000000000003,100,1019,0
2024,2,9,11,30,2.7,2.7,100,1019,0
2024,2,9,12,0,2.7,2.7,100,1019,0
2024,2,9,12,30,2.9000000000000004,2.9000000000000004,100,1019,0
2024,2,9,13,0,3.2,3.2,100,1019,0
2024,2,9,13,30,3.4000000000000004,3.4000000000000004,100,1020,0
2024,2,9,14,0,3.6,3.3000000000000003,97.86,1020,0
2024,2,9,14,30,3.8000000000000003,3.3000000000000003,96.49000000000001,1020,0
2024,2,9,15,0,3.9000000000000004,3.2,95.33,1020,0
2024,2,9,15,30,4.4,3.2,92.05,1020,0
2024,2,9,16,0,4.9,3.8000000000000003,92.52,1020,0
2024,2,9,16,30,5.7,3.8000000000000003,87.62,1021,0
2024,2,9,17,0,6.5,4.7,88.35000000000001,1021,0
2024,2,9,17,30,8.1,4.7,79.21000000000001,1021,0
2024,2,9,18,0,9.700000000000001,5.300000000000001,73.82000000000001,1021,0
2024,2,9,18,30,10.8,5.300000000000001,68.61,1021,0
2024,2,9,19,0,11.9,5.4,64.41,1020,0
2024,2,9,19,30,12.3,5.4,62.74,1020,0
2024,2,9,20,0,12.700000000000001,5.7,62.38,1020,0
2024,2,9,20,30,13,5.7,61.11,1019,0
2024,2,9,21,0,13.200000000000001,5.9,61.44,1019,0
2024,2,9,21,30,13.3,5.9,61.04,1019,0
2024,2,9,22,0,13.5,6.1000000000000005,60.86,1019,0
2024,2,9,22,30,13.3,6.1000000000000005,61.59,1018,0
2024,2,9,23,0,13.100000000000001,6.4,63.77,1018,0
2024,2,9,23,30,12.5,6.4,66.32000000000001,1018,0
2024,2,10,0,0,12,8.200000000000001,77.77,1018,0
2024,2,10,0,30,10.9,8.200000000000001,83.62,1018,0
2024,2,10,1,0,9.700000000000001,6.5,80.23,1019,0
2024,2,10,1,30,9.3,6.5,82.41,1019,0
2024,2,10,2,0,8.8,5.5,79.89,1019,0
2024,2,10,2,30,8.4,5.5,82.07000000000001,1019,0
2024,2,10,3,0,8.1,5.4,82.86,1019,0
2024,2,10,3,30,7.800000000000001,5.4,84.56,1019,0
2024,2,10,4,0,7.4,5.300000000000001,86.32000000000001,1019,0
2024,2,10,4,30,6.9,5.300000000000001,89.4,1020,0
2024,2,10,5,0,6.4,5.2,91.99,1020,0
2024,2,10,5,30,5.9,5.2,95.21000000000001,1020,0
2024,2,10,6,0,5.4,5.1000000000000005,98.04,1020,0
2024,2,10,6,30,5,5,100,1020,0
2024,2,10,7,0,4.7,4.7,100,1020,0
2024,2,10,7,30,4.6000000000000005,4.6000000000000005,100,1020,0
2024,2,10,8,0,4.4,4.4,100,1020,0
2024,2,10,8,30,4.4,4.4,100,1020,0
2024,2,10,9,0,4.4,4.4,99.69,1020,0
2024,2,10,9,30,4.4,4.4,99.69,1020,0
2024,2,10,10,0,4.5,3.8000000000000003,95.09,1019,0
2024,2,10,10,30,4.4,3.8000000000000003,95.76,1019,0
2024,2,10,11,0,4.3,3.2,92.74,1019,0
2024,2,10,11,30,4.1000000000000005,3.2,94.05,1019,0
2024,2,10,12,0,3.8000000000000003,2.8000000000000003,93.14,1019,0
2024,2,10,12,30,3.6,2.8000000000000003,94.46000000000001,1019,0
2024,2,10,13,0,3.3000000000000003,2.5,94.19,1019,0
2024,2,10,13,30,3.2,2.5,94.85000000000001,1019,0
2024,2,10,14,0,3.1,2.2,93.49,1019,0
2024,2,10,14,30,3.7,2.2,89.62,1019,0
2024,2,10,15,0,4.4,2.6,87.82000000000001,1019,0
2024,2,10,15,30,5.7,2.6,80.31,1020,0
2024,2,10,16,0,7,3.5,78.63,1020,0
2024,2,10,16,30,8.5,3.5,71.01,1020,0
2024,2,10,17,0,9.9,3.7,65.44,1020,0
2024,2,10,17,30,11.100000000000001,3.7,60.43,1020,0
2024,2,10,18,0,12.3,3.4000000000000004,54.730000000000004,1020,0
2024,2,10,18,30,13,3.4000000000000004,52.29,1020,0
2024,2,10,19,0,13.8,3.5,49.65,1020,0
2024,2,10,19,30,14.200000000000001,3.5,48.38,1020,0
2024,2,10,20,0,14.700000000000001,3.6,47.4,1020,0
2024,2,10,20,30,14.9,3.6,46.75,1019,0
2024,2,10,21,0,15.100000000000001,4,47.37,1019,0
2024,2,10,21,30,15.100000000000001,4,47.37,1019,0
2024,2,10,22,0,15.100000000000001,4.6000000000000005,49.59,1019,0
2024,2,10,22,30,14.8,4.6000000000000005,50.550000000000004,1019,0
2024,2,10,23,0,14.600000000000001,5.4,53.88,1019,0
2024,2,10,23,30,13.5,5.4,57.85,1019,0
2024,2,11,0,0,12.5,8.3,75.4,1019,0
2024,2,11,0,30,10.9,8.3,83.78,1019,0
2024,2,11,1,0,9.3,5.5,77.38,1019,0
2024,2,11,1,30,8.8,5.6000000000000005,80.10000000000001,1020,0
2024,2,11,2,0,8.200000000000001,4.9,79.85000000000001,1020,0
2024,2,11,2,30,8,4.9,80.94,1020,0
2024,2,11,3,0,7.7,4.9,82.21000000000001,1020,0
2024,2,11,3,30,7.6000000000000005,4.9,82.77,1020,0
2024,2,11,4,0,7.5,5,84.15,1021,0
2024,2,11,4,30,7.5,5,84.15,1021,0
2024,2,11,5,0,7.5,5.2,85.49,1021,0
2024,2,11,5,30,7.4,5.2,86.07000000000001,1021,0
2024,2,11,6,0,7.4,5.5,87.47,1021,0
2024,2,11,6,30,7.2,5.5,88.67,1021,0
2024,2,11,7,0,7.1000000000000005,5.5,89.76,1021,0
2024,2,11,7,30,6.6000000000000005,5.5,92.89,1021,0
2024,2,11,8,0,6,5.300000000000001,95.37,1021,0
2024,2,11,8,30,5.4,5.300000000000001,99.41,1021,0
2024,2,11,9,0,4.800000000000001,4.800000000000001,99.72,1022,0
2024,2,11,9,30,4.4,4.4,100,1021,0
2024,2,11,10,0,4,4,100,1021,0
2024,2,11,10,30,3.8000000000000003,3.8000000000000003,100,1022,0
2024,2,11,11,0,3.7,3.7,100,1022,0
2024,2,11,11,30,3.8000000000000003,3.7,99.33,1022,0
2024,2,11,12,0,3.9000000000000004,3.8000000000000003,99.46000000000001,1022,0
2024,2,11,12,30,4.1000000000000005,3.8000000000000003,98.08,1022,0
2024,2,11,13,0,4.2,4.1000000000000005,99.3,1022,0
2024,2,11,13,30,4.3,4.1000000000000005,98.7,1023,0
2024,2,11,14,0,4.4,4.2,98.96000000000001,1023,0
2024,2,11,14,30,4.800000000000001,4.3,96.23,1023,0
2024,2,11,15,0,5.300000000000001,4.7,95.69,1023,0
2024,2,11,15,30,6.2,4.7,89.92,1023,0
2024,2,11,16,0,7.1000000000000005,5.1000000000000005,87.24,1024,0
2024,2,11,16,30,7.800000000000001,5.1000000000000005,83.17,1024,0
2024,2,11,17,0,8.5,5.9,83.76,1024,0
2024,2,11,17,30,9.4,5.9,78.83,1024,0
2024,2,11,18,0,10.4,7.300000000000001,81.32000000000001,1024,0
2024,2,11,18,30,11.3,7.300000000000001,76.53,1023,0
2024,2,11,19,0,12.200000000000001,8.5,77.88,1023,0
2024,2,11,19,30,12.9,8.5,74.39,1023,0
2024,2,11,20,0,13.600000000000001,9.1,74.06,1023,0
2024,2,11,20,30,14,9.1,72.10000000000001,1022,0
2024,2,11,21,0,14.5,9.200000000000001,70.28,1022,0
2024,2,11,21,30,14.8,9.200000000000001,68.94,1022,0
2024,2,11,22,0,15.200000000000001,9,66.38,1021,0
2024,2,11,22,30,15.100000000000001,9,66.81,1021,0
2024,2,11,23,0,15,8.700000000000001,65.98,1021,0
2024,2,11,23,30,14.5,8.700000000000001,68.13,1021,0
2024,2,12,0,0,14,9.200000000000001,72.65,1021,0
2024,2,12,0,30,13.200000000000001,9.200000000000001,76.52,1021,0
2024,2,12,1,0,12.3,7.4,71.82000000000001,1021,0
2024,2,12,1,30,11.9,7.4,73.81,1022,0
2024,2,12,2,0,11.5,7.2,74.92,1022,0
2024,2,12,2,30,11.3,7.2,75.92,1022,0
2024,2,12,3,0,11.100000000000001,7.2,76.77,1022,0
2024,2,12,3,30,10.9,7.2,77.79,1022,0
2024,2,12,4,0,10.8,7.2,78.24,1022,0
2024,2,12,4,30,10.8,7.2,78.24,1022,0
2024,2,12,5,0,10.700000000000001,7.2,78.79,1022,0
2024,2,12,5,30,10.5,7.2,79.84,1022,0
2024,2,12,6,0,10.200000000000001,7.2,81.51,1022,0
2024,2,12,6,30,9.8,7.2,83.71000000000001,1022,0
2024,2,12,7,0,9.3,7.2,86.61,1022,0
2024,2,12,7,30,8.6,7.2,90.79,1022,0
2024,2,12,8,0,7.800000000000001,7.2,95.71000000000001,1022,0
2024,2,12,8,30,7.6000000000000005,7.2,97.02,1022,0
2024,2,12,9,0,7.4,7.2,98.89,1022,0
2024,2,12,9,30,7.300000000000001,7.2,99.47,1021,0
2024,2,12,10,0,7.300000000000001,7.300000000000001,99.93,1021,0
2024,2,12,10,30,7.2,7.2,100,1021,0
2024,2,12,11,0,7.1000000000000005,7.1000000000000005,100,1021,0
2024,2,12,11,30,6.9,6.9,100,1021,0
2024,2,12,12,0,6.7,6.7,100,1021,0
2024,2,12,12,30,6.5,6.5,100,1021,0
2024,2,12,13,0,6.2,6.2,100,1020,0
2024,2,12,13,30,6.1000000000000005,6.1000000000000005,100,1020,0
2024,2,12,14,0,6,5.6000000000000005,97.38,1020,0
2024,2,12,14,30,5.9,5.6000000000000005,98.05,1020,0
2024,2,12,15,0,5.800000000000001,5.2,95.74000000000001,1020,0
2024,2,12,15,30,6.300000000000001,5.2,92.5,1020,0
2024,2,12,16,0,6.9,5.7,91.83,1021,0
2024,2,12,16,30,7.6000000000000005,5.7,87.54,1021,0
2024,2,12,17,0,8.4,6.5,87.98,1021,0
2024,2,12,17,30,9.600000000000001,6.5,81.16,1021,0
2024,2,12,18,0,10.8,7.6000000000000005,80.51,1021,0
2024,2,12,18,30,12,7.6000000000000005,74.38,1021,0
2024,2,12,19,0,13.200000000000001,8.1,71.4,1021,0
2024,2,12,19,30,14,8.1,67.72,1020,0
2024,2,12,20,0,14.8,8,63.59,1020,0
2024,2,12,20,30,15.100000000000001,7.9,62.32,1019,0
2024,2,12,21,0,15.4,7.800000000000001,60.67,1019,0
2024,2,12,21,30,15.3,7.800000000000001,61,1018,0
2024,2,12,22,0,15.200000000000001,8,62.29,1018,0
2024,2,12,22,30,15.200000000000001,8,62.29,1018,0
2024,2,12,23,0,15.3,8.1,62.1,1018,0
2024,2,12,23,30,14.8,8.1,64.06,1017,0
2024,2,13,0,0,14.4,8.9,69.41,1017,0
2024,2,13,0,30,13.600000000000001,8.9,73.09,1017,0
2024,2,13,1,0,12.8,6.7,66.52,1017,0
2024,2,13,1,30,12.5,6.7,67.84,1017,0
2024,2,13,2,0,12.3,6.7,68.55,1017,0
2024,2,13,2,30,11.8,6.7,70.83,1017,0
2024,2,13,3,0,11.4,6.800000000000001,73.17,1017,0
2024,2,13,3,30,10.9,6.800000000000001,75.63,1017,0
2024,2,13,4,0,10.4,6.9,78.72,1018,0
2024,2,13,4,30,9.9,6.800000000000001,81.3,1017,0
2024,2,13,5,0,9.4,7,84.73,1017,0
2024,2,13,5,30,9.200000000000001,7,85.88,1017,0
2024,2,13,6,0,8.9,7.1000000000000005,88.44,1017,0
2024,2,13,6,30,8.6,7.1000000000000005,90.25,1017,0
2024,2,13,7,0,8.3,7.2,92.92,1017,0
2024,2,13,7,30,7.800000000000001,7.2,96.12,1017,0
2024,2,13,8,0,7.300000000000001,7.300000000000001,100,1017,0
2024,2,13,8,30,7,7,100,1017,0
2024,2,13,9,0,6.7,6.7,100,1017,0
2024,2,13,9,30,6.6000000000000005,6.6000000000000005,100,1016,0
2024,2,13,10,0,6.5,6.5,100,1016,0
2024,2,13,10,30,6.5,6.5,100,1016,0
2024,2,13,11,0,6.5,6.5,100,1016,0
2024,2,13,11,30,6.4,6.4,100,1016,0
2024,2,13,12,0,6.4,6.4,100,1016,0
2024,2,13,12,30,6.300000000000001,6.300000000000001,100,1016,0
2024,2,13,13,0,6.300000000000001,6.300000000000001,100,1016,0
2024,2,13,13,30,6.300000000000001,6.300000000000001,100,1016,0
2024,2,13,14,0,6.4,6.4,100,1016,0
2024,2,13,14,30,6.7,6.7,100,1016,0
2024,2,13,15,0,7.1000000000000005,6.800000000000001,97.77,1016,0
2024,2,13,15,30,7.6000000000000005,6.800000000000001,94.49,1016,0
2024,2,13,16,0,8.200000000000001,7.2,93.39,1016,0
2024,2,13,16,30,9.3,7.2,86.71000000000001,1016,0
2024,2,13,17,0,10.5,7.7,82.77,1016,0
2024,2,13,17,30,12,7.7,74.96000000000001,1016,0
2024,2,13,18,0,13.600000000000001,7.800000000000001,67.91,1016,0
2024,2,13,18,30,14.3,7.800000000000001,64.91,1016,0
2024,2,13,19,0,15,8.1,63.59,1015,0
2024,2,13,19,30,15.4,8.200000000000001,61.980000000000004,1015,0
2024,2,13,20,0,15.8,8.6,62.18,1015,0
2024,2,13,20,30,15.700000000000001,8.6,62.58,1015,0
2024,2,13,21,0,15.700000000000001,8.700000000000001,62.99,1015,0
2024,2,13,21,30,15.5,8.700000000000001,63.800000000000004,1015,0
2024,2,13,22,0,15.200000000000001,9,66.59,1015,0
2024,2,13,22,30,14.9,9,67.89,1015,0
2024,2,13,23,0,14.5,9.700000000000001,73.02,1015,0
2024,2,13,23,30,13.9,9.700000000000001,75.91,1015,0
2024,2,14,0,0,13.200000000000001,10.5,83.45,1015,0
2024,2,14,0,30,12.4,10.5,87.92,1015,0
2024,2,14,1,0,11.5,9.1,85.24,1015,0
2024,2,14,1,30,11.100000000000001,9.1,87.53,1015,0
2024,2,14,2,0,10.600000000000001,8.9,89.03,1015,0
2024,2,14,2,30,10.200000000000001,8.9,91.43,1015,0
2024,2,14,3,0,9.9,8.9,93.62,1015,0
2024,2,14,3,30,9.600000000000001,8.9,95.52,1015,0
2024,2,14,4,0,9.3,8.9,97.66,1016,0
2024,2,14,4,30,8.9,8.9,100,1016,0
2024,2,14,5,0,8.5,8.5,100,1016,0
2024,2,14,5,30,8.200000000000001,8.200000000000001,100,1016,0
2024,2,14,6,0,7.9,7.9,100,1016,0
2024,2,14,6,30,7.6000000000000005,7.6000000000000005,100,1016,0
2024,2,14,7,0,7.300000000000001,7.300000000000001,100,1016,0
2024,2,14,7,30,7.1000000000000005,7.1000000000000005,100,1016,0
2024,2,14,8,0,7,7,100,1016,0
2024,2,14,8,30,7,7,100,1016,0
2024,2,14,9,0,7.1000000000000005,7.1000000000000005,100,1016,0
2024,2,14,9,30,7.300000000000001,7.300000000000001,100,1016,0
2024,2,14,10,0,7.5,7.5,100,1016,0
2024,2,14,10,30,7.6000000000000005,7.6000000000000005,100,1016,0
2024,2,14,11,0,7.7,7.7,100,1016,0
2024,2,14,11,30,7.5,7.5,100,1016,0
2024,2,14,12,0,7.300000000000001,7.300000000000001,100,1016,0
2024,2,14,12,30,7.4,7.4,100,1016,0
2024,2,14,13,0,7.6000000000000005,7.6000000000000005,100,1016,0
2024,2,14,13,30,7.800000000000001,7.800000000000001,100,1016,0
2024,2,14,14,0,8.1,8.1,100,1016,0
2024,2,14,14,30,8.6,8.1,96.86,1017,0
2024,2,14,15,0,9,8.6,97.58,1017,0
2024,2,14,15,30,9.700000000000001,8.6,93.10000000000001,1017,0
2024,2,14,16,0,10.4,9.5,94.33,1017,0
2024,2,14,16,30,11.100000000000001,9.5,90.05,1017,0
2024,2,14,17,0,11.8,10.3,90.54,1017,0
2024,2,14,17,30,12.5,10.3,86.48,1017,0
2024,2,14,18,0,13.200000000000001,10.700000000000001,84.73,1017,0
2024,2,14,18,30,13.700000000000001,10.700000000000001,82.03,1017,0
2024,2,14,19,0,14.200000000000001,10.8,80.08,1017,0
2024,2,14,19,30,14.600000000000001,10.8,77.97,1016,0
2024,2,14,20,0,14.9,10.9,77.06,1016,0
2024,2,14,20,30,14.8,10.9,77.56,1016,0
2024,2,14,21,0,14.700000000000001,11.100000000000001,79.23,1015,0
2024,2,14,21,30,14.4,11.100000000000001,80.77,1015,0
2024,2,14,22,0,14.100000000000001,11.5,84.15,1015,0
2024,2,14,22,30,13.700000000000001,11.5,86.36,1015,0
2024,2,14,23,0,13.4,11.700000000000001,89.32000000000001,1015,0
2024,2,14,23,30,13.100000000000001,11.700000000000001,91.08,1015,0
2024,2,15,0,0,12.9,11.700000000000001,92.5,1015,0
2024,2,15,0,30,12.8,11.700000000000001,93.11,1015,0
2024,2,15,1,0,12.600000000000001,11.700000000000001,94.09,1015,0
2024,2,15,1,30,12.5,11.700000000000001,94.7,1015,0
2024,2,15,2,0,12.3,11.4,94.02,1015,0
2024,2,15,2,30,11.9,11.4,96.62,1016,0
2024,2,15,3,0,11.600000000000001,10.600000000000001,93.67,1016,0
2024,2,15,3,30,11.100000000000001,10.600000000000001,96.91,1017,0
2024,2,15,4,0,10.700000000000001,9.9,94.53,1017,0
2024,2,15,4,30,10.4,9.9,96.43,1017,0
2024,2,15,5,0,10.100000000000001,9.3,95.04,1018,0
2024,2,15,5,30,9.8,9.3,96.96000000000001,1018,0
2024,2,15,6,0,9.600000000000001,9.1,96.39,1018,0
2024,2,15,6,30,9,9,100,1018,0
2024,2,15,7,0,8.4,8.200000000000001,98.33,1018,0
2024,2,15,7,30,8.1,8.1,100,1018,0
2024,2,15,8,0,7.800000000000001,7.7,99.37,1019,0
2024,2,15,8,30,7.800000000000001,7.7,99.37,1019,0
2024,2,15,9,0,7.800000000000001,7.6000000000000005,98.78,1019,0
2024,2,15,9,30,7.9,7.6000000000000005,98.11,1019,0
2024,2,15,10,0,8,7.6000000000000005,97.51,1019,0
2024,2,15,10,30,7.9,7.6000000000000005,98.17,1019,0
2024,2,15,11,0,7.9,7.5,97.18,1019,0
2024,2,15,11,30,7.9,7.5,97.18,1019,0
2024,2,15,12,0,7.9,7.5,97.19,1020,0
2024,2,15,12,30,7.800000000000001,7.5,97.85000000000001,1020,0
2024,2,15,13,0,7.800000000000001,7.300000000000001,96.89,1020,0
2024,2,15,13,30,7.6000000000000005,7.4,98.31,1021,0
2024,2,15,14,0,7.4,7,97.63,1021,0
2024,2,15,14,30,8.200000000000001,7.1000000000000005,92.46000000000001,1021,0
2024,2,15,15,0,8.9,8.5,97.3,1021,0
2024,2,15,15,30,10.200000000000001,8.5,89.27,1022,0
2024,2,15,16,0,11.5,10.700000000000001,94.82000000000001,1022,0
2024,2,15,16,30,12.5,10.700000000000001,88.79,1022,0
2024,2,15,17,0,13.4,11.200000000000001,86.75,1023,0
2024,2,15,17,30,14.100000000000001,11.200000000000001,82.91,1023,0
2024,2,15,18,0,14.700000000000001,10.700000000000001,76.99,1023,0
2024,2,15,18,30,15.200000000000001,10.700000000000001,74.56,1023,0
2024,2,15,19,0,15.700000000000001,10.200000000000001,69.74,1023,0
2024,2,15,19,30,16.1,10.200000000000001,67.98,1023,0
2024,2,15,20,0,16.400000000000002,9.9,65.61,1022,0
2024,2,15,20,30,16.3,9.9,66.03,1022,0
2024,2,15,21,0,16.3,9.700000000000001,64.93,1022,0
2024,2,15,21,30,16.400000000000002,9.700000000000001,64.45,1021,0
2024,2,15,22,0,16.5,9.700000000000001,64.23,1021,0
2024,2,15,22,30,16.3,9.700000000000001,65.05,1021,0
2024,2,15,23,0,16.2,9.9,66.1,1020,0
2024,2,15,23,30,15.700000000000001,9.9,68.24,1020,0
2024,2,16,0,0,15.200000000000001,11.4,77.84,1020,0
2024,2,16,0,30,13.9,11.4,84.72,1021,0
2024,2,16,1,0,12.600000000000001,9.700000000000001,82.60000000000001,1021,0
2024,2,16,1,30,11.9,9.700000000000001,86.48,1021,0
2024,2,16,2,0,11.100000000000001,9.3,88.69,1021,0
2024,2,16,2,30,10.8,9.3,90.56,1022,0
2024,2,16,3,0,10.5,9.5,93.61,1022,0
2024,2,16,3,30,10.200000000000001,9.5,95.5,1022,0
2024,2,16,4,0,9.9,9.5,97.36,1022,0
2024,2,16,4,30,9.9,9.5,97.36,1022,0
2024,2,16,5,0,9.8,9.5,97.79,1021,0
2024,2,16,5,30,10,9.5,96.49000000000001,1021,0
2024,2,16,6,0,10.100000000000001,9.5,95.85000000000001,1021,0
2024,2,16,6,30,10.200000000000001,9.5,95.21000000000001,1021,0
2024,2,16,7,0,10.4,9.4,93.53,1020,0
2024,2,16,7,30,10.200000000000001,9.4,94.79,1020,0
2024,2,16,8,0,10.100000000000001,9.200000000000001,94.13,1020,0
2024,2,16,8,30,10,9.200000000000001,94.76,1020,0
2024,2,16,9,0,9.9,8.9,93.79,1020,0
2024,2,16,9,30,9.700000000000001,8.9,95.05,1020,0
2024,2,16,10,0,9.600000000000001,8.700000000000001,93.92,1020,0
2024,2,16,10,30,9.3,8.700000000000001,95.83,1020,0
2024,2,16,11,0,9.1,8.4,95.08,1020,0
2024,2,16,11,30,8.9,8.4,96.37,1020,0
2024,2,16,12,0,8.8,8.1,95.23,1020,0
2024,2,16,12,30,8.700000000000001,8.1,95.87,1020,0
2024,2,16,13,0,8.6,7.800000000000001,94.60000000000001,1020,0
2024,2,16,13,30,8.700000000000001,7.800000000000001,93.96000000000001,1020,0
2024,2,16,14,0,8.700000000000001,7.6000000000000005,92.58,1020,0
2024,2,16,14,30,9,7.6000000000000005,90.72,1020,0
2024,2,16,15,0,9.200000000000001,7.800000000000001,91.22,1020,0
2024,2,16,15,30,10.100000000000001,7.800000000000001,85.89,1020,0
2024,2,16,16,0,10.9,8.8,87.16,1020,0
2024,2,16,16,30,12,8.9,81.06,1020,0
2024,2,16,17,0,13.100000000000001,9.4,78.38,1020,0
2024,2,16,17,30,14,9.4,73.93,1020,0
2024,2,16,18,0,15,9.5,69.79,1020,0
2024,2,16,18,30,15.5,9.5,67.59,1020,0
2024,2,16,19,0,16,9.8,66.5,1020,0
2024,2,16,19,30,16.5,9.8,64.43,1020,0
2024,2,16,20,0,16.900000000000002,9.8,63.04,1019,0
2024,2,16,20,30,17.1,9.8,62.25,1019,0
2024,2,16,21,0,17.3,9.9,61.93,1019,0
2024,2,16,21,30,17.2,9.9,62.32,1019,0
2024,2,16,22,0,17.1,9.9,62.620000000000005,1018,0
2024,2,16,22,30,16.5,9.9,65.04,1018,0
2024,2,16,23,0,15.9,10.4,69.68,1018,0
2024,2,16,23,30,15.3,10.3,72.33,1017,0
2024,2,17,0,0,14.600000000000001,11.600000000000001,82.27,1017,0
2024,2,17,0,30,13.5,11.600000000000001,88.33,1017,0
2024,2,17,1,0,12.4,10.100000000000001,85.73,1017,0
2024,2,17,1,30,12.200000000000001,10.100000000000001,86.86,1017,0
2024,2,17,2,0,12,9.5,84.77,1017,0
2024,2,17,2,30,11.9,9.5,85.33,1017,0
2024,2,17,3,0,11.8,9.3,84.58,1018,0
2024,2,17,3,30,11.5,9.3,86.27,1018,0
2024,2,17,4,0,11.200000000000001,9.1,87.03,1018,0
2024,2,17,4,30,10.9,9.1,88.69,1017,0
2024,2,17,5,0,10.5,9,90.59,1017,0
2024,2,17,5,30,10.3,9,91.8,1017,0
2024,2,17,6,0,10,9,93.36,1017,0
2024,2,17,6,30,9.8,9,94.52,1016,0
2024,2,17,7,0,9.700000000000001,8.9,94.61,1015,0
2024,2,17,7,30,9.600000000000001,8.9,95.34,1016,0
2024,2,17,8,0,9.4,8.8,95.73,1016,0
2024,2,17,8,30,9.5,8.8,95.09,1016,0
2024,2,17,9,0,9.600000000000001,8.700000000000001,94.15,1016,0
2024,2,17,9,30,9.3,8.700000000000001,95.97,1015,0
2024,2,17,10,0,9.1,8.5,95.88,1015,0
2024,2,17,10,30,9,8.5,96.52,1015,0
2024,2,17,11,0,8.9,8.200000000000001,95.38,1015,0
2024,2,17,11,30,8.9,8.200000000000001,95.38,1015,0
2024,2,17,12,0,8.9,8,93.79,1015,0
2024,2,17,12,30,8.9,8,93.79,1015,0
2024,2,17,13,0,8.9,7.800000000000001,92.79,1015,0
2024,2,17,13,30,9,7.800000000000001,92.16,1015,0
2024,2,17,14,0,9,7.7,91.62,1015,0
2024,2,17,14,30,9.200000000000001,7.7,90.4,1015,0
2024,2,17,15,0,9.4,8,91.02,1015,0
2024,2,17,15,30,10.200000000000001,8,86.28,1015,0
2024,2,17,16,0,11.100000000000001,9.200000000000001,88.27,1015,0
2024,2,17,16,30,11.5,9.200000000000001,85.97,1015,0
2024,2,17,17,0,12,9.700000000000001,85.56,1014,0
2024,2,17,17,30,12.3,9.700000000000001,83.9,1014,0
2024,2,17,18,0,12.600000000000001,10.600000000000001,87.41,1014,0
2024,2,17,18,30,12.9,10.600000000000001,85.72,1014,0
2024,2,17,19,0,13.3,11.600000000000001,89.58,1014,0
2024,2,17,19,30,13.5,11.600000000000001,88.33,1013,0
2024,2,17,20,0,13.600000000000001,12.200000000000001,91.29,1013,0
2024,2,17,20,30,13.9,12.200000000000001,89.44,1012,0
2024,2,17,21,0,14.100000000000001,12.4,89.67,1012,0
2024,2,17,21,30,14.200000000000001,12.4,89,1011,0
2024,2,17,22,0,14.3,12.5,89,1011,0
2024,2,17,22,30,14.4,12.5,88.43,1011,0
2024,2,17,23,0,14.5,12.600000000000001,88.35000000000001,1010,0
2024,2,17,23,30,14.4,12.600000000000001,88.92,1010,0
2024,2,18,0,0,14.3,12.5,88.86,1010,0
2024,2,18,0,30,14.100000000000001,12.5,90.01,1010,0
2024,2,18,1,0,13.8,12.200000000000001,90.06,1010,0
2024,2,18,1,30,13.600000000000001,12.200000000000001,91.23,1010,0
2024,2,18,2,0,13.3,12.100000000000001,92.24,1010,0
2024,2,18,2,30,13.100000000000001,12.100000000000001,93.54,1011,0
2024,2,18,3,0,13,12,93.58,1011,0
2024,2,18,3,30,12.700000000000001,12,95.43,1011,0
2024,2,18,4,0,12.5,11.8,95.29,1012,0
2024,2,18,4,30,12.200000000000001,11.8,97.18,1012,0
2024,2,18,5,0,11.8,11.3,96.5,1013,0
2024,2,18,5,30,11,11,100,1013,0
2024,2,18,6,0,10.3,10.100000000000001,98.91,1013,0
2024,2,18,6,30,9.700000000000001,9.700000000000001,100,1013,0
2024,2,18,7,0,9.1,9.1,100,1014,0
2024,2,18,7,30,8.700000000000001,8.700000000000001,100,1014,0
2024,2,18,8,0,8.3,8.3,100,1014,0
2024,2,18,8,30,8.1,8.1,100,1014,0
2024,2,18,9,0,7.9,7.9,100,1014,0
2024,2,18,9,30,7.7,7.7,100,1014,0
2024,2,18,10,0,7.6000000000000005,7.6000000000000005,100,1014,0
2024,2,18,10,30,7.4,7.4,100,1014,0
2024,2,18,11,0,7.300000000000001,7.300000000000001,99.74000000000001,1014,0
2024,2,18,11,30,7.2,7.2,100,1014,0
2024,2,18,12,0,7,6.9,99.31,1014,0
2024,2,18,12,30,6.9,6.9,99.99000000000001,1014,0
2024,2,18,13,0,6.800000000000001,6.6000000000000005,98.68,1014,0
2024,2,18,13,30,6.800000000000001,6.6000000000000005,98.68,1014,0
2024,2,18,14,0,6.7,6.4,98.14,1014,0
2024,2,18,14,30,7.800000000000001,6.4,91.04,1014,0
2024,2,18,15,0,8.8,8.4,97.32000000000001,1014,0
2024,2,18,15,30,10.200000000000001,8.4,88.60000000000001,1014,0
2024,2,18,16,0,11.5,10.700000000000001,95.01,1014,0
2024,2,18,16,30,12.700000000000001,10.700000000000001,87.73,1013,0
2024,2,18,17,0,13.9,12.4,90.53,1013,0
2024,2,18,17,30,15,12.4,84.34,1013,0
2024,2,18,18,0,16.1,13,82.05,1012,0
2024,2,18,18,30,16.8,13,78.49,1012,0
2024,2,18,19,0,17.5,12.600000000000001,73.17,1012,0
2024,2,18,19,30,17.900000000000002,12.600000000000001,71.28,1011,0
2024,2,18,20,0,18.3,12,66.63,1010,0
2024,2,18,20,30,18.1,12,67.47,1010,0
2024,2,18,21,0,17.900000000000002,11.9,67.8,1010,0
2024,2,18,21,30,17.6,11.9,69.02,1009,0
2024,2,18,22,0,17.2,12.600000000000001,74.44,1009,0
2024,2,18,22,30,16.900000000000002,12.600000000000001,75.79,1008,0
2024,2,18,23,0,16.6,13.4,81.18,1008,0
2024,2,18,23,30,16.2,13.4,83.27,1008,0
2024,2,19,0,0,15.8,13.4,85.49,1007,0
2024,2,19,0,30,15.5,13.4,87.14,1007,0
2024,2,19,1,0,15.200000000000001,13.200000000000001,87.71000000000001,1007,0
2024,2,19,1,30,15,13.200000000000001,88.84,1007,0
2024,2,19,2,0,14.8,12.9,88.39,1007,0
2024,2,19,2,30,14.5,12.9,90.11,1007,0
2024,2,19,3,0,14.3,12.9,91.05,1007,0
2024,2,19,3,30,14,12.9,92.83,1007,0
2024,2,19,4,0,13.700000000000001,12.9,94.61,1006,0
2024,2,19,4,30,13.5,12.9,95.85000000000001,1006,0
2024,2,19,5,0,13.200000000000001,12.600000000000001,96.43,1006,0
2024,2,19,5,30,13,12.600000000000001,97.60000000000001,1005,0
2024,2,19,6,0,12.8,12.3,96.52,1005,0
2024,2,19,6,30,12.600000000000001,12.3,97.79,1005,0
2024,2,19,7,0,12.4,11.700000000000001,95.4,1005,0
2024,2,19,7,30,11.600000000000001,11.600000000000001,100,1005,0
2024,2,19,8,0,10.9,9.9,93.8,1005,0
2024,2,19,8,30,10.100000000000001,10,99.03,1006,0
2024,2,19,9,0,9.200000000000001,8.5,95.28,1006,0
2024,2,19,9,30,9.1,8.5,95.92,1006,0
2024,2,19,10,0,9,7.7,91.78,1005,0
2024,2,19,10,30,8.700000000000001,7.7,93.75,1006,0
2024,2,19,11,0,8.4,7.5,94.03,1006,0
2024,2,19,11,30,7.9,7.5,97.27,1006,0
2024,2,19,12,0,7.5,7.2,97.86,1006,0
2024,2,19,12,30,8,7.2,94.59,1006,0
2024,2,19,13,0,8.5,8,96.64,1006,0
2024,2,19,13,30,9.3,8,91.67,1007,0
2024,2,19,14,0,10.100000000000001,9.200000000000001,94.41,1007,0
2024,2,19,14,30,10.8,9.200000000000001,90.12,1007,0
2024,2,19,15,0,11.5,10.4,92.91,1007,0
2024,2,19,15,30,12.100000000000001,10.4,89.32000000000001,1007,0
2024,2,19,16,0,12.600000000000001,11.4,92.56,1008,0
2024,2,19,16,30,13.200000000000001,11.4,89.01,1008,0
2024,2,19,17,0,13.8,12.4,90.99,1008,0
2024,2,19,17,30,14.4,12.4,87.53,1008,0
2024,2,19,18,0,14.9,12.9,87.8,1009,0
2024,2,19,18,30,15.3,12.9,85.57000000000001,1009,0
2024,2,19,19,0,15.600000000000001,12.9,83.71000000000001,1009,0
2024,2,19,19,30,15.8,12.9,82.65,1009,0
2024,2,19,20,0,16,12.700000000000001,80.97,1009,0
2024,2,19,20,30,16.1,12.700000000000001,80.45,1009,0
2024,2,19,21,0,16.2,12.5,78.98,1009,0
2024,2,19,21,30,16.2,12.5,78.98,1009,0
2024,2,19,22,0,16.2,12.4,78.19,1009,0
2024,2,19,22,30,16,12.4,79.27,1010,0
2024,2,19,23,0,15.700000000000001,12.200000000000001,79.88,1010,0
2024,2,19,23,30,15.200000000000001,12.200000000000001,82.47,1010,0
2024,2,20,0,0,14.700000000000001,11.8,82.97,1010,0
2024,2,20,0,30,14.200000000000001,11.8,85.77,1011,0
2024,2,20,1,0,13.600000000000001,11.3,86.11,1011,0
2024,2,20,1,30,13.100000000000001,11.3,89.04,1012,0
2024,2,20,2,0,12.700000000000001,11.100000000000001,89.85000000000001,1012,0
2024,2,20,2,30,12.5,11.100000000000001,91.03,1012,0
2024,2,20,3,0,12.200000000000001,11,92.14,1013,0
2024,2,20,3,30,12.100000000000001,11,92.75,1013,0
2024,2,20,4,0,12,10.9,92.77,1014,0
2024,2,20,4,30,11.9,10.9,93.38,1014,0
2024,2,20,5,0,11.700000000000001,10.700000000000001,93.72,1014,0
2024,2,20,5,30,11.5,10.700000000000001,94.96000000000001,1014,0
2024,2,20,6,0,11.3,10.5,94.71000000000001,1015,0
2024,2,20,6,30,11.100000000000001,10.5,95.97,1015,0
2024,2,20,7,0,11,10.200000000000001,94.87,1015,0
2024,2,20,7,30,10.8,10.200000000000001,96.14,1015,0
2024,2,20,8,0,10.600000000000001,9.9,95.52,1015,0
2024,2,20,8,30,10.4,9.9,96.79,1015,0
2024,2,20,9,0,10.200000000000001,9.5,95.61,1015,0
2024,2,20,9,30,10,9.5,96.9,1015,0
2024,2,20,10,0,9.8,9.200000000000001,95.83,1015,0
2024,2,20,10,30,9.8,9.200000000000001,95.83,1015,0
2024,2,20,11,0,9.700000000000001,9,95.62,1015,0
2024,2,20,11,30,9.700000000000001,9,95.62,1015,0
2024,2,20,12,0,9.600000000000001,8.9,95.29,1015,0
2024,2,20,12,30,9.600000000000001,8.9,95.29,1015,0
2024,2,20,13,0,9.5,8.8,95.29,1016,0
2024,2,20,13,30,9.4,8.8,95.94,1016,0
2024,2,20,14,0,9.3,8.6,95.33,1016,0
2024,2,20,14,30,9.8,8.6,92.19,1016,0
2024,2,20,15,0,10.3,9.5,94.93,1016,0
2024,2,20,15,30,11,9.5,90.7,1017,0
2024,2,20,16,0,11.700000000000001,10.700000000000001,93.63,1017,0
2024,2,20,16,30,12.3,10.700000000000001,90.01,1017,0
2024,2,20,17,0,12.8,11.700000000000001,92.82000000000001,1017,0
2024,2,20,17,30,13.700000000000001,11.700000000000001,87.54,1017,0
2024,2,20,18,0,14.600000000000001,12,84.58,1016,0
2024,2,20,18,30,15,12,82.51,1017,0
2024,2,20,19,0,15.4,11.600000000000001,78.03,1017,0
2024,2,20,19,30,15.3,11.600000000000001,78.46000000000001,1016,0
2024,2,20,20,0,15.200000000000001,11.5,78.60000000000001,1016,0
2024,2,20,20,30,15.100000000000001,11.5,79.11,1016,0
2024,2,20,21,0,14.9,11.700000000000001,80.92,1016,0
2024,2,20,21,30,14.600000000000001,11.700000000000001,82.5,1016,0
2024,2,20,22,0,14.200000000000001,11.700000000000001,84.85000000000001,1015,0
2024,2,20,22,30,13.700000000000001,11.700000000000001,87.64,1015,0
2024,2,20,23,0,13.200000000000001,11.600000000000001,89.89,1015,0
2024,2,20,23,30,12.700000000000001,11.600000000000001,92.86,1015,0
2024,2,21,0,0,12.200000000000001,11,92.53,1016,0
2024,2,21,0,30,11.600000000000001,11,96.25,1016,0
2024,2,21,1,0,11,10.100000000000001,94.29,1016,0
2024,2,21,1,30,10.5,10.100000000000001,97.47,1016,0
2024,2,21,2,0,10,9.3,95.56,1017,0
2024,2,21,2,30,9.700000000000001,9.3,97.5,1017,0
2024,2,21,3,0,9.3,8.6,95.34,1017,0
2024,2,21,3,30,9.1,8.6,96.63,1017,0
2024,2,21,4,0,8.8,8.1,95.25,1017,0
2024,2,21,4,30,8.6,8.1,96.54,1017,0
2024,2,21,5,0,8.3,7.7,96.19,1017,0
2024,2,21,5,30,8.1,7.7,97.5,1017,0
2024,2,21,6,0,7.9,7.4,96.59,1017,0
2024,2,21,6,30,7.6000000000000005,7.4,98.58,1017,0
2024,2,21,7,0,7.300000000000001,7,97.93,1017,0
2024,2,21,7,30,7.1000000000000005,7,99.28,1017,0
2024,2,21,8,0,6.9,6.7,98.48,1017,0
2024,2,21,8,30,6.7,6.7,99.84,1017,0
2024,2,21,9,0,6.4,6.300000000000001,99.23,1017,0
2024,2,21,9,30,6.300000000000001,6.300000000000001,99.92,1017,0
2024,2,21,10,0,6.1000000000000005,6,99.07000000000001,1017,0
2024,2,21,10,30,6.1000000000000005,6,99.07000000000001,1017,0
2024,2,21,11,0,6.2,6,98.38,1017,0
2024,2,21,11,30,6.4,6,97.13,1018,0
2024,2,21,12,0,6.7,6.300000000000001,97.34,1018,0
2024,2,21,12,30,6.7,6.300000000000001,97.34,1018,0
2024,2,21,13,0,6.800000000000001,6.300000000000001,96.95,1018,0
2024,2,21,13,30,6.800000000000001,6.4,97.04,1019,0
2024,2,21,14,0,6.7,6.2,96.59,1019,0
2024,2,21,14,30,6.9,6.2,95.28,1019,0
2024,2,21,15,0,7.1000000000000005,6.6000000000000005,96.59,1020,0
2024,2,21,15,30,7.7,6.6000000000000005,92.72,1020,0
2024,2,21,16,0,8.4,7.6000000000000005,94.71000000000001,1020,0
2024,2,21,16,30,9.3,7.6000000000000005,89.14,1020,0
2024,2,21,17,0,10.100000000000001,8.700000000000001,91.17,1021,0
2024,2,21,17,30,11.5,8.700000000000001,83.08,1021,0
2024,2,21,18,0,12.9,9.4,79.27,1021,0
2024,2,21,18,30,13.700000000000001,9.4,75.25,1021,0
2024,2,21,19,0,14.5,9.3,71.17,1021,0
2024,2,21,19,30,14.9,9.3,69.36,1021,0
2024,2,21,20,0,15.200000000000001,9.3,67.99,1021,0
2024,2,21,20,30,15.4,9.3,67.13,1021,0
2024,2,21,21,0,15.600000000000001,9.5,67.01,1021,0
2024,2,21,21,30,15.700000000000001,9.5,66.59,1021,0
2024,2,21,22,0,15.700000000000001,9.600000000000001,67.27,1021,0
2024,2,21,22,30,15.600000000000001,9.600000000000001,67.7,1021,0
2024,2,21,23,0,15.4,9.9,69.75,1021,0
2024,2,21,23,30,14.9,9.9,72.02,1021,0
2024,2,22,0,0,14.5,11,79.75,1021,0
2024,2,22,0,30,13.200000000000001,11,86.75,1021,0
2024,2,22,1,0,11.9,9.9,87.32000000000001,1021,0
2024,2,22,1,30,11.3,9.9,90.93,1022,0
2024,2,22,2,0,10.600000000000001,9.1,90.46000000000001,1022,0
2024,2,22,2,30,10.200000000000001,9.1,92.9,1022,0
2024,2,22,3,0,9.8,9,94.84,1022,0
2024,2,22,3,30,9.4,9,97.42,1022,0
2024,2,22,4,0,9.1,8.9,98.68,1023,0
2024,2,22,4,30,8.9,8.9,100,1023,0
2024,2,22,5,0,8.6,8.6,100,1023,0
2024,2,22,5,30,8.3,8.3,100,1023,0
2024,2,22,6,0,8,8,100,1023,0
2024,2,22,6,30,7.800000000000001,7.800000000000001,100,1023,0
2024,2,22,7,0,7.6000000000000005,7.6000000000000005,100,1023,0
2024,2,22,7,30,7.5,7.5,100,1023,0
2024,2,22,8,0,7.300000000000001,7.300000000000001,100,1023,0
2024,2,22,8,30,7.300000000000001,7.300000000000001,100,1023,0
2024,2,22,9,0,7.300000000000001,7.300000000000001,100,1023,0
2024,2,22,9,30,7.2,7.2,100,1023,0
2024,2,22,10,0,7.1000000000000005,7.1000000000000005,100,1022,0
2024,2,22,10,30,6.800000000000001,6.800000000000001,100,1022,0
2024,2,22,11,0,6.6000000000000005,6.5,99.4,1022,0
2024,2,22,11,30,6.4,6.4,100,1022,0
2024,2,22,12,0,6.2,6,98.34,1023,0
2024,2,22,12,30,6.300000000000001,6,97.67,1023,0
2024,2,22,13,0,6.4,5.800000000000001,96.06,1023,0
2024,2,22,13,30,6.6000000000000005,5.800000000000001,94.75,1023,0
2024,2,22,14,0,6.800000000000001,5.800000000000001,93.42,1024,0
2024,2,22,14,30,7,5.800000000000001,92.15,1024,0
2024,2,22,15,0,7.2,6.1000000000000005,92.60000000000001,1024,0
2024,2,22,15,30,7.6000000000000005,6.1000000000000005,90.11,1024,0
2024,2,22,16,0,8,6.5,90.5,1025,0
2024,2,22,16,30,8.8,6.5,85.73,1025,0
2024,2,22,17,0,9.600000000000001,7.800000000000001,88.37,1025,0
2024,2,22,17,30,11.100000000000001,7.800000000000001,79.97,1025,0
2024,2,22,18,0,12.600000000000001,9,78.73,1025,0
2024,2,22,18,30,14.100000000000001,9,71.42,1025,0
2024,2,22,19,0,15.600000000000001,8.9,64.24,1025,0
2024,2,22,19,30,16,8.9,62.56,1024,0
2024,2,22,20,0,16.5,8.9,60.93,1024,0
2024,2,22,20,30,16.7,8.9,60.160000000000004,1024,0
2024,2,22,21,0,16.900000000000002,9.1,59.95,1023,0
2024,2,22,21,30,17,9.1,59.57,1023,0
2024,2,22,22,0,17,9,59.300000000000004,1023,0
2024,2,22,22,30,16.900000000000002,9,59.68,1023,0
2024,2,22,23,0,16.8,8.8,59.33,1023,0
2024,2,22,23,30,16.3,8.8,61.18,1022,0
2024,2,23,0,0,15.9,10.3,69.52,1022,0
2024,2,23,0,30,14.600000000000001,10.3,75.56,1022,0
2024,2,23,1,0,13.4,8.9,74.23,1022,0
2024,2,23,1,30,12.5,8.9,78.79,1023,0
2024,2,23,2,0,11.600000000000001,8.1,78.98,1023,0
2024,2,23,2,30,11,8.1,82.18,1023,0
2024,2,23,3,0,10.4,8,85.06,1023,0
2024,2,23,3,30,10,8,87.35000000000001,1023,0
2024,2,23,4,0,9.5,7.800000000000001,89.18,1023,0
2024,2,23,4,30,9.200000000000001,7.800000000000001,91,1023,0
2024,2,23,5,0,8.9,7.6000000000000005,91.35000000000001,1024,0
2024,2,23,5,30,8.8,7.6000000000000005,91.97,1024,0
2024,2,23,6,0,8.6,7.2,91.16,1023,0
2024,2,23,6,30,8.5,7.2,91.78,1023,0
2024,2,23,7,0,8.3,6.9,90.77,1023,0
2024,2,23,7,30,8.200000000000001,6.9,91.39,1023,0
2024,2,23,8,0,8.1,6.5,89.69,1023,0
2024,2,23,8,30,7.9,6.5,90.91,1023,0
2024,2,23,9,0,7.7,6.1000000000000005,89.85000000000001,1023,0
2024,2,23,9,30,7.300000000000001,6.1000000000000005,92.33,1023,0
2024,2,23,10,0,6.9,5.800000000000001,92.48,1023,0
2024,2,23,10,30,6.4,5.800000000000001,95.62,1022,0
2024,2,23,11,0,6,5.300000000000001,95.48,1022,0
2024,2,23,11,30,5.7,5.300000000000001,97.48,1022,0
2024,2,23,12,0,5.5,4.9,95.96000000000001,1022,0
2024,2,23,12,30,5.4,4.9,96.63,1022,0
2024,2,23,13,0,5.2,4.6000000000000005,95.86,1021,0
2024,2,23,13,30,5.2,4.6000000000000005,95.86,1021,0
2024,2,23,14,0,5.1000000000000005,4.5,96.22,1021,0
2024,2,23,14,30,6.2,4.5,89.18,1021,0
2024,2,23,15,0,7.2,5.6000000000000005,89.54,1022,0
2024,2,23,15,30,8.200000000000001,5.6000000000000005,83.65,1022,0
2024,2,23,16,0,9.3,6.7,83.87,1022,0
2024,2,23,16,30,10.100000000000001,6.7,79.42,1021,0
2024,2,23,17,0,11,7.4,78.63,1021,0
2024,2,23,17,30,12,7.4,73.61,1021,0
2024,2,23,18,0,13,8.1,72.05,1021,0
2024,2,23,18,30,13.700000000000001,8.1,68.85000000000001,1021,0
2024,2,23,19,0,14.5,8.8,68.71000000000001,1020,0
2024,2,23,19,30,15,8.8,66.54,1020,0
2024,2,23,20,0,15.5,9.4,66.91,1020,0
2024,2,23,20,30,15.700000000000001,9.4,66,1019,0
2024,2,23,21,0,16,9.9,67,1019,0
2024,2,23,21,30,16.2,9.9,66.15,1019,0
2024,2,23,22,0,16.400000000000002,10.3,67.21000000000001,1018,0
2024,2,23,22,30,16.400000000000002,10.3,67.21000000000001,1018,0
2024,2,23,23,0,16.5,10.9,69.47,1018,0
2024,2,23,23,30,16,10.9,71.71000000000001,1018,0
2024,2,24,0,0,15.5,12.3,81.09,1018,0
2024,2,24,0,30,14.700000000000001,12.3,85.36,1018,0
2024,2,24,1,0,13.8,10.100000000000001,78.31,1018,0
2024,2,24,1,30,13.5,10.100000000000001,79.84,1018,0
2024,2,24,2,0,13.200000000000001,9.5,78.42,1018,0
2024,2,24,2,30,13.200000000000001,9.5,78.42,1018,0
2024,2,24,3,0,13.200000000000001,9.4,77.51,1018,0
2024,2,24,3,30,13,9.4,78.52,1018,0
2024,2,24,4,0,12.8,9.200000000000001,78.67,1018,0
2024,2,24,4,30,12.700000000000001,9.200000000000001,79.19,1018,0
2024,2,24,5,0,12.600000000000001,9.200000000000001,79.55,1018,0
2024,2,24,5,30,12.3,9.200000000000001,81.12,1018,0
2024,2,24,6,0,12.100000000000001,9.1,81.98,1018,0
2024,2,24,6,30,11.9,9.1,82.98,1017,0
2024,2,24,7,0,11.700000000000001,9,83.44,1017,0
2024,2,24,7,30,11.8,9,82.89,1017,0
2024,2,24,8,0,11.9,8.9,81.7,1017,0
2024,2,24,8,30,12,8.9,81.17,1017,0
2024,2,24,9,0,12.100000000000001,8.8,79.99,1017,0
2024,2,24,9,30,11.8,8.8,81.58,1017,0
2024,2,24,10,0,11.5,8.6,82.25,1017,0
2024,2,24,10,30,11,8.6,85.02,1017,0
2024,2,24,11,0,10.4,8.200000000000001,86.46000000000001,1017,0
2024,2,24,11,30,10,8.200000000000001,88.79,1017,0
2024,2,24,12,0,9.700000000000001,7.800000000000001,88.09,1017,0
2024,2,24,12,30,9.3,7.800000000000001,90.48,1017,0
2024,2,24,13,0,9,7.300000000000001,89.04,1017,0
2024,2,24,13,30,8.8,7.300000000000001,90.25,1017,0
2024,2,24,14,0,8.700000000000001,6.7,87.2,1017,0
2024,2,24,14,30,9.3,6.7,83.75,1017,0
2024,2,24,15,0,10,7.6000000000000005,84.92,1018,0
2024,2,24,15,30,11.200000000000001,7.6000000000000005,78.41,1018,0
2024,2,24,16,0,12.5,8.200000000000001,74.96000000000001,1018,0
2024,2,24,16,30,13.600000000000001,8.200000000000001,69.78,1018,0
2024,2,24,17,0,14.700000000000001,9.200000000000001,69.78,1018,0
2024,2,24,17,30,15.600000000000001,9.200000000000001,65.87,1018,0
2024,2,24,18,0,16.6,10.3,66.52,1018,0
2024,2,24,18,30,17.2,10.3,64.04,1018,0
2024,2,24,19,0,17.900000000000002,11.100000000000001,64.53,1018,0
2024,2,24,19,30,18.3,11.100000000000001,62.870000000000005,1017,0
2024,2,24,20,0,18.8,11.600000000000001,62.99,1017,0
2024,2,24,20,30,19.200000000000003,11.600000000000001,61.44,1017,0
2024,2,24,21,0,19.6,11.8,60.63,1017,0
2024,2,24,21,30,19.8,11.8,59.82,1016,0
2024,2,24,22,0,20,11.700000000000001,58.68,1016,0
2024,2,24,22,30,19.900000000000002,11.700000000000001,59.04,1016,0
2024,2,24,23,0,19.900000000000002,11.9,60.01,1016,0
2024,2,24,23,30,19.5,11.9,61.51,1016,0
2024,2,25,0,0,19,13.100000000000001,68.8,1016,0
2024,2,25,0,30,17.900000000000002,13.100000000000001,73.69,1016,0
2024,2,25,1,0,16.8,10.9,68.01,1016,0
2024,2,25,1,30,16.1,10.9,71.10000000000001,1016,0
2024,2,25,2,0,15.4,9.8,69.49,1016,0
2024,2,25,2,30,15,9.8,71.3,1016,0
2024,2,25,3,0,14.600000000000001,9.5,71.38,1016,0
2024,2,25,3,30,14.4,9.5,72.3,1016,0
2024,2,25,4,0,14.3,9,70.59,1016,0
2024,2,25,4,30,14.200000000000001,9,71.05,1016,0
2024,2,25,5,0,14.200000000000001,8.6,69.18,1016,0
2024,2,25,5,30,14.3,8.6,68.73,1016,0
2024,2,25,6,0,14.4,8.4,67.04,1016,0
2024,2,25,6,30,14.100000000000001,8.4,68.35000000000001,1016,0
2024,2,25,7,0,13.8,8.200000000000001,68.82000000000001,1016,0
2024,2,25,7,30,13.200000000000001,8.200000000000001,71.56,1016,0
2024,2,25,8,0,12.5,8,74.09,1016,0
2024,2,25,8,30,11.9,8,77.06,1016,0
2024,2,25,9,0,11.200000000000001,7.800000000000001,79.67,1016,0
2024,2,25,9,30,11,7.800000000000001,80.73,1016,0
2024,2,25,10,0,10.8,7.6000000000000005,80.41,1015,0
2024,2,25,10,30,10.4,7.6000000000000005,82.57000000000001,1015,0
2024,2,25,11,0,10,7.300000000000001,83.26,1015,0
2024,2,25,11,30,9.600000000000001,7.300000000000001,85.52,1015,0
2024,2,25,12,0,9.3,7,85.71000000000001,1015,0
2024,2,25,12,30,9,7,87.45,1015,0
2024,2,25,13,0,8.700000000000001,6.800000000000001,88.04,1015,0
2024,2,25,13,30,8.5,6.800000000000001,89.32000000000001,1016,0
2024,2,25,14,0,8.3,6.7,89.75,1016,0
2024,2,25,14,30,9,6.7,85.61,1016,0
2024,2,25,15,0,9.600000000000001,8.1,90.08,1016,0
2024,2,25,15,30,11,8.1,82.06,1016,0
2024,2,25,16,0,12.3,9.3,81.96000000000001,1017,0
2024,2,25,16,30,13.5,9.3,75.79,1017,0
2024,2,25,17,0,14.600000000000001,10.600000000000001,76.8,1017,0
2024,2,25,17,30,16,10.600000000000001,70.22,1017,0
2024,2,25,18,0,17.3,11.100000000000001,66.91,1017,0
2024,2,25,18,30,18.1,11.100000000000001,63.57,1016,0
2024,2,25,19,0,19,11.200000000000001,60.660000000000004,1016,0
2024,2,25,19,30,19.400000000000002,11.200000000000001,59.18,1016,0
2024,2,25,20,0,19.8,11.600000000000001,59.02,1016,0
2024,2,25,20,30,19.900000000000002,11.5,58.6,1015,0
2024,2,25,21,0,20,11.8,59.26,1015,0
2024,2,25,21,30,19.8,11.8,60,1015,0
2024,2,25,22,0,19.700000000000003,12.100000000000001,61.410000000000004,1015,0
2024,2,25,22,30,19.400000000000002,12.100000000000001,62.56,1015,0
2024,2,25,23,0,19,12.200000000000001,64.87,1015,0
2024,2,25,23,30,18.1,12.200000000000001,68.62,1015,0
2024,2,26,0,0,17.2,12.8,75.25,1015,0
2024,2,26,0,30,15.5,12.8,83.82000000000001,1015,0
2024,2,26,1,0,13.700000000000001,11.600000000000001,86.96000000000001,1015,0
2024,2,26,1,30,12.600000000000001,11.600000000000001,93.41,1015,0
2024,2,26,2,0,11.600000000000001,9.9,89.60000000000001,1016,0
2024,2,26,2,30,11,9.9,93.22,1016,0
2024,2,26,3,0,10.4,9,90.97,1016,0
2024,2,26,3,30,9.8,9,94.68,1016,0
2024,2,26,4,0,9.3,8.3,93.61,1016,0
2024,2,26,4,30,8.9,8.3,96.16,1016,0
2024,2,26,5,0,8.5,8.1,97.38,1016,0
2024,2,26,5,30,8.200000000000001,8.1,99.37,1016,0
2024,2,26,6,0,8,8,100,1016,0
2024,2,26,6,30,7.9,7.9,100,1016,0
2024,2,26,7,0,7.800000000000001,7.800000000000001,100,1016,0
2024,2,26,7,30,7.7,7.7,100,1016,0
2024,2,26,8,0,7.7,7.7,100,1016,0
2024,2,26,8,30,7.6000000000000005,7.6000000000000005,100,1016,0
2024,2,26,9,0,7.5,7.5,100,1016,0
2024,2,26,9,30,7.5,7.5,100,1016,0
2024,2,26,10,0,7.5,7.5,100,1015,0
2024,2,26,10,30,7.5,7.5,100,1015,0
2024,2,26,11,0,7.5,7.5,100,1015,0
2024,2,26,11,30,7.5,7.5,100,1015,0
2024,2,26,12,0,7.5,7.5,100,1015,0
2024,2,26,12,30,7.5,7.5,100,1015,0
2024,2,26,13,0,7.5,7.5,100,1015,0
2024,2,26,13,30,7.6000000000000005,7.6000000000000005,100,1015,0
2024,2,26,14,0,7.7,7.7,100,1016,0
2024,2,26,14,30,9.200000000000001,9.200000000000001,100,1016,0
2024,2,26,15,0,10.600000000000001,10.3,98.33,1016,0
2024,2,26,15,30,12,10.4,89.64,1016,0
2024,2,26,16,0,13.3,11.200000000000001,86.94,1016,0
2024,2,26,16,30,14.100000000000001,11.200000000000001,82.55,1016,0
2024,2,26,17,0,14.9,11.3,78.9,1016,0
2024,2,26,17,30,15.3,11.3,76.9,1016,0
2024,2,26,18,0,15.700000000000001,11.4,75.57000000000001,1016,0
2024,2,26,18,30,16.3,11.4,72.66,1015,0
2024,2,26,19,0,16.8,11.700000000000001,71.81,1015,0
2024,2,26,19,30,17.1,11.700000000000001,70.46000000000001,1015,0
2024,2,26,20,0,17.5,11.700000000000001,68.57000000000001,1015,0
2024,2,26,20,30,17.7,11.600000000000001,67.65,1014,0
2024,2,26,21,0,17.8,11.4,66.36,1014,0
2024,2,26,21,30,17.8,11.4,66.3,1013,0
2024,2,26,22,0,17.7,11,64.79,1013,0
2024,2,26,22,30,17.400000000000002,11,66.02,1013,0
2024,2,26,23,0,17,10.600000000000001,66.02,1013,0
2024,2,26,23,30,16.3,10.600000000000001,68.95,1012,0
2024,2,27,0,0,15.600000000000001,10.8,73.27,1012,0
2024,2,27,0,30,14.200000000000001,10.8,80.16,1012,0
2024,2,27,1,0,12.700000000000001,10.4,86.13,1012,0
2024,2,27,1,30,12,10.4,90.18,1012,0
2024,2,27,2,0,11.3,9.8,90.28,1012,0
2024,2,27,2,30,11,9.8,92.09,1012,0
2024,2,27,3,0,10.600000000000001,9.5,93.12,1013,0
2024,2,27,3,30,10.200000000000001,9.5,95.63,1013,0
2024,2,27,4,0,9.700000000000001,9.200000000000001,96.86,1013,0
2024,2,27,4,30,9.3,9.200000000000001,99.49000000000001,1013,0
2024,2,27,5,0,8.8,8.700000000000001,99.16,1013,0
2024,2,27,5,30,8.4,8.4,100,1013,0
2024,2,27,6,0,8,7.7,97.85000000000001,1014,0
2024,2,27,6,30,7.7,7.7,99.86,1014,0
2024,2,27,7,0,7.4,6.4,93.4,1014,0
2024,2,27,7,30,7.2,6.4,94.68,1014,0
2024,2,27,8,0,6.9,5.300000000000001,89.42,1015,0
2024,2,27,8,30,6.5,5.300000000000001,91.91,1015,0
2024,2,27,9,0,6.2,4.3,87.83,1015,0
2024,2,27,9,30,5.9,4.3,89.67,1015,0
2024,2,27,10,0,5.6000000000000005,3.6,86.84,1015,0
2024,2,27,10,30,5.4,3.6,88.05,1015,0
2024,2,27,11,0,5.2,3,85.85000000000001,1015,0
2024,2,27,11,30,4.9,3,87.74,1016,0
2024,2,27,12,0,4.6000000000000005,2.5,86.46000000000001,1016,0
2024,2,27,12,30,4.4,2.5,87.68,1016,0
2024,2,27,13,0,4.1000000000000005,2.1,86.86,1016,0
2024,2,27,13,30,3.9000000000000004,2.1,88.08,1016,0
2024,2,27,14,0,3.8000000000000003,1.8,86.99,1017,0
2024,2,27,14,30,4.6000000000000005,1.8,82.25,1017,0
2024,2,27,15,0,5.300000000000001,2.3000000000000003,81.26,1018,0
2024,2,27,15,30,6.5,2.3000000000000003,74.8,1018,0
2024,2,27,16,0,7.7,3.2,73.21000000000001,1018,0
2024,2,27,16,30,9,3.2,67.11,1019,0
2024,2,27,17,0,10.3,3.9000000000000004,64.6,1019,0
2024,2,27,17,30,11.4,3.9000000000000004,60.06,1019,0
2024,2,27,18,0,12.5,4.7,59.11,1019,0
2024,2,27,18,30,13.3,4.7,56.050000000000004,1018,0
2024,2,27,19,0,14.200000000000001,5.2,54.6,1018,0
2024,2,27,19,30,14.8,5.2,52.53,1018,0
2024,2,27,20,0,15.4,5.5,51.79,1018,0
2024,2,27,20,30,15.700000000000001,5.5,50.76,1017,0
2024,2,27,21,0,16,5.9,51.2,1017,0
2024,2,27,21,30,16.1,5.9,50.88,1017,0
2024,2,27,22,0,16.1,6.300000000000001,52.35,1017,0
2024,2,27,22,30,15.9,6.300000000000001,53.02,1017,0
2024,2,27,23,0,15.700000000000001,6.9,55.93,1017,0
2024,2,27,23,30,15.100000000000001,6.9,58.11,1017,0
2024,2,28,0,0,14.5,9,69.42,1017,0
2024,2,28,0,30,12.8,9,77.51,1017,0
2024,2,28,1,0,11.200000000000001,8.4,82.81,1017,0
2024,2,28,1,30,10.600000000000001,8.4,86.16,1017,0
2024,2,28,2,0,10,6.800000000000001,80.44,1017,0
2024,2,28,2,30,10,6.800000000000001,80.44,1017,0
2024,2,28,3,0,10,6.6000000000000005,79.4,1017,0
2024,2,28,3,30,10,6.6000000000000005,79.4,1017,0
2024,2,28,4,0,10.100000000000001,6.6000000000000005,79.10000000000001,1017,0
2024,2,28,4,30,10,6.6000000000000005,79.63,1017,0
2024,2,28,5,0,9.8,6.7,81.07000000000001,1017,0
2024,2,28,5,30,9.700000000000001,6.7,81.62,1017,0
2024,2,28,6,0,9.5,6.7,82.73,1017,0
2024,2,28,6,30,9.3,6.7,83.85000000000001,1017,0
2024,2,28,7,0,9.1,6.7,84.77,1017,0
2024,2,28,7,30,8.8,6.7,86.5,1017,0
2024,2,28,8,0,8.5,6.6000000000000005,87.81,1017,0
2024,2,28,8,30,8.3,6.6000000000000005,89,1017,0
2024,2,28,9,0,8.1,6.4,89.14,1017,0
2024,2,28,9,30,8.200000000000001,6.4,88.53,1017,0
2024,2,28,10,0,8.200000000000001,6.2,87.29,1017,0
2024,2,28,10,30,8.3,6.2,86.7,1017,0
2024,2,28,11,0,8.4,6.1000000000000005,85.5,1017,0
2024,2,28,11,30,8.3,6.1000000000000005,86.08,1017,0
2024,2,28,12,0,8.200000000000001,6,86.3,1017,0
2024,2,28,12,30,8,6,87.47,1017,0
2024,2,28,13,0,7.7,6.1000000000000005,89.33,1017,0
2024,2,28,13,30,7.6000000000000005,6.1000000000000005,89.94,1017,0
2024,2,28,14,0,7.4,6.1000000000000005,91.56,1017,0
2024,2,28,14,30,8,6.1000000000000005,87.98,1018,0
2024,2,28,15,0,8.6,7.1000000000000005,90.17,1018,0
2024,2,28,15,30,9.5,7.1000000000000005,84.87,1018,0
2024,2,28,16,0,10.3,7.9,84.79,1018,0
2024,2,28,16,30,11.700000000000001,7.9,77.29,1018,0
2024,2,28,17,0,13,8.6,74.41,1018,0
2024,2,28,17,30,14.700000000000001,8.6,66.65,1018,0
2024,2,28,18,0,16.400000000000002,7.2,54.68,1018,0
2024,2,28,18,30,17.1,7.2,52.26,1017,0
2024,2,28,19,0,17.900000000000002,7.4,50.18,1017,0
2024,2,28,19,30,18.2,7.4,49.24,1017,0
2024,2,28,20,0,18.6,7.9,49.69,1016,0
2024,2,28,20,30,18.8,7.9,49.08,1016,0
2024,2,28,21,0,19,8.3,49.82,1016,0
2024,2,28,21,30,19,8.3,49.77,1015,0
2024,2,28,22,0,19,8.5,50.69,1015,0
2024,2,28,22,30,18.8,8.5,51.32,1015,0
2024,2,28,23,0,18.6,9.200000000000001,54.160000000000004,1015,0
2024,2,28,23,30,17.900000000000002,9.1,56.53,1014,0
2024,2,29,0,0,17.3,10.8,65.61,1014,0
2024,2,29,0,30,15.4,10.8,74.02,1014,0
2024,2,29,1,0,13.5,10.100000000000001,79.71000000000001,1014,0
2024,2,29,1,30,12.5,10.100000000000001,85.07000000000001,1014,0
2024,2,29,2,0,11.4,8.4,81.93,1014,0
2024,2,29,2,30,10.9,8.4,84.68,1014,0
2024,2,29,3,0,10.5,8.4,86.82000000000001,1014,0
2024,2,29,3,30,10.3,8.4,87.98,1014,0
2024,2,29,4,0,10,8.5,90.56,1014,0
2024,2,29,4,30,9.8,8.5,91.78,1014,0
2024,2,29,5,0,9.600000000000001,8.8,94.94,1014,0
2024,2,29,5,30,9.5,8.8,95.58,1014,0
2024,2,29,6,0,9.4,9.3,99.29,1014,0
2024,2,29,6,30,9.1,9.1,100,1014,0
2024,2,29,7,0,8.9,8.9,100,1014,0
2024,2,29,7,30,8.5,8.5,100,1015,0
2024,2,29,8,0,8.1,8.1,100,1015,0
2024,2,29,8,30,7.800000000000001,7.800000000000001,100,1015,0
2024,2,29,9,0,7.6000000000000005,7.6000000000000005,100,1015,0
2024,2,29,9,30,7.6000000000000005,7.6000000000000005,100,1014,0
2024,2,29,10,0,7.7,7.7,100,1014,0
2024,2,29,10,30,7.9,7.9,100,1014,0
2024,2,29,11,0,8.200000000000001,8.200000000000001,100,1014,0
2024,2,29,11,30,8.6,8.6,100,1014,0
2024,2,29,12,0,9,9,100,1014,0
2024,2,29,12,30,9.3,9.1,98.4,1014,0
2024,2,29,13,0,9.700000000000001,9.200000000000001,96.82000000000001,1014,0
2024,2,29,13,30,9.8,9.200000000000001,96.18,1014,0
2024,2,29,14,0,9.9,9.3,96.24000000000001,1014,0
2024,2,29,14,30,10.200000000000001,9.3,94.33,1014,0
2024,2,29,15,0,10.4,9.700000000000001,95.44,1015,0
2024,2,29,15,30,10.700000000000001,9.700000000000001,93.56,1015,0
2024,2,29,16,0,11,10.200000000000001,94.74,1015,0
2024,2,29,16,30,11.5,10.200000000000001,91.66,1015,0
2024,2,29,17,0,12.100000000000001,11,92.74,1015,0
2024,2,29,17,30,13,10.9,87.35000000000001,1014,0
2024,2,29,18,0,13.8,11.5,85.73,1014,0
2024,2,29,18,30,14.200000000000001,11.5,83.54,1014,0
2024,2,29,19,0,14.5,11.200000000000001,80.58,1014,0
2024,2,29,19,30,14.5,11.200000000000001,80.58,1014,0
2024,2,29,20,0,14.5,11.200000000000001,80.72,1013,0
2024,2,29,20,30,14.600000000000001,11.200000000000001,80.2,1013,0
2024,2,29,21,0,14.700000000000001,11.5,81.31,1013,0
2024,2,29,21,30,14.5,11.5,82.36,1013,0
2024,2,29,22,0,14.200000000000001,11.600000000000001,84.55,1013,0
2024,2,29,22,30,13.9,11.600000000000001,86.2,1013,0
2024,2,29,23,0,13.700000000000001,11.600000000000001,86.98,1013,0
2024,2,29,23,30,13.3,11.600000000000001,89.27,1013,0
2024,3,1,0,0,12.8,10.9,88.18,1013,0
2024,3,1,0,30,12,10.9,92.92,1013,0
2024,3,1,1,0,11.200000000000001,9.700000000000001,90.29,1013,0
2024,3,1,1,30,10.600000000000001,9.700000000000001,93.96000000000001,1013,0
2024,3,1,2,0,10,8.9,92.62,1014,0
2024,3,1,2,30,9.600000000000001,8.9,95.13,1014,0
2024,3,1,3,0,9.3,8.3,93.52,1014,0
2024,3,1,3,30,9.1,8.3,94.79,1014,0
2024,3,1,4,0,8.9,7.9,93.72,1015,0
2024,3,1,4,30,8.6,7.9,95.64,1015,0
2024,3,1,5,0,8.4,7.6000000000000005,94.54,1015,0
2024,3,1,5,30,8.1,7.6000000000000005,96.48,1015,0
2024,3,1,6,0,7.800000000000001,7.2,96.24000000000001,1015,0
2024,3,1,6,30,7.800000000000001,7.2,96.24000000000001,1015,0
2024,3,1,7,0,7.800000000000001,7.1000000000000005,95.10000000000001,1014,0
2024,3,1,7,30,7.7,7.1000000000000005,95.75,1014,0
2024,3,1,8,0,7.6000000000000005,6.9,95.21000000000001,1014,0
2024,3,1,8,30,7.5,6.9,95.86,1014,0
2024,3,1,9,0,7.4,6.800000000000001,95.66,1014,0
2024,3,1,9,30,7.4,6.800000000000001,95.66,1014,0
2024,3,1,10,0,7.4,6.7,95.31,1013,0
2024,3,1,10,30,7.4,6.7,95.31,1013,0
2024,3,1,11,0,7.4,6.800000000000001,95.89,1013,0
2024,3,1,11,30,7.6000000000000005,6.800000000000001,94.59,1013,0
2024,3,1,12,0,7.7,7.1000000000000005,95.66,1013,0
2024,3,1,12,30,7.6000000000000005,7.1000000000000005,96.32000000000001,1013,0
2024,3,1,13,0,7.5,6.800000000000001,95.46000000000001,1013,0
2024,3,1,13,30,7.800000000000001,6.800000000000001,93.44,1012,0
2024,3,1,14,0,8.1,7.4,95.23,1012,0
2024,3,1,14,30,8.6,7.4,92.07000000000001,1012,0
2024,3,1,15,0,9.200000000000001,8.4,94.54,1013,0
2024,3,1,15,30,9.8,8.4,90.81,1013,0
2024,3,1,16,0,10.4,9.5,93.89,1013,0
2024,3,1,16,30,10.9,9.5,90.82000000000001,1013,0
2024,3,1,17,0,11.5,9.9,89.98,1013,0
2024,3,1,17,30,11.700000000000001,9.9,88.8,1013,0
2024,3,1,18,0,11.9,9.8,86.97,1013,0
2024,3,1,18,30,12.100000000000001,9.8,85.75,1012,0
2024,3,1,19,0,12.200000000000001,9.700000000000001,84.73,1012,0
2024,3,1,19,30,12.200000000000001,9.700000000000001,84.65,1011,0
2024,3,1,20,0,12.200000000000001,9.600000000000001,84.27,1011,0
2024,3,1,20,30,12.3,9.600000000000001,83.64,1010,0
2024,3,1,21,0,12.3,9.600000000000001,83.44,1010,0
2024,3,1,21,30,12.5,9.600000000000001,82.28,1009,0
2024,3,1,22,0,12.700000000000001,9.700000000000001,81.9,1008,0
2024,3,1,22,30,12.5,9.700000000000001,82.98,1008,0
2024,3,1,23,0,12.4,9.700000000000001,83.45,1008,0
2024,3,1,23,30,12.200000000000001,9.700000000000001,84.46000000000001,1007,0
2024,3,2,0,0,12,9.9,86.73,1007,0
2024,3,2,0,30,11.700000000000001,9.9,88.46000000000001,1007,0
2024,3,2,1,0,11.3,9.700000000000001,90.01,1007,0
2024,3,2,1,30,11.200000000000001,9.700000000000001,90.51,1006,0
2024,3,2,2,0,11.100000000000001,9.700000000000001,91.01,1006,0
2024,3,2,2,30,11.100000000000001,9.700000000000001,91.01,1006,0
2024,3,2,3,0,11.100000000000001,9.700000000000001,91.3,1006,0
2024,3,2,3,30,11.100000000000001,9.700000000000001,91.3,1006,0
2024,3,2,4,0,11.100000000000001,9.9,92.38,1006,0
2024,3,2,4,30,11.100000000000001,9.9,92.29,1005,0
2024,3,2,5,0,11.100000000000001,10,92.89,1005,0
2024,3,2,5,30,11,10,93.51,1005,0
2024,3,2,6,0,10.9,9.8,92.95,1005,0
2024,3,2,6,30,10.700000000000001,9.8,94.2,1005,0
2024,3,2,7,0,10.5,9.200000000000001,91.83,1005,0
2024,3,2,7,30,10.100000000000001,9.200000000000001,94.31,1005,0
2024,3,2,8,0,9.700000000000001,8.3,91.10000000000001,1005,0
2024,3,2,8,30,9.200000000000001,8.3,94.21000000000001,1005,0
2024,3,2,9,0,8.6,6.9,89.18,1006,0
2024,3,2,9,30,8.200000000000001,6.9,91.62,1006,0
2024,3,2,10,0,7.800000000000001,5.9,87.75,1006,0
2024,3,2,10,30,7.5,5.9,89.56,1006,0
2024,3,2,11,0,7.300000000000001,5.5,88.29,1006,0
2024,3,2,11,30,7.1000000000000005,5.5,89.60000000000001,1007,0
2024,3,2,12,0,7,5.4,89.44,1007,0
2024,3,2,12,30,6.800000000000001,5.4,90.67,1007,0
2024,3,2,13,0,6.7,5.300000000000001,90.63,1007,0
2024,3,2,13,30,6.6000000000000005,5.300000000000001,91.25,1007,0
2024,3,2,14,0,6.5,5.2,91.4,1008,0
2024,3,2,14,30,6.9,5.2,88.93,1008,0
2024,3,2,15,0,7.300000000000001,5.800000000000001,90.37,1008,0
2024,3,2,15,30,7.800000000000001,5.800000000000001,87.43,1009,0
2024,3,2,16,0,8.3,6.4,87.88,1009,0
2024,3,2,16,30,8.8,6.4,84.96000000000001,1009,0
2024,3,2,17,0,9.3,6.2,80.7,1009,0
2024,3,2,17,30,9.5,6.2,79.63,1009,0
2024,3,2,18,0,9.8,5.5,74.72,1009,0
2024,3,2,18,30,9.9,5.5,74.23,1009,0
2024,3,2,19,0,10,5.4,72.84,1009,0
2024,3,2,19,30,10,5.4,72.84,1009,0
2024,3,2,20,0,10.100000000000001,5.6000000000000005,73.46000000000001,1008,0
2024,3,2,20,30,10.200000000000001,5.6000000000000005,72.97,1008,0
2024,3,2,21,0,10.3,6,74.52,1007,0
2024,3,2,21,30,10.3,6,74.52,1007,0
2024,3,2,22,0,10.3,6.2,75.48,1007,0
2024,3,2,22,30,10.100000000000001,6.2,76.49,1007,0
2024,3,2,23,0,9.9,6.300000000000001,78.33,1007,0
2024,3,2,23,30,9.700000000000001,6.300000000000001,79.38,1007,0
2024,3,3,0,0,9.4,6.7,83.34,1007,0
2024,3,3,0,30,9.1,6.7,84.95,1006,0
2024,3,3,1,0,8.700000000000001,7.1000000000000005,89.7,1006,0
2024,3,3,1,30,8.700000000000001,7.1000000000000005,89.7,1006,0
2024,3,3,2,0,8.700000000000001,7.300000000000001,91.10000000000001,1006,0
2024,3,3,2,30,8.700000000000001,7.300000000000001,91.10000000000001,1006,0
2024,3,3,3,0,8.6,6.9,89.29,1007,0
2024,3,3,3,30,8.3,6.9,91.11,1007,0
2024,3,3,4,0,7.9,6.2,89.12,1008,0
2024,3,3,4,30,7.6000000000000005,6.2,90.96000000000001,1008,0
2024,3,3,5,0,7.300000000000001,5.7,89.64,1009,0
2024,3,3,5,30,7,5.7,91.5,1009,0
2024,3,3,6,0,6.7,5.4,91.24,1010,0
2024,3,3,6,30,6.4,5.4,93.14,1010,0
2024,3,3,7,0,6.1000000000000005,5,92.47,1010,0
2024,3,3,7,30,5.800000000000001,5,94.5,1011,0
2024,3,3,8,0,5.6000000000000005,4.7,93.9,1011,0
2024,3,3,8,30,5.4,4.7,95.21000000000001,1011,0
2024,3,3,9,0,5.2,4.4,94.72,1011,0
2024,3,3,9,30,5.1000000000000005,4.4,95.38,1011,0
2024,3,3,10,0,5,4.2,94.75,1011,0
2024,3,3,10,30,4.9,4.2,95.42,1011,0
2024,3,3,11,0,4.800000000000001,4.1000000000000005,95.13,1012,0
2024,3,3,11,30,4.800000000000001,4.1000000000000005,95.13,1012,0
2024,3,3,12,0,4.800000000000001,4,94.41,1012,0
2024,3,3,12,30,4.800000000000001,4,94.41,1012,0
2024,3,3,13,0,4.800000000000001,3.9000000000000004,93.99,1012,0
2024,3,3,13,30,4.9,3.9000000000000004,93.43,1013,0
2024,3,3,14,0,4.9,4,93.84,1013,0
2024,3,3,14,30,6.1000000000000005,4,86.36,1013,0
2024,3,3,15,0,7.2,5.800000000000001,90.79,1014,0
2024,3,3,15,30,8.1,5.800000000000001,85.4,1014,0
2024,3,3,16,0,9.1,7,86.98,1014,0
2024,3,3,16,30,9.700000000000001,7.1000000000000005,83.63,1015,0
2024,3,3,17,0,10.4,6.800000000000001,78.55,1015,0
2024,3,3,17,30,10.8,6.800000000000001,76.49,1015,0
2024,3,3,18,0,11.200000000000001,6.1000000000000005,70.95,1015,0
2024,3,3,18,30,11.4,6.1000000000000005,70.02,1015,0
2024,3,3,19,0,11.700000000000001,5.800000000000001,67.27,1015,0
2024,3,3,19,30,11.9,5.800000000000001,66.39,1015,0
2024,3,3,20,0,12,5.9,66.08,1015,0
2024,3,3,20,30,12.100000000000001,5.9,65.65,1015,0
2024,3,3,21,0,12.200000000000001,6,65.76,1014,0
2024,3,3,21,30,11.9,6,67.07000000000001,1014,0
2024,3,3,22,0,11.700000000000001,6.1000000000000005,68.51,1014,0
2024,3,3,22,30,11.5,6.1000000000000005,69.41,1014,0
2024,3,3,23,0,11.4,6.5,71.61,1014,0
2024,3,3,23,30,11,6.5,73.53,1014,0
2024,3,4,0,0,10.600000000000001,6.9,77.65,1014,0
2024,3,4,0,30,9.8,6.9,81.9,1014,0
2024,3,4,1,0,9,7,87.35000000000001,1015,0
2024,3,4,1,30,8.200000000000001,7,92.2,1015,0
2024,3,4,2,0,7.4,6.4,93.53,1015,0
2024,3,4,2,30,7.1000000000000005,6.4,95.47,1015,0
2024,3,4,3,0,6.800000000000001,6.2,95.82000000000001,1016,0
2024,3,4,3,30,6.5,6.2,97.81,1016,0
2024,3,4,4,0,6.1000000000000005,5.7,97.05,1016,0
2024,3,4,4,30,5.800000000000001,5.7,99.08,1016,0
2024,3,4,5,0,5.4,5.1000000000000005,97.63,1017,0
2024,3,4,5,30,5.2,5.1000000000000005,98.99000000000001,1017,0
2024,3,4,6,0,4.9,4.5,97.01,1017,0
2024,3,4,6,30,4.6000000000000005,4.5,99.06,1017,0
2024,3,4,7,0,4.4,3.9000000000000004,96.68,1017,0
2024,3,4,7,30,4.4,3.9000000000000004,96.68,1017,0
2024,3,4,8,0,4.4,3.7,95.47,1018,0
2024,3,4,8,30,4.4,3.7,95.47,1018,0
2024,3,4,9,0,4.3,3.6,95.08,1018,0
2024,3,4,9,30,4.3,3.6,95.08,1018,0
2024,3,4,10,0,4.3,3.5,94.53,1018,0
2024,3,4,10,30,4.1000000000000005,3.5,95.86,1018,0
2024,3,4,11,0,4,3.3000000000000003,95.11,1018,0
2024,3,4,11,30,3.8000000000000003,3.3000000000000003,96.45,1018,0
2024,3,4,12,0,3.6,3,95.81,1018,0
2024,3,4,12,30,3.5,3,96.48,1018,0
2024,3,4,13,0,3.4000000000000004,3,96.94,1018,0
2024,3,4,13,30,3.4000000000000004,3,96.94,1018,0
2024,3,4,14,0,3.5,3.1,97.06,1018,0
2024,3,4,14,30,5,3.1,87.48,1019,0
2024,3,4,15,0,6.5,5.6000000000000005,93.96000000000001,1019,0
2024,3,4,15,30,7.800000000000001,5.6000000000000005,85.98,1019,0
2024,3,4,16,0,9,6.9,86.79,1019,0
2024,3,4,16,30,9.9,6.9,81.78,1020,0
2024,3,4,17,0,10.8,7,77.22,1020,0
2024,3,4,17,30,11.5,7,73.73,1020,0
2024,3,4,18,0,12.100000000000001,6.6000000000000005,69.16,1020,0
2024,3,4,18,30,12.5,6.6000000000000005,67.37,1020,0
2024,3,4,19,0,12.9,6.5,65.27,1020,0
2024,3,4,19,30,13.100000000000001,6.5,64.43,1020,0
2024,3,4,20,0,13.3,6.7,64.22,1019,0
2024,3,4,20,30,13.4,6.7,63.81,1019,0
2024,3,4,21,0,13.4,6.800000000000001,64.38,1019,0
2024,3,4,21,30,13.5,6.800000000000001,63.96,1019,0
2024,3,4,22,0,13.5,7.1000000000000005,65.36,1018,0
2024,3,4,22,30,13.3,7.1000000000000005,66.21000000000001,1018,0
2024,3,4,23,0,13.100000000000001,7.6000000000000005,69.35000000000001,1018,0
2024,3,4,23,30,12.700000000000001,7.6000000000000005,71.18,1018,0
2024,3,5,0,0,12.200000000000001,8.8,79.63,1018,0
2024,3,5,0,30,11.4,8.8,83.93,1018,0
2024,3,5,1,0,10.5,8.8,89.23,1018,0
2024,3,5,1,30,10,8.8,92.25,1018,0
2024,3,5,2,0,9.4,7.9,90.13,1018,0
2024,3,5,2,30,9.200000000000001,7.9,91.34,1018,0
2024,3,5,3,0,9.1,7.7,91.18,1018,0
2024,3,5,3,30,9,7.7,91.8,1018,0
2024,3,5,4,0,8.8,7.6000000000000005,92.37,1018,0
2024,3,5,4,30,8.8,7.6000000000000005,92.37,1018,0
2024,3,5,5,0,8.700000000000001,7.6000000000000005,92.88,1018,0
2024,3,5,5,30,8.6,7.6000000000000005,93.51,1018,0
2024,3,5,6,0,8.5,7.6000000000000005,93.99,1018,0
2024,3,5,6,30,8.4,7.6000000000000005,94.62,1018,0
2024,3,5,7,0,8.3,7.6000000000000005,95.15,1018,0
2024,3,5,7,30,8.200000000000001,7.6000000000000005,95.8,1018,0
2024,3,5,8,0,8.200000000000001,7.6000000000000005,95.79,1018,0
2024,3,5,8,30,8.1,7.6000000000000005,96.35000000000001,1017,0
2024,3,5,9,0,8.1,7.6000000000000005,96.39,1017,0
2024,3,5,9,30,8.1,7.6000000000000005,96.39,1017,0
2024,3,5,10,0,8,7.5,96.55,1017,0
2024,3,5,10,30,8.1,7.5,95.9,1017,0
2024,3,5,11,0,8.1,7.5,95.88,1017,0
2024,3,5,11,30,8.1,7.5,95.88,1017,0
2024,3,5,12,0,8.1,7.4,95.51,1017,0
2024,3,5,12,30,8,7.4,96.16,1017,0
2024,3,5,13,0,8,7.300000000000001,95.06,1017,0
2024,3,5,13,30,8.1,7.300000000000001,94.42,1017,0
2024,3,5,14,0,8.200000000000001,7.4,94.91,1017,0
2024,3,5,14,30,8.8,7.4,91.14,1017,0
2024,3,5,15,0,9.4,8.5,93.84,1017,0
2024,3,5,15,30,10,8.5,90.15,1017,0
2024,3,5,16,0,10.600000000000001,9.5,92.78,1017,0
2024,3,5,16,30,11.200000000000001,9.5,89.16,1017,0
2024,3,5,17,0,11.9,10.4,90.74,1017,0
2024,3,5,17,30,12.4,10.4,87.81,1017,0
2024,3,5,18,0,12.9,10.8,87.16,1016,0
2024,3,5,18,30,13.3,10.8,84.92,1016,0
2024,3,5,19,0,13.700000000000001,11,83.52,1016,0
2024,3,5,19,30,13.9,11,82.45,1016,0
2024,3,5,20,0,14.100000000000001,11,81.56,1016,0
2024,3,5,20,30,14.3,11,80.44,1015,0
2024,3,5,21,0,14.5,11.200000000000001,80.39,1015,0
2024,3,5,21,30,14.700000000000001,11.200000000000001,79.36,1015,0
2024,3,5,22,0,14.9,11.3,79.07000000000001,1014,0
2024,3,5,22,30,15,11.3,78.57000000000001,1014,0
2024,3,5,23,0,15.100000000000001,11.4,78.68,1014,0
2024,3,5,23,30,14.8,11.4,80.21000000000001,1014,0
2024,3,6,0,0,14.600000000000001,11.8,83.12,1014,0
2024,3,6,0,30,13.5,11.8,89.24,1014,0
2024,3,6,1,0,12.4,11.200000000000001,92.16,1013,0
2024,3,6,1,30,11.600000000000001,11.200000000000001,97.23,1014,0
2024,3,6,2,0,10.9,10.200000000000001,95.4,1014,0
2024,3,6,2,30,10.700000000000001,10.200000000000001,96.68,1014,0
2024,3,6,3,0,10.5,9.9,96.14,1014,0
2024,3,6,3,30,10.3,9.9,97.43,1014,0
2024,3,6,4,0,10.100000000000001,9.600000000000001,96.75,1014,0
2024,3,6,4,30,9.8,9.600000000000001,98.7,1014,0
2024,3,6,5,0,9.600000000000001,9.200000000000001,97.56,1014,0
2024,3,6,5,30,9.3,9.200000000000001,99.44,1013,0
2024,3,6,6,0,9.1,8.8,98.27,1013,0
2024,3,6,6,30,9,8.8,98.93,1013,0
2024,3,6,7,0,9,8.6,97.65,1013,0
2024,3,6,7,30,9.200000000000001,8.6,96.34,1013,0
2024,3,6,8,0,9.5,8.9,96.12,1013,0
2024,3,6,8,30,9.8,8.9,94.21000000000001,1013,0
2024,3,6,9,0,10,9.1,94.42,1013,0
2024,3,6,9,30,10.200000000000001,9.1,93.08,1012,0
2024,3,6,10,0,10.3,9.3,93.33,1012,0
2024,3,6,10,30,10.3,9.3,93.33,1012,0
2024,3,6,11,0,10.3,9.200000000000001,92.83,1012,0
2024,3,6,11,30,10.3,9.200000000000001,92.83,1012,0
2024,3,6,12,0,10.200000000000001,9,92.35000000000001,1011,0
2024,3,6,12,30,9.9,9,94.22,1011,0
2024,3,6,13,0,9.700000000000001,8.700000000000001,93.22,1011,0
2024,3,6,13,30,9.4,8.700000000000001,95.11,1011,0
2024,3,6,14,0,9.200000000000001,8.4,94.46000000000001,1012,0
2024,3,6,14,30,9.600000000000001,8.4,91.96000000000001,1012,0
2024,3,6,15,0,10,9.4,95.75,1012,0
2024,3,6,15,30,10.700000000000001,9.4,91.39,1012,0
2024,3,6,16,0,11.5,10.5,93.34,1012,0
2024,3,6,16,30,12.100000000000001,10.5,89.73,1012,0
2024,3,6,17,0,12.700000000000001,11.100000000000001,89.94,1012,0
2024,3,6,17,30,13.200000000000001,11.100000000000001,87.05,1012,0
2024,3,6,18,0,13.700000000000001,11.3,85.49,1012,0
2024,3,6,18,30,14,11.3,83.76,1011,0
2024,3,6,19,0,14.3,11.3,82.12,1011,0
2024,3,6,19,30,14.5,11.3,81.07000000000001,1011,0
2024,3,6,20,0,14.600000000000001,11.3,80.52,1011,0
2024,3,6,20,30,14.700000000000001,11.3,79.92,1010,0
2024,3,6,21,0,14.700000000000001,11.3,79.99,1010,0
2024,3,6,21,30,14.700000000000001,11.3,79.99,1010,0
2024,3,6,22,0,14.700000000000001,11.4,80.73,1010,0
2024,3,6,22,30,14.700000000000001,11.4,80.73,1010,0
2024,3,6,23,0,14.600000000000001,11.8,83.15,1010,0
2024,3,6,23,30,14.4,11.8,84.23,1010,0
2024,3,7,0,0,14.200000000000001,12.100000000000001,87.44,1010,0
2024,3,7,0,30,13.600000000000001,12.100000000000001,90.9,1010,0
2024,3,7,1,0,13,10.700000000000001,86.16,1010,0
2024,3,7,1,30,12.4,10.700000000000001,89.60000000000001,1010,0
2024,3,7,2,0,11.8,10,88.93,1010,0
2024,3,7,2,30,11.4,10,91.3,1010,0
2024,3,7,3,0,11,9.8,92.18,1010,0
2024,3,7,3,30,10.600000000000001,9.8,94.65,1010,0
2024,3,7,4,0,10.200000000000001,9.5,95.33,1010,0
2024,3,7,4,30,9.8,9.5,98.01,1011,0
2024,3,7,5,0,9.4,9.1,97.97,1011,0
2024,3,7,5,30,9.1,9.1,99.96000000000001,1011,0
2024,3,7,6,0,8.700000000000001,8.6,99.43,1011,0
2024,3,7,6,30,8.4,8.4,100,1011,0
2024,3,7,7,0,8.1,8.1,100,1011,0
2024,3,7,7,30,7.9,7.9,100,1011,0
2024,3,7,8,0,7.7,7.7,99.92,1011,0
2024,3,7,8,30,7.5,7.5,100,1011,0
2024,3,7,9,0,7.4,7.300000000000001,99.5,1011,0
2024,3,7,9,30,7.2,7.2,100,1011,0
2024,3,7,10,0,7.1000000000000005,7,99.48,1011,0
2024,3,7,10,30,7.1000000000000005,7,99.48,1011,0
2024,3,7,11,0,7,6.800000000000001,98.58,1011,0
2024,3,7,11,30,7,6.800000000000001,98.58,1011,0
2024,3,7,12,0,7,6.6000000000000005,97.31,1011,0
2024,3,7,12,30,7.1000000000000005,6.6000000000000005,96.75,1012,0
2024,3,7,13,0,7.1000000000000005,6.5,96.13,1012,0
2024,3,7,13,30,7.2,6.5,95.48,1012,0
2024,3,7,14,0,7.4,6.5,94.16,1013,0
2024,3,7,14,30,7.7,6.5,92.26,1013,0
2024,3,7,15,0,8.1,6.9,91.95,1014,0
2024,3,7,15,30,8.700000000000001,6.9,88.29,1014,0
2024,3,7,16,0,9.3,6.800000000000001,84.39,1015,0
2024,3,7,16,30,10.3,6.800000000000001,78.93,1015,0
2024,3,7,17,0,11.200000000000001,6.1000000000000005,70.95,1015,0
2024,3,7,17,30,12.200000000000001,6.1000000000000005,66.43,1015,0
2024,3,7,18,0,13.100000000000001,6,62.02,1015,0
2024,3,7,18,30,13.9,6,58.88,1015,0
2024,3,7,19,0,14.600000000000001,6.5,58.4,1016,0
2024,3,7,19,30,15.100000000000001,6.5,56.5,1015,0
2024,3,7,20,0,15.700000000000001,7.1000000000000005,56.44,1015,0
2024,3,7,20,30,16,7.1000000000000005,55.370000000000005,1015,0
2024,3,7,21,0,16.3,7.4,55.77,1015,0
2024,3,7,21,30,16.5,7.4,55.07,1015,0
2024,3,7,22,0,16.6,7.7,55.800000000000004,1015,0
2024,3,7,22,30,16.5,7.7,56.160000000000004,1015,0
2024,3,7,23,0,16.5,8.200000000000001,58.09,1015,0
2024,3,7,23,30,16,8.200000000000001,59.96,1015,0
2024,3,8,0,0,15.5,9.8,68.76,1016,0
2024,3,8,0,30,14,9.8,75.72,1016,0
2024,3,8,1,0,12.4,9.9,84.60000000000001,1016,0
2024,3,8,1,30,11.3,9.9,90.95,1016,0
2024,3,8,2,0,10.100000000000001,8.200000000000001,88.10000000000001,1017,0
2024,3,8,2,30,9.8,8.200000000000001,89.88,1017,0
2024,3,8,3,0,9.5,7.800000000000001,88.91,1017,0
2024,3,8,3,30,9.200000000000001,7.800000000000001,90.81,1018,0
2024,3,8,4,0,8.9,7.2,89.33,1018,0
2024,3,8,4,30,8.6,7.2,91.16,1018,0
2024,3,8,5,0,8.3,6.7,89.95,1018,0
2024,3,8,5,30,8,6.7,91.79,1018,0
2024,3,8,6,0,7.7,6.300000000000001,90.86,1018,0
2024,3,8,6,30,7.4,6.300000000000001,92.74,1018,0
2024,3,8,7,0,7,5.800000000000001,92.18,1019,0
2024,3,8,7,30,6.7,5.800000000000001,94.09,1019,0
2024,3,8,8,0,6.300000000000001,5.300000000000001,93.35000000000001,1019,0
2024,3,8,8,30,6,5.300000000000001,95.3,1019,0
2024,3,8,9,0,5.6000000000000005,4.9,95.09,1019,0
2024,3,8,9,30,5.300000000000001,4.9,97.09,1019,0
2024,3,8,10,0,4.9,4.5,97.13,1019,0
2024,3,8,10,30,4.6000000000000005,4.5,99.18,1019,0
2024,3,8,11,0,4.3,4.1000000000000005,98.37,1019,0
2024,3,8,11,30,4,4,100,1019,0
2024,3,8,12,0,3.8000000000000003,3.6,98.55,1019,0
2024,3,8,12,30,3.5,3.5,100,1020,0
2024,3,8,13,0,3.3000000000000003,3.1,98.73,1020,0
2024,3,8,13,30,3.3000000000000003,3.1,98.73,1020,0
2024,3,8,14,0,3.3000000000000003,2.8000000000000003,96.5,1020,0
2024,3,8,14,30,5,2.8000000000000003,85.76,1021,0
2024,3,8,15,0,6.6000000000000005,3.8000000000000003,82.60000000000001,1021,0
2024,3,8,15,30,7.9,3.9000000000000004,75.58,1021,0
2024,3,8,16,0,9.1,4.4,72.59,1021,0
2024,3,8,16,30,10.4,4.4,66.55,1021,0
2024,3,8,17,0,11.700000000000001,5.5,65.83,1021,0
2024,3,8,17,30,12.8,5.5,61.25,1021,0
2024,3,8,18,0,14,6.4,60.27,1021,0
2024,3,8,18,30,15.100000000000001,6.4,56.15,1021,0
2024,3,8,19,0,16.2,6.300000000000001,51.92,1021,0
2024,3,8,19,30,17.1,6.300000000000001,49.050000000000004,1021,0
2024,3,8,20,0,18,5.9,44.89,1021,0
2024,3,8,20,30,18.3,5.800000000000001,44.01,1020,0
2024,3,8,21,0,18.6,5.9,43.47,1020,0
2024,3,8,21,30,18.7,5.9,43.2,1020,0
2024,3,8,22,0,18.8,6,43.1,1019,0
2024,3,8,22,30,18.6,6,43.64,1019,0
2024,3,8,23,0,18.5,6.300000000000001,44.77,1019,0
2024,3,8,23,30,18.1,6.300000000000001,45.910000000000004,1019,0
2024,3,9,0,0,17.8,7.1000000000000005,49.69,1018,0
2024,3,9,0,30,16.6,7.1000000000000005,53.6,1018,0
2024,3,9,1,0,15.3,7.800000000000001,61.050000000000004,1018,0
2024,3,9,1,30,14.3,7.800000000000001,65.1,1018,0
2024,3,9,2,0,13.3,5.5,59.29,1018,0
2024,3,9,2,30,12.4,5.5,62.88,1018,0
2024,3,9,3,0,11.5,5.9,68.34,1018,0
2024,3,9,3,30,10.600000000000001,5.9,72.61,1019,0
2024,3,9,4,0,9.700000000000001,6.4,80.04,1019,0
2024,3,9,4,30,9.200000000000001,6.4,82.77,1019,0
2024,3,9,5,0,8.6,7,89.66,1019,0
2024,3,9,5,30,8.200000000000001,7,92.12,1019,0
2024,3,9,6,0,7.800000000000001,7.5,97.79,1019,0
2024,3,9,6,30,7.6000000000000005,7.5,99.13,1019,0
2024,3,9,7,0,7.4,7.4,100,1019,0
2024,3,9,7,30,7,7,100,1019,0
2024,3,9,8,0,6.7,6.7,100,1019,0
2024,3,9,8,30,6.300000000000001,6.300000000000001,100,1019,0
2024,3,9,9,0,6,6,100,1019,0
2024,3,9,9,30,5.9,5.9,100,1019,0
2024,3,9,10,0,5.800000000000001,5.800000000000001,100,1019,0
2024,3,9,10,30,5.800000000000001,5.800000000000001,100,1019,0
2024,3,9,11,0,5.7,5.7,100,1019,0
2024,3,9,11,30,5.7,5.7,100,1019,0
2024,3,9,12,0,5.7,5.7,100,1019,0
2024,3,9,12,30,6,6,100,1020,0
2024,3,9,13,0,6.2,6.2,100,1020,0
2024,3,9,13,30,6.5,6.5,100,1020,0
2024,3,9,14,0,6.9,6.800000000000001,99.06,1020,0
2024,3,9,14,30,8.1,6.800000000000001,91.28,1020,0
2024,3,9,15,0,9.4,8.4,93.76,1021,0
2024,3,9,15,30,10.600000000000001,8.4,86.55,1021,0
2024,3,9,16,0,11.9,9.600000000000001,85.91,1021,0
2024,3,9,16,30,12.600000000000001,9.600000000000001,82.06,1021,0
2024,3,9,17,0,13.3,10.100000000000001,80.78,1021,0
2024,3,9,17,30,13.700000000000001,10.100000000000001,78.71000000000001,1021,0
2024,3,9,18,0,14,10.200000000000001,77.72,1020,0
2024,3,9,18,30,14.200000000000001,10.200000000000001,76.72,1020,0
2024,3,9,19,0,14.3,10.3,76.76,1020,0
2024,3,9,19,30,14.4,10.3,76.27,1020,0
2024,3,9,20,0,14.600000000000001,10.4,76,1020,0
2024,3,9,20,30,14.700000000000001,10.4,75.52,1020,0
2024,3,9,21,0,14.9,10.5,75.19,1019,0
2024,3,9,21,30,15,10.5,74.71000000000001,1019,0
2024,3,9,22,0,15.100000000000001,10.600000000000001,74.51,1019,0
2024,3,9,22,30,15.200000000000001,10.600000000000001,74.03,1019,0
2024,3,9,23,0,15.3,10.5,73.03,1018,0
2024,3,9,23,30,14.9,10.5,75,1019,0
2024,3,10,0,0,14.600000000000001,10.5,76.48,1019,0
2024,3,10,0,30,13.4,10.5,82.65,1019,0
2024,3,10,1,0,12.100000000000001,10.200000000000001,88.36,1019,0
2024,3,10,1,30,11,10.200000000000001,95,1019,0
2024,3,10,2,0,9.8,8.6,92.22,1019,0
2024,3,10,2,30,9.4,8.6,94.72,1019,0
2024,3,10,3,0,8.9,8.1,94.5,1019,0
2024,3,10,3,30,8.5,8.1,97.08,1019,0
2024,3,10,4,0,8,7.7,98.22,1019,0
2024,3,10,4,30,7.7,7.7,100,1019,0
2024,3,10,5,0,7.300000000000001,7.300000000000001,100,1019,0
2024,3,10,5,30,7.1000000000000005,7.1000000000000005,100,1019,0
2024,3,10,6,0,6.9,6.9,100,1019,0
2024,3,10,6,30,6.7,6.7,100,1019,0
2024,3,10,7,0,6.6000000000000005,6.6000000000000005,100,1019,0
2024,3,10,7,30,6.4,6.4,100,1019,0
2024,3,10,8,0,6.300000000000001,6.300000000000001,100,1019,0
2024,3,10,8,30,6.2,6.2,100,1019,0
2024,3,10,9,0,6.2,6.2,100,1019,0
2024,3,10,9,30,6.1000000000000005,6.1000000000000005,100,1018,0
2024,3,10,10,0,6.1000000000000005,6.1000000000000005,100,1018,0
2024,3,10,10,30,6.1000000000000005,6.1000000000000005,100,1018,0
2024,3,10,11,0,6.1000000000000005,6.1000000000000005,100,1018,0
2024,3,10,11,30,6.2,6.2,100,1018,0
2024,3,10,12,0,6.300000000000001,6.300000000000001,100,1018,0
2024,3,10,12,30,6.4,6.4,100,1018,0
2024,3,10,13,0,6.5,6.5,100,1018,0
2024,3,10,13,30,6.6000000000000005,6.6000000000000005,100,1018,0
2024,3,10,14,0,6.7,6.7,100,1018,0
2024,3,10,14,30,7.7,7.4,97.71000000000001,1018,0
2024,3,10,15,0,8.700000000000001,8.3,97.03,1019,0
2024,3,10,15,30,10.100000000000001,8.3,88.33,1019,0
2024,3,10,16,0,11.5,9.200000000000001,85.96000000000001,1019,0
2024,3,10,16,30,12.4,9.200000000000001,81.02,1019,0
2024,3,10,17,0,13.4,8.8,73.71000000000001,1019,0
2024,3,10,17,30,14,8.8,70.9,1019,0
2024,3,10,18,0,14.700000000000001,7.800000000000001,63.440000000000005,1018,0
2024,3,10,18,30,15.100000000000001,7.800000000000001,61.83,1018,0
2024,3,10,19,0,15.5,7.4,58.620000000000005,1018,0
2024,3,10,19,30,15.700000000000001,7.4,57.82,1017,0
2024,3,10,20,0,15.9,7.300000000000001,56.61,1017,0
2024,3,10,20,30,15.9,7.300000000000001,56.56,1016,0
2024,3,10,21,0,15.8,7.300000000000001,56.870000000000005,1016,0
2024,3,10,21,30,15.5,7.300000000000001,57.97,1016,0
2024,3,10,22,0,15.200000000000001,7.6000000000000005,60.39,1015,0
2024,3,10,22,30,14.8,7.6000000000000005,61.96,1015,0
2024,3,10,23,0,14.3,8.5,68.25,1015,0
2024,3,10,23,30,13.700000000000001,8.5,70.95,1015,0
2024,3,11,0,0,13,9.600000000000001,79.64,1015,0
2024,3,11,0,30,12.4,9.600000000000001,82.82000000000001,1015,0
2024,3,11,1,0,11.700000000000001,9.4,85.97,1015,0
2024,3,11,1,30,11.3,9.4,88.27,1015,0
2024,3,11,2,0,10.9,9.3,90.15,1015,0
2024,3,11,2,30,10.700000000000001,9.3,91.35000000000001,1015,0
2024,3,11,3,0,10.5,9.5,93.28,1016,0
2024,3,11,3,30,10.4,9.5,93.9,1016,0
2024,3,11,4,0,10.3,9.4,94.41,1015,0
2024,3,11,4,30,10.100000000000001,9.4,95.67,1015,0
2024,3,11,5,0,10,9.200000000000001,94.96000000000001,1015,0
2024,3,11,5,30,9.8,9.200000000000001,96.24000000000001,1015,0
2024,3,11,6,0,9.700000000000001,9.1,96.12,1015,0
2024,3,11,6,30,9.700000000000001,9.1,96.12,1015,0
2024,3,11,7,0,9.600000000000001,9.1,96.86,1015,0
2024,3,11,7,30,9.5,9.1,97.51,1015,0
2024,3,11,8,0,9.3,8.9,97.55,1015,0
2024,3,11,8,30,9.200000000000001,8.9,98.2,1015,0
2024,3,11,9,0,9,8.6,97.17,1015,0
2024,3,11,9,30,8.6,8.6,99.83,1015,0
2024,3,11,10,0,8.3,7.800000000000001,96.94,1015,0
2024,3,11,10,30,7.800000000000001,7.800000000000001,100,1015,0
2024,3,11,11,0,7.4,6.800000000000001,96.02,1015,0
2024,3,11,11,30,7.1000000000000005,6.800000000000001,98.01,1015,0
2024,3,11,12,0,6.800000000000001,6.1000000000000005,95.56,1015,0
2024,3,11,12,30,6.5,6.1000000000000005,97.54,1015,0
2024,3,11,13,0,6.300000000000001,5.6000000000000005,95.02,1015,0
2024,3,11,13,30,6.2,5.6000000000000005,95.68,1015,0
2024,3,11,14,0,6.2,5.5,95.14,1016,0
2024,3,11,14,30,7.7,5.5,85.86,1016,0
2024,3,11,15,0,9.1,7.9,92.07000000000001,1016,0
2024,3,11,15,30,10.100000000000001,7.9,86.2,1017,0
2024,3,11,16,0,11.100000000000001,8.8,85.65,1017,0
2024,3,11,16,30,12,8.8,80.72,1017,0
2024,3,11,17,0,13,8.700000000000001,75.10000000000001,1017,0
2024,3,11,17,30,13.8,8.700000000000001,71.3,1017,0
2024,3,11,18,0,14.600000000000001,8.200000000000001,65.56,1017,0
2024,3,11,18,30,15.100000000000001,8.200000000000001,63.480000000000004,1017,0
2024,3,11,19,0,15.5,7.9,60.370000000000005,1017,0
2024,3,11,19,30,15.8,7.9,59.230000000000004,1017,0
2024,3,11,20,0,16.1,7.9,58.300000000000004,1017,0
2024,3,11,20,30,16.2,7.9,57.93,1017,0
2024,3,11,21,0,16.2,7.9,57.870000000000005,1016,0
2024,3,11,21,30,16,7.9,58.61,1016,0
2024,3,11,22,0,15.8,8,59.69,1016,0
2024,3,11,22,30,15.5,8,60.84,1016,0
2024,3,11,23,0,15.200000000000001,8.3,63.43,1017,0
2024,3,11,23,30,14.4,8.3,66.78,1017,0
2024,3,12,0,0,13.600000000000001,9,73.81,1017,0
2024,3,12,0,30,12.700000000000001,9,78.27,1017,0
2024,3,12,1,0,11.8,9.3,84.4,1018,0
2024,3,12,1,30,11.3,9.3,87.23,1018,0
2024,3,12,2,0,10.9,9.1,88.89,1018,0
2024,3,12,2,30,10.600000000000001,9.1,90.67,1018,0
2024,3,12,3,0,10.4,9.200000000000001,92.16,1019,0
2024,3,12,3,30,10.100000000000001,9.200000000000001,94.02,1019,0
2024,3,12,4,0,9.9,8.9,93.41,1019,0
2024,3,12,4,30,9.9,8.9,93.32000000000001,1018,0
2024,3,12,5,0,9.8,8.700000000000001,93.15,1018,0
2024,3,12,5,30,9.8,8.700000000000001,93.15,1018,0
2024,3,12,6,0,9.700000000000001,8.700000000000001,93.66,1018,0
2024,3,12,6,30,9.8,8.700000000000001,93.03,1018,0
2024,3,12,7,0,9.8,8.8,93.53,1018,0
2024,3,12,7,30,9.9,8.8,92.9,1018,0
2024,3,12,8,0,9.9,8.700000000000001,92.02,1018,0
2024,3,12,8,30,9.9,8.700000000000001,92.02,1018,0
2024,3,12,9,0,9.9,8.6,91.32000000000001,1018,0
2024,3,12,9,30,9.8,8.6,91.93,1018,0
2024,3,12,10,0,9.700000000000001,8.6,92.58,1018,0
2024,3,12,10,30,9.600000000000001,8.6,93.2,1018,0
2024,3,12,11,0,9.5,8.6,94.02,1018,0
2024,3,12,11,30,9.5,8.6,94.02,1018,0
2024,3,12,12,0,9.4,8.700000000000001,95.29,1018,0
2024,3,12,12,30,9.5,8.700000000000001,94.66,1018,0
2024,3,12,13,0,9.600000000000001,8.8,95.06,1018,0
2024,3,12,13,30,9.700000000000001,8.8,94.42,1018,0
2024,3,12,14,0,9.9,9.200000000000001,95.4,1018,0
2024,3,12,14,30,10.200000000000001,9.200000000000001,93.51,1018,0
2024,3,12,15,0,10.600000000000001,9.9,95.25,1018,0
2024,3,12,15,30,11.100000000000001,9.9,92.23,1019,0
2024,3,12,16,0,11.600000000000001,10.8,94.71000000000001,1019,0
2024,3,12,16,30,12.100000000000001,10.8,91.65,1019,0
2024,3,12,17,0,12.700000000000001,11.5,92.62,1019,0
2024,3,12,17,30,13.100000000000001,11.5,90.24,1019,0
2024,3,12,18,0,13.600000000000001,11.700000000000001,88.33,1020,0
2024,3,12,18,30,14.100000000000001,11.700000000000001,85.52,1020,0
2024,3,12,19,0,14.600000000000001,11.4,81.14,1020,0
2024,3,12,19,30,15.200000000000001,11.4,78.07000000000001,1020,0
2024,3,12,20,0,15.8,10.9,72.43,1020,0
2024,3,12,20,30,15.9,10.8,71.9,1019,0
2024,3,12,21,0,16.1,10.200000000000001,67.84,1019,0
2024,3,12,21,30,16.3,10.200000000000001,66.98,1019,0
2024,3,12,22,0,16.5,10,65.33,1019,0
2024,3,12,22,30,16.6,10,64.92,1019,0
2024,3,12,23,0,16.6,9.8,64.21000000000001,1019,0
2024,3,12,23,30,16.3,9.8,65.44,1019,0
2024,3,13,0,0,16,10.5,69.84,1019,0
2024,3,13,0,30,15,10.5,74.45,1019,0
2024,3,13,1,0,14,11.200000000000001,83.08,1019,0
2024,3,13,1,30,13.200000000000001,11.200000000000001,87.5,1019,0
2024,3,13,2,0,12.4,10,85.51,1019,0
2024,3,13,2,30,11.700000000000001,10.100000000000001,89.62,1020,0
2024,3,13,3,0,11,9.3,89.12,1020,0
2024,3,13,3,30,10.5,9.3,92.13,1020,0
2024,3,13,4,0,10.100000000000001,8.8,91.76,1020,0
2024,3,13,4,30,9.700000000000001,8.8,94.24,1020,0
2024,3,13,5,0,9.3,8.5,94.52,1021,0
2024,3,13,5,30,9,8.5,96.44,1021,0
2024,3,13,6,0,8.6,8,95.76,1021,0
2024,3,13,6,30,8.3,8,97.72,1021,0
2024,3,13,7,0,8,7.4,96.19,1021,0
2024,3,13,7,30,7.7,7.4,98.17,1021,0
2024,3,13,8,0,7.4,6.9,96.47,1021,0
2024,3,13,8,30,7.2,6.9,97.79,1021,0
2024,3,13,9,0,7,6.300000000000001,95.5,1020,0
2024,3,13,9,30,7,6.300000000000001,95.59,1021,0
2024,3,13,10,0,6.9,5.800000000000001,92.76,1021,0
2024,3,13,10,30,6.9,5.800000000000001,92.76,1021,0
2024,3,13,11,0,6.9,5.300000000000001,89.71000000000001,1021,0
2024,3,13,11,30,6.9,5.300000000000001,89.71000000000001,1021,0
2024,3,13,12,0,6.9,4.9,87.14,1021,0
2024,3,13,12,30,6.6000000000000005,4.9,88.95,1021,0
2024,3,13,13,0,6.4,4.5,87.61,1021,0
2024,3,13,13,30,6.300000000000001,4.5,88.22,1021,0
2024,3,13,14,0,6.300000000000001,4.1000000000000005,85.92,1021,0
2024,3,13,14,30,7,4.1000000000000005,81.97,1022,0
2024,3,13,15,0,7.7,4.5,80.14,1022,0
2024,3,13,15,30,8.700000000000001,4.5,74.89,1022,0
2024,3,13,16,0,9.8,5.300000000000001,73.75,1022,0
2024,3,13,16,30,11,5.300000000000001,68.09,1022,0
2024,3,13,17,0,12.200000000000001,6.300000000000001,67.04,1022,0
2024,3,13,17,30,13.200000000000001,6.300000000000001,62.800000000000004,1022,0
2024,3,13,18,0,14.3,7,61.47,1022,0
2024,3,13,18,30,15.100000000000001,7,58.38,1022,0
2024,3,13,19,0,15.9,7.4,57.03,1022,0
2024,3,13,19,30,16.400000000000002,7.4,55.19,1021,0
2024,3,13,20,0,16.900000000000002,7.6000000000000005,54.25,1021,0
2024,3,13,20,30,17.1,7.6000000000000005,53.56,1021,0
2024,3,13,21,0,17.3,7.7,53.120000000000005,1020,0
2024,3,13,21,30,17.2,7.7,53.45,1020,0
2024,3,13,22,0,17.2,7.800000000000001,53.84,1020,0
2024,3,13,22,30,17,7.800000000000001,54.47,1019,0
2024,3,13,23,0,16.7,8.200000000000001,57.35,1019,0
2024,3,13,23,30,16.2,8.200000000000001,59.2,1019,0
2024,3,14,0,0,15.700000000000001,9.1,64.92,1019,0
2024,3,14,0,30,14.700000000000001,9.1,69.21000000000001,1019,0
2024,3,14,1,0,13.8,9,72.63,1019,0
2024,3,14,1,30,12.8,9,77.51,1019,0
2024,3,14,2,0,11.9,8.4,78.98,1019,0
2024,3,14,2,30,11.5,8.4,81.09,1019,0
2024,3,14,3,0,11.100000000000001,8,81.11,1019,0
2024,3,14,3,30,10.8,8,82.74,1019,0
2024,3,14,4,0,10.5,7.7,82.9,1019,0
2024,3,14,4,30,10.200000000000001,7.7,84.57000000000001,1019,0
2024,3,14,5,0,9.8,7.6000000000000005,86.37,1019,0
2024,3,14,5,30,9.600000000000001,7.6000000000000005,87.53,1019,0
2024,3,14,6,0,9.3,7,85.60000000000001,1019,0
2024,3,14,6,30,8.9,7,87.93,1019,0
2024,3,14,7,0,8.5,6.5,87.10000000000001,1019,0
2024,3,14,7,30,8.1,6.5,89.49,1019,0
2024,3,14,8,0,7.7,6.1000000000000005,89.36,1019,0
2024,3,14,8,30,7.5,6.1000000000000005,90.58,1019,0
2024,3,14,9,0,7.4,5.6000000000000005,88.21000000000001,1019,0
2024,3,14,9,30,7.300000000000001,5.6000000000000005,88.82000000000001,1019,0
2024,3,14,10,0,7.2,5.1000000000000005,86.60000000000001,1019,0
2024,3,14,10,30,7.1000000000000005,5.1000000000000005,87.10000000000001,1018,0
2024,3,14,11,0,7,4.6000000000000005,84.98,1018,0
2024,3,14,11,30,6.9,4.6000000000000005,85.56,1018,0
2024,3,14,12,0,6.800000000000001,4.2,83.53,1018,0
2024,3,14,12,30,6.800000000000001,4.2,83.53,1018,0
2024,3,14,13,0,6.7,3.8000000000000003,81.54,1018,0
2024,3,14,13,30,6.7,3.8000000000000003,81.54,1018,0
2024,3,14,14,0,6.7,3.4000000000000004,79.75,1018,0
2024,3,14,14,30,7.5,3.4000000000000004,75.5,1018,0
2024,3,14,15,0,8.3,3.9000000000000004,73.95,1018,0
2024,3,14,15,30,9.4,3.9000000000000004,68.66,1018,0
2024,3,14,16,0,10.600000000000001,4.9,68.06,1018,0
2024,3,14,16,30,11.9,5,62.45,1018,0
2024,3,14,17,0,13.200000000000001,4.7,56.45,1018,0
2024,3,14,17,30,14.100000000000001,4.7,53.25,1018,0
2024,3,14,18,0,14.9,4.9,51.050000000000004,1018,0
2024,3,14,18,30,15.600000000000001,4.9,48.81,1018,0
2024,3,14,19,0,16.400000000000002,5.300000000000001,47.910000000000004,1017,0
2024,3,14,19,30,17,5.300000000000001,46.13,1017,0
2024,3,14,20,0,17.7,5.9,46,1016,0
2024,3,14,20,30,18.2,5.9,44.58,1016,0
2024,3,14,21,0,18.7,6.7,45.58,1015,0
2024,3,14,21,30,18.900000000000002,6.7,45.01,1015,0
2024,3,14,22,0,19.1,7.7,47.410000000000004,1014,0
2024,3,14,22,30,19,7.7,47.71,1014,0
2024,3,14,23,0,18.900000000000002,9.1,53.050000000000004,1014,0
2024,3,14,23,30,18.2,9.1,55.410000000000004,1014,0
2024,3,15,0,0,17.5,10.4,63.08,1014,0
2024,3,15,0,30,16.1,10.4,68.91,1014,0
2024,3,15,1,0,14.8,10.100000000000001,73.52,1014,0
2024,3,15,1,30,13.600000000000001,10.100000000000001,79.52,1015,0
2024,3,15,2,0,12.5,8.9,78.83,1015,0
2024,3,15,2,30,12,8.9,81.46000000000001,1015,0
2024,3,15,3,0,11.600000000000001,8.200000000000001,79.46000000000001,1015,0
2024,3,15,3,30,11.200000000000001,8.200000000000001,81.59,1015,0
2024,3,15,4,0,10.9,7.5,79.59,1015,0
2024,3,15,4,30,10.600000000000001,7.5,81.19,1015,0
2024,3,15,5,0,10.4,6.800000000000001,78.25,1015,0
2024,3,15,5,30,10.3,6.800000000000001,78.77,1015,0
2024,3,15,6,0,10.100000000000001,6.300000000000001,77.48,1015,0
2024,3,15,6,30,9.8,6.300000000000001,79.05,1015,0
2024,3,15,7,0,9.600000000000001,6.2,79.24,1015,0
2024,3,15,7,30,9.200000000000001,6.2,81.4,1015,0
2024,3,15,8,0,8.9,5.9,81.71000000000001,1015,0
2024,3,15,8,30,8.700000000000001,5.9,82.74,1014,0
2024,3,15,9,0,8.5,5.6000000000000005,81.9,1014,0
2024,3,15,9,30,8.4,5.6000000000000005,82.46000000000001,1014,0
2024,3,15,10,0,8.3,5.2,80.85000000000001,1013,0
2024,3,15,10,30,8.200000000000001,5.2,81.4,1013,0
2024,3,15,11,0,8.1,4.800000000000001,79.92,1013,0
2024,3,15,11,30,8,4.800000000000001,80.38,1012,0
2024,3,15,12,0,7.800000000000001,4.5,79.43,1012,0
2024,3,15,12,30,7.7,4.5,79.97,1012,0
2024,3,15,13,0,7.6000000000000005,4.1000000000000005,78.59,1012,0
2024,3,15,13,30,7.6000000000000005,4.1000000000000005,78.59,1012,0
2024,3,15,14,0,7.7,4,77.2,1012,0
2024,3,15,14,30,8.5,4,73.13,1012,0
2024,3,15,15,0,9.4,4.6000000000000005,71.9,1012,0
2024,3,15,15,30,10.600000000000001,4.6000000000000005,66.36,1012,0
2024,3,15,16,0,11.8,6,67.39,1012,0
2024,3,15,16,30,13.200000000000001,6,61.49,1012,0
2024,3,15,17,0,14.700000000000001,6.9,59.67,1011,0
2024,3,15,17,30,15.9,6.9,55.26,1011,0
2024,3,15,18,0,17.1,8,55.11,1011,0
2024,3,15,18,30,18,8,52.08,1011,0
2024,3,15,19,0,18.900000000000002,8.9,52.27,1011,0
2024,3,15,19,30,19.6,8.9,50,1010,0
2024,3,15,20,0,20.3,9.5,49.74,1010,0
2024,3,15,20,30,20.700000000000003,9.5,48.53,1010,0
2024,3,15,21,0,21.200000000000003,9.8,48.29,1009,0
2024,3,15,21,30,21.5,9.8,47.42,1009,0
2024,3,15,22,0,21.8,10.200000000000001,47.57,1009,0
2024,3,15,22,30,21.900000000000002,10.200000000000001,47.28,1009,0
2024,3,15,23,0,22.1,10,46.230000000000004,1009,0
2024,3,15,23,30,22,10,46.51,1009,0
2024,3,16,0,0,21.8,9.600000000000001,45.92,1009,0
2024,3,16,0,30,20.5,9.600000000000001,49.72,1009,0
2024,3,16,1,0,19.1,10.4,56.92,1009,0
2024,3,16,1,30,17.400000000000002,10.4,63.300000000000004,1009,0
2024,3,16,2,0,15.600000000000001,8.5,62.84,1009,0
2024,3,16,2,30,14.9,8.6,65.78,1010,0
2024,3,16,3,0,14.200000000000001,8.6,68.86,1010,0
2024,3,16,3,30,13.9,8.6,70.21000000000001,1010,0
2024,3,16,4,0,13.600000000000001,8.200000000000001,69.99,1011,0
2024,3,16,4,30,13.3,8.200000000000001,71.37,1011,0
2024,3,16,5,0,12.9,7.9,71.81,1011,0
2024,3,16,5,30,12.5,7.9,73.71000000000001,1011,0
2024,3,16,6,0,12,7.9,76.06,1011,0
2024,3,16,6,30,11.5,7.9,78.60000000000001,1011,0
2024,3,16,7,0,11,8.1,82.32000000000001,1011,0
2024,3,16,7,30,10.600000000000001,8.1,84.53,1011,0
2024,3,16,8,0,10.3,8.200000000000001,86.9,1012,0
2024,3,16,8,30,10,8.200000000000001,88.66,1012,0
2024,3,16,9,0,9.700000000000001,8.1,89.85000000000001,1012,0
2024,3,16,9,30,9.4,8.1,91.67,1012,0
2024,3,16,10,0,9.200000000000001,7.800000000000001,91.15,1012,0
2024,3,16,10,30,9,7.800000000000001,92.38,1012,0
2024,3,16,11,0,8.8,7.5,91.61,1013,0
2024,3,16,11,30,8.6,7.5,92.85000000000001,1013,0
2024,3,16,12,0,8.4,7.1000000000000005,91.82000000000001,1013,0
2024,3,16,12,30,8.1,7.2,93.8,1014,0
2024,3,16,13,0,7.800000000000001,6.9,94.34,1014,0
2024,3,16,13,30,7.800000000000001,6.9,94.34,1014,0
2024,3,16,14,0,7.800000000000001,7.1000000000000005,95.48,1015,0
2024,3,16,14,30,9.5,7.1000000000000005,85.13,1015,0
2024,3,16,15,0,11.3,8.8,84.51,1015,0
2024,3,16,15,30,12.5,8.8,78.17,1016,0
2024,3,16,16,0,13.700000000000001,9.8,77.37,1016,0
2024,3,16,16,30,14.9,9.8,71.61,1016,0
2024,3,16,17,0,16.1,10.8,70.9,1016,0
2024,3,16,17,30,17.1,10.8,66.54,1016,0
2024,3,16,18,0,18,11.600000000000001,66.11,1016,0
2024,3,16,18,30,18.7,11.600000000000001,63.28,1016,0
2024,3,16,19,0,19.400000000000002,12.100000000000001,62.76,1016,0
2024,3,16,19,30,20,12.100000000000001,60.480000000000004,1016,0
2024,3,16,20,0,20.5,12.4,59.800000000000004,1015,0
2024,3,16,20,30,20.8,12.4,58.71,1015,0
2024,3,16,21,0,21.200000000000003,12.4,57.34,1015,0
2024,3,16,21,30,21.3,12.4,56.99,1015,0
2024,3,16,22,0,21.400000000000002,12.200000000000001,55.71,1014,0
2024,3,16,22,30,21.200000000000003,12.200000000000001,56.4,1014,0
2024,3,16,23,0,21.1,12.3,57.2,1014,0
2024,3,16,23,30,20.6,12.3,58.980000000000004,1014,0
2024,3,17,0,0,20.1,12.700000000000001,62.57,1014,0
2024,3,17,0,30,18.6,12.700000000000001,68.67,1014,0
2024,3,17,1,0,17,13.5,79.86,1014,0
2024,3,17,1,30,15.5,13.5,87.84,1014,0
2024,3,17,2,0,13.9,11.100000000000001,83.33,1015,0
2024,3,17,2,30,13.5,11.100000000000001,85.52,1015,0
2024,3,17,3,0,13,10.700000000000001,85.66,1015,0
2024,3,17,3,30,12.600000000000001,10.700000000000001,88.01,1016,0
2024,3,17,4,0,12.100000000000001,10.3,88.77,1016,0
2024,3,17,4,30,11.700000000000001,10.3,91.13,1016,0
2024,3,17,5,0,11.3,10.100000000000001,92.49,1017,0
2024,3,17,5,30,10.9,10.100000000000001,94.97,1017,0
2024,3,17,6,0,10.600000000000001,9.9,95.33,1017,0
2024,3,17,6,30,10.200000000000001,9.9,97.9,1017,0
2024,3,17,7,0,9.9,9.600000000000001,97.9,1017,0
2024,3,17,7,30,9.600000000000001,9.600000000000001,99.89,1017,0
2024,3,17,8,0,9.3,9.3,100,1017,0
2024,3,17,8,30,9.1,9.1,100,1017,0
2024,3,17,9,0,8.9,8.9,100,1017,0
2024,3,17,9,30,8.8,8.8,100,1017,0
2024,3,17,10,0,8.6,8.6,100,1017,0
2024,3,17,10,30,8.6,8.6,100,1017,0
2024,3,17,11,0,8.5,8.4,98.99000000000001,1017,0
2024,3,17,11,30,8.5,8.4,98.99000000000001,1017,0
2024,3,17,12,0,8.5,8,96.56,1017,0
2024,3,17,12,30,8.4,8,97.22,1017,0
2024,3,17,13,0,8.4,7.7,95.03,1018,0
2024,3,17,13,30,8.5,7.7,94.39,1018,0
2024,3,17,14,0,8.6,7.5,92.72,1018,0
2024,3,17,14,30,9.4,7.5,87.86,1018,0
2024,3,17,15,0,10.200000000000001,8.4,88.37,1018,0
2024,3,17,15,30,11.5,8.4,81.07000000000001,1018,0
2024,3,17,16,0,12.700000000000001,9.200000000000001,79.38,1019,0
2024,3,17,16,30,14,9.200000000000001,72.95,1019,0
2024,3,17,17,0,15.200000000000001,10.5,73.60000000000001,1019,0
2024,3,17,17,30,16.400000000000002,10.5,68.18,1019,0
2024,3,17,18,0,17.5,11.4,67.6,1018,0
2024,3,17,18,30,18.400000000000002,11.4,63.89,1018,0
2024,3,17,19,0,19.400000000000002,11.9,61.88,1018,0
2024,3,17,19,30,20.1,11.9,59.26,1018,0
2024,3,17,20,0,20.8,11.8,56.370000000000005,1018,0
2024,3,17,20,30,21.1,11.8,55.29,1017,0
2024,3,17,21,0,21.5,11.9,54.24,1017,0
2024,3,17,21,30,21.6,11.9,53.910000000000004,1017,0
2024,3,17,22,0,21.700000000000003,12,53.97,1016,0
2024,3,17,22,30,21.6,12,54.300000000000004,1016,0
2024,3,17,23,0,21.5,12.3,55.94,1016,0
2024,3,17,23,30,21.3,12.3,56.63,1016,0
2024,3,18,0,0,21,12.9,59.84,1016,0
2024,3,18,0,30,19.8,12.9,64.42,1016,0
2024,3,18,1,0,18.6,13.3,71.39,1016,0
2024,3,18,1,30,17.3,13.3,77.45,1016,0
2024,3,18,2,0,16,11,72.23,1016,0
2024,3,18,2,30,15.200000000000001,11,76.01,1016,0
2024,3,18,3,0,14.4,10.9,79.58,1016,0
2024,3,18,3,30,13.8,10.9,82.81,1017,0
2024,3,18,4,0,13.200000000000001,11,86.56,1017,0
2024,3,18,4,30,12.700000000000001,11,89.42,1017,0
2024,3,18,5,0,12.100000000000001,11,92.81,1017,0
2024,3,18,5,30,11.8,11,94.66,1017,0
2024,3,18,6,0,11.4,10.8,95.95,1017,0
2024,3,18,6,30,11.100000000000001,10.8,97.87,1017,0
2024,3,18,7,0,10.8,10.5,98.03,1017,0
2024,3,18,7,30,10.600000000000001,10.5,99.34,1017,0
2024,3,18,8,0,10.4,10.200000000000001,98.48,1017,0
2024,3,18,8,30,10.200000000000001,10.200000000000001,99.8,1017,0
2024,3,18,9,0,9.9,9.9,99.83,1017,0
2024,3,18,9,30,9.600000000000001,9.600000000000001,100,1017,0
2024,3,18,10,0,9.3,9.3,100,1017,0
2024,3,18,10,30,9,9,100,1017,0
2024,3,18,11,0,8.8,8.8,100,1017,0
2024,3,18,11,30,8.6,8.6,100,1017,0
2024,3,18,12,0,8.4,8.4,100,1017,0
2024,3,18,12,30,8.3,8.3,100,1018,0
2024,3,18,13,0,8.1,8.1,100,1018,0
2024,3,18,13,30,8.3,8.3,100,1018,0
2024,3,18,14,0,8.5,8.5,100,1018,0
2024,3,18,14,30,10,8.8,91.94,1019,0
2024,3,18,15,0,11.600000000000001,9.700000000000001,88.24,1019,0
2024,3,18,15,30,12.700000000000001,9.700000000000001,82.10000000000001,1019,0
2024,3,18,16,0,13.9,10.8,81.47,1019,0
2024,3,18,16,30,15.100000000000001,10.8,75.41,1019,0
2024,3,18,17,0,16.3,11.700000000000001,74.24,1019,0
2024,3,18,17,30,17.6,11.700000000000001,68.38,1019,0
2024,3,18,18,0,18.900000000000002,11.8,63.370000000000005,1019,0
2024,3,18,18,30,20,11.8,59.2,1019,0
2024,3,18,19,0,21.200000000000003,11.600000000000001,54.230000000000004,1019,0
2024,3,18,19,30,21.700000000000003,11.600000000000001,52.550000000000004,1018,0
2024,3,18,20,0,22.200000000000003,12,52.38,1018,0
2024,3,18,20,30,22.5,12,51.43,1018,0
2024,3,18,21,0,22.8,12.3,51.61,1017,0
2024,3,18,21,30,22.900000000000002,12.3,51.300000000000004,1017,0
2024,3,18,22,0,23,12.5,51.44,1017,0
2024,3,18,22,30,22.900000000000002,12.4,51.7,1016,0
2024,3,18,23,0,22.8,12.700000000000001,52.76,1016,0
2024,3,18,23,30,22.6,12.700000000000001,53.4,1016,0
2024,3,19,0,0,22.400000000000002,13.5,57,1016,0
2024,3,19,0,30,21.200000000000003,13.5,61.31,1016,0
2024,3,19,1,0,20.1,14,67.77,1016,0
2024,3,19,1,30,18.8,14,73.46000000000001,1016,0
2024,3,19,2,0,17.5,11.8,69.39,1016,0
2024,3,19,2,30,16.7,11.8,72.98,1016,0
2024,3,19,3,0,15.9,11.600000000000001,75.85000000000001,1016,0
2024,3,19,3,30,15.200000000000001,11.700000000000001,79.39,1017,0
2024,3,19,4,0,14.5,11.4,81.56,1017,0
2024,3,19,4,30,13.8,11.4,85.33,1017,0
2024,3,19,5,0,13.200000000000001,11,86.52,1017,0
2024,3,19,5,30,12.600000000000001,11,89.97,1017,0
2024,3,19,6,0,12.100000000000001,10.700000000000001,91.38,1017,0
2024,3,19,6,30,11.700000000000001,10.700000000000001,93.82000000000001,1017,0
2024,3,19,7,0,11.200000000000001,10.5,95.14,1017,0
2024,3,19,7,30,10.9,10.4,96.96000000000001,1016,0
2024,3,19,8,0,10.5,10.100000000000001,97.26,1016,0
2024,3,19,8,30,10.200000000000001,10.100000000000001,99.22,1016,0
2024,3,19,9,0,9.9,9.9,99.69,1016,0
2024,3,19,9,30,9.600000000000001,9.600000000000001,100,1016,0
2024,3,19,10,0,9.3,9.3,100,1016,0
2024,3,19,10,30,9,9,100,1016,0
2024,3,19,11,0,8.8,8.8,100,1016,0
2024,3,19,11,30,8.6,8.6,100,1016,0
2024,3,19,12,0,8.4,8.4,100,1016,0
2024,3,19,12,30,8.200000000000001,8.200000000000001,100,1017,0
2024,3,19,13,0,8,8,100,1017,0
2024,3,19,13,30,8.200000000000001,8.200000000000001,100,1017,0
2024,3,19,14,0,8.5,8.5,100,1017,0
2024,3,19,14,30,9.600000000000001,8.5,92.99,1018,0
2024,3,19,15,0,10.8,9.200000000000001,89.81,1018,0
2024,3,19,15,30,12,9.200000000000001,82.98,1018,0
2024,3,19,16,0,13.3,10.3,82.07000000000001,1018,0
2024,3,19,16,30,14.5,10.3,75.94,1018,0
2024,3,19,17,0,15.8,11.600000000000001,76,1018,0
2024,3,19,17,30,16.900000000000002,11.600000000000001,70.87,1018,0
2024,3,19,18,0,17.900000000000002,12.700000000000001,71.59,1018,0
2024,3,19,18,30,18.8,12.700000000000001,67.68,1018,0
2024,3,19,19,0,19.6,13.5,67.92,1017,0
2024,3,19,19,30,20.200000000000003,13.5,65.45,1017,0
2024,3,19,20,0,20.8,14.100000000000001,65.53,1017,0
2024,3,19,20,30,21.3,14.100000000000001,63.550000000000004,1017,0
2024,3,19,21,0,21.700000000000003,14.4,63.29,1016,0
2024,3,19,21,30,21.900000000000002,14.4,62.53,1016,0
2024,3,19,22,0,22.1,14.4,61.730000000000004,1016,0
2024,3,19,22,30,22,14.4,62.11,1016,0
2024,3,19,23,0,21.8,14.5,63.04,1015,0
2024,3,19,23,30,21.3,14.5,64.99,1015,0
2024,3,20,0,0,20.8,14.8,68.49,1015,0
2024,3,20,0,30,19.400000000000002,14.8,74.67,1015,0
2024,3,20,1,0,17.900000000000002,14.9,82.38,1015,0
2024,3,20,1,30,16.2,14.8,91.71000000000001,1015,0
2024,3,20,2,0,14.5,12.8,89.28,1015,0
2024,3,20,2,30,13.700000000000001,12.8,94.02,1015,0
2024,3,20,3,0,13,11.8,92.5,1015,0
2024,3,20,3,30,12.4,11.8,96.2,1015,0
2024,3,20,4,0,11.700000000000001,11,95.68,1016,0
2024,3,20,4,30,11.200000000000001,11,98.89,1016,0
2024,3,20,5,0,10.700000000000001,10.5,98.58,1016,0
2024,3,20,5,30,10.4,10.4,100,1015,0
2024,3,20,6,0,10,10,100,1015,0
2024,3,20,6,30,9.700000000000001,9.700000000000001,100,1015,0
2024,3,20,7,0,9.4,9.4,100,1015,0
2024,3,20,7,30,9.200000000000001,9.200000000000001,100,1015,0
2024,3,20,8,0,8.9,8.9,100,1015,0
2024,3,20,8,30,8.6,8.6,100,1015,0
2024,3,20,9,0,8.4,8.4,100,1015,0
2024,3,20,9,30,8.1,8.1,100,1015,0
2024,3,20,10,0,7.800000000000001,7.800000000000001,100,1015,0
2024,3,20,10,30,7.5,7.5,100,1015,0
2024,3,20,11,0,7.2,7.2,100,1015,0
2024,3,20,11,30,6.9,6.9,100,1015,0
2024,3,20,12,0,6.6000000000000005,6.6000000000000005,100,1015,0
2024,3,20,12,30,6.4,6.4,100,1016,0
2024,3,20,13,0,6.2,6.2,100,1016,0
2024,3,20,13,30,6.800000000000001,6.800000000000001,100,1016,0
2024,3,20,14,0,7.300000000000001,7.300000000000001,100,1016,0
2024,3,20,14,30,8.9,7.9,93.27,1016,0
2024,3,20,15,0,10.4,8.700000000000001,89.51,1016,0
2024,3,20,15,30,11.8,8.8,81.68,1017,0
2024,3,20,16,0,13.100000000000001,9.9,80.86,1017,0
2024,3,20,16,30,14.700000000000001,9.9,72.9,1017,0
2024,3,20,17,0,16.2,10.100000000000001,67.24,1017,0
2024,3,20,17,30,17.400000000000002,10.100000000000001,62.32,1017,0
2024,3,20,18,0,18.5,10.600000000000001,60.17,1017,0
2024,3,20,18,30,19.400000000000002,10.600000000000001,56.89,1017,0
2024,3,20,19,0,20.3,10.4,53,1017,0
2024,3,20,19,30,20.700000000000003,10.4,51.71,1017,0
2024,3,20,20,0,21.200000000000003,10.4,50.21,1016,0
2024,3,20,20,30,21.3,10.4,49.910000000000004,1016,0
2024,3,20,21,0,21.400000000000002,10.5,49.980000000000004,1016,0
2024,3,20,21,30,21.3,10.5,50.29,1016,0
2024,3,20,22,0,21.1,10.600000000000001,51.21,1016,0
2024,3,20,22,30,20.700000000000003,10.600000000000001,52.480000000000004,1016,0
2024,3,20,23,0,20.3,10.600000000000001,53.69,1016,0
2024,3,20,23,30,19.400000000000002,10.600000000000001,56.76,1016,0
2024,3,21,0,0,18.5,11.200000000000001,62.620000000000005,1016,0
2024,3,21,0,30,17,11.200000000000001,68.8,1016,0
2024,3,21,1,0,15.5,11.700000000000001,78,1016,0
2024,3,21,1,30,14.4,11.700000000000001,83.71000000000001,1016,0
2024,3,21,2,0,13.200000000000001,10.600000000000001,84.13,1016,0
2024,3,21,2,30,12.9,10.600000000000001,85.87,1017,0
2024,3,21,3,0,12.5,10.200000000000001,85.95,1017,0
2024,3,21,3,30,12.100000000000001,10.200000000000001,88.23,1017,0
2024,3,21,4,0,11.8,9.9,88.4,1017,0
2024,3,21,4,30,11.100000000000001,9.9,92.58,1017,0
2024,3,21,5,0,10.4,9.1,91.83,1017,0
2024,3,21,5,30,9.8,9.1,95.58,1017,0
2024,3,21,6,0,9.3,8.5,94.66,1017,0
2024,3,21,6,30,9,8.5,96.59,1017,0
2024,3,21,7,0,8.6,8.200000000000001,97.39,1018,0
2024,3,21,7,30,8.4,8.200000000000001,98.72,1018,0
2024,3,21,8,0,8.200000000000001,8.1,99.14,1018,0
2024,3,21,8,30,8.1,8.1,99.81,1018,0
2024,3,21,9,0,8,8,100,1018,0
2024,3,21,9,30,7.9,7.9,100,1018,0
2024,3,21,10,0,7.800000000000001,7.800000000000001,100,1018,0
2024,3,21,10,30,7.7,7.7,100,1018,0
2024,3,21,11,0,7.7,7.7,100,1018,0
2024,3,21,11,30,7.7,7.7,100,1018,0
2024,3,21,12,0,7.6000000000000005,7.6000000000000005,100,1018,0
2024,3,21,12,30,7.7,7.7,100,1018,0
2024,3,21,13,0,7.7,7.7,100,1018,0
2024,3,21,13,30,8.200000000000001,8.200000000000001,100,1018,0
2024,3,21,14,0,8.700000000000001,8.700000000000001,100,1018,0
2024,3,21,14,30,10.600000000000001,9,90,1018,0
2024,3,21,15,0,12.4,10.5,88.10000000000001,1019,0
2024,3,21,15,30,13.5,10.5,82.01,1019,0
2024,3,21,16,0,14.600000000000001,11.200000000000001,79.82000000000001,1019,0
2024,3,21,16,30,15.5,11.200000000000001,75.34,1019,0
2024,3,21,17,0,16.400000000000002,11.8,74.36,1020,0
2024,3,21,17,30,17.1,11.8,71.14,1020,0
2024,3,21,18,0,17.900000000000002,12.3,69.73,1020,0
2024,3,21,18,30,18.5,12.3,67.16,1020,0
2024,3,21,19,0,19.1,12.4,65.09,1020,0
2024,3,21,19,30,19.400000000000002,12.4,63.89,1020,0
2024,3,21,20,0,19.8,12.200000000000001,61.61,1019,0
2024,3,21,20,30,20,12.200000000000001,60.86,1019,0
2024,3,21,21,0,20.200000000000003,12,59.17,1019,0
2024,3,21,21,30,20.1,12,59.47,1018,0
2024,3,21,22,0,20,11.5,58.19,1018,0
2024,3,21,22,30,19.5,11.5,60.02,1018,0
2024,3,21,23,0,19,11.4,61.5,1018,0
2024,3,21,23,30,18.3,11.4,64.25,1018,0
2024,3,22,0,0,17.6,11.8,68.83,1018,0
2024,3,22,0,30,16.5,11.8,73.78,1018,0
2024,3,22,1,0,15.3,12.200000000000001,81.86,1018,0
2024,3,22,1,30,14.200000000000001,12.200000000000001,87.86,1018,0
2024,3,22,2,0,13.100000000000001,11.200000000000001,88.10000000000001,1018,0
2024,3,22,2,30,12.4,11.200000000000001,92.22,1018,0
2024,3,22,3,0,11.700000000000001,10.3,91.36,1018,0
2024,3,22,3,30,11.200000000000001,10.3,94.43,1018,0
2024,3,22,4,0,10.600000000000001,9.9,95.23,1018,0
2024,3,22,4,30,10.100000000000001,9.9,98.45,1018,0
2024,3,22,5,0,9.600000000000001,9.600000000000001,100,1018,0
2024,3,22,5,30,9.8,9.600000000000001,98.8,1018,0
2024,3,22,6,0,9.9,9.700000000000001,98.49000000000001,1018,0
2024,3,22,6,30,10,9.700000000000001,97.84,1018,0
2024,3,22,7,0,10.100000000000001,9.8,97.88,1018,0
2024,3,22,7,30,10.100000000000001,9.8,97.88,1018,0
2024,3,22,8,0,10,9.9,99.51,1018,0
2024,3,22,8,30,10,9.9,99.51,1018,0
2024,3,22,9,0,9.9,9.9,100,1018,0
2024,3,22,9,30,9.9,9.9,100,1018,0
2024,3,22,10,0,9.8,9.8,100,1018,0
2024,3,22,10,30,9.8,9.8,100,1017,0
2024,3,22,11,0,9.9,9.9,100,1017,0
2024,3,22,11,30,9.9,9.9,100,1017,0
2024,3,22,12,0,9.8,9.8,100,1017,0
2024,3,22,12,30,9.8,9.8,100,1017,0
2024,3,22,13,0,9.8,9.8,100,1017,0
2024,3,22,13,30,10,10,100,1016,0
2024,3,22,14,0,10.3,10.3,100,1016,0
2024,3,22,14,30,11.600000000000001,10.700000000000001,94.34,1016,0
2024,3,22,15,0,13,11.9,92.91,1016,0
2024,3,22,15,30,14.100000000000001,11.9,86.51,1016,0
2024,3,22,16,0,15.200000000000001,12.700000000000001,85,1016,0
2024,3,22,16,30,16.2,12.700000000000001,79.74,1016,0
2024,3,22,17,0,17.2,13.100000000000001,76.69,1015,0
2024,3,22,17,30,17.8,13.100000000000001,73.85000000000001,1015,0
2024,3,22,18,0,18.3,12.9,70.97,1015,0
2024,3,22,18,30,18.6,12.9,69.58,1014,0
2024,3,22,19,0,18.900000000000002,12.700000000000001,67.46000000000001,1014,0
2024,3,22,19,30,19,12.700000000000001,67.04,1014,0
2024,3,22,20,0,19.1,12.600000000000001,65.83,1014,0
2024,3,22,20,30,19,12.5,66.18,1013,0
2024,3,22,21,0,19,12.4,65.56,1013,0
2024,3,22,21,30,18.6,12.4,67.22,1013,0
2024,3,22,22,0,18.3,12.3,67.87,1012,0
2024,3,22,22,30,17.6,12.3,70.91,1012,0
2024,3,22,23,0,16.900000000000002,12.3,74.53,1012,0
2024,3,22,23,30,16.3,12.3,77.42,1012,0
2024,3,23,0,0,15.700000000000001,12.700000000000001,82.12,1011,0
2024,3,23,0,30,15.100000000000001,12.700000000000001,85.33,1011,0
2024,3,23,1,0,14.5,12.600000000000001,88.43,1011,0
2024,3,23,1,30,13.8,12.600000000000001,92.52,1011,0
2024,3,23,2,0,13.100000000000001,12,93.04,1011,0
2024,3,23,2,30,12.700000000000001,12,95.5,1011,0
2024,3,23,3,0,12.3,11.3,93.69,1011,0
2024,3,23,3,30,11.9,11.3,96.18,1011,0
2024,3,23,4,0,11.600000000000001,10.600000000000001,93.41,1011,0
2024,3,23,4,30,11.200000000000001,10.600000000000001,95.91,1011,0
2024,3,23,5,0,10.8,9.700000000000001,93.2,1011,0
2024,3,23,5,30,10.100000000000001,9.700000000000001,97.64,1011,0
2024,3,23,6,0,9.4,8.8,96.07000000000001,1011,0
2024,3,23,6,30,8.8,8.8,100,1011,0
2024,3,23,7,0,8.1,8,99.2,1011,0
2024,3,23,7,30,7.7,7.7,100,1011,0
2024,3,23,8,0,7.300000000000001,7.300000000000001,100,1012,0
2024,3,23,8,30,7.2,7.2,100,1011,0
2024,3,23,9,0,7,7,99.8,1011,0
2024,3,23,9,30,6.9,6.9,100,1011,0
2024,3,23,10,0,6.9,6.800000000000001,99.33,1011,0
2024,3,23,10,30,7,6.800000000000001,98.65,1011,0
2024,3,23,11,0,7.1000000000000005,6.9,98.36,1010,0
2024,3,23,11,30,7.4,6.9,96.36,1010,0
2024,3,23,12,0,7.6000000000000005,7.2,97.27,1010,0
2024,3,23,12,30,7.9,7.2,95.3,1010,0
2024,3,23,13,0,8.1,7.5,95.84,1010,0
2024,3,23,13,30,8.5,7.5,93.28,1010,0
2024,3,23,14,0,8.8,8,94.49,1010,0
2024,3,23,14,30,9.5,8,90.15,1010,0
2024,3,23,15,0,10.3,9.200000000000001,92.76,1010,0
2024,3,23,15,30,10.9,9.200000000000001,89.14,1010,0
2024,3,23,16,0,11.5,9.700000000000001,88.78,1010,0
2024,3,23,16,30,11.9,9.700000000000001,86.47,1010,0
2024,3,23,17,0,12.4,9.5,82.23,1010,0
2024,3,23,17,30,12.700000000000001,9.5,80.64,1010,0
2024,3,23,18,0,13,9.200000000000001,77.62,1010,0
2024,3,23,18,30,12.9,9.200000000000001,78.13,1010,0
2024,3,23,19,0,12.9,9,76.98,1010,0
2024,3,23,19,30,13,9,76.48,1010,0
2024,3,23,20,0,13.100000000000001,9,76.27,1010,0
2024,3,23,20,30,13.100000000000001,9,76.2,1009,0
2024,3,23,21,0,13.100000000000001,8.9,75.78,1009,0
2024,3,23,21,30,13.200000000000001,8.9,75.29,1009,0
2024,3,23,22,0,13.200000000000001,9,75.93,1009,0
2024,3,23,22,30,13.200000000000001,9,75.86,1008,0
2024,3,23,23,0,13.100000000000001,9.200000000000001,77.3,1008,0
2024,3,23,23,30,12.8,9.200000000000001,78.82000000000001,1008,0
2024,3,24,0,0,12.5,9.600000000000001,82.27,1008,0
2024,3,24,0,30,11.9,9.600000000000001,85.58,1008,0
2024,3,24,1,0,11.4,9.600000000000001,88.73,1008,0
2024,3,24,1,30,10.700000000000001,9.600000000000001,92.93,1008,0
2024,3,24,2,0,10.100000000000001,9.1,93.46000000000001,1008,0
2024,3,24,2,30,9.8,9.1,95.35000000000001,1008,0
2024,3,24,3,0,9.600000000000001,8.8,94.7,1008,0
2024,3,24,3,30,9.5,8.8,95.34,1008,0
2024,3,24,4,0,9.4,8.6,94.67,1008,0
2024,3,24,4,30,9.3,8.6,95.31,1008,0
2024,3,24,5,0,9.200000000000001,8.4,94.5,1008,0
2024,3,24,5,30,9,8.4,95.77,1008,0
2024,3,24,6,0,8.8,8.1,95.52,1008,0
2024,3,24,6,30,8.700000000000001,8.1,96.16,1008,0
2024,3,24,7,0,8.6,7.9,95.62,1008,0
2024,3,24,7,30,8.5,7.9,96.27,1008,0
2024,3,24,8,0,8.4,7.800000000000001,95.73,1007,0
2024,3,24,8,30,8,7.800000000000001,98.36,1007,0
2024,3,24,9,0,7.7,7.2,96.55,1007,0
2024,3,24,9,30,7.5,7.2,97.87,1007,0
2024,3,24,10,0,7.2,6.7,96.7,1007,0
2024,3,24,10,30,7,6.7,98.04,1007,0
2024,3,24,11,0,6.800000000000001,6.300000000000001,96.31,1007,0
2024,3,24,11,30,6.7,6.300000000000001,96.97,1007,0
2024,3,24,12,0,6.5,5.9,95.92,1007,0
2024,3,24,12,30,6.5,5.9,95.92,1007,0
2024,3,24,13,0,6.6000000000000005,5.9,95.05,1007,0
2024,3,24,13,30,7.1000000000000005,5.9,91.94,1008,0
2024,3,24,14,0,7.6000000000000005,6.9,95.01,1008,0
2024,3,24,14,30,8.4,6.9,90.08,1009,0
2024,3,24,15,0,9.200000000000001,8.200000000000001,93.31,1009,0
2024,3,24,15,30,10.100000000000001,8.200000000000001,87.86,1009,0
2024,3,24,16,0,10.9,9.1,88.68,1010,0
2024,3,24,16,30,12,9.1,82.47,1010,0
2024,3,24,17,0,13,9.5,79.38,1010,0
2024,3,24,17,30,13.9,9.5,74.88,1010,0
2024,3,24,18,0,14.700000000000001,9.1,69.10000000000001,1010,0
2024,3,24,18,30,15.3,9.1,66.49,1010,0
2024,3,24,19,0,15.9,8.700000000000001,62.36,1010,0
2024,3,24,19,30,16.3,8.700000000000001,60.800000000000004,1010,0
2024,3,24,20,0,16.6,8.4,58.53,1010,0
2024,3,24,20,30,16.6,8.4,58.53,1010,0
2024,3,24,21,0,16.7,8.3,57.46,1010,0
2024,3,24,21,30,16.8,8.3,57.1,1010,0
2024,3,24,22,0,16.8,8.1,56.550000000000004,1010,0
2024,3,24,22,30,16.8,8.1,56.550000000000004,1010,0
2024,3,24,23,0,16.8,8.1,56.61,1010,0
2024,3,24,23,30,16.6,8.1,57.33,1010,0
2024,3,25,0,0,16.400000000000002,8.8,60.730000000000004,1010,0
2024,3,25,0,30,15.600000000000001,8.8,63.910000000000004,1010,0
2024,3,25,1,0,14.8,10.700000000000001,76.56,1010,0
2024,3,25,1,30,13.8,10.700000000000001,81.66,1010,0
2024,3,25,2,0,12.9,7.9,71.66,1011,0
2024,3,25,2,30,12.200000000000001,7.9,75.02,1011,0
2024,3,25,3,0,11.5,7.9,78.36,1011,0
2024,3,25,3,30,10.9,7.9,81.61,1012,0
2024,3,25,4,0,10.3,8.200000000000001,86.81,1012,0
2024,3,25,4,30,9.8,8.200000000000001,89.76,1012,0
2024,3,25,5,0,9.3,8.4,93.8,1012,0
2024,3,25,5,30,8.9,8.4,96.36,1012,0
2024,3,25,6,0,8.5,8.3,98.74000000000001,1012,0
2024,3,25,6,30,8.200000000000001,8.200000000000001,100,1012,0
2024,3,25,7,0,7.9,7.9,100,1012,0
2024,3,25,7,30,7.800000000000001,7.800000000000001,100,1012,0
2024,3,25,8,0,7.7,7.7,100,1012,0
2024,3,25,8,30,7.7,7.7,100,1012,0
2024,3,25,9,0,7.7,7.6000000000000005,99.08,1012,0
2024,3,25,9,30,7.6000000000000005,7.6000000000000005,99.75,1012,0
2024,3,25,10,0,7.5,7.300000000000001,98.45,1012,0
2024,3,25,10,30,7.300000000000001,7.300000000000001,99.8,1012,0
2024,3,25,11,0,7.2,7,98.92,1012,0
2024,3,25,11,30,6.9,6.9,100,1012,0
2024,3,25,12,0,6.6000000000000005,6.6000000000000005,100,1012,0
2024,3,25,12,30,6.300000000000001,6.300000000000001,100,1012,0
2024,3,25,13,0,6.1000000000000005,6.1000000000000005,100,1013,0
2024,3,25,13,30,6.5,6.5,100,1012,0
2024,3,25,14,0,7,7,100,1012,0
2024,3,25,14,30,8.3,7.1000000000000005,92.11,1013,0
2024,3,25,15,0,9.600000000000001,8.1,90.54,1013,0
2024,3,25,15,30,10.8,8.1,83.58,1013,0
2024,3,25,16,0,11.9,8.8,81.19,1014,0
2024,3,25,16,30,13.100000000000001,8.8,75.06,1014,0
2024,3,25,17,0,14.3,9.3,71.79,1014,0
2024,3,25,17,30,15.200000000000001,9.3,67.75,1014,0
2024,3,25,18,0,16,9.700000000000001,66.03,1014,0
2024,3,25,18,30,16.6,9.700000000000001,63.56,1014,0
2024,3,25,19,0,17.2,9.9,62.25,1014,0
2024,3,25,19,30,17.5,9.9,61.08,1014,0
2024,3,25,20,0,17.900000000000002,10.100000000000001,60.2,1013,0
2024,3,25,20,30,18.1,10.100000000000001,59.45,1013,0
2024,3,25,21,0,18.3,10.100000000000001,58.85,1013,0
2024,3,25,21,30,18.2,10.100000000000001,59.160000000000004,1012,0
2024,3,25,22,0,18.1,10,59.07,1012,0
2024,3,25,22,30,17.900000000000002,10,59.82,1012,0
2024,3,25,23,0,17.7,9.9,60.43,1012,0
2024,3,25,23,30,17.2,9.9,62.36,1012,0
2024,3,26,0,0,16.7,10.3,65.82000000000001,1012,0
2024,3,26,0,30,15.700000000000001,10.3,70.14,1012,0
2024,3,26,1,0,14.600000000000001,10.9,78.24,1013,0
2024,3,26,1,30,13.200000000000001,10.8,85.66,1013,0
2024,3,26,2,0,11.8,10,88.75,1013,0
2024,3,26,2,30,11.200000000000001,10,92.43,1014,0
2024,3,26,3,0,10.700000000000001,9.600000000000001,92.92,1014,0
2024,3,26,3,30,10.3,9.600000000000001,95.42,1014,0
2024,3,26,4,0,9.9,9.3,96.37,1014,0
2024,3,26,4,30,9.5,9.3,98.98,1014,0
2024,3,26,5,0,9.1,9.1,100,1014,0
2024,3,26,5,30,8.700000000000001,8.700000000000001,100,1014,0
2024,3,26,6,0,8.4,8.4,100,1014,0
2024,3,26,6,30,8.1,8.1,100,1014,0
2024,3,26,7,0,7.800000000000001,7.800000000000001,100,1014,0
2024,3,26,7,30,7.6000000000000005,7.6000000000000005,100,1014,0
2024,3,26,8,0,7.5,7.5,100,1014,0
2024,3,26,8,30,7.300000000000001,7.300000000000001,100,1014,0
2024,3,26,9,0,7.1000000000000005,7.1000000000000005,100,1015,0
2024,3,26,9,30,7,7,100,1014,0
2024,3,26,10,0,6.9,6.9,100,1014,0
2024,3,26,10,30,6.9,6.9,100,1015,0
2024,3,26,11,0,6.9,6.9,100,1015,0
2024,3,26,11,30,6.9,6.9,100,1015,0
2024,3,26,12,0,7,7,100,1015,0
2024,3,26,12,30,7.2,7.2,100,1015,0
2024,3,26,13,0,7.300000000000001,7.2,99.64,1016,0
2024,3,26,13,30,7.4,7.2,98.96000000000001,1016,0
2024,3,26,14,0,7.5,7.1000000000000005,97.5,1016,0
2024,3,26,14,30,8.1,7.1000000000000005,93.7,1017,0
2024,3,26,15,0,8.8,7.6000000000000005,92.05,1017,0
2024,3,26,15,30,9.600000000000001,7.6000000000000005,87.32000000000001,1018,0
2024,3,26,16,0,10.4,8.4,87.27,1018,0
2024,3,26,16,30,11.5,8.4,81.14,1018,0
2024,3,26,17,0,12.600000000000001,9.1,79.35000000000001,1018,0
2024,3,26,17,30,14.200000000000001,9.1,71.51,1018,0
2024,3,26,18,0,15.700000000000001,9.700000000000001,67.34,1018,0
2024,3,26,18,30,16.5,9.700000000000001,64,1018,0
2024,3,26,19,0,17.2,9.9,62.09,1018,0
2024,3,26,19,30,17.7,9.9,60.17,1018,0
2024,3,26,20,0,18.2,9.9,58.51,1018,0
2024,3,26,20,30,18.5,9.9,57.42,1018,0
2024,3,26,21,0,18.8,10,56.44,1018,0
2024,3,26,21,30,18.900000000000002,10,56.09,1018,0
2024,3,26,22,0,19,9.9,55.69,1017,0
2024,3,26,22,30,18.900000000000002,9.9,56.04,1017,0
2024,3,26,23,0,18.8,10,56.480000000000004,1017,0
2024,3,26,23,30,18.3,10,58.27,1017,0
2024,3,27,0,0,17.8,10.600000000000001,62.89,1017,0
2024,3,27,0,30,16.7,10.600000000000001,67.41,1017,0
2024,3,27,1,0,15.600000000000001,11.700000000000001,77.47,1017,0
2024,3,27,1,30,14.100000000000001,11.700000000000001,85.3,1017,0
2024,3,27,2,0,12.5,10.4,87.19,1017,0
2024,3,27,2,30,11.9,10.4,90.69,1017,0
2024,3,27,3,0,11.3,9.9,90.82000000000001,1018,0
2024,3,27,3,30,10.8,9.9,93.88,1018,0
2024,3,27,4,0,10.4,9.3,93.13,1018,0
2024,3,27,4,30,9.8,9.3,96.94,1018,0
2024,3,27,5,0,9.200000000000001,8.8,97.42,1018,0
2024,3,27,5,30,8.700000000000001,8.700000000000001,100,1018,0
2024,3,27,6,0,8.3,8.3,100,1018,0
2024,3,27,6,30,7.9,7.9,100,1018,0
2024,3,27,7,0,7.6000000000000005,7.6000000000000005,100,1019,0
2024,3,27,7,30,7.300000000000001,7.300000000000001,100,1019,0
2024,3,27,8,0,7,7,100,1019,0
2024,3,27,8,30,6.800000000000001,6.800000000000001,100,1019,0
2024,3,27,9,0,6.6000000000000005,6.6000000000000005,100,1019,0
2024,3,27,9,30,6.4,6.4,100,1019,0
2024,3,27,10,0,6.2,6.2,100,1019,0
2024,3,27,10,30,6.1000000000000005,6.1000000000000005,100,1019,0
2024,3,27,11,0,6.1000000000000005,6.1000000000000005,100,1019,0
2024,3,27,11,30,6.1000000000000005,6.1000000000000005,100,1019,0
2024,3,27,12,0,6.2,6.2,100,1019,0
2024,3,27,12,30,6.2,6.2,100,1018,0
2024,3,27,13,0,6.300000000000001,6.300000000000001,100,1018,0
2024,3,27,13,30,6.9,6.9,100,1018,0
2024,3,27,14,0,7.6000000000000005,7.6000000000000005,99.83,1018,0
2024,3,27,14,30,8.700000000000001,7.6000000000000005,92.66,1018,0
2024,3,27,15,0,9.9,8.5,91.26,1019,0
2024,3,27,15,30,10.8,8.5,85.95,1019,0
2024,3,27,16,0,11.600000000000001,9.1,84.52,1019,0
2024,3,27,16,30,12.200000000000001,9.1,81.25,1019,0
2024,3,27,17,0,12.9,9.600000000000001,80.12,1019,0
2024,3,27,17,30,13.3,9.600000000000001,78.06,1019,0
2024,3,27,18,0,13.8,10.100000000000001,78.5,1019,0
2024,3,27,18,30,14.100000000000001,10.100000000000001,76.99,1019,0
2024,3,27,19,0,14.3,10.8,79.35000000000001,1019,0
2024,3,27,19,30,14.5,10.8,78.33,1019,0
2024,3,27,20,0,14.600000000000001,11.4,80.88,1019,0
2024,3,27,20,30,14.700000000000001,11.4,80.36,1019,0
2024,3,27,21,0,14.8,11.8,82.01,1018,0
2024,3,27,21,30,14.700000000000001,11.8,82.54,1018,0
2024,3,27,22,0,14.600000000000001,12,84.68,1018,0
2024,3,27,22,30,14.4,12,85.7,1017,0
2024,3,27,23,0,14.200000000000001,12.3,88.44,1017,0
2024,3,27,23,30,14.100000000000001,12.3,89.01,1017,0
2024,3,28,0,0,13.9,12.5,90.97,1016,0
2024,3,28,0,30,13.600000000000001,12.4,92.76,1016,0
2024,3,28,1,0,13.3,12.3,93.43,1016,0
2024,3,28,1,30,13,12.3,95.27,1016,0
2024,3,28,2,0,12.700000000000001,11.9,94.81,1016,0
2024,3,28,2,30,12.5,11.9,95.96000000000001,1015,0
2024,3,28,3,0,12.4,11.700000000000001,95.7,1015,0
2024,3,28,3,30,12.4,11.700000000000001,95.7,1015,0
2024,3,28,4,0,12.3,11.600000000000001,95.72,1015,0
2024,3,28,4,30,12.200000000000001,11.600000000000001,96.35000000000001,1015,0
2024,3,28,5,0,12.200000000000001,11.5,95.22,1015,0
2024,3,28,5,30,11.700000000000001,11.5,98.4,1015,0
2024,3,28,6,0,11.3,10.8,96.75,1015,0
2024,3,28,6,30,10.600000000000001,10.600000000000001,100,1015,0
2024,3,28,7,0,10,9.700000000000001,97.81,1016,0
2024,3,28,7,30,9.4,9.4,100,1016,0
2024,3,28,8,0,8.700000000000001,8.5,98.35000000000001,1016,0
2024,3,28,8,30,8.200000000000001,8.200000000000001,100,1016,0
2024,3,28,9,0,7.6000000000000005,7.4,98.59,1016,0
2024,3,28,9,30,7.4,7.4,99.94,1016,0
2024,3,28,10,0,7.1000000000000005,6.9,98.54,1016,0
2024,3,28,10,30,7,6.9,99.21000000000001,1016,0
2024,3,28,11,0,6.9,6.7,98.4,1016,0
2024,3,28,11,30,6.800000000000001,6.7,99.07000000000001,1016,0
2024,3,28,12,0,6.7,6.5,98.37,1016,0
2024,3,28,12,30,6.7,6.5,98.37,1016,0
2024,3,28,13,0,6.6000000000000005,6.300000000000001,97.7,1017,0
2024,3,28,13,30,7.300000000000001,6.300000000000001,93.13,1017,0
2024,3,28,14,0,7.9,7.300000000000001,96.12,1017,0
2024,3,28,14,30,9.200000000000001,7.300000000000001,88.04,1017,0
2024,3,28,15,0,10.5,9.4,92.69,1018,0
2024,3,28,15,30,11.4,9.4,87.33,1018,0
2024,3,28,16,0,12.200000000000001,9.3,82.45,1018,0
2024,3,28,16,30,12.8,9.3,79.28,1018,0
2024,3,28,17,0,13.5,8.3,70.91,1018,0
2024,3,28,17,30,14,8.3,68.65,1018,0
2024,3,28,18,0,14.5,7.4,62.61,1018,0
2024,3,28,18,30,14.9,7.4,61.02,1018,0
2024,3,28,19,0,15.3,7.300000000000001,58.78,1017,0
2024,3,28,19,30,15.5,7.300000000000001,58.03,1017,0
2024,3,28,20,0,15.700000000000001,7.300000000000001,57.57,1017,0
2024,3,28,20,30,15.700000000000001,7.300000000000001,57.57,1017,0
2024,3,28,21,0,15.8,7.300000000000001,56.86,1016,0
2024,3,28,21,30,15.700000000000001,7.300000000000001,57.22,1016,0
2024,3,28,22,0,15.600000000000001,7.2,57.44,1016,0
2024,3,28,22,30,15.3,7.2,58.5,1015,0
2024,3,28,23,0,15,7.300000000000001,59.94,1015,0
2024,3,28,23,30,14.600000000000001,7.300000000000001,61.5,1015,0
2024,3,29,0,0,14.200000000000001,7.800000000000001,65.26,1015,0
2024,3,29,0,30,13.5,7.800000000000001,68.29,1015,0
2024,3,29,1,0,12.700000000000001,8.9,77.64,1015,0
2024,3,29,1,30,11.8,8.9,82.36,1015,0
2024,3,29,2,0,10.8,8.8,87.23,1015,0
2024,3,29,2,30,10.100000000000001,8.8,91.39,1015,0
2024,3,29,3,0,9.5,8.200000000000001,91.5,1015,0
2024,3,29,3,30,9.1,8.200000000000001,93.99,1015,0
2024,3,29,4,0,8.700000000000001,8,95.17,1015,0
2024,3,29,4,30,8.700000000000001,8,95.17,1015,0
2024,3,29,5,0,8.700000000000001,8,95.59,1015,0
2024,3,29,5,30,8.6,8,96.15,1014,0
2024,3,29,6,0,8.5,8.1,97.51,1014,0
2024,3,29,6,30,8.5,8.1,97.51,1014,0
2024,3,29,7,0,8.4,8.200000000000001,98.85000000000001,1014,0
2024,3,29,7,30,8.3,8.200000000000001,99.43,1013,0
2024,3,29,8,0,8.200000000000001,8.200000000000001,100,1013,0
2024,3,29,8,30,8.1,8.1,100,1013,0
2024,3,29,9,0,8.1,8.1,100,1012,0
2024,3,29,9,30,8,8,100,1012,0
2024,3,29,10,0,7.9,7.9,100,1012,0
2024,3,29,10,30,7.9,7.9,100,1011,0
2024,3,29,11,0,7.800000000000001,7.800000000000001,100,1011,0
2024,3,29,11,30,7.800000000000001,7.800000000000001,100,1010,0
2024,3,29,12,0,7.7,7.7,100,1010,0
2024,3,29,12,30,7.7,7.7,100,1010,0
2024,3,29,13,0,7.7,7.7,100,1009,0
2024,3,29,13,30,8,7.7,98.03,1009,0
2024,3,29,14,0,8.200000000000001,7.800000000000001,97.38,1009,0
2024,3,29,14,30,8.700000000000001,7.800000000000001,94.05,1008,0
2024,3,29,15,0,9.200000000000001,8.3,93.93,1008,0
2024,3,29,15,30,9.5,8.3,92.06,1008,0
2024,3,29,16,0,9.9,8.700000000000001,92.19,1008,0
2024,3,29,16,30,10.3,8.700000000000001,89.67,1007,0
2024,3,29,17,0,10.700000000000001,8.8,88.10000000000001,1007,0
2024,3,29,17,30,11,8.8,86.36,1007,0
2024,3,29,18,0,11.4,7.9,78.83,1006,0
2024,3,29,18,30,11.600000000000001,7.9,77.79,1006,0
2024,3,29,19,0,11.9,7.300000000000001,73.48,1005,0
2024,3,29,19,30,12.3,7.300000000000001,71.58,1005,0
2024,3,29,20,0,12.700000000000001,7.5,70.54,1004,0
2024,3,29,20,30,13.100000000000001,7.5,68.65,1003,0
2024,3,29,21,0,13.4,8,70.05,1003,0
2024,3,29,21,30,13.200000000000001,8,70.9,1002,0
2024,3,29,22,0,13.100000000000001,8.700000000000001,74.49,1002,0
2024,3,29,22,30,12.5,8.700000000000001,77.46000000000001,1002,0
2024,3,29,23,0,12,8.9,81.15,1002,0
2024,3,29,23,30,11.600000000000001,8.9,83.31,1002,0
2024,3,30,0,0,11.100000000000001,8.9,86.49,1002,0
2024,3,30,0,30,10.9,8.9,87.64,1002,0
2024,3,30,1,0,10.700000000000001,8.9,88.88,1002,0
2024,3,30,1,30,10.600000000000001,8.9,89.47,1002,0
2024,3,30,2,0,10.4,8.8,90,1002,0
2024,3,30,2,30,10.100000000000001,8.8,91.82000000000001,1002,0
2024,3,30,3,0,9.9,8.5,91.27,1002,0
2024,3,30,3,30,9.700000000000001,8.5,92.5,1002,0
2024,3,30,4,0,9.4,8.3,92.92,1002,0
2024,3,30,4,30,9.200000000000001,8.3,94.17,1002,0
2024,3,30,5,0,9,8.200000000000001,94.43,1002,0
2024,3,30,5,30,8.6,8.200000000000001,97.01,1002,0
2024,3,30,6,0,8.200000000000001,7.800000000000001,97.19,1002,0
2024,3,30,6,30,8,7.800000000000001,98.52,1002,0
2024,3,30,7,0,7.7,7.5,98.43,1002,0
2024,3,30,7,30,7.5,7.5,99.78,1002,0
2024,3,30,8,0,7.4,7.2,98.56,1002,0
2024,3,30,8,30,7.300000000000001,7.2,99.24000000000001,1002,0
2024,3,30,9,0,7.300000000000001,7,98.17,1002,0
2024,3,30,9,30,7.300000000000001,7,98.17,1002,0
2024,3,30,10,0,7.300000000000001,7,97.74000000000001,1002,0
2024,3,30,10,30,7.2,7,98.41,1002,0
2024,3,30,11,0,7.2,6.800000000000001,97.28,1002,0
2024,3,30,11,30,7.2,6.800000000000001,97.28,1002,0
2024,3,30,12,0,7.2,6.800000000000001,97.22,1002,0
2024,3,30,12,30,7.2,6.800000000000001,97.22,1002,0
2024,3,30,13,0,7.1000000000000005,6.7,97.06,1002,0
2024,3,30,13,30,7.300000000000001,6.7,95.84,1003,0
2024,3,30,14,0,7.6000000000000005,7,95.75,1003,0
2024,3,30,14,30,8.3,7,91.31,1003,0
2024,3,30,15,0,9,7.9,93.07000000000001,1003,0
2024,3,30,15,30,10,7.9,87.03,1003,0
2024,3,30,16,0,10.9,8.8,86.66,1003,0
2024,3,30,16,30,11.8,8.8,81.74,1004,0
2024,3,30,17,0,12.700000000000001,8.5,75.81,1004,0
2024,3,30,17,30,13.3,8.5,72.91,1004,0
2024,3,30,18,0,14,7.6000000000000005,65.49,1004,0
2024,3,30,18,30,14.4,7.6000000000000005,63.82,1004,0
2024,3,30,19,0,14.9,7.1000000000000005,59.65,1004,0
2024,3,30,19,30,15.200000000000001,7.1000000000000005,58.51,1004,0
2024,3,30,20,0,15.5,6.9,56.58,1004,0
2024,3,30,20,30,15.700000000000001,6.9,55.870000000000005,1004,0
2024,3,30,21,0,15.8,6.800000000000001,55.09,1004,0
2024,3,30,21,30,15.9,6.800000000000001,54.74,1004,0
2024,3,30,22,0,15.9,6.7,54.5,1004,0
2024,3,30,22,30,15.8,6.7,54.85,1004,0
2024,3,30,23,0,15.8,6.7,54.54,1003,0
2024,3,30,23,30,15.5,6.7,55.59,1003,0
2024,3,31,0,0,15.3,6.9,57.13,1004,0
2024,3,31,0,30,14.600000000000001,6.9,59.75,1004,0
2024,3,31,1,0,13.8,9.1,73.07000000000001,1004,0
2024,3,31,1,30,12.4,9.1,80.05,1004,0
2024,3,31,2,0,11,7.5,79.04,1004,0
2024,3,31,2,30,10.600000000000001,7.5,81.25,1005,0
2024,3,31,3,0,10.3,6.6000000000000005,77.77,1005,0
2024,3,31,3,30,10.200000000000001,6.6000000000000005,78.29,1005,0
2024,3,31,4,0,10.200000000000001,6.1000000000000005,75.85000000000001,1005,0
2024,3,31,4,30,10.3,6.1000000000000005,75.35000000000001,1005,0
2024,3,31,5,0,10.4,5.9,73.82000000000001,1006,0
2024,3,31,5,30,10.3,5.9,74.32000000000001,1006,0
2024,3,31,6,0,10.3,6.1000000000000005,75.3,1006,0
2024,3,31,6,30,10.100000000000001,6.1000000000000005,76.31,1006,0
2024,3,31,7,0,9.9,6.4,79.11,1006,0
2024,3,31,7,30,9.4,6.4,81.81,1006,0
2024,3,31,8,0,8.9,6.9,87.3,1007,0
2024,3,31,8,30,8.8,6.9,87.89,1007,0
2024,3,31,9,0,8.700000000000001,7.1000000000000005,89.67,1007,0
2024,3,31,9,30,8.700000000000001,7.1000000000000005,89.67,1007,0
2024,3,31,10,0,8.8,6.9,88.04,1007,0
2024,3,31,10,30,9,6.9,86.86,1007,0
2024,3,31,11,0,9.200000000000001,6.9,85.74,1007,0
2024,3,31,11,30,9.3,6.9,85.16,1007,0
2024,3,31,12,0,9.4,6.9,84.2,1007,0
2024,3,31,12,30,9.3,6.9,84.77,1007,0
2024,3,31,13,0,9.200000000000001,6.9,85.42,1007,0
2024,3,31,13,30,9.3,6.9,84.93,1008,0
2024,3,31,14,0,9.4,7.7,89.18,1008,0
2024,3,31,14,30,10.3,7.7,83.97,1008,0
2024,3,31,15,0,11.3,9,85.51,1008,0
2024,3,31,15,30,12.600000000000001,9,78.59,1009,0
2024,3,31,16,0,13.8,9.3,74.35000000000001,1009,0
2024,3,31,16,30,14.8,9.3,69.7,1009,0
2024,3,31,17,0,15.8,9.600000000000001,66.43,1009,0
2024,3,31,17,30,16.5,9.600000000000001,63.53,1009,0
2024,3,31,18,0,17.1,9.9,62.64,1009,0
2024,3,31,18,30,17.6,9.9,60.64,1008,0
2024,3,31,19,0,18,10.3,60.57,1008,0
2024,3,31,19,30,18.2,10.3,59.82,1008,0
2024,3,31,20,0,18.5,10.600000000000001,60.13,1008,0
2024,3,31,20,30,18.5,10.600000000000001,60.07,1007,0
2024,3,31,21,0,18.6,10.8,60.300000000000004,1007,0
2024,3,31,21,30,18.2,10.8,61.83,1007,0
2024,3,31,22,0,17.8,10.8,63.6,1006,0
2024,3,31,22,30,17.6,10.8,64.41,1006,0
2024,3,31,23,0,17.400000000000002,11.100000000000001,66.48,1006,0
2024,3,31,23,30,17.2,11.100000000000001,67.32000000000001,1006,0
2024,4,1,0,0,17.1,11.4,69.10000000000001,1006,0
2024,4,1,0,30,16.5,11.4,71.78,1006,0
2024,4,1,1,0,16,12.4,79.27,1006,0
2024,4,1,1,30,14.600000000000001,12.4,86.79,1007,0
2024,4,1,2,0,13.200000000000001,10.8,85.34,1007,0
2024,4,1,2,30,12.600000000000001,10.8,88.75,1007,0
2024,4,1,3,0,12,10.200000000000001,88.7,1007,0
2024,4,1,3,30,11.8,10.200000000000001,89.96000000000001,1008,0
2024,4,1,4,0,11.600000000000001,9.9,89.55,1008,0
2024,4,1,4,30,11.5,9.9,90.14,1008,0
2024,4,1,5,0,11.4,9.700000000000001,89.42,1009,0
2024,4,1,5,30,10.9,9.700000000000001,92.42,1009,0
2024,4,1,6,0,10.3,9.4,94.02,1009,0
2024,4,1,6,30,9.700000000000001,9.4,97.96000000000001,1010,0
2024,4,1,7,0,9.200000000000001,8.9,97.81,1010,0
2024,4,1,7,30,8.700000000000001,8.700000000000001,100,1010,0
2024,4,1,8,0,8.3,8.1,98.56,1010,0
2024,4,1,8,30,7.9,7.9,100,1011,0
2024,4,1,9,0,7.5,7,96.88,1011,0
2024,4,1,9,30,7.2,7,98.89,1011,0
2024,4,1,10,0,6.9,6,93.8,1011,0
2024,4,1,10,30,6.800000000000001,6,94.54,1012,0
2024,4,1,11,0,6.7,5.300000000000001,90.87,1012,0
2024,4,1,11,30,6.4,5.300000000000001,92.76,1012,0
2024,4,1,12,0,6.2,5,92.18,1013,0
2024,4,1,12,30,6,5,93.45,1013,0
2024,4,1,13,0,5.7,4.800000000000001,94.01,1014,0
2024,4,1,13,30,6.4,4.800000000000001,89.58,1014,0
2024,4,1,14,0,7.1000000000000005,5.300000000000001,88.53,1015,0
2024,4,1,14,30,8.3,5.300000000000001,81.59,1015,0
2024,4,1,15,0,9.600000000000001,6.5,80.93,1016,0
2024,4,1,15,30,11,6.5,73.73,1016,0
2024,4,1,16,0,12.4,7.300000000000001,70.97,1016,0
2024,4,1,16,30,13.700000000000001,7.300000000000001,65.27,1017,0
2024,4,1,17,0,15,8.1,63.39,1017,0
2024,4,1,17,30,16,8.1,59.47,1017,0
2024,4,1,18,0,17,9,59.26,1017,0
2024,4,1,18,30,18,9,55.65,1017,0
2024,4,1,19,0,18.900000000000002,9.3,53.52,1018,0
2024,4,1,19,30,19.5,9.3,51.56,1018,0
2024,4,1,20,0,20.1,9.3,49.660000000000004,1018,0
2024,4,1,20,30,20.400000000000002,9.3,48.75,1018,0
2024,4,1,21,0,20.700000000000003,9.4,48.19,1018,0
2024,4,1,21,30,20.900000000000002,9.4,47.6,1018,0
2024,4,1,22,0,21.1,9.600000000000001,47.77,1018,0
2024,4,1,22,30,21.1,9.600000000000001,47.72,1017,0
2024,4,1,23,0,21.200000000000003,10.200000000000001,49.33,1017,0
2024,4,1,23,30,21.1,10.200000000000001,49.63,1017,0
2024,4,2,0,0,21,10.5,51.15,1017,0
2024,4,2,0,30,20,10.5,54.39,1017,0
2024,4,2,1,0,19.1,13,67.86,1018,0
2024,4,2,1,30,17.1,13,76.91,1018,0
2024,4,2,2,0,15.200000000000001,10.3,72.75,1018,0
2024,4,2,2,30,14.4,10.3,76.59,1018,0
2024,4,2,3,0,13.600000000000001,9.9,78.39,1019,0
2024,4,2,3,30,13.3,9.9,79.93,1019,0
2024,4,2,4,0,13,10.100000000000001,82.81,1019,0
2024,4,2,4,30,12.700000000000001,10.100000000000001,84.44,1019,0
2024,4,2,5,0,12.3,10.200000000000001,86.94,1019,0
2024,4,2,5,30,11.8,10.200000000000001,89.93,1020,0
2024,4,2,6,0,11.4,9.9,90.29,1020,0
2024,4,2,6,30,11,9.9,92.71000000000001,1020,0
2024,4,2,7,0,10.5,9.600000000000001,93.91,1020,0
2024,4,2,7,30,10.200000000000001,9.600000000000001,95.81,1020,0
2024,4,2,8,0,9.9,9.3,95.91,1020,0
2024,4,2,8,30,9.600000000000001,9.3,97.86,1020,0
2024,4,2,9,0,9.3,9,98.2,1020,0
2024,4,2,9,30,9,9,100,1020,0
2024,4,2,10,0,8.700000000000001,8.700000000000001,100,1020,0
2024,4,2,10,30,8.3,8.3,100,1020,0
2024,4,2,11,0,8,8,100,1021,0
2024,4,2,11,30,7.800000000000001,7.800000000000001,100,1021,0
2024,4,2,12,0,7.7,7.7,100,1021,0
2024,4,2,12,30,7.6000000000000005,7.6000000000000005,100,1021,0
2024,4,2,13,0,7.4,7.4,100,1022,0
2024,4,2,13,30,8.3,8.3,100,1022,0
2024,4,2,14,0,9.200000000000001,9,98.99000000000001,1022,0
2024,4,2,14,30,10.600000000000001,9.1,90.24,1023,0
2024,4,2,15,0,12.100000000000001,9.9,86.27,1023,0
2024,4,2,15,30,13.4,9.9,79.25,1023,0
2024,4,2,16,0,14.700000000000001,10.200000000000001,74.67,1024,0
2024,4,2,16,30,15.9,10.3,69.15,1024,0
2024,4,2,17,0,17.1,11.100000000000001,67.76,1024,0
2024,4,2,17,30,18.1,11.100000000000001,63.63,1024,0
2024,4,2,18,0,19.1,11.5,61.31,1024,0
2024,4,2,18,30,20,11.5,57.99,1024,0
2024,4,2,19,0,20.900000000000002,11.700000000000001,55.58,1024,0
2024,4,2,19,30,21.5,11.700000000000001,53.58,1024,0
2024,4,2,20,0,22.1,12,52.660000000000004,1024,0
2024,4,2,20,30,22.3,12,52.03,1024,0
2024,4,2,21,0,22.6,12.4,52.49,1024,0
2024,4,2,21,30,22.700000000000003,12.4,52.120000000000005,1023,0
2024,4,2,22,0,22.8,12.5,52.4,1023,0
2024,4,2,22,30,22.700000000000003,12.5,52.71,1023,0
2024,4,2,23,0,22.6,12.9,54.370000000000005,1023,0
2024,4,2,23,30,22.200000000000003,12.9,55.7,1023,0
2024,4,3,0,0,21.8,13.3,58.32,1023,0
2024,4,3,0,30,20.6,13.3,62.76,1023,0
2024,4,3,1,0,19.400000000000002,14.5,73.27,1023,0
2024,4,3,1,30,17.400000000000002,14.5,83.02,1023,0
2024,4,3,2,0,15.5,12.200000000000001,80.88,1023,0
2024,4,3,2,30,14.600000000000001,12.200000000000001,85.68,1023,0
2024,4,3,3,0,13.600000000000001,11.100000000000001,84.71000000000001,1024,0
2024,4,3,3,30,13,11.100000000000001,88.08,1024,0
2024,4,3,4,0,12.4,10.5,88.25,1024,0
2024,4,3,4,30,11.8,10.5,91.8,1024,0
2024,4,3,5,0,11.3,10.100000000000001,92.24,1024,0
2024,4,3,5,30,10.8,10.100000000000001,95.34,1024,0
2024,4,3,6,0,10.4,9.8,96.02,1023,0
2024,4,3,6,30,10,9.8,98.61,1023,0
2024,4,3,7,0,9.600000000000001,9.600000000000001,100,1023,0
2024,4,3,7,30,9.200000000000001,9.200000000000001,100,1023,0
2024,4,3,8,0,8.9,8.9,100,1023,0
2024,4,3,8,30,8.6,8.6,100,1023,0
2024,4,3,9,0,8.3,8.3,100,1022,0
2024,4,3,9,30,8.1,8.1,100,1022,0
2024,4,3,10,0,8,8,100,1022,0
2024,4,3,10,30,7.800000000000001,7.800000000000001,100,1022,0
2024,4,3,11,0,7.7,7.7,100,1021,0
2024,4,3,11,30,7.5,7.5,100,1021,0
2024,4,3,12,0,7.4,7.4,100,1021,0
2024,4,3,12,30,7.300000000000001,7.300000000000001,100,1021,0
2024,4,3,13,0,7.300000000000001,7.300000000000001,100,1021,0
2024,4,3,13,30,8.3,8.3,100,1020,0
2024,4,3,14,0,9.4,9.4,99.67,1020,0
2024,4,3,14,30,10.8,9.4,90.78,1020,0
2024,4,3,15,0,12.3,10.4,88.05,1020,0
2024,4,3,15,30,13.5,10.4,81.42,1020,0
2024,4,3,16,0,14.600000000000001,11.100000000000001,79.58,1020,0
2024,4,3,16,30,15.5,11.100000000000001,75.12,1020,0
2024,4,3,17,0,16.400000000000002,11.700000000000001,73.66,1019,0
2024,4,3,17,30,17.1,11.700000000000001,70.47,1019,0
2024,4,3,18,0,17.900000000000002,12.100000000000001,69.06,1019,0
2024,4,3,18,30,18.400000000000002,12.100000000000001,66.86,1018,0
2024,4,3,19,0,18.900000000000002,12.4,65.85,1018,0
2024,4,3,19,30,19.200000000000003,12.4,64.57000000000001,1017,0
2024,4,3,20,0,19.5,12.5,63.800000000000004,1017,0
2024,4,3,20,30,19.6,12.4,63.35,1016,0
2024,4,3,21,0,19.700000000000003,12.600000000000001,63.51,1016,0
2024,4,3,21,30,19.5,12.600000000000001,64.24,1015,0
2024,4,3,22,0,19.200000000000003,12.5,65.37,1015,0
2024,4,3,22,30,18.6,12.5,67.86,1015,0
2024,4,3,23,0,18,12.3,69.15,1014,0
2024,4,3,23,30,17.2,12.3,72.72,1014,0
2024,4,4,0,0,16.3,11.600000000000001,73.84,1014,0
2024,4,4,0,30,15.3,11.600000000000001,78.62,1013,0
2024,4,4,1,0,14.200000000000001,10.600000000000001,78.84,1013,0
2024,4,4,1,30,13.200000000000001,10.600000000000001,84.12,1013,0
2024,4,4,2,0,12.200000000000001,9.600000000000001,83.86,1013,0
2024,4,4,2,30,11.600000000000001,9.600000000000001,87.32000000000001,1014,0
2024,4,4,3,0,10.9,8.4,84.66,1014,0
2024,4,4,3,30,10.200000000000001,8.4,88.69,1014,0
2024,4,4,4,0,9.5,7.1000000000000005,84.72,1014,0
2024,4,4,4,30,8.9,7.1000000000000005,88.21000000000001,1014,0
2024,4,4,5,0,8.200000000000001,6,86.10000000000001,1014,0
2024,4,4,5,30,7.6000000000000005,6,89.68,1014,0
2024,4,4,6,0,7,5.4,89.56,1014,0
2024,4,4,6,30,6.5,5.4,92.69,1014,0
2024,4,4,7,0,6,5.1000000000000005,93.75,1014,0
2024,4,4,7,30,5.800000000000001,5.1000000000000005,94.96000000000001,1013,0
2024,4,4,8,0,5.5,5,96.49000000000001,1013,0
2024,4,4,8,30,5.4,5,97.06,1012,0
2024,4,4,9,0,5.300000000000001,5,98.12,1012,0
2024,4,4,9,30,5.300000000000001,5,98.12,1012,0
2024,4,4,10,0,5.2,5.1000000000000005,99.43,1011,0
2024,4,4,10,30,5.4,5.1000000000000005,98.06,1011,0
2024,4,4,11,0,5.6000000000000005,5.300000000000001,97.7,1010,0
2024,4,4,11,30,5.7,5.300000000000001,97.03,1010,0
2024,4,4,12,0,5.800000000000001,5.4,97.32000000000001,1009,0
2024,4,4,12,30,6.1000000000000005,5.4,95.32000000000001,1009,0
2024,4,4,13,0,6.4,5.7,95.2,1008,0
2024,4,4,13,30,6.800000000000001,5.7,92.63,1008,0
2024,4,4,14,0,7.2,6.1000000000000005,92.95,1008,0
2024,4,4,14,30,7.300000000000001,6.1000000000000005,92.23,1007,0
2024,4,4,15,0,7.4,6.300000000000001,92.48,1007,0
2024,4,4,15,30,7.5,6.2,91.76,1006,0
2024,4,4,16,0,7.5,6,90.46000000000001,1006,0
2024,4,4,16,30,7.800000000000001,6,88.64,1006,0
2024,4,4,17,0,8,5.9,86.73,1006,0
2024,4,4,17,30,8.3,5.9,84.98,1006,0
2024,4,4,18,0,8.6,5.6000000000000005,81.45,1007,0
2024,4,4,18,30,9,5.6000000000000005,79.2,1006,0
2024,4,4,19,0,9.4,4.9,73.51,1006,0
2024,4,4,19,30,9.700000000000001,4.9,72.05,1006,0
2024,4,4,20,0,10,4.2,67.16,1006,0
2024,4,4,20,30,10.100000000000001,4.2,66.72,1006,0
2024,4,4,21,0,10.200000000000001,3.7,63.93,1006,0
2024,4,4,21,30,10.100000000000001,3.7,64.36,1006,0
2024,4,4,22,0,10,3.4000000000000004,63.480000000000004,1006,0
2024,4,4,22,30,9.8,3.4000000000000004,64.33,1006,0
2024,4,4,23,0,9.5,3.3000000000000003,65.42,1006,0
2024,4,4,23,30,9.200000000000001,3.3000000000000003,66.75,1006,0
2024,4,5,0,0,8.8,3.8000000000000003,70.69,1006,0
2024,4,5,0,30,8.3,3.8000000000000003,73.12,1006,0
2024,4,5,1,0,7.7,4.7,81.26,1006,0
2024,4,5,1,30,7.2,4.7,84.07000000000001,1006,0
2024,4,5,2,0,6.6000000000000005,5.1000000000000005,90.32000000000001,1007,0
2024,4,5,2,30,6.4,5.1000000000000005,91.56,1007,0
2024,4,5,3,0,6.1000000000000005,4.9,91.9,1007,0
2024,4,5,3,30,5.9,4.9,93.18,1007,0
2024,4,5,4,0,5.7,4.7,93.27,1007,0
2024,4,5,4,30,5.6000000000000005,4.7,93.91,1007,0
2024,4,5,5,0,5.5,4.5,93.06,1007,0
2024,4,5,5,30,5.4,4.5,93.71000000000001,1007,0
2024,4,5,6,0,5.4,4.3,92.42,1007,0
2024,4,5,6,30,5.300000000000001,4.3,93.06,1007,0
2024,4,5,7,0,5.300000000000001,4.3,92.94,1007,0
2024,4,5,7,30,5.2,4.3,93.59,1007,0
2024,4,5,8,0,5.1000000000000005,4.2,94.18,1007,0
2024,4,5,8,30,5,4.2,94.84,1007,0
2024,4,5,9,0,4.9,4.2,94.97,1007,0
2024,4,5,9,30,4.800000000000001,4.2,95.63,1007,0
2024,4,5,10,0,4.800000000000001,4.1000000000000005,94.9,1007,0
2024,4,5,10,30,4.800000000000001,4.1000000000000005,94.9,1007,0
2024,4,5,11,0,4.9,4.1000000000000005,94.36,1007,0
2024,4,5,11,30,4.9,4.1000000000000005,94.36,1007,0
2024,4,5,12,0,4.9,4.1000000000000005,94.67,1008,0
2024,4,5,12,30,4.9,4.1000000000000005,94.67,1008,0
2024,4,5,13,0,4.9,4.2,94.95,1008,0
2024,4,5,13,30,5.1000000000000005,4.2,93.64,1008,0
2024,4,5,14,0,5.300000000000001,4.3,93.56,1009,0
2024,4,5,14,30,5.9,4.3,89.76,1009,0
2024,4,5,15,0,6.5,4.800000000000001,88.74,1009,0
2024,4,5,15,30,7.4,4.800000000000001,83.44,1009,0
2024,4,5,16,0,8.3,4.7,78.04,1010,0
2024,4,5,16,30,9,4.7,74.44,1010,0
2024,4,5,17,0,9.700000000000001,4.4,69.65,1010,0
2024,4,5,17,30,10.200000000000001,4.4,67.37,1010,0
2024,4,5,18,0,10.700000000000001,4.5,65.44,1011,0
2024,4,5,18,30,11,4.5,64.15,1011,0
2024,4,5,19,0,11.200000000000001,4.4,62.88,1011,0
2024,4,5,19,30,11.5,4.4,61.64,1011,0
2024,4,5,20,0,11.700000000000001,4.1000000000000005,59.75,1011,0
2024,4,5,20,30,11.9,4.1000000000000005,59.03,1012,0
2024,4,5,21,0,12.200000000000001,3.8000000000000003,56.32,1012,0
2024,4,5,21,30,12.4,3.8000000000000003,55.59,1012,0
2024,4,5,22,0,12.5,3.3000000000000003,53.54,1012,0
2024,4,5,22,30,12.700000000000001,3.3000000000000003,52.84,1012,0
2024,4,5,23,0,12.8,3.1,51.620000000000005,1012,0
2024,4,5,23,30,12.8,3.1,51.620000000000005,1012,0
2024,4,6,0,0,12.9,3.1,51.26,1013,0
2024,4,6,0,30,12.5,3.1,52.620000000000005,1013,0
2024,4,6,1,0,12.200000000000001,5.4,63.11,1013,0
2024,4,6,1,30,11.100000000000001,5.4,67.92,1014,0
2024,4,6,2,0,10,4.800000000000001,70.29,1014,0
2024,4,6,2,30,9.3,4.9,73.74,1015,0
2024,4,6,3,0,8.700000000000001,4.4,74.43,1015,0
2024,4,6,3,30,8.3,4.4,76.54,1016,0
2024,4,6,4,0,7.9,4.3,78.03,1016,0
2024,4,6,4,30,7.6000000000000005,4.3,79.63,1016,0
2024,4,6,5,0,7.2,4.3,82.03,1017,0
2024,4,6,5,30,6.9,4.3,83.73,1017,0
2024,4,6,6,0,6.5,4.5,87.03,1018,0
2024,4,6,6,30,6.2,4.5,88.84,1018,0
2024,4,6,7,0,5.9,4.6000000000000005,91.45,1018,0
2024,4,6,7,30,5.6000000000000005,4.6000000000000005,93.46000000000001,1019,0
2024,4,6,8,0,5.300000000000001,4.7,95.66,1019,0
2024,4,6,8,30,5,4.7,97.68,1019,0
2024,4,6,9,0,4.800000000000001,4.6000000000000005,98.87,1019,0
2024,4,6,9,30,4.5,4.5,100,1020,0
2024,4,6,10,0,4.3,4.3,100,1020,0
2024,4,6,10,30,4,4,100,1020,0
2024,4,6,11,0,3.6,3.6,100,1021,0
2024,4,6,11,30,3.5,3.5,100,1021,0
2024,4,6,12,0,3.4000000000000004,3.4000000000000004,100,1021,0
2024,4,6,12,30,3.7,3.7,100,1022,0
2024,4,6,13,0,3.9000000000000004,3.9000000000000004,100,1022,0
2024,4,6,13,30,4.5,4.2,97.67,1023,0
2024,4,6,14,0,5.1000000000000005,4.3,94.75,1023,0
2024,4,6,14,30,5.9,4.3,89.65,1023,0
2024,4,6,15,0,6.6000000000000005,5.1000000000000005,90.10000000000001,1024,0
2024,4,6,15,30,8,5.1000000000000005,81.89,1024,0
2024,4,6,16,0,9.3,6.2,81.14,1024,0
2024,4,6,16,30,10.700000000000001,6.2,73.9,1024,0
2024,4,6,17,0,12.200000000000001,6.2,66.86,1024,0
2024,4,6,17,30,13.100000000000001,6.2,63.04,1024,0
2024,4,6,18,0,14.100000000000001,5.800000000000001,57.54,1024,0
2024,4,6,18,30,14.600000000000001,5.800000000000001,55.71,1024,0
2024,4,6,19,0,15.200000000000001,5.800000000000001,53.36,1024,0
2024,4,6,19,30,15.600000000000001,5.800000000000001,52.01,1024,0
2024,4,6,20,0,16,5.800000000000001,50.89,1024,0
2024,4,6,20,30,16.2,5.800000000000001,50.24,1024,0
2024,4,6,21,0,16.400000000000002,5.9,49.83,1024,0
2024,4,6,21,30,16.3,5.9,50.15,1024,0
2024,4,6,22,0,16.3,5.800000000000001,49.85,1023,0
2024,4,6,22,30,15.9,5.800000000000001,51.14,1023,0
2024,4,6,23,0,15.5,5.9,52.9,1023,0
2024,4,6,23,30,14.9,5.9,54.97,1023,0
2024,4,7,0,0,14.4,6.6000000000000005,59.4,1023,0
2024,4,7,0,30,13.5,6.6000000000000005,62.96,1023,0
2024,4,7,1,0,12.600000000000001,8.1,73.87,1023,0
2024,4,7,1,30,11.700000000000001,8.1,78.36,1023,0
2024,4,7,2,0,10.700000000000001,7.7,81.74,1023,0
2024,4,7,2,30,10.200000000000001,7.7,84.5,1023,0
2024,4,7,3,0,9.8,7.300000000000001,84.7,1023,0
2024,4,7,3,30,9.4,7.300000000000001,87,1023,0
2024,4,7,4,0,9.1,7.2,87.8,1023,0
2024,4,7,4,30,8.6,7.2,90.8,1023,0
2024,4,7,5,0,8.200000000000001,6.800000000000001,90.78,1023,0
2024,4,7,5,30,7.6000000000000005,6.800000000000001,94.55,1023,0
2024,4,7,6,0,7.1000000000000005,6.2,94.2,1023,0
2024,4,7,6,30,6.6000000000000005,6.2,97.49000000000001,1023,0
2024,4,7,7,0,6,5.9,99.48,1023,0
2024,4,7,7,30,5.7,5.7,100,1023,0
2024,4,7,8,0,5.4,5.4,100,1023,0
2024,4,7,8,30,5.1000000000000005,5.1000000000000005,100,1022,0
2024,4,7,9,0,4.800000000000001,4.800000000000001,100,1022,0
2024,4,7,9,30,4.5,4.5,100,1022,0
2024,4,7,10,0,4.2,4.2,100,1022,0
2024,4,7,10,30,4,4,100,1022,0
2024,4,7,11,0,3.8000000000000003,3.8000000000000003,100,1021,0
2024,4,7,11,30,3.9000000000000004,3.9000000000000004,100,1021,0
2024,4,7,12,0,4,4,100,1021,0
2024,4,7,12,30,4.3,4.3,100,1021,0
2024,4,7,13,0,4.7,4.6000000000000005,99.57000000000001,1022,0
2024,4,7,13,30,5.1000000000000005,4.6000000000000005,96.83,1022,0
2024,4,7,14,0,5.5,4.7,94.29,1022,0
2024,4,7,14,30,6.5,4.7,88.01,1022,0
2024,4,7,15,0,7.5,5.4,86.76,1022,0
2024,4,7,15,30,9,5.4,78.38,1022,0
2024,4,7,16,0,10.600000000000001,6.4,75.35000000000001,1022,0
2024,4,7,16,30,12.100000000000001,6.4,68.25,1022,0
2024,4,7,17,0,13.700000000000001,6.2,60.65,1022,0
2024,4,7,17,30,14.4,6.2,57.97,1022,0
2024,4,7,18,0,15.200000000000001,6,54.18,1022,0
2024,4,7,18,30,15.5,6,53.15,1022,0
2024,4,7,19,0,15.8,6.1000000000000005,52.660000000000004,1022,0
2024,4,7,19,30,16,6.1000000000000005,51.95,1021,0
2024,4,7,20,0,16.2,6.300000000000001,51.92,1021,0
2024,4,7,20,30,16.400000000000002,6.300000000000001,51.27,1021,0
2024,4,7,21,0,16.6,6.5,51.38,1020,0
2024,4,7,21,30,16.7,6.5,51.06,1020,0
2024,4,7,22,0,16.8,6.7,51.38,1019,0
2024,4,7,22,30,16.8,6.7,51.38,1019,0
2024,4,7,23,0,16.8,6.800000000000001,51.78,1019,0
2024,4,7,23,30,16.6,6.800000000000001,52.39,1018,0
2024,4,8,0,0,16.400000000000002,7.300000000000001,54.81,1018,0
2024,4,8,0,30,15.700000000000001,7.300000000000001,57.31,1018,0
2024,4,8,1,0,14.9,9.700000000000001,71.16,1018,0
2024,4,8,1,30,13.200000000000001,9.700000000000001,79.42,1018,0
2024,4,8,2,0,11.4,8.200000000000001,80.85000000000001,1018,0
2024,4,8,2,30,10.700000000000001,8.200000000000001,84.68,1018,0
2024,4,8,3,0,10,7.2,82.92,1018,0
2024,4,8,3,30,9.700000000000001,7.2,84.60000000000001,1018,0
2024,4,8,4,0,9.4,6.9,84.52,1018,0
2024,4,8,4,30,9.200000000000001,6.9,85.66,1018,0
2024,4,8,5,0,9,6.7,85.76,1018,0
2024,4,8,5,30,8.8,6.7,86.92,1018,0
2024,4,8,6,0,8.6,6.6000000000000005,87.35000000000001,1018,0
2024,4,8,6,30,8.3,6.6000000000000005,89.14,1018,0
2024,4,8,7,0,7.9,6.2,89.2,1018,0
2024,4,8,7,30,7.6000000000000005,6.2,91.04,1018,0
2024,4,8,8,0,7.300000000000001,5.7,89.31,1018,0
2024,4,8,8,30,7.1000000000000005,5.7,90.54,1018,0
2024,4,8,9,0,6.800000000000001,5.1000000000000005,88.76,1018,0
2024,4,8,9,30,6.6000000000000005,5.1000000000000005,89.98,1018,0
2024,4,8,10,0,6.4,4.6000000000000005,88.53,1018,0
2024,4,8,10,30,6.2,4.6000000000000005,89.76,1018,0
2024,4,8,11,0,6,4.3,89.09,1018,0
2024,4,8,11,30,5.7,4.3,90.95,1018,0
2024,4,8,12,0,5.5,4.1000000000000005,90.39,1018,0
2024,4,8,12,30,5.5,4.1000000000000005,90.39,1018,0
2024,4,8,13,0,5.4,3.8000000000000003,89.19,1018,0
2024,4,8,13,30,6.4,3.8000000000000003,83.25,1018,0
2024,4,8,14,0,7.4,4.7,82.79,1018,0
2024,4,8,14,30,8.8,4.7,75.3,1018,0
2024,4,8,15,0,10.200000000000001,5.6000000000000005,73.03,1019,0
2024,4,8,15,30,11.5,5.6000000000000005,67,1019,0
2024,4,8,16,0,12.8,6.300000000000001,64.5,1019,0
2024,4,8,16,30,14.100000000000001,6.300000000000001,59.28,1019,0
2024,4,8,17,0,15.3,6.800000000000001,56.870000000000005,1019,0
2024,4,8,17,30,16.400000000000002,6.800000000000001,53.02,1019,0
2024,4,8,18,0,17.400000000000002,7.4,52.02,1019,0
2024,4,8,18,30,18.2,7.4,49.47,1019,0
2024,4,8,19,0,19,8,48.870000000000005,1018,0
2024,4,8,19,30,19.6,8,47.08,1018,0
2024,4,8,20,0,20.1,8.4,46.980000000000004,1018,0
2024,4,8,20,30,20.5,8.4,45.84,1018,0
2024,4,8,21,0,20.8,8.8,46.04,1017,0
2024,4,8,21,30,21,8.8,45.480000000000004,1017,0
2024,4,8,22,0,21.1,9.3,46.75,1017,0
2024,4,8,22,30,21.1,9.3,46.75,1017,0
2024,4,8,23,0,21.1,9.600000000000001,47.69,1017,0
2024,4,8,23,30,20.700000000000003,9.600000000000001,48.870000000000005,1017,0
2024,4,9,0,0,20.3,10.9,54.74,1017,0
2024,4,9,0,30,19.3,10.9,58.230000000000004,1017,0
2024,4,9,1,0,18.2,13.4,73.59,1017,0
2024,4,9,1,30,16.3,13.4,82.95,1017,0
2024,4,9,2,0,14.5,11.100000000000001,80.23,1017,0
2024,4,9,2,30,13.8,11.100000000000001,83.94,1017,0
2024,4,9,3,0,13.100000000000001,10,81.55,1018,0
2024,4,9,3,30,12.8,10,83.16,1018,0
2024,4,9,4,0,12.5,9.600000000000001,82.35000000000001,1018,0
2024,4,9,4,30,12.3,9.600000000000001,83.44,1018,0
2024,4,9,5,0,12.100000000000001,9.200000000000001,82.51,1018,0
2024,4,9,5,30,11.9,9.200000000000001,83.60000000000001,1018,0
2024,4,9,6,0,11.700000000000001,8.9,82.83,1018,0
2024,4,9,6,30,11.600000000000001,8.9,83.38,1018,0
2024,4,9,7,0,11.4,8.6,83,1018,0
2024,4,9,7,30,11.3,8.6,83.55,1018,0
2024,4,9,8,0,11.3,8.3,81.78,1018,0
2024,4,9,8,30,11.3,8.3,81.78,1018,0
2024,4,9,9,0,11.4,7.9,78.98,1018,0
2024,4,9,9,30,11.200000000000001,7.9,80.03,1018,0
2024,4,9,10,0,11,7.5,79.24,1018,0
2024,4,9,10,30,10.8,7.5,80.3,1018,0
2024,4,9,11,0,10.5,7.300000000000001,80.63,1018,0
2024,4,9,11,30,10.3,7.300000000000001,81.79,1019,0
2024,4,9,12,0,10.100000000000001,7.2,82.17,1019,0
2024,4,9,12,30,9.700000000000001,7.2,84.4,1019,0
2024,4,9,13,0,9.4,7.1000000000000005,85.27,1019,0
2024,4,9,13,30,9.8,7.1000000000000005,83.02,1019,0
2024,4,9,14,0,10.200000000000001,7.9,85.82000000000001,1019,0
2024,4,9,14,30,11.600000000000001,7.9,78.29,1020,0
2024,4,9,15,0,13,8.5,74.03,1020,0
2024,4,9,15,30,14,8.5,69.38,1020,0
2024,4,9,16,0,15,9,67.27,1020,0
2024,4,9,16,30,16.1,9,62.7,1020,0
2024,4,9,17,0,17.1,10,63.06,1020,0
2024,4,9,17,30,18.1,10,59.28,1021,0
2024,4,9,18,0,19.200000000000003,10.8,58.07,1021,0
2024,4,9,18,30,20.1,10.700000000000001,54.870000000000005,1020,0
2024,4,9,19,0,21.1,11,52.42,1020,0
2024,4,9,19,30,21.8,11,50.230000000000004,1020,0
2024,4,9,20,0,22.5,11.3,49.19,1020,0
2024,4,9,20,30,22.900000000000002,11.3,48.02,1020,0
2024,4,9,21,0,23.3,11.8,48.32,1019,0
2024,4,9,21,30,23.6,11.8,47.45,1019,0
2024,4,9,22,0,23.8,12.100000000000001,47.980000000000004,1019,0
2024,4,9,22,30,23.900000000000002,12.100000000000001,47.65,1018,0
2024,4,9,23,0,24,12.4,48.31,1018,0
2024,4,9,23,30,24,12.4,48.31,1018,0
2024,4,10,0,0,24,13.100000000000001,50.49,1018,0
2024,4,10,0,30,23.5,13.100000000000001,52.02,1018,0
2024,4,10,1,0,22.900000000000002,14.4,58.58,1018,0
2024,4,10,1,30,21.1,14.3,65.35,1018,0
2024,4,10,2,0,19.400000000000002,12.700000000000001,65.08,1018,0
2024,4,10,2,30,18,12.700000000000001,71.01,1018,0
2024,4,10,3,0,16.6,12.3,75.77,1018,0
2024,4,10,3,30,15.9,12.3,79.3,1019,0
2024,4,10,4,0,15.100000000000001,12.200000000000001,82.64,1019,0
2024,4,10,4,30,14.5,12.200000000000001,85.89,1019,0
2024,4,10,5,0,13.8,11.9,88.14,1019,0
2024,4,10,5,30,13.3,11.9,91.04,1019,0
2024,4,10,6,0,12.8,11.700000000000001,92.74,1019,0
2024,4,10,6,30,12.4,11.700000000000001,95.2,1019,0
2024,4,10,7,0,11.9,11.5,97.16,1018,0
2024,4,10,7,30,11.600000000000001,11.5,99.10000000000001,1018,0
2024,4,10,8,0,11.3,11.3,99.86,1018,0
2024,4,10,8,30,11.200000000000001,11.200000000000001,100,1018,0
2024,4,10,9,0,11,11,100,1018,0
2024,4,10,9,30,10.9,10.9,100,1018,0
2024,4,10,10,0,10.8,10.8,100,1018,0
2024,4,10,10,30,10.8,10.8,100,1018,0
2024,4,10,11,0,10.8,10.8,100,1018,0
2024,4,10,11,30,10.700000000000001,10.700000000000001,100,1018,0
2024,4,10,12,0,10.600000000000001,10.600000000000001,100,1018,0
2024,4,10,12,30,10.4,10.4,100,1018,0
2024,4,10,13,0,10.200000000000001,10.200000000000001,100,1018,0
2024,4,10,13,30,10.8,10.600000000000001,98.61,1018,0
2024,4,10,14,0,11.5,11,96.87,1019,0
2024,4,10,14,30,12.8,11,88.95,1019,0
2024,4,10,15,0,14.200000000000001,12.100000000000001,87,1019,0
2024,4,10,15,30,15.5,12.100000000000001,80.03,1019,0
2024,4,10,16,0,16.900000000000002,13.200000000000001,78.68,1019,0
2024,4,10,16,30,18.400000000000002,13.200000000000001,71.61,1019,0
2024,4,10,17,0,19.8,13.3,66.16,1019,0
2024,4,10,17,30,21,13.3,61.45,1019,0
2024,4,10,18,0,22.200000000000003,13,55.96,1019,0
2024,4,10,18,30,22.8,13,53.92,1018,0
2024,4,10,19,0,23.400000000000002,13.5,53.89,1018,0
2024,4,10,19,30,23.700000000000003,13.5,52.93,1018,0
2024,4,10,20,0,24.1,14,53.35,1018,0
2024,4,10,20,30,24.5,14,52.04,1017,0
2024,4,10,21,0,24.900000000000002,14.3,51.76,1017,0
2024,4,10,21,30,25.1,14.3,51.15,1017,0
2024,4,10,22,0,25.400000000000002,14.5,50.97,1016,0
2024,4,10,22,30,25.400000000000002,14.5,50.97,1016,0
2024,4,10,23,0,25.400000000000002,14.8,51.96,1016,0
2024,4,10,23,30,25.5,14.8,51.65,1016,0
2024,4,11,0,0,25.5,15.200000000000001,53.02,1015,0
2024,4,11,0,30,25.1,15.200000000000001,54.29,1015,0
2024,4,11,1,0,24.8,15.5,56.24,1015,0
2024,4,11,1,30,23.8,15.5,59.7,1015,0
2024,4,11,2,0,22.8,13.100000000000001,54.31,1015,0
2024,4,11,2,30,21.8,13.100000000000001,57.7,1015,0
2024,4,11,3,0,20.8,12.8,60.26,1015,0
2024,4,11,3,30,20,12.8,63.300000000000004,1015,0
2024,4,11,4,0,19.200000000000003,12.8,66.42,1015,0
2024,4,11,4,30,18.8,12.8,68.09,1015,0
2024,4,11,5,0,18.3,12.5,68.81,1015,0
2024,4,11,5,30,17.900000000000002,12.5,70.55,1015,0
2024,4,11,6,0,17.6,12.100000000000001,70.26,1015,0
2024,4,11,6,30,17.3,12.100000000000001,71.60000000000001,1015,0
2024,4,11,7,0,17,11.8,71.26,1014,0
2024,4,11,7,30,16.7,11.8,72.63,1014,0
2024,4,11,8,0,16.5,11.5,72.19,1014,0
2024,4,11,8,30,16.2,11.5,73.58,1014,0
2024,4,11,9,0,15.9,11.4,74.7,1014,0
2024,4,11,9,30,15.600000000000001,11.4,76.15,1014,0
2024,4,11,10,0,15.200000000000001,11.5,78.39,1014,0
2024,4,11,10,30,14.8,11.4,80.34,1013,0
2024,4,11,11,0,14.4,11.5,82.69,1013,0
2024,4,11,11,30,14,11.5,84.85000000000001,1013,0
2024,4,11,12,0,13.600000000000001,11.5,87.2,1013,0
2024,4,11,12,30,13.4,11.5,88.34,1013,0
2024,4,11,13,0,13.200000000000001,11.5,89.46000000000001,1013,0
2024,4,11,13,30,13.9,11.5,85.57000000000001,1014,0
2024,4,11,14,0,14.600000000000001,12.5,86.96000000000001,1014,0
2024,4,11,14,30,15.5,12.5,82.09,1014,0
2024,4,11,15,0,16.5,13.3,81.64,1014,0
2024,4,11,15,30,17.6,13.4,76.16,1014,0
2024,4,11,16,0,18.7,14.700000000000001,77.58,1013,0
2024,4,11,16,30,20.400000000000002,14.700000000000001,69.83,1013,0
2024,4,11,17,0,22.1,14.8,63.38,1013,0
2024,4,11,17,30,23.1,14.8,59.660000000000004,1013,0
2024,4,11,18,0,24.1,15.200000000000001,57.38,1013,0
2024,4,11,18,30,24.700000000000003,15.100000000000001,55.31,1012,0
2024,4,11,19,0,25.3,15.700000000000001,55.160000000000004,1012,0
2024,4,11,19,30,25.700000000000003,15.600000000000001,53.82,1011,0
2024,4,11,20,0,26.1,16,53.76,1011,0
2024,4,11,20,30,26.400000000000002,16,52.76,1010,0
2024,4,11,21,0,26.6,16.2,52.88,1010,0
2024,4,11,21,30,26.700000000000003,16.2,52.52,1009,0
2024,4,11,22,0,26.700000000000003,16.3,52.9,1009,0
2024,4,11,22,30,26.6,16.3,53.22,1009,0
2024,4,11,23,0,26.5,16.3,53.42,1008,0
2024,4,11,23,30,26.1,16.3,54.69,1008,0
2024,4,12,0,0,25.6,16.2,56.1,1008,0
2024,4,12,0,30,24.3,16.2,60.61,1008,0
2024,4,12,1,0,23,16.900000000000002,68.66,1007,0
2024,4,12,1,30,20.8,16.900000000000002,78.48,1007,0
2024,4,12,2,0,18.6,15.3,80.93,1007,0
2024,4,12,2,30,17.400000000000002,15.3,87.25,1007,0
2024,4,12,3,0,16.3,13.700000000000001,84.73,1007,0
2024,4,12,3,30,15.600000000000001,13.700000000000001,88.60000000000001,1007,0
2024,4,12,4,0,14.9,13.100000000000001,88.9,1007,0
2024,4,12,4,30,14.3,13.100000000000001,92.4,1007,0
2024,4,12,5,0,13.700000000000001,12.5,92.51,1007,0
2024,4,12,5,30,13.200000000000001,12.5,95.56,1007,0
2024,4,12,6,0,12.8,11.9,94.49,1006,0
2024,4,12,6,30,12.3,11.9,97.63,1006,0
2024,4,12,7,0,11.9,11.4,96.82000000000001,1006,0
2024,4,12,7,30,11.5,11.4,99.41,1006,0
2024,4,12,8,0,11.200000000000001,11,98.78,1006,0
2024,4,12,8,30,10.9,10.9,100,1005,0
2024,4,12,9,0,10.600000000000001,10.600000000000001,100,1005,0
2024,4,12,9,30,10.4,10.4,100,1005,0
2024,4,12,10,0,10.200000000000001,10.200000000000001,100,1005,0
2024,4,12,10,30,10,10,100,1005,0
2024,4,12,11,0,9.8,9.8,100,1004,0
2024,4,12,11,30,9.700000000000001,9.700000000000001,100,1004,0
2024,4,12,12,0,9.600000000000001,9.5,99.57000000000001,1004,0
2024,4,12,12,30,9.600000000000001,9.5,99.57000000000001,1004,0
2024,4,12,13,0,9.5,9.3,98.44,1004,0
2024,4,12,13,30,10.200000000000001,9.3,93.94,1004,0
2024,4,12,14,0,10.8,9.4,91.11,1004,0
2024,4,12,14,30,11.700000000000001,9.4,85.85000000000001,1004,0
2024,4,12,15,0,12.600000000000001,10,84.21000000000001,1004,0
2024,4,12,15,30,13.700000000000001,10,78.39,1004,0
2024,4,12,16,0,14.8,9.8,72.03,1004,0
2024,4,12,16,30,15.5,9.8,68.94,1005,0
2024,4,12,17,0,16.1,9.3,63.97,1005,0
2024,4,12,17,30,16.5,9.3,62.370000000000005,1005,0
2024,4,12,18,0,16.900000000000002,9.1,60,1006,0
2024,4,12,18,30,17.3,9.1,58.51,1006,0
2024,4,12,19,0,17.7,9.3,57.92,1006,0
2024,4,12,19,30,18,9.3,56.85,1006,0
2024,4,12,20,0,18.3,9.700000000000001,57.160000000000004,1006,0
2024,4,12,20,30,18.3,9.700000000000001,57.160000000000004,1006,0
2024,4,12,21,0,18.3,9.9,57.94,1006,0
2024,4,12,21,30,18.1,9.9,58.67,1006,0
2024,4,12,22,0,17.900000000000002,9.9,59.52,1006,0
2024,4,12,22,30,17.6,9.9,60.65,1006,0
2024,4,12,23,0,17.2,9.8,61.870000000000005,1006,0
2024,4,12,23,30,16.7,9.8,63.86,1006,0
2024,4,13,0,0,16.2,9.700000000000001,65.52,1006,0
2024,4,13,0,30,15.5,9.700000000000001,68.58,1007,0
2024,4,13,1,0,14.8,10,72.79,1007,0
2024,4,13,1,30,13.700000000000001,10,78.15,1007,0
2024,4,13,2,0,12.600000000000001,10.4,86.28,1007,0
2024,4,13,2,30,12,10.4,89.74,1007,0
2024,4,13,3,0,11.3,10.100000000000001,92.10000000000001,1008,0
2024,4,13,3,30,11.100000000000001,10.100000000000001,93.33,1008,0
2024,4,13,4,0,10.8,9.9,93.92,1009,0
2024,4,13,4,30,10.700000000000001,9.9,94.55,1009,0
2024,4,13,5,0,10.600000000000001,9.8,94.96000000000001,1009,0
2024,4,13,5,30,10.600000000000001,9.8,94.96000000000001,1009,0
2024,4,13,6,0,10.700000000000001,9.9,94.95,1009,0
2024,4,13,6,30,10.700000000000001,9.9,94.95,1009,0
2024,4,13,7,0,10.8,10.100000000000001,95.17,1009,0
2024,4,13,7,30,10.9,10.100000000000001,94.54,1009,0
2024,4,13,8,0,11,10.100000000000001,94.09,1009,0
2024,4,13,8,30,11,10.100000000000001,94.09,1009,0
2024,4,13,9,0,10.9,10.100000000000001,94.49,1009,0
2024,4,13,9,30,11,10.100000000000001,93.87,1009,0
2024,4,13,10,0,11.100000000000001,10.3,94.72,1009,0
2024,4,13,10,30,11.100000000000001,10.3,94.72,1009,0
2024,4,13,11,0,11.100000000000001,10.3,95.11,1008,0
2024,4,13,11,30,10.8,10.4,97.11,1009,0
2024,4,13,12,0,10.600000000000001,9.9,95.21000000000001,1009,0
2024,4,13,12,30,10.100000000000001,9.9,98.44,1009,0
2024,4,13,13,0,9.600000000000001,8.6,93.72,1009,0
2024,4,13,13,30,9.1,8.700000000000001,97.02,1010,0
2024,4,13,14,0,8.6,7.5,92.65,1010,0
2024,4,13,14,30,8.4,7.5,94,1011,0
2024,4,13,15,0,8.200000000000001,6.800000000000001,90.81,1011,0
2024,4,13,15,30,8.4,6.800000000000001,89.59,1011,0
2024,4,13,16,0,8.700000000000001,6.6000000000000005,86.45,1012,0
2024,4,13,16,30,9.200000000000001,6.6000000000000005,83.59,1012,0
2024,4,13,17,0,9.700000000000001,6.5,80.4,1012,0
2024,4,13,17,30,10.100000000000001,6.5,78.28,1012,0
2024,4,13,18,0,10.5,6.6000000000000005,76.64,1013,0
2024,4,13,18,30,10.9,6.6000000000000005,74.63,1013,0
2024,4,13,19,0,11.3,6.7,73.46000000000001,1013,0
2024,4,13,19,30,11.700000000000001,6.7,71.55,1013,0
2024,4,13,20,0,12.100000000000001,6.9,70.36,1012,0
2024,4,13,20,30,12.5,6.9,68.54,1012,0
2024,4,13,21,0,12.8,6.9,67.25,1012,0
2024,4,13,21,30,12.9,6.9,66.81,1012,0
2024,4,13,22,0,13,6.800000000000001,65.82000000000001,1012,0
2024,4,13,22,30,12.700000000000001,6.800000000000001,67.12,1012,0
2024,4,13,23,0,12.4,6.5,67.48,1012,0
2024,4,13,23,30,12,6.5,69.28,1012,0
2024,4,14,0,0,11.600000000000001,6.7,71.88,1012,0
2024,4,14,0,30,11.100000000000001,6.7,74.36,1013,0
2024,4,14,1,0,10.5,6.9,78.42,1013,0
2024,4,14,1,30,9.8,6.9,82.17,1013,0
2024,4,14,2,0,9,6.9,86.53,1013,0
2024,4,14,2,30,8.3,6.9,90.71000000000001,1013,0
2024,4,14,3,0,7.7,6.4,91.72,1014,0
2024,4,14,3,30,7.2,6.4,94.9,1014,0
2024,4,14,4,0,6.800000000000001,6,94.95,1014,0
2024,4,14,4,30,6.4,6,97.59,1014,0
2024,4,14,5,0,6,5.6000000000000005,97.32000000000001,1015,0
2024,4,14,5,30,5.9,5.6000000000000005,98,1015,0
2024,4,14,6,0,5.7,5.300000000000001,97.03,1015,0
2024,4,14,6,30,5.7,5.300000000000001,97.12,1016,0
2024,4,14,7,0,5.800000000000001,5.1000000000000005,95.17,1016,0
2024,4,14,7,30,5.5,5.1000000000000005,97.17,1016,0
2024,4,14,8,0,5.2,4.6000000000000005,95.9,1016,0
2024,4,14,8,30,5.300000000000001,4.6000000000000005,95.14,1015,0
2024,4,14,9,0,5.300000000000001,4.5,94.91,1015,0
2024,4,14,9,30,5.300000000000001,4.5,94.91,1015,0
2024,4,14,10,0,5.4,4.5,93.8,1015,0
2024,4,14,10,30,5.4,4.5,93.8,1015,0
2024,4,14,11,0,5.4,4.3,92.62,1015,0
2024,4,14,11,30,5.5,4.3,92.07000000000001,1016,0
2024,4,14,12,0,5.6000000000000005,4.3,91.14,1016,0
2024,4,14,12,30,5.800000000000001,4.3,89.98,1017,0
2024,4,14,13,0,5.9,4.5,90.51,1017,0
2024,4,14,13,30,6.6000000000000005,4.5,86.34,1018,0
2024,4,14,14,0,7.300000000000001,5.800000000000001,90.48,1018,0
2024,4,14,14,30,8,5.9,86.35000000000001,1019,0
2024,4,14,15,0,8.700000000000001,6.5,85.97,1019,0
2024,4,14,15,30,9.1,6.5,83.69,1019,0
2024,4,14,16,0,9.600000000000001,6.7,82.13,1019,0
2024,4,14,16,30,9.9,6.7,80.5,1019,0
2024,4,14,17,0,10.3,7.1000000000000005,80.7,1020,0
2024,4,14,17,30,10.8,7.1000000000000005,78.06,1020,0
2024,4,14,18,0,11.200000000000001,7.7,78.78,1020,0
2024,4,14,18,30,12,7.6000000000000005,74.66,1019,0
2024,4,14,19,0,12.8,8.1,73.02,1019,0
2024,4,14,19,30,13.4,8.1,70.22,1019,0
2024,4,14,20,0,14,8.200000000000001,68.14,1019,0
2024,4,14,20,30,14.4,8.200000000000001,66.41,1019,0
2024,4,14,21,0,14.9,8.1,63.980000000000004,1019,0
2024,4,14,21,30,15.100000000000001,8.1,63.160000000000004,1019,0
2024,4,14,22,0,15.3,8,61.800000000000004,1019,0
2024,4,14,22,30,15.200000000000001,8,62.190000000000005,1019,0
2024,4,14,23,0,15.100000000000001,8,62.35,1019,0
2024,4,14,23,30,14.8,7.9,63.5,1018,0
2024,4,15,0,0,14.600000000000001,8.700000000000001,67.53,1018,0
2024,4,15,0,30,14.4,8.700000000000001,68.41,1018,0
2024,4,15,1,0,14.3,9.3,72,1018,0
2024,4,15,1,30,13.5,9.3,75.83,1018,0
2024,4,15,2,0,12.600000000000001,9.3,80.34,1018,0
2024,4,15,2,30,12,9.3,83.64,1019,0
2024,4,15,3,0,11.4,8.200000000000001,80.96000000000001,1019,0
2024,4,15,3,30,10.9,8.200000000000001,83.68,1019,0
2024,4,15,4,0,10.4,8,85,1019,0
2024,4,15,4,30,10.100000000000001,8,86.71000000000001,1019,0
2024,4,15,5,0,9.700000000000001,7.800000000000001,88.09,1019,0
2024,4,15,5,30,9.4,7.800000000000001,89.88,1019,0
2024,4,15,6,0,9.1,7.7,90.72,1019,0
2024,4,15,6,30,8.8,7.7,92.57000000000001,1019,0
2024,4,15,7,0,8.5,7.5,93.41,1019,0
2024,4,15,7,30,8.200000000000001,7.5,95.33,1019,0
2024,4,15,8,0,7.800000000000001,7.300000000000001,96.9,1019,0
2024,4,15,8,30,7.6000000000000005,7.300000000000001,98.22,1019,0
2024,4,15,9,0,7.300000000000001,7.2,99.07000000000001,1019,0
2024,4,15,9,30,7.1000000000000005,7.1000000000000005,100,1019,0
2024,4,15,10,0,6.9,6.9,100,1019,0
2024,4,15,10,30,6.7,6.7,100,1019,0
2024,4,15,11,0,6.5,6.5,100,1019,0
2024,4,15,11,30,6.300000000000001,6.300000000000001,100,1019,0
2024,4,15,12,0,6.2,6.2,100,1019,0
2024,4,15,12,30,6.1000000000000005,6.1000000000000005,100,1020,0
2024,4,15,13,0,5.9,5.9,100,1020,0
2024,4,15,13,30,7.300000000000001,6.5,94.96000000000001,1020,0
2024,4,15,14,0,8.700000000000001,7.7,93.58,1020,0
2024,4,15,14,30,10.100000000000001,7.7,85.19,1020,0
2024,4,15,15,0,11.5,8.9,83.95,1021,0
2024,4,15,15,30,12.700000000000001,8.9,77.59,1021,0
2024,4,15,16,0,13.9,9.4,74.33,1022,0
2024,4,15,16,30,14.700000000000001,9.4,70.59,1022,0
2024,4,15,17,0,15.600000000000001,9.8,68.35000000000001,1022,0
2024,4,15,17,30,16.3,9.8,65.37,1022,0
2024,4,15,18,0,17.1,10.4,64.8,1022,0
2024,4,15,18,30,17.7,10.4,62.4,1022,0
2024,4,15,19,0,18.3,11,62.33,1022,0
2024,4,15,19,30,18.8,11,60.36,1021,0
2024,4,15,20,0,19.3,11.4,60.34,1021,0
2024,4,15,20,30,19.700000000000003,11.4,58.870000000000005,1021,0
2024,4,15,21,0,20.1,11.8,58.800000000000004,1021,0
2024,4,15,21,30,20.3,11.8,58.02,1020,0
2024,4,15,22,0,20.6,11.9,57.58,1020,0
2024,4,15,22,30,20.6,11.9,57.52,1019,0
2024,4,15,23,0,20.700000000000003,11.8,56.84,1019,0
2024,4,15,23,30,20.6,11.8,57.19,1019,0
2024,4,16,0,0,20.400000000000002,11.8,57.620000000000005,1019,0
2024,4,16,0,30,20,11.8,59.06,1019,0
2024,4,16,1,0,19.6,12.700000000000001,64.41,1019,0
2024,4,16,1,30,18.1,12.700000000000001,70.71000000000001,1019,0
2024,4,16,2,0,16.6,12.8,78.2,1019,0
2024,4,16,2,30,15.600000000000001,12.8,83.33,1019,0
2024,4,16,3,0,14.5,11.5,82.03,1020,0
2024,4,16,3,30,13.9,11.5,85.27,1020,0
2024,4,16,4,0,13.4,11,85.52,1020,0
2024,4,16,4,30,12.8,11,88.93,1020,0
2024,4,16,5,0,12.3,10.700000000000001,90.14,1020,0
2024,4,16,5,30,11.9,10.700000000000001,92.54,1020,0
2024,4,16,6,0,11.5,10.5,93.60000000000001,1020,0
2024,4,16,6,30,11.200000000000001,10.5,95.48,1020,0
2024,4,16,7,0,10.9,10.3,95.99000000000001,1019,0
2024,4,16,7,30,10.600000000000001,10.3,97.92,1019,0
2024,4,16,8,0,10.3,10.100000000000001,98.86,1019,0
2024,4,16,8,30,10,10,100,1019,0
2024,4,16,9,0,9.8,9.8,100,1019,0
2024,4,16,9,30,9.5,9.5,100,1019,0
2024,4,16,10,0,9.3,9.3,100,1019,0
2024,4,16,10,30,9.200000000000001,9.200000000000001,100,1019,0
2024,4,16,11,0,9.1,9.1,100,1019,0
2024,4,16,11,30,8.9,8.9,100,1019,0
2024,4,16,12,0,8.8,8.8,100,1019,0
2024,4,16,12,30,8.6,8.6,100,1019,0
2024,4,16,13,0,8.4,8.4,100,1019,0
2024,4,16,13,30,9.8,9.4,97.67,1020,0
2024,4,16,14,0,11.100000000000001,10.200000000000001,94,1020,0
2024,4,16,14,30,12.4,10.200000000000001,86.29,1020,0
2024,4,16,15,0,13.8,10.600000000000001,80.96000000000001,1020,0
2024,4,16,15,30,14.9,10.600000000000001,75.42,1020,0
2024,4,16,16,0,16,10.700000000000001,70.89,1020,0
2024,4,16,16,30,17,10.700000000000001,66.54,1020,0
2024,4,16,17,0,18,11.4,65.23,1020,0
2024,4,16,17,30,18.900000000000002,11.4,61.67,1020,0
2024,4,16,18,0,19.900000000000002,11.8,59.45,1020,0
2024,4,16,18,30,20.6,11.8,56.88,1019,0
2024,4,16,19,0,21.400000000000002,12.100000000000001,55.52,1019,0
2024,4,16,19,30,21.8,12.100000000000001,54.19,1019,0
2024,4,16,20,0,22.3,12.600000000000001,54.04,1018,0
2024,4,16,20,30,22.700000000000003,12.600000000000001,52.74,1018,0
2024,4,16,21,0,23,12.9,53.01,1018,0
2024,4,16,21,30,23.200000000000003,12.9,52.38,1018,0
2024,4,16,22,0,23.400000000000002,13.200000000000001,52.77,1017,0
2024,4,16,22,30,23.400000000000002,13.200000000000001,52.77,1017,0
2024,4,16,23,0,23.400000000000002,13.600000000000001,54.08,1017,0
2024,4,16,23,30,23.3,13.600000000000001,54.410000000000004,1017,0
2024,4,17,0,0,23.200000000000003,14.200000000000001,56.85,1017,0
2024,4,17,0,30,22.700000000000003,14.200000000000001,58.59,1017,0
2024,4,17,1,0,22.200000000000003,15.100000000000001,64.02,1017,0
2024,4,17,1,30,21,15.100000000000001,68.87,1017,0
2024,4,17,2,0,19.8,14,69.02,1017,0
2024,4,17,2,30,18.6,13.9,74.35000000000001,1017,0
2024,4,17,3,0,17.5,13.100000000000001,75.24,1017,0
2024,4,17,3,30,16.8,13.100000000000001,78.64,1017,0
2024,4,17,4,0,16,12.9,81.73,1017,0
2024,4,17,4,30,15.5,12.9,84.37,1017,0
2024,4,17,5,0,15,12.600000000000001,85.37,1017,0
2024,4,17,5,30,14.700000000000001,12.600000000000001,87.03,1017,0
2024,4,17,6,0,14.3,12.4,88.12,1017,0
2024,4,17,6,30,14.100000000000001,12.4,89.26,1017,0
2024,4,17,7,0,14,12.100000000000001,88.57000000000001,1017,0
2024,4,17,7,30,13.8,12.100000000000001,89.72,1017,0
2024,4,17,8,0,13.700000000000001,11.9,89.18,1017,0
2024,4,17,8,30,13.5,11.9,90.34,1017,0
2024,4,17,9,0,13.3,11.8,90.64,1017,0
2024,4,17,9,30,12.9,11.8,92.94,1016,0
2024,4,17,10,0,12.600000000000001,11.700000000000001,94.07000000000001,1016,0
2024,4,17,10,30,12.200000000000001,11.700000000000001,96.56,1016,0
2024,4,17,11,0,11.9,11.600000000000001,97.78,1016,0
2024,4,17,11,30,11.8,11.600000000000001,98.42,1016,0
2024,4,17,12,0,11.8,11.3,96.93,1016,0
2024,4,17,12,30,11.700000000000001,11.3,97.57000000000001,1016,0
2024,4,17,13,0,11.700000000000001,10.8,94.14,1016,0
2024,4,17,13,30,12.4,10.8,89.91,1016,0
2024,4,17,14,0,13.100000000000001,10.8,85.87,1017,0
2024,4,17,14,30,14,10.8,81,1017,0
2024,4,17,15,0,14.8,11.100000000000001,78.74,1017,0
2024,4,17,15,30,16.1,11.100000000000001,72.46000000000001,1017,0
2024,4,17,16,0,17.400000000000002,12.4,72.28,1017,0
2024,4,17,16,30,18.6,12.4,67.04,1017,0
2024,4,17,17,0,19.700000000000003,13.100000000000001,65.79,1017,0
2024,4,17,17,30,20.6,13.100000000000001,62.24,1017,0
2024,4,17,18,0,21.5,13.4,60.08,1017,0
2024,4,17,18,30,22.1,13.4,57.93,1017,0
2024,4,17,19,0,22.8,13.600000000000001,56.08,1016,0
2024,4,17,19,30,23.200000000000003,13.600000000000001,54.74,1016,0
2024,4,17,20,0,23.5,13.700000000000001,54.19,1016,0
2024,4,17,20,30,23.8,13.700000000000001,53.230000000000004,1016,0
2024,4,17,21,0,24.1,13.8,52.68,1015,0
2024,4,17,21,30,24.200000000000003,13.8,52.370000000000005,1015,0
2024,4,17,22,0,24.400000000000002,13.9,51.92,1015,0
2024,4,17,22,30,24.3,13.9,52.230000000000004,1015,0
2024,4,17,23,0,24.200000000000003,14,52.94,1014,0
2024,4,17,23,30,24.1,14,53.26,1014,0
2024,4,18,0,0,24,14.200000000000001,54.120000000000005,1014,0
2024,4,18,0,30,23.5,14.200000000000001,55.77,1014,0
2024,4,18,1,0,23,14.5,58.93,1014,0
2024,4,18,1,30,21.8,14.5,63.31,1013,0
2024,4,18,2,0,20.700000000000003,13.3,62.68,1013,0
2024,4,18,2,30,20.1,13.3,65.03,1013,0
2024,4,18,3,0,19.5,11.4,59.59,1013,0
2024,4,18,3,30,19,11.4,61.46,1013,0
2024,4,18,4,0,18.6,11.100000000000001,61.65,1014,0
2024,4,18,4,30,18.1,11.100000000000001,63.61,1014,0
2024,4,18,5,0,17.6,10.9,64.77,1014,0
2024,4,18,5,30,17.1,10.9,66.84,1014,0
2024,4,18,6,0,16.6,10.700000000000001,68.01,1014,0
2024,4,18,6,30,16.3,10.700000000000001,69.24,1013,0
2024,4,18,7,0,16,10.4,69.28,1013,0
2024,4,18,7,30,15.600000000000001,10.4,71.07000000000001,1013,0
2024,4,18,8,0,15.3,10.100000000000001,71.27,1013,0
2024,4,18,8,30,14.9,10.100000000000001,73.12,1013,0
2024,4,18,9,0,14.5,9.9,74.01,1013,0
2024,4,18,9,30,14,9.9,76.44,1013,0
2024,4,18,10,0,13.600000000000001,9.700000000000001,77.37,1013,0
2024,4,18,10,30,13.200000000000001,9.700000000000001,79.41,1013,0
2024,4,18,11,0,12.700000000000001,9.600000000000001,81.27,1013,0
2024,4,18,11,30,12.200000000000001,9.600000000000001,83.97,1013,0
2024,4,18,12,0,11.8,9.4,85.09,1013,0
2024,4,18,12,30,11.5,9.4,86.79,1013,0
2024,4,18,13,0,11.200000000000001,9.200000000000001,87.32000000000001,1013,0
2024,4,18,13,30,12.4,9.200000000000001,80.69,1013,0
2024,4,18,14,0,13.700000000000001,11.200000000000001,84.89,1013,0
2024,4,18,14,30,14.9,11.200000000000001,78.57000000000001,1013,0
2024,4,18,15,0,16.1,11.4,73.63,1013,0
2024,4,18,15,30,17.2,11.4,68.68,1013,0
2024,4,18,16,0,18.2,12.5,69.32000000000001,1013,0
2024,4,18,16,30,19.200000000000003,12.5,65.13,1013,0
2024,4,18,17,0,20.200000000000003,13.8,66.57000000000001,1013,0
2024,4,18,17,30,21.3,13.8,62.230000000000004,1013,0
2024,4,18,18,0,22.400000000000002,14,58.93,1013,0
2024,4,18,18,30,23.200000000000003,14,56.15,1013,0
2024,4,18,19,0,23.900000000000002,13.8,53.19,1012,0
2024,4,18,19,30,24.1,13.8,52.56,1012,0
2024,4,18,20,0,24.3,13.600000000000001,51.33,1012,0
2024,4,18,20,30,24.3,13.600000000000001,51.33,1012,0
2024,4,18,21,0,24.3,13.5,50.83,1012,0
2024,4,18,21,30,24.200000000000003,13.5,51.14,1012,0
2024,4,18,22,0,24.200000000000003,13.600000000000001,51.46,1011,0
2024,4,18,22,30,24.200000000000003,13.600000000000001,51.46,1011,0
2024,4,18,23,0,24.200000000000003,13.4,50.99,1011,0
2024,4,18,23,30,24.3,13.4,50.68,1011,0
2024,4,19,0,0,24.5,13.200000000000001,49.410000000000004,1011,0
2024,4,19,0,30,23.6,13.200000000000001,52.14,1011,0
2024,4,19,1,0,22.8,13.9,57.38,1011,0
2024,4,19,1,30,20.900000000000002,13.9,64.41,1011,0
2024,4,19,2,0,19,14.600000000000001,75.68,1011,0
2024,4,19,2,30,18.1,14.600000000000001,80.05,1011,0
2024,4,19,3,0,17.2,13.4,78.59,1011,0
2024,4,19,3,30,16.8,13.4,80.60000000000001,1011,0
2024,4,19,4,0,16.400000000000002,13.600000000000001,83.32000000000001,1012,0
2024,4,19,4,30,16,13.600000000000001,85.47,1012,0
2024,4,19,5,0,15.600000000000001,13.3,86.29,1012,0
2024,4,19,5,30,15.200000000000001,13.3,88.53,1012,0
2024,4,19,6,0,14.700000000000001,13,89.76,1011,0
2024,4,19,6,30,14.4,13,91.51,1011,0
2024,4,19,7,0,14.100000000000001,12.8,91.62,1011,0
2024,4,19,7,30,13.9,12.8,92.81,1011,0
2024,4,19,8,0,13.600000000000001,12.4,92.46000000000001,1011,0
2024,4,19,8,30,13.3,12.4,94.28,1011,0
2024,4,19,9,0,13.100000000000001,12,93.25,1011,0
2024,4,19,9,30,12.700000000000001,12,95.71000000000001,1011,0
2024,4,19,10,0,12.4,11.700000000000001,95.74000000000001,1011,0
2024,4,19,10,30,11.9,11.700000000000001,98.93,1011,0
2024,4,19,11,0,11.4,11.3,99.55,1011,0
2024,4,19,11,30,11.100000000000001,11.100000000000001,100,1012,0
2024,4,19,12,0,10.8,10.8,100,1012,0
2024,4,19,12,30,10.600000000000001,10.600000000000001,100,1012,0
2024,4,19,13,0,10.5,10.4,99.22,1012,0
2024,4,19,13,30,11.4,10.4,93.48,1012,0
2024,4,19,14,0,12.3,10.8,90.27,1012,0
2024,4,19,14,30,13.4,10.8,84.02,1012,0
2024,4,19,15,0,14.5,11.5,82.07000000000001,1013,0
2024,4,19,15,30,15.700000000000001,11.5,76,1013,0
2024,4,19,16,0,17,12.5,75,1013,0
2024,4,19,16,30,18.1,12.5,69.99,1013,0
2024,4,19,17,0,19.200000000000003,13.3,68.85000000000001,1013,0
2024,4,19,17,30,20.200000000000003,13.3,64.72,1013,0
2024,4,19,18,0,21.3,13.9,62.77,1013,0
2024,4,19,18,30,22,13.9,60.15,1013,0
2024,4,19,19,0,22.8,14.4,59.17,1013,0
2024,4,19,19,30,23.3,14.4,57.410000000000004,1013,0
2024,4,19,20,0,23.8,14.8,57.02,1013,0
2024,4,19,20,30,24.1,14.8,55.95,1012,0
2024,4,19,21,0,24.3,14.9,55.63,1012,0
2024,4,19,21,30,24.3,14.9,55.63,1012,0
2024,4,19,22,0,24.400000000000002,15,55.71,1012,0
2024,4,19,22,30,24.200000000000003,15,56.38,1012,0
2024,4,19,23,0,24,15,57.31,1011,0
2024,4,19,23,30,23.6,15,58.7,1011,0
2024,4,20,0,0,23.200000000000003,15,60.14,1011,0
2024,4,20,0,30,22.1,15,64.28,1011,0
2024,4,20,1,0,21.1,15.3,69.49,1011,0
2024,4,20,1,30,19.3,15.3,77.71000000000001,1012,0
2024,4,20,2,0,17.6,15,84.49,1012,0
2024,4,20,2,30,16.400000000000002,14.9,91.14,1012,0
2024,4,20,3,0,15.3,13.5,89.22,1012,0
2024,4,20,3,30,14.700000000000001,13.5,92.72,1012,0
2024,4,20,4,0,14.200000000000001,12.5,89.76,1013,0
2024,4,20,4,30,13.700000000000001,12.5,92.71000000000001,1013,0
2024,4,20,5,0,13.200000000000001,11.9,91.8,1013,0
2024,4,20,5,30,12.9,11.9,93.61,1013,0
2024,4,20,6,0,12.5,11.5,93.88,1013,0
2024,4,20,6,30,12.3,11.5,95.03,1012,0
2024,4,20,7,0,12.100000000000001,11.3,94.91,1012,0
2024,4,20,7,30,11.9,11.3,96.17,1012,0
2024,4,20,8,0,11.700000000000001,11.100000000000001,95.98,1012,0
2024,4,20,8,30,11.3,11.100000000000001,98.64,1013,0
2024,4,20,9,0,10.9,10.8,99.43,1013,0
2024,4,20,9,30,10.700000000000001,10.700000000000001,100,1013,0
2024,4,20,10,0,10.5,10.5,100,1013,0
2024,4,20,10,30,10.4,10.4,100,1013,0
2024,4,20,11,0,10.3,10.200000000000001,99.42,1013,0
2024,4,20,11,30,10.4,10.200000000000001,98.76,1013,0
2024,4,20,12,0,10.5,10,96.96000000000001,1013,0
2024,4,20,12,30,10.600000000000001,10.100000000000001,96.41,1014,0
2024,4,20,13,0,10.700000000000001,10,95.57000000000001,1014,0
2024,4,20,13,30,11.200000000000001,10,92.54,1015,0
2024,4,20,14,0,11.8,10.5,92.01,1015,0
2024,4,20,14,30,12.700000000000001,10.5,86.74,1015,0
2024,4,20,15,0,13.700000000000001,11.3,85.38,1016,0
2024,4,20,15,30,15.200000000000001,11.3,77.51,1016,0
2024,4,20,16,0,16.7,12.600000000000001,76.75,1016,0
2024,4,20,16,30,18.1,12.600000000000001,70.27,1016,0
2024,4,20,17,0,19.400000000000002,13.700000000000001,69.78,1017,0
2024,4,20,17,30,20.5,13.700000000000001,65.2,1017,0
2024,4,20,18,0,21.6,14.600000000000001,64.38,1017,0
2024,4,20,18,30,22.5,14.600000000000001,60.95,1017,0
2024,4,20,19,0,23.400000000000002,15.200000000000001,60.21,1017,0
2024,4,20,19,30,24.200000000000003,15.3,57.39,1017,0
2024,4,20,20,0,25,15.4,55.28,1017,0
2024,4,20,20,30,25.5,15.4,53.620000000000005,1016,0
2024,4,20,21,0,26,15.3,51.83,1016,0
2024,4,20,21,30,26.200000000000003,15.3,51.22,1016,0
2024,4,20,22,0,26.3,15.200000000000001,50.32,1016,0
2024,4,20,22,30,26.200000000000003,15.200000000000001,50.620000000000005,1016,0
2024,4,20,23,0,26.200000000000003,14.700000000000001,49.07,1015,0
2024,4,20,23,30,25.700000000000003,14.700000000000001,50.54,1015,0
2024,4,21,0,0,25.200000000000003,14.700000000000001,52.300000000000004,1015,0
2024,4,21,0,30,24,14.700000000000001,56.17,1015,0
2024,4,21,1,0,22.8,15.100000000000001,61.78,1015,0
2024,4,21,1,30,20.700000000000003,15.100000000000001,70.2,1015,0
2024,4,21,2,0,18.6,14.600000000000001,77.61,1015,0
2024,4,21,2,30,17.3,14.600000000000001,84.28,1016,0
2024,4,21,3,0,15.9,13.100000000000001,83.36,1016,0
2024,4,21,3,30,15.3,13.100000000000001,86.62,1016,0
2024,4,21,4,0,14.600000000000001,12.600000000000001,87.79,1016,0
2024,4,21,4,30,14.200000000000001,12.600000000000001,90.08,1016,0
2024,4,21,5,0,13.700000000000001,12.3,91.21000000000001,1017,0
2024,4,21,5,30,13.3,12.3,93.52,1016,0
2024,4,21,6,0,12.9,12,94.29,1016,0
2024,4,21,6,30,12.5,12,96.79,1016,0
2024,4,21,7,0,12.200000000000001,11.8,97.3,1016,0
2024,4,21,7,30,12,11.8,98.58,1016,0
2024,4,21,8,0,11.8,11.5,98.26,1016,0
2024,4,21,8,30,11.700000000000001,11.5,98.91,1016,0
2024,4,21,9,0,11.5,11.4,99.3,1016,0
2024,4,21,9,30,11.5,11.4,99.3,1016,0
2024,4,21,10,0,11.4,11.3,99.45,1016,0
2024,4,21,10,30,11.4,11.3,99.45,1016,0
2024,4,21,11,0,11.4,11.200000000000001,98.91,1016,0
2024,4,21,11,30,11.4,11.200000000000001,98.91,1016,0
2024,4,21,12,0,11.4,11.200000000000001,98.43,1016,0
2024,4,21,12,30,11.5,11.200000000000001,97.78,1016,0
2024,4,21,13,0,11.600000000000001,11.100000000000001,96.99000000000001,1016,0
2024,4,21,13,30,13.200000000000001,11.100000000000001,87.34,1016,0
2024,4,21,14,0,14.8,13,89.13,1017,0
2024,4,21,14,30,16.2,13,81.5,1017,0
2024,4,21,15,0,17.7,13.5,76.45,1017,0
2024,4,21,15,30,18.7,13.5,71.82000000000001,1017,0
2024,4,21,16,0,19.700000000000003,14.600000000000001,72.49,1017,0
2024,4,21,16,30,20.700000000000003,14.600000000000001,68.16,1017,0
2024,4,21,17,0,21.700000000000003,15.8,69.16,1017,0
2024,4,21,17,30,22.6,15.8,65.42,1016,0
2024,4,21,18,0,23.5,16.7,65.55,1016,0
2024,4,21,18,30,24.200000000000003,16.7,62.86,1016,0
2024,4,21,19,0,24.900000000000002,17.2,62.47,1015,0
2024,4,21,19,30,25.5,17.2,60.29,1015,0
2024,4,21,20,0,26,17.7,60.160000000000004,1015,0
2024,4,21,20,30,26.400000000000002,17.7,58.71,1014,0
2024,4,21,21,0,26.8,18,58.4,1014,0
2024,4,21,21,30,27,17.900000000000002,57.660000000000004,1013,0
2024,4,21,22,0,27.200000000000003,18.2,57.78,1013,0
2024,4,21,22,30,27.200000000000003,18.2,57.78,1013,0
2024,4,21,23,0,27.1,18.400000000000002,59.050000000000004,1012,0
2024,4,21,23,30,27,18.400000000000002,59.39,1012,0
2024,4,22,0,0,26.8,18.6,60.79,1012,0
2024,4,22,0,30,26.200000000000003,18.6,62.97,1012,0
2024,4,22,1,0,25.5,18.8,66.36,1011,0
2024,4,22,1,30,23.8,18.8,73.43,1011,0
2024,4,22,2,0,22,18,77.98,1011,0
2024,4,22,2,30,21.1,18,82.38,1011,0
2024,4,22,3,0,20.200000000000003,15.5,74.41,1011,0
2024,4,22,3,30,19.700000000000003,15.5,76.74,1011,0
2024,4,22,4,0,19.200000000000003,14.8,75.67,1011,0
2024,4,22,4,30,18.7,14.8,78.06,1011,0
2024,4,22,5,0,18.2,14.200000000000001,77.60000000000001,1011,0
2024,4,22,5,30,17.7,14.200000000000001,80.07000000000001,1011,0
2024,4,22,6,0,17.1,13.700000000000001,80.53,1011,0
2024,4,22,6,30,16.6,13.700000000000001,83.11,1011,0
2024,4,22,7,0,16,13.200000000000001,83.53,1010,0
2024,4,22,7,30,15.600000000000001,13.200000000000001,85.69,1010,0
2024,4,22,8,0,15.100000000000001,12.700000000000001,85.62,1010,0
2024,4,22,8,30,14.700000000000001,12.700000000000001,87.85000000000001,1010,0
2024,4,22,9,0,14.3,12.100000000000001,86.86,1010,0
2024,4,22,9,30,14,12.100000000000001,88.56,1010,0
2024,4,22,10,0,13.600000000000001,11.5,87.24,1009,0
2024,4,22,10,30,13.4,11.5,88.38,1009,0
2024,4,22,11,0,13.100000000000001,10.9,86.7,1009,0
2024,4,22,11,30,12.9,10.9,87.84,1009,0
2024,4,22,12,0,12.700000000000001,10.3,85.22,1009,0
2024,4,22,12,30,12.700000000000001,10.3,85.22,1009,0
2024,4,22,13,0,12.700000000000001,9.9,82.81,1009,0
2024,4,22,13,30,13.8,9.9,77.10000000000001,1009,0
2024,4,22,14,0,14.9,10.8,76.52,1009,0
2024,4,22,14,30,16.2,10.8,70.42,1009,0
2024,4,22,15,0,17.5,11.700000000000001,68.67,1009,0
2024,4,22,15,30,18.8,11.700000000000001,63.300000000000004,1009,0
2024,4,22,16,0,20.1,13.3,65.02,1009,0
2024,4,22,16,30,21.5,13.3,59.67,1009,0
2024,4,22,17,0,22.900000000000002,14.3,58.230000000000004,1009,0
2024,4,22,17,30,23.8,14.3,55.160000000000004,1009,0
2024,4,22,18,0,24.8,14.8,53.86,1009,0
2024,4,22,18,30,25.5,14.8,51.620000000000005,1008,0
2024,4,22,19,0,26.200000000000003,15.200000000000001,50.63,1008,0
2024,4,22,19,30,26.6,15.200000000000001,49.45,1008,0
2024,4,22,20,0,27,15.5,49.53,1008,0
2024,4,22,20,30,27.200000000000003,15.5,48.96,1008,0
2024,4,22,21,0,27.400000000000002,15.700000000000001,48.97,1007,0
2024,4,22,21,30,27.400000000000002,15.700000000000001,48.97,1007,0
2024,4,22,22,0,27.3,15.9,49.86,1007,0
2024,4,22,22,30,27,15.9,50.74,1007,0
2024,4,22,23,0,26.700000000000003,16.1,52.07,1007,0
2024,4,22,23,30,25.900000000000002,16.1,54.58,1007,0
2024,4,23,0,0,25.1,16.3,57.980000000000004,1007,0
2024,4,23,0,30,23.6,16.2,63.410000000000004,1007,0
2024,4,23,1,0,22,16,68.79,1007,0
2024,4,23,1,30,20.1,16,77.27,1007,0
2024,4,23,2,0,18.1,14.5,79.33,1008,0
2024,4,23,2,30,16.8,14.5,86.09,1008,0
2024,4,23,3,0,15.5,12.700000000000001,83.38,1008,0
2024,4,23,3,30,14.9,12.700000000000001,86.65,1008,0
2024,4,23,4,0,14.3,11.9,85.72,1009,0
2024,4,23,4,30,13.9,11.9,87.97,1009,0
2024,4,23,5,0,13.5,11.5,87.68,1009,0
2024,4,23,5,30,13.200000000000001,11.5,89.41,1009,0
2024,4,23,6,0,12.9,11.200000000000001,89.14,1009,0
2024,4,23,6,30,12.600000000000001,11.200000000000001,90.91,1009,0
2024,4,23,7,0,12.4,10.8,89.73,1009,0
2024,4,23,7,30,12.100000000000001,10.8,91.51,1009,0
2024,4,23,8,0,11.9,10.4,90.43,1009,0
2024,4,23,8,30,11.700000000000001,10.4,91.72,1010,0
2024,4,23,9,0,11.4,10.100000000000001,91.83,1010,0
2024,4,23,9,30,11.4,10.100000000000001,91.83,1010,0
2024,4,23,10,0,11.4,10,91.09,1010,0
2024,4,23,10,30,11.4,10,91.09,1010,0
2024,4,23,11,0,11.3,10,91.91,1010,0
2024,4,23,11,30,11.200000000000001,10,92.61,1011,0
2024,4,23,12,0,11.100000000000001,10,92.77,1011,0
2024,4,23,12,30,11,10,93.38,1011,0
2024,4,23,13,0,10.9,9.8,93.16,1012,0
2024,4,23,13,30,11.600000000000001,9.8,88.95,1012,0
2024,4,23,14,0,12.200000000000001,10,86.32000000000001,1012,0
2024,4,23,14,30,13.100000000000001,10,81.39,1012,0
2024,4,23,15,0,13.9,10,77.44,1013,0
2024,4,23,15,30,14.600000000000001,10,74.02,1013,0
2024,4,23,16,0,15.4,9.9,69.71000000000001,1013,0
2024,4,23,16,30,16.1,9.9,66.74,1014,0
2024,4,23,17,0,16.900000000000002,10.100000000000001,64.14,1014,0
2024,4,23,17,30,17.6,10.100000000000001,61.38,1014,0
2024,4,23,18,0,18.3,10.5,60.550000000000004,1014,0
2024,4,23,18,30,18.8,10.5,58.69,1014,0
2024,4,23,19,0,19.400000000000002,11.100000000000001,58.75,1014,0
2024,4,23,19,30,19.700000000000003,11.100000000000001,57.67,1014,0
2024,4,23,20,0,20.1,11.700000000000001,58.46,1014,0
2024,4,23,20,30,20.3,11.700000000000001,57.75,1014,0
2024,4,23,21,0,20.400000000000002,12,58.39,1014,0
2024,4,23,21,30,20.3,12,58.75,1014,0
2024,4,23,22,0,20.200000000000003,11.9,58.82,1014,0
2024,4,23,22,30,19.900000000000002,11.9,59.92,1014,0
2024,4,23,23,0,19.6,11.5,59.7,1014,0
2024,4,23,23,30,19,11.5,61.96,1014,0
2024,4,24,0,0,18.5,11.100000000000001,62.02,1014,0
2024,4,24,0,30,17.7,11.100000000000001,65.21000000000001,1014,0
2024,4,24,1,0,16.900000000000002,10.700000000000001,66.85,1014,0
2024,4,24,1,30,15.700000000000001,10.700000000000001,72.21000000000001,1015,0
2024,4,24,2,0,14.5,10.5,77.07000000000001,1015,0
2024,4,24,2,30,13.600000000000001,10.5,81.69,1015,0
2024,4,24,3,0,12.600000000000001,10.100000000000001,84.49,1015,0
2024,4,24,3,30,12.200000000000001,10.100000000000001,86.81,1016,0
2024,4,24,4,0,11.700000000000001,9.700000000000001,87.48,1016,0
2024,4,24,4,30,11.4,9.700000000000001,89.23,1016,0
2024,4,24,5,0,11,9.4,89.62,1016,0
2024,4,24,5,30,10.700000000000001,9.4,91.42,1016,0
2024,4,24,6,0,10.5,9,90.56,1016,0
2024,4,24,6,30,10.3,9,91.77,1016,0
2024,4,24,7,0,10.100000000000001,8.8,91.52,1016,0
2024,4,24,7,30,10,8.8,92.13,1016,0
2024,4,24,8,0,9.9,8.6,91.88,1016,0
2024,4,24,8,30,9.9,8.6,91.88,1016,0
2024,4,24,9,0,10,8.6,90.72,1016,0
2024,4,24,9,30,10.200000000000001,8.6,89.52,1016,0
2024,4,24,10,0,10.4,8.5,87.98,1016,0
2024,4,24,10,30,10.5,8.5,87.4,1016,0
2024,4,24,11,0,10.700000000000001,8.5,86.04,1016,0
2024,4,24,11,30,10.700000000000001,8.5,86.04,1016,0
2024,4,24,12,0,10.8,8.4,85.23,1016,0
2024,4,24,12,30,10.600000000000001,8.4,86.45,1017,0
2024,4,24,13,0,10.4,8.4,87.27,1017,0
2024,4,24,13,30,11.200000000000001,8.4,82.76,1017,0
2024,4,24,14,0,12.100000000000001,9.700000000000001,85.25,1017,0
2024,4,24,14,30,13.3,9.700000000000001,78.83,1017,0
2024,4,24,15,0,14.5,9.4,71.60000000000001,1018,0
2024,4,24,15,30,15.3,9.4,68.02,1018,0
2024,4,24,16,0,16.1,9.600000000000001,65.16,1018,0
2024,4,24,16,30,16.7,9.600000000000001,62.730000000000004,1018,0
2024,4,24,17,0,17.3,10.200000000000001,62.97,1018,0
2024,4,24,17,30,17.8,10.200000000000001,61.02,1018,0
2024,4,24,18,0,18.3,10.8,61.6,1017,0
2024,4,24,18,30,18.7,10.8,60.08,1017,0
2024,4,24,19,0,19.1,11.3,60.51,1017,0
2024,4,24,19,30,19.400000000000002,11.3,59.39,1017,0
2024,4,24,20,0,19.700000000000003,11.600000000000001,59.46,1016,0
2024,4,24,20,30,20,11.600000000000001,58.370000000000005,1016,0
2024,4,24,21,0,20.200000000000003,11.8,58.51,1016,0
2024,4,24,21,30,20.3,11.8,58.15,1016,0
2024,4,24,22,0,20.3,11.8,58.230000000000004,1015,0
2024,4,24,22,30,20.200000000000003,11.8,58.59,1015,0
2024,4,24,23,0,20,11.700000000000001,58.72,1015,0
2024,4,24,23,30,19.6,11.700000000000001,60.19,1015,0
2024,4,25,0,0,19.200000000000003,11.5,60.86,1015,0
2024,4,25,0,30,18.6,11.5,63.17,1015,0
2024,4,25,1,0,17.900000000000002,11.700000000000001,67.07000000000001,1015,0
2024,4,25,1,30,16.6,11.700000000000001,72.79,1015,0
2024,4,25,2,0,15.3,12,80.93,1015,0
2024,4,25,2,30,14.200000000000001,12.100000000000001,86.94,1016,0
2024,4,25,3,0,13.200000000000001,11.4,88.65,1016,0
2024,4,25,3,30,12.700000000000001,11.4,91.59,1016,0
2024,4,25,4,0,12.200000000000001,11,92.10000000000001,1017,0
2024,4,25,4,30,11.8,11,94.55,1017,0
2024,4,25,5,0,11.3,10.600000000000001,95.32000000000001,1017,0
2024,4,25,5,30,10.9,10.600000000000001,97.87,1017,0
2024,4,25,6,0,10.4,10.200000000000001,98.56,1017,0
2024,4,25,6,30,10.100000000000001,10.100000000000001,100,1017,0
2024,4,25,7,0,9.8,9.8,100,1016,0
2024,4,25,7,30,9.5,9.5,100,1016,0
2024,4,25,8,0,9.200000000000001,9.200000000000001,100,1016,0
2024,4,25,8,30,9,9,100,1016,0
2024,4,25,9,0,8.8,8.8,100,1016,0
2024,4,25,9,30,8.6,8.6,100,1016,0
2024,4,25,10,0,8.5,8.5,100,1016,0
2024,4,25,10,30,8.4,8.4,100,1016,0
2024,4,25,11,0,8.3,8.3,100,1016,0
2024,4,25,11,30,8.3,8.3,100,1016,0
2024,4,25,12,0,8.3,8.3,100,1016,0
2024,4,25,12,30,8.5,8.5,100,1016,0
2024,4,25,13,0,8.6,8.6,100,1016,0
2024,4,25,13,30,10.100000000000001,9.1,93.68,1016,0
2024,4,25,14,0,11.600000000000001,9.8,88.81,1017,0
2024,4,25,14,30,12.5,9.8,83.71000000000001,1017,0
2024,4,25,15,0,13.5,10.4,81.5,1017,0
2024,4,25,15,30,14.3,10.4,77.38,1017,0
2024,4,25,16,0,15.200000000000001,11,76.13,1017,0
2024,4,25,16,30,16,11,72.34,1017,0
2024,4,25,17,0,16.7,11.5,71.51,1017,0
2024,4,25,17,30,17.5,11.5,67.99,1017,0
2024,4,25,18,0,18.2,12.100000000000001,67.41,1017,0
2024,4,25,18,30,18.8,12.100000000000001,64.94,1017,0
2024,4,25,19,0,19.400000000000002,12.600000000000001,64.67,1017,0
2024,4,25,19,30,19.8,12.600000000000001,63.03,1016,0
2024,4,25,20,0,20.200000000000003,12.9,62.79,1016,0
2024,4,25,20,30,20.400000000000002,12.9,62.02,1016,0
2024,4,25,21,0,20.6,12.9,61.5,1016,0
2024,4,25,21,30,20.6,12.9,61.44,1015,0
2024,4,25,22,0,20.6,12.9,61.2,1015,0
2024,4,25,22,30,20.3,12.9,62.34,1015,0
2024,4,25,23,0,20.1,12.8,62.660000000000004,1014,0
2024,4,25,23,30,19.700000000000003,12.8,64.22,1014,0
2024,4,26,0,0,19.400000000000002,12.5,64.54,1014,0
2024,4,26,0,30,18.6,12.5,67.83,1014,0
2024,4,26,1,0,17.8,12.200000000000001,69.97,1014,0
2024,4,26,1,30,16.6,12.200000000000001,75.47,1014,0
2024,4,26,2,0,15.5,11.600000000000001,77.83,1014,0
2024,4,26,2,30,14.600000000000001,11.600000000000001,82.45,1014,0
2024,4,26,3,0,13.700000000000001,11,83.74,1014,0
2024,4,26,3,30,13.200000000000001,11,86.59,1015,0
2024,4,26,4,0,12.8,10.700000000000001,87.23,1015,0
2024,4,26,4,30,12.600000000000001,10.700000000000001,88.38,1015,0
2024,4,26,5,0,12.3,10.600000000000001,89.55,1015,0
2024,4,26,5,30,12.100000000000001,10.600000000000001,90.73,1015,0
2024,4,26,6,0,11.8,10.600000000000001,92.08,1015,0
2024,4,26,6,30,11.600000000000001,10.600000000000001,93.3,1015,0
2024,4,26,7,0,11.4,10.5,94.37,1015,0
2024,4,26,7,30,11.200000000000001,10.5,95.62,1015,0
2024,4,26,8,0,11.100000000000001,10.600000000000001,96.52,1015,0
2024,4,26,8,30,10.8,10.600000000000001,98.46000000000001,1015,0
2024,4,26,9,0,10.5,10.5,100,1015,0
2024,4,26,9,30,10.3,10.3,100,1014,0
2024,4,26,10,0,10.100000000000001,10.100000000000001,100,1014,0
2024,4,26,10,30,9.9,9.9,100,1014,0
2024,4,26,11,0,9.8,9.8,100,1014,0
2024,4,26,11,30,9.600000000000001,9.600000000000001,100,1014,0
2024,4,26,12,0,9.5,9.5,100,1014,0
2024,4,26,12,30,9.5,9.5,100,1014,0
2024,4,26,13,0,9.4,9.4,100,1014,0
2024,4,26,13,30,10.8,9.5,91.73,1014,0
2024,4,26,14,0,12.100000000000001,10.200000000000001,88.01,1015,0
2024,4,26,14,30,13.200000000000001,10.200000000000001,81.9,1015,0
2024,4,26,15,0,14.3,10.5,78.13,1015,0
2024,4,26,15,30,15.4,10.5,72.8,1015,0
2024,4,26,16,0,16.5,10.8,69.22,1015,0
2024,4,26,16,30,17.400000000000002,10.8,65.4,1015,0
2024,4,26,17,0,18.3,11.100000000000001,62.68,1014,0
2024,4,26,17,30,18.8,11.100000000000001,60.76,1014,0
2024,4,26,18,0,19.3,11.200000000000001,59.300000000000004,1014,0
2024,4,26,18,30,19.700000000000003,11.200000000000001,57.85,1014,0
2024,4,26,19,0,20.1,11.200000000000001,56.57,1014,0
2024,4,26,19,30,20.200000000000003,11.200000000000001,56.22,1014,0
2024,4,26,20,0,20.200000000000003,11,55.410000000000004,1014,0
2024,4,26,20,30,20.3,11,55.02,1013,0
2024,4,26,21,0,20.400000000000002,10.9,54.36,1013,0
2024,4,26,21,30,20.400000000000002,10.9,54.36,1013,0
2024,4,26,22,0,20.400000000000002,10.700000000000001,53.88,1012,0
2024,4,26,22,30,20.200000000000003,10.700000000000001,54.550000000000004,1012,0
2024,4,26,23,0,20.1,10.600000000000001,54.52,1012,0
2024,4,26,23,30,19.900000000000002,10.600000000000001,55.19,1012,0
2024,4,27,0,0,19.700000000000003,10.8,56.43,1012,0
2024,4,27,0,30,19.200000000000003,10.8,58.2,1012,0
2024,4,27,1,0,18.6,11.9,64.85,1012,0
2024,4,27,1,30,17.5,11.9,69.48,1012,0
2024,4,27,2,0,16.400000000000002,12.9,79.98,1012,0
2024,4,27,2,30,15.600000000000001,12.9,84.15,1012,0
2024,4,27,3,0,14.9,12,82.54,1013,0
2024,4,27,3,30,14.3,12,85.79,1013,0
2024,4,27,4,0,13.600000000000001,11.100000000000001,84.61,1013,0
2024,4,27,4,30,12.9,11.100000000000001,88.64,1014,0
2024,4,27,5,0,12.3,10.3,87.43,1014,0
2024,4,27,5,30,11.700000000000001,10.3,90.95,1014,0
2024,4,27,6,0,11.200000000000001,9.700000000000001,90.66,1014,0
2024,4,27,6,30,10.8,9.700000000000001,93.09,1014,0
2024,4,27,7,0,10.4,9.3,92.99,1014,0
2024,4,27,7,30,10,9.3,95.5,1014,0
2024,4,27,8,0,9.600000000000001,8.9,95.49,1015,0
2024,4,27,8,30,9.3,8.9,97.43,1015,0
2024,4,27,9,0,9,8.4,96.22,1015,0
2024,4,27,9,30,8.700000000000001,8.4,98.18,1015,0
2024,4,27,10,0,8.4,8,97.03,1015,0
2024,4,27,10,30,8.200000000000001,8,98.35000000000001,1015,0
2024,4,27,11,0,8,7.5,96.98,1015,0
2024,4,27,11,30,7.800000000000001,7.5,98.31,1015,0
2024,4,27,12,0,7.6000000000000005,7.2,97.45,1016,0
2024,4,27,12,30,7.6000000000000005,7.2,97.45,1016,0
2024,4,27,13,0,7.7,7,95.47,1016,0
2024,4,27,13,30,9,7,87.43,1016,0
2024,4,27,14,0,10.4,7.9,84.53,1017,0
2024,4,27,14,30,11.700000000000001,7.9,77.56,1017,0
2024,4,27,15,0,13,8.6,74.58,1017,0
2024,4,27,15,30,14.5,8.6,67.68,1017,0
2024,4,27,16,0,15.9,9.5,65.71000000000001,1018,0
2024,4,27,16,30,16.900000000000002,9.5,61.67,1018,0
2024,4,27,17,0,17.900000000000002,10.200000000000001,60.83,1018,0
2024,4,27,17,30,18.8,10.200000000000001,57.51,1018,0
2024,4,27,18,0,19.6,10.700000000000001,56.27,1018,0
2024,4,27,18,30,20.3,10.700000000000001,53.89,1018,0
2024,4,27,19,0,20.900000000000002,10.8,52.6,1017,0
2024,4,27,19,30,21.400000000000002,10.8,51.01,1017,0
2024,4,27,20,0,21.8,11,50.160000000000004,1017,0
2024,4,27,20,30,22.1,11,49.26,1017,0
2024,4,27,21,0,22.3,10.9,48.58,1017,0
2024,4,27,21,30,22.3,10.9,48.58,1017,0
2024,4,27,22,0,22.400000000000002,10.9,48.03,1016,0
2024,4,27,22,30,22.3,10.9,48.32,1016,0
2024,4,27,23,0,22.200000000000003,11,49.1,1016,0
2024,4,27,23,30,21.8,11,50.31,1016,0
2024,4,28,0,0,21.5,11.4,52.550000000000004,1016,0
2024,4,28,0,30,20.6,11.4,55.53,1016,0
2024,4,28,1,0,19.8,11.9,60.44,1016,0
2024,4,28,1,30,18.1,11.9,67.18,1016,0
2024,4,28,2,0,16.5,12.200000000000001,75.78,1016,0
2024,4,28,2,30,15.200000000000001,12.200000000000001,82.32000000000001,1016,0
2024,4,28,3,0,13.9,11.200000000000001,83.57000000000001,1017,0
2024,4,28,3,30,13.3,11.200000000000001,86.88,1017,0
2024,4,28,4,0,12.700000000000001,10.8,88.49,1017,0
2024,4,28,4,30,12.3,10.8,90.83,1017,0
2024,4,28,5,0,11.9,10.600000000000001,91.71000000000001,1017,0
2024,4,28,5,30,11.5,10.600000000000001,94.15,1017,0
2024,4,28,6,0,11.100000000000001,10.3,94.96000000000001,1017,0
2024,4,28,6,30,10.700000000000001,10.3,97.52,1017,0
2024,4,28,7,0,10.4,10.100000000000001,97.85000000000001,1017,0
2024,4,28,7,30,10.200000000000001,10.100000000000001,99.16,1017,0
2024,4,28,8,0,10,9.8,98.66,1017,0
2024,4,28,8,30,9.8,9.8,99.99000000000001,1017,0
2024,4,28,9,0,9.600000000000001,9.5,99.43,1017,0
2024,4,28,9,30,9.5,9.5,100,1017,0
2024,4,28,10,0,9.3,9.200000000000001,99.44,1017,0
2024,4,28,10,30,9.4,9.200000000000001,98.78,1017,0
2024,4,28,11,0,9.4,9,97.4,1017,0
2024,4,28,11,30,9.200000000000001,9,98.72,1017,0
2024,4,28,12,0,9,8.700000000000001,97.94,1017,0
2024,4,28,12,30,9,8.700000000000001,98.04,1018,0
2024,4,28,13,0,9,8.5,96.59,1018,0
2024,4,28,13,30,10.3,8.5,88.54,1018,0
2024,4,28,14,0,11.600000000000001,9.1,84.41,1018,0
2024,4,28,14,30,12.8,9.1,78.02,1018,0
2024,4,28,15,0,14,9.700000000000001,75.53,1019,0
2024,4,28,15,30,15.600000000000001,9.700000000000001,68.16,1019,0
2024,4,28,16,0,17.2,10.3,63.77,1019,0
2024,4,28,16,30,18.2,10.3,59.89,1019,0
2024,4,28,17,0,19.3,11.200000000000001,59.52,1019,0
2024,4,28,17,30,20.1,11.200000000000001,56.65,1019,0
2024,4,28,18,0,21,12,56.4,1019,0
2024,4,28,18,30,21.700000000000003,12,53.99,1018,0
2024,4,28,19,0,22.400000000000002,12.4,53.21,1018,0
2024,4,28,19,30,22.8,12.4,51.94,1018,0
2024,4,28,20,0,23.3,12.600000000000001,50.85,1018,0
2024,4,28,20,30,23.6,12.5,49.9,1017,0
2024,4,28,21,0,23.8,12.5,49.1,1017,0
2024,4,28,21,30,23.900000000000002,12.5,48.800000000000004,1017,0
2024,4,28,22,0,24,12.3,48,1016,0
2024,4,28,22,30,23.900000000000002,12.3,48.29,1016,0
2024,4,28,23,0,23.8,12.3,48.59,1016,0
2024,4,28,23,30,23.6,12.3,49.13,1015,0
2024,4,29,0,0,23.3,12.700000000000001,51.24,1015,0
2024,4,29,0,30,22.5,12.700000000000001,53.78,1015,0
2024,4,29,1,0,21.700000000000003,13.8,60.83,1015,0
2024,4,29,1,30,20,13.8,67.51,1015,0
2024,4,29,2,0,18.3,14.3,77.33,1015,0
2024,4,29,2,30,17,14.3,83.91,1015,0
2024,4,29,3,0,15.8,13,83.44,1015,0
2024,4,29,3,30,15.200000000000001,13,86.7,1015,0
2024,4,29,4,0,14.5,12.3,86.93,1015,0
2024,4,29,4,30,14,12.4,89.86,1016,0
2024,4,29,5,0,13.5,11.600000000000001,88.19,1016,0
2024,4,29,5,30,13,11.600000000000001,91.10000000000001,1016,0
2024,4,29,6,0,12.4,10.8,90.26,1016,0
2024,4,29,6,30,11.9,10.8,93.27,1016,0
2024,4,29,7,0,11.4,10.200000000000001,92.06,1016,0
2024,4,29,7,30,11,10.200000000000001,94.53,1016,0
2024,4,29,8,0,10.5,9.600000000000001,94.46000000000001,1016,0
2024,4,29,8,30,10.200000000000001,9.600000000000001,96.36,1016,0
2024,4,29,9,0,9.9,9.200000000000001,95.66,1016,0
2024,4,29,9,30,9.5,9.200000000000001,98.26,1016,0
2024,4,29,10,0,9.200000000000001,8.8,97.62,1016,0
2024,4,29,10,30,9,8.8,98.94,1016,0
2024,4,29,11,0,8.700000000000001,8.4,97.97,1016,0
2024,4,29,11,30,8.5,8.4,99.4,1017,0
2024,4,29,12,0,8.3,7.800000000000001,96.96000000000001,1017,0
2024,4,29,12,30,8.4,7.800000000000001,96.31,1017,0
2024,4,29,13,0,8.4,7.300000000000001,92.79,1017,0
2024,4,29,13,30,9.700000000000001,7.300000000000001,85.02,1017,0
2024,4,29,14,0,11,7.5,79.11,1017,0
2024,4,29,14,30,12.200000000000001,7.5,73.17,1018,0
2024,4,29,15,0,13.4,6.800000000000001,64.49,1018,0
2024,4,29,15,30,14.600000000000001,6.800000000000001,59.67,1018,0
2024,4,29,16,0,15.8,6.5,54,1018,0
2024,4,29,16,30,16.8,6.5,50.67,1018,0
2024,4,29,17,0,17.8,7.1000000000000005,49.42,1018,0
2024,4,29,17,30,18.7,7.1000000000000005,46.71,1018,0
2024,4,29,18,0,19.6,7.5,45.58,1018,0
2024,4,29,18,30,20.3,7.5,43.660000000000004,1018,0
2024,4,29,19,0,21,8.1,43.59,1018,0
2024,4,29,19,30,21.6,8.1,41.980000000000004,1017,0
2024,4,29,20,0,22.200000000000003,8.8,42.42,1017,0
2024,4,29,20,30,22.6,8.8,41.36,1016,0
2024,4,29,21,0,23,9.4,41.96,1016,0
2024,4,29,21,30,23.200000000000003,9.4,41.46,1016,0
2024,4,29,22,0,23.400000000000002,9.700000000000001,41.88,1015,0
2024,4,29,22,30,23.400000000000002,9.700000000000001,41.88,1015,0
2024,4,29,23,0,23.3,10,42.93,1014,0
2024,4,29,23,30,23.1,10,43.45,1014,0
2024,4,30,0,0,23,10.100000000000001,44.11,1014,0
2024,4,30,0,30,22.400000000000002,10.100000000000001,45.74,1014,0
2024,4,30,1,0,21.900000000000002,11.100000000000001,50.36,1014,0
2024,4,30,1,30,20.1,11.100000000000001,56.230000000000004,1014,0
2024,4,30,2,0,18.3,12.9,70.9,1014,0
2024,4,30,2,30,16.8,12.9,77.99,1015,0
2024,4,30,3,0,15.4,11.100000000000001,75.52,1015,0
2024,4,30,3,30,14.8,11.100000000000001,78.49,1015,0
2024,4,30,4,0,14.100000000000001,10.700000000000001,80.16,1015,0
2024,4,30,4,30,13.600000000000001,10.700000000000001,82.88,1016,0
2024,4,30,5,0,13.100000000000001,10.3,83.05,1016,0
2024,4,30,5,30,12.8,10.3,84.69,1016,0
2024,4,30,6,0,12.4,9.8,84.24,1016,0
2024,4,30,6,30,12,9.8,86.48,1016,0
2024,4,30,7,0,11.600000000000001,9.3,85.83,1016,0
2024,4,30,7,30,11.100000000000001,9.3,88.62,1015,0
2024,4,30,8,0,10.700000000000001,8.700000000000001,87.74,1015,0
2024,4,30,8,30,10.3,8.700000000000001,90.11,1015,0
2024,4,30,9,0,9.9,8.200000000000001,89.13,1015,0
2024,4,30,9,30,9.5,8.200000000000001,91.55,1015,0
2024,4,30,10,0,9.1,7.6000000000000005,90.63,1015,0
2024,4,30,10,30,8.8,7.6000000000000005,92.48,1015,0
2024,4,30,11,0,8.4,7,91.12,1015,0
2024,4,30,11,30,8.200000000000001,7,92.36,1015,0
2024,4,30,12,0,8,6.300000000000001,89.13,1015,0
2024,4,30,12,30,8,6.300000000000001,89.13,1015,0
2024,4,30,13,0,8,5.7,85.34,1015,0
2024,4,30,13,30,9.1,5.7,79.23,1015,0
2024,4,30,14,0,10.200000000000001,5.800000000000001,74.21000000000001,1015,0
2024,4,30,14,30,11.600000000000001,5.800000000000001,67.63,1015,0
2024,4,30,15,0,12.9,6.7,66.09,1016,0
2024,4,30,15,30,14.5,6.7,59.58,1016,0
2024,4,30,16,0,16.1,7.4,56.31,1016,0
2024,4,30,16,30,17.2,7.4,52.53,1016,0
2024,4,30,17,0,18.2,8.6,53.32,1016,0
2024,4,30,17,30,19.200000000000003,8.6,50.1,1016,0
2024,4,30,18,0,20.200000000000003,9.1,48.84,1016,0
2024,4,30,18,30,20.900000000000002,9.1,46.74,1015,0
2024,4,30,19,0,21.6,9,44.43,1015,0
2024,4,30,19,30,22,9,43.37,1015,0
2024,4,30,20,0,22.400000000000002,9,42.29,1015,0
2024,4,30,20,30,22.6,8.9,41.74,1014,0
2024,4,30,21,0,22.900000000000002,8.9,40.910000000000004,1014,0
2024,4,30,21,30,23,8.9,40.660000000000004,1014,0
2024,4,30,22,0,23.1,8.9,40.37,1014,0
2024,4,30,22,30,23.1,8.9,40.33,1013,0
2024,4,30,23,0,23.1,8.9,40.32,1013,0
2024,4,30,23,30,23,8.9,40.56,1013,0
2024,5,1,0,0,22.8,9.200000000000001,41.99,1013,0
2024,5,1,0,30,22.400000000000002,9.200000000000001,43.02,1013,0
2024,5,1,1,0,22,9.8,45.96,1013,0
2024,5,1,1,30,20.3,9.8,51,1013,0
2024,5,1,2,0,18.7,12.100000000000001,65.44,1012,0
2024,5,1,2,30,17.6,12.100000000000001,70.17,1013,0
2024,5,1,3,0,16.5,10,65.32000000000001,1013,0
2024,5,1,3,30,15.8,10,68.29,1013,0
2024,5,1,4,0,15.200000000000001,10,71.14,1013,0
2024,5,1,4,30,14.4,10,74.97,1014,0
2024,5,1,5,0,13.700000000000001,10,78.55,1014,0
2024,5,1,5,30,13.5,10,79.57000000000001,1014,0
2024,5,1,6,0,13.200000000000001,9.5,78.35000000000001,1014,0
2024,5,1,6,30,12.700000000000001,9.5,80.95,1014,0
2024,5,1,7,0,12.200000000000001,8.8,79.49,1014,0
2024,5,1,7,30,11.700000000000001,8.8,82.15,1014,0
2024,5,1,8,0,11.200000000000001,7.800000000000001,79.55,1014,0
2024,5,1,8,30,10.9,7.800000000000001,81.14,1014,0
2024,5,1,9,0,10.600000000000001,6.9,78.12,1014,0
2024,5,1,9,30,10.3,6.9,79.69,1014,0
2024,5,1,10,0,10,6.4,78.27,1014,0
2024,5,1,10,30,9.700000000000001,6.4,79.86,1014,0
2024,5,1,11,0,9.4,5.800000000000001,78.35000000000001,1014,0
2024,5,1,11,30,9.1,5.800000000000001,80.02,1015,0
2024,5,1,12,0,8.8,5.1000000000000005,77.84,1015,0
2024,5,1,12,30,8.6,5.1000000000000005,78.9,1015,0
2024,5,1,13,0,8.4,4.6000000000000005,76.81,1015,0
2024,5,1,13,30,9.1,4.6000000000000005,73.27,1015,0
2024,5,1,14,0,9.9,4.7,70.11,1015,0
2024,5,1,14,30,11.200000000000001,4.7,64.37,1016,0
2024,5,1,15,0,12.600000000000001,5.300000000000001,61.14,1016,0
2024,5,1,15,30,14,5.300000000000001,55.77,1015,0
2024,5,1,16,0,15.5,5.800000000000001,52.300000000000004,1015,0
2024,5,1,16,30,16.7,5.800000000000001,48.46,1015,0
2024,5,1,17,0,17.900000000000002,6,45.61,1015,0
2024,5,1,17,30,18.900000000000002,6,42.85,1015,0
2024,5,1,18,0,19.8,6.300000000000001,41.35,1015,0
2024,5,1,18,30,20.6,6.300000000000001,39.36,1015,0
2024,5,1,19,0,21.400000000000002,6.800000000000001,38.75,1014,0
2024,5,1,19,30,21.900000000000002,6.800000000000001,37.58,1014,0
2024,5,1,20,0,22.400000000000002,7.300000000000001,37.88,1014,0
2024,5,1,20,30,22.8,7.300000000000001,36.980000000000004,1014,0
2024,5,1,21,0,23.1,7.9,37.660000000000004,1013,0
2024,5,1,21,30,23.200000000000003,7.9,37.43,1013,0
2024,5,1,22,0,23.3,8.4,38.6,1013,0
2024,5,1,22,30,23.200000000000003,8.4,38.84,1013,0
2024,5,1,23,0,23.1,9,40.7,1012,0
2024,5,1,23,30,22.8,9,41.44,1012,0
2024,5,2,0,0,22.400000000000002,10.600000000000001,47.27,1012,0
2024,5,2,0,30,21.700000000000003,10.600000000000001,49.32,1012,0
2024,5,2,1,0,21,13.100000000000001,60.52,1012,0
2024,5,2,1,30,19.3,13.100000000000001,67.2,1012,0
2024,5,2,2,0,17.6,12.700000000000001,72.98,1012,0
2024,5,2,2,30,16.3,12.700000000000001,79.31,1013,0
2024,5,2,3,0,15.100000000000001,10.600000000000001,74.52,1013,0
2024,5,2,3,30,14.700000000000001,10.600000000000001,76.46000000000001,1013,0
2024,5,2,4,0,14.4,10.100000000000001,75.39,1013,0
2024,5,2,4,30,14.100000000000001,10.100000000000001,76.86,1013,0
2024,5,2,5,0,13.8,9.9,77.37,1014,0
2024,5,2,5,30,13.700000000000001,9.9,77.87,1014,0
2024,5,2,6,0,13.5,9.600000000000001,77.52,1014,0
2024,5,2,6,30,13.4,9.600000000000001,78.02,1014,0
2024,5,2,7,0,13.200000000000001,9.3,77.41,1014,0
2024,5,2,7,30,12.8,9.3,79.45,1014,0
2024,5,2,8,0,12.4,8.9,79.01,1014,0
2024,5,2,8,30,12.200000000000001,8.9,80.05,1014,0
2024,5,2,9,0,12,8.3,78.13,1014,0
2024,5,2,9,30,11.8,8.3,79.16,1014,0
2024,5,2,10,0,11.600000000000001,8,78.54,1014,0
2024,5,2,10,30,11.3,8,80.11,1014,0
2024,5,2,11,0,11,7.9,80.98,1014,0
2024,5,2,11,30,10.700000000000001,7.9,82.61,1014,0
2024,5,2,12,0,10.4,7.800000000000001,83.73,1014,0
2024,5,2,12,30,10.5,7.800000000000001,83.17,1014,0
2024,5,2,13,0,10.5,7.9,84.18,1014,0
2024,5,2,13,30,11.9,7.9,76.74,1014,0
2024,5,2,14,0,13.200000000000001,9,75.56,1014,0
2024,5,2,14,30,14.5,9,69.46000000000001,1014,0
2024,5,2,15,0,15.700000000000001,10.100000000000001,69.24,1014,0
2024,5,2,15,30,17.2,10.100000000000001,62.95,1014,0
2024,5,2,16,0,18.8,11.3,61.71,1015,0
2024,5,2,16,30,19.900000000000002,11.3,57.64,1015,0
2024,5,2,17,0,21,12.3,57.54,1015,0
2024,5,2,17,30,21.900000000000002,12.3,54.410000000000004,1014,0
2024,5,2,18,0,22.8,13.200000000000001,54.69,1014,0
2024,5,2,18,30,23.400000000000002,13.200000000000001,52.75,1014,0
2024,5,2,19,0,24.1,14,53.21,1014,0
2024,5,2,19,30,24.6,14,51.65,1014,0
2024,5,2,20,0,25,14.600000000000001,52.53,1013,0
2024,5,2,20,30,25.3,14.600000000000001,51.61,1013,0
2024,5,2,21,0,25.700000000000003,14.9,51.36,1013,0
2024,5,2,21,30,25.8,14.9,51.01,1012,0
2024,5,2,22,0,26,14.9,50.31,1012,0
2024,5,2,22,30,26,14.9,50.31,1012,0
2024,5,2,23,0,25.900000000000002,14.8,50.480000000000004,1011,0
2024,5,2,23,30,25.700000000000003,14.8,51.08,1011,0
2024,5,3,0,0,25.5,15.100000000000001,52.45,1011,0
2024,5,3,0,30,24.900000000000002,15.100000000000001,54.35,1011,0
2024,5,3,1,0,24.400000000000002,15.4,57.39,1011,0
2024,5,3,1,30,22.6,15.4,63.870000000000005,1010,0
2024,5,3,2,0,20.900000000000002,16.6,76.37,1010,0
2024,5,3,2,30,19.3,16.6,84.28,1010,0
2024,5,3,3,0,17.8,14.700000000000001,82.17,1010,0
2024,5,3,3,30,17.2,14.700000000000001,85.41,1011,0
2024,5,3,4,0,16.6,14.200000000000001,85.94,1011,0
2024,5,3,4,30,16.3,14.200000000000001,87.59,1011,0
2024,5,3,5,0,15.9,13.8,87.36,1011,0
2024,5,3,5,30,15.700000000000001,13.8,88.48,1011,0
2024,5,3,6,0,15.4,13.5,88.21000000000001,1012,0
2024,5,3,6,30,15.200000000000001,13.5,89.35000000000001,1012,0
2024,5,3,7,0,15,13.100000000000001,88.15,1012,0
2024,5,3,7,30,14.8,13.100000000000001,89.29,1012,0
2024,5,3,8,0,14.600000000000001,12.5,87.22,1012,0
2024,5,3,8,30,14.200000000000001,12.5,89.4,1011,0
2024,5,3,9,0,13.9,11.9,87.59,1011,0
2024,5,3,9,30,13.5,11.9,89.89,1011,0
2024,5,3,10,0,13.100000000000001,11.200000000000001,88.08,1011,0
2024,5,3,10,30,12.8,11.200000000000001,89.82000000000001,1011,0
2024,5,3,11,0,12.4,10.200000000000001,86.48,1011,0
2024,5,3,11,30,12,10.200000000000001,88.78,1011,0
2024,5,3,12,0,11.700000000000001,9.3,85.07000000000001,1011,0
2024,5,3,12,30,11.5,9.3,86.2,1011,0
2024,5,3,13,0,11.4,8.700000000000001,83.44,1011,0
2024,5,3,13,30,12.600000000000001,8.700000000000001,77.11,1011,0
2024,5,3,14,0,13.700000000000001,8.9,72.64,1012,0
2024,5,3,14,30,14.9,8.9,67.23,1012,0
2024,5,3,15,0,16.1,9.4,64.57000000000001,1012,0
2024,5,3,15,30,17.3,9.4,59.84,1012,0
2024,5,3,16,0,18.5,10.3,59.01,1012,0
2024,5,3,16,30,19.6,10.3,55.11,1012,0
2024,5,3,17,0,20.6,11.3,55.1,1012,0
2024,5,3,17,30,21.5,11.3,52.15,1012,0
2024,5,3,18,0,22.5,11.8,50.71,1012,0
2024,5,3,18,30,23.200000000000003,11.8,48.56,1011,0
2024,5,3,19,0,23.8,11.9,47.11,1011,0
2024,5,3,19,30,24.200000000000003,11.9,46,1011,0
2024,5,3,20,0,24.6,12,45.28,1010,0
2024,5,3,20,30,24.900000000000002,12,44.480000000000004,1010,0
2024,5,3,21,0,25.1,12,44.01,1010,0
2024,5,3,21,30,25.1,12,43.97,1009,0
2024,5,3,22,0,25.1,11.9,43.6,1009,0
2024,5,3,22,30,24.900000000000002,11.9,44.12,1009,0
2024,5,3,23,0,24.700000000000003,11.8,44.37,1009,0
2024,5,3,23,30,24.200000000000003,11.700000000000001,45.67,1008,0
2024,5,4,0,0,23.8,11.700000000000001,46.65,1008,0
2024,5,4,0,30,22.700000000000003,11.700000000000001,49.84,1008,0
2024,5,4,1,0,21.700000000000003,12.600000000000001,56.32,1008,0
2024,5,4,1,30,20.1,12.600000000000001,62.120000000000005,1008,0
2024,5,4,2,0,18.400000000000002,13.100000000000001,71.48,1008,0
2024,5,4,2,30,17.1,13.100000000000001,77.55,1008,0
2024,5,4,3,0,15.8,12.4,79.98,1008,0
2024,5,4,3,30,15.100000000000001,12.4,83.64,1008,0
2024,5,4,4,0,14.5,12.100000000000001,85.71000000000001,1008,0
2024,5,4,4,30,14,12.100000000000001,88.52,1008,0
2024,5,4,5,0,13.4,11.9,90.72,1008,0
2024,5,4,5,30,13.100000000000001,11.9,92.51,1008,0
2024,5,4,6,0,12.700000000000001,11.600000000000001,92.87,1008,0
2024,5,4,6,30,12.5,11.600000000000001,94.09,1008,0
2024,5,4,7,0,12.3,11.200000000000001,92.86,1008,0
2024,5,4,7,30,12.200000000000001,11.200000000000001,93.56,1009,0
2024,5,4,8,0,12,10.9,92.8,1009,0
2024,5,4,8,30,11.9,10.9,93.42,1009,0
2024,5,4,9,0,11.700000000000001,10.700000000000001,93.48,1008,0
2024,5,4,9,30,11.600000000000001,10.700000000000001,94.10000000000001,1008,0
2024,5,4,10,0,11.600000000000001,10.700000000000001,94.03,1008,0
2024,5,4,10,30,11.600000000000001,10.700000000000001,94.03,1008,0
2024,5,4,11,0,11.600000000000001,10.8,94.62,1008,0
2024,5,4,11,30,11.600000000000001,10.8,94.62,1008,0
2024,5,4,12,0,11.700000000000001,10.9,94.98,1008,0
2024,5,4,12,30,11.700000000000001,10.9,94.89,1007,0
2024,5,4,13,0,11.8,11.100000000000001,95.38,1007,0
2024,5,4,13,30,12,11.100000000000001,94.04,1006,0
2024,5,4,14,0,12.3,11.4,94.46000000000001,1006,0
2024,5,4,14,30,12.600000000000001,11.4,92.63,1006,0
2024,5,4,15,0,12.9,12,94.26,1006,0
2024,5,4,15,30,13,12,93.65,1006,0
2024,5,4,16,0,13.200000000000001,11.8,91.44,1006,0
2024,5,4,16,30,12.8,11.9,93.95,1007,0
2024,5,4,17,0,12.5,9.700000000000001,82.9,1007,0
2024,5,4,17,30,12.3,9.700000000000001,83.99,1007,0
2024,5,4,18,0,12.200000000000001,8.200000000000001,76.56,1008,0
2024,5,4,18,30,12.5,8.200000000000001,75.07000000000001,1008,0
2024,5,4,19,0,12.9,7.800000000000001,71.31,1008,0
2024,5,4,19,30,13.200000000000001,7.800000000000001,69.86,1007,0
2024,5,4,20,0,13.600000000000001,7.7,67.69,1007,0
2024,5,4,20,30,14,7.7,65.96000000000001,1007,0
2024,5,4,21,0,14.3,7.800000000000001,64.81,1007,0
2024,5,4,21,30,14.4,7.800000000000001,64.39,1007,0
2024,5,4,22,0,14.5,7.300000000000001,61.78,1007,0
2024,5,4,22,30,14.5,7.300000000000001,61.78,1007,0
2024,5,4,23,0,14.5,6.6000000000000005,59.18,1007,0
2024,5,4,23,30,14.200000000000001,6.6000000000000005,60.33,1007,0
2024,5,5,0,0,14,5.9,58.2,1007,0
2024,5,5,0,30,13.5,5.9,60.11,1007,0
2024,5,5,1,0,13,5.6000000000000005,60.81,1007,0
2024,5,5,1,30,12.100000000000001,5.6000000000000005,64.56,1008,0
2024,5,5,2,0,11.200000000000001,6,70.56,1008,0
2024,5,5,2,30,10.3,6.1000000000000005,74.98,1009,0
2024,5,5,3,0,9.4,6.5,82.38,1009,0
2024,5,5,3,30,9.1,6.5,84.05,1009,0
2024,5,5,4,0,8.8,6.800000000000001,87.12,1009,0
2024,5,5,4,30,8.5,6.800000000000001,88.99,1010,0
2024,5,5,5,0,8.3,6.9,90.59,1010,0
2024,5,5,5,30,8,6.9,92.45,1010,0
2024,5,5,6,0,7.800000000000001,6.800000000000001,93.18,1010,0
2024,5,5,6,30,7.6000000000000005,6.800000000000001,94.45,1010,0
2024,5,5,7,0,7.300000000000001,6.6000000000000005,95.53,1011,0
2024,5,5,7,30,7,6.6000000000000005,97.5,1011,0
2024,5,5,8,0,6.7,6.4,98.27,1011,0
2024,5,5,8,30,6.4,6.4,100,1011,0
2024,5,5,9,0,6.1000000000000005,6.1000000000000005,100,1011,0
2024,5,5,9,30,5.9,5.9,100,1011,0
2024,5,5,10,0,5.6000000000000005,5.6000000000000005,100,1011,0
2024,5,5,10,30,5.4,5.4,100,1012,0
2024,5,5,11,0,5.2,5.2,100,1012,0
2024,5,5,11,30,5,5,100,1012,0
2024,5,5,12,0,4.800000000000001,4.800000000000001,100,1012,0
2024,5,5,12,30,4.9,4.9,100,1013,0
2024,5,5,13,0,5,4.9,99.64,1013,0
2024,5,5,13,30,6.4,5,90.45,1013,0
2024,5,5,14,0,7.9,5.800000000000001,86.43,1014,0
2024,5,5,14,30,9.1,5.800000000000001,79.7,1014,0
2024,5,5,15,0,10.4,5.5,71.62,1014,0
2024,5,5,15,30,11.5,5.5,66.65,1015,0
2024,5,5,16,0,12.600000000000001,5,60,1015,0
2024,5,5,16,30,13.5,5,56.58,1015,0
2024,5,5,17,0,14.3,4.7,52.38,1015,0
2024,5,5,17,30,15,4.7,50.07,1015,0
2024,5,5,18,0,15.700000000000001,4.800000000000001,48.160000000000004,1016,0
2024,5,5,18,30,16.3,4.800000000000001,46.36,1016,0
2024,5,5,19,0,16.8,5.1000000000000005,45.86,1016,0
2024,5,5,19,30,17.2,5.1000000000000005,44.71,1016,0
2024,5,5,20,0,17.6,5.4,44.51,1016,0
2024,5,5,20,30,17.900000000000002,5.4,43.68,1016,0
2024,5,5,21,0,18.2,5.6000000000000005,43.660000000000004,1015,0
2024,5,5,21,30,18.3,5.6000000000000005,43.39,1015,0
2024,5,5,22,0,18.400000000000002,5.800000000000001,43.72,1015,0
2024,5,5,22,30,18.3,5.800000000000001,43.99,1015,0
2024,5,5,23,0,18.2,5.9,44.58,1015,0
2024,5,5,23,30,17.900000000000002,5.9,45.42,1015,0
2024,5,6,0,0,17.6,6.2,47.02,1015,0
2024,5,6,0,30,16.8,6.2,49.46,1015,0
2024,5,6,1,0,16.1,6.800000000000001,54.11,1015,0
2024,5,6,1,30,14.8,6.800000000000001,58.85,1016,0
2024,5,6,2,0,13.5,7.9,69,1016,0
2024,5,6,2,30,12.200000000000001,7.9,75.11,1016,0
2024,5,6,3,0,10.9,7.300000000000001,78.64,1016,0
2024,5,6,3,30,10.4,7.300000000000001,81.37,1017,0
2024,5,6,4,0,9.8,7.1000000000000005,83.32000000000001,1017,0
2024,5,6,4,30,9.4,7.1000000000000005,85.58,1017,0
2024,5,6,5,0,8.9,7,88.14,1017,0
2024,5,6,5,30,8.5,7,90.55,1017,0
2024,5,6,6,0,8.1,7,92.60000000000001,1018,0
2024,5,6,6,30,7.800000000000001,7,94.41,1017,0
2024,5,6,7,0,7.4,6.9,96.88,1017,0
2024,5,6,7,30,7.1000000000000005,7,98.98,1018,0
2024,5,6,8,0,6.9,6.9,100,1018,0
2024,5,6,8,30,6.6000000000000005,6.6000000000000005,100,1018,0
2024,5,6,9,0,6.4,6.4,100,1018,0
2024,5,6,9,30,6.1000000000000005,6.1000000000000005,100,1018,0
2024,5,6,10,0,5.9,5.9,100,1018,0
2024,5,6,10,30,5.9,5.9,100,1018,0
2024,5,6,11,0,5.800000000000001,5.800000000000001,100,1018,0
2024,5,6,11,30,6.1000000000000005,6.1000000000000005,100,1018,0
2024,5,6,12,0,6.300000000000001,6.300000000000001,100,1018,0
2024,5,6,12,30,6.5,6.5,100,1019,0
2024,5,6,13,0,6.800000000000001,6.4,97.28,1019,0
2024,5,6,13,30,7.6000000000000005,6.4,92.11,1019,0
2024,5,6,14,0,8.4,6.7,89.05,1019,0
2024,5,6,14,30,9.600000000000001,6.7,82.14,1019,0
2024,5,6,15,0,10.8,7.1000000000000005,77.99,1019,0
2024,5,6,15,30,12.3,7.1000000000000005,70.65,1019,0
2024,5,6,16,0,13.8,7.2,64.53,1019,0
2024,5,6,16,30,15.100000000000001,7.2,59.35,1019,0
2024,5,6,17,0,16.400000000000002,6.800000000000001,53.13,1019,0
2024,5,6,17,30,17.2,6.800000000000001,50.51,1019,0
2024,5,6,18,0,18.1,7.2,48.82,1019,0
2024,5,6,18,30,18.7,7.2,47.02,1019,0
2024,5,6,19,0,19.400000000000002,7.800000000000001,47.12,1019,0
2024,5,6,19,30,19.8,7.800000000000001,45.97,1019,0
2024,5,6,20,0,20.3,8.6,47.050000000000004,1018,0
2024,5,6,20,30,20.6,8.6,46.19,1018,0
2024,5,6,21,0,20.8,9.5,48.4,1018,0
2024,5,6,21,30,20.900000000000002,9.5,48.06,1017,0
2024,5,6,22,0,21,10.3,50.36,1017,0
2024,5,6,22,30,20.8,10.3,50.980000000000004,1017,0
2024,5,6,23,0,20.700000000000003,10.8,53.120000000000005,1016,0
2024,5,6,23,30,20.3,10.8,54.44,1016,0
2024,5,7,0,0,19.8,11.100000000000001,57.4,1016,0
2024,5,7,0,30,19.1,11.100000000000001,59.94,1016,0
2024,5,7,1,0,18.400000000000002,11.4,63.7,1016,0
2024,5,7,1,30,17.1,11.4,69.12,1016,0
2024,5,7,2,0,15.9,11.700000000000001,76.09,1016,0
2024,5,7,2,30,14.700000000000001,11.700000000000001,82.16,1016,0
2024,5,7,3,0,13.5,11.100000000000001,85.54,1016,0
2024,5,7,3,30,13,11.100000000000001,88.45,1017,0
2024,5,7,4,0,12.4,10.700000000000001,89.48,1017,0
2024,5,7,4,30,11.9,10.700000000000001,92.46000000000001,1017,0
2024,5,7,5,0,11.4,10.3,92.98,1017,0
2024,5,7,5,30,10.9,10.3,96.10000000000001,1017,0
2024,5,7,6,0,10.4,9.9,96.89,1017,0
2024,5,7,6,30,10.100000000000001,9.9,98.85000000000001,1017,0
2024,5,7,7,0,9.700000000000001,9.600000000000001,99.26,1017,0
2024,5,7,7,30,9.3,9.3,100,1017,0
2024,5,7,8,0,9,9,100,1017,0
2024,5,7,8,30,8.700000000000001,8.700000000000001,100,1017,0
2024,5,7,9,0,8.4,8.4,100,1017,0
2024,5,7,9,30,8.1,8.1,100,1017,0
2024,5,7,10,0,7.800000000000001,7.800000000000001,100,1017,0
2024,5,7,10,30,7.6000000000000005,7.6000000000000005,100,1017,0
2024,5,7,11,0,7.4,7.4,100,1017,0
2024,5,7,11,30,7.300000000000001,7.300000000000001,100,1017,0
2024,5,7,12,0,7.300000000000001,7.300000000000001,100,1017,0
2024,5,7,12,30,7.6000000000000005,7.4,98.42,1017,0
2024,5,7,13,0,8,7.2,94.7,1017,0
2024,5,7,13,30,9.200000000000001,7.2,87.41,1018,0
2024,5,7,14,0,10.4,7.6000000000000005,82.68,1018,0
2024,5,7,14,30,11.700000000000001,7.6000000000000005,75.86,1018,0
2024,5,7,15,0,12.9,8.1,72.74,1018,0
2024,5,7,15,30,14.100000000000001,8.1,67.29,1018,0
2024,5,7,16,0,15.200000000000001,8.700000000000001,65.32000000000001,1018,0
2024,5,7,16,30,16.1,8.700000000000001,61.67,1018,0
2024,5,7,17,0,17,8.5,57.13,1018,0
2024,5,7,17,30,17.8,8.5,54.32,1018,0
2024,5,7,18,0,18.7,7.6000000000000005,48.28,1018,0
2024,5,7,18,30,19.200000000000003,7.6000000000000005,46.800000000000004,1018,0
2024,5,7,19,0,19.8,7.300000000000001,44.34,1017,0
2024,5,7,19,30,20.3,7.300000000000001,42.99,1017,0
2024,5,7,20,0,20.700000000000003,7.5,42.64,1017,0
2024,5,7,20,30,21,7.5,41.82,1016,0
2024,5,7,21,0,21.400000000000002,7.800000000000001,41.57,1016,0
2024,5,7,21,30,21.6,7.800000000000001,41.07,1016,0
2024,5,7,22,0,21.8,8.1,41.29,1015,0
2024,5,7,22,30,21.8,8.1,41.29,1015,0
2024,5,7,23,0,21.8,8.3,41.89,1015,0
2024,5,7,23,30,21.6,8.3,42.36,1014,0
2024,5,8,0,0,21.400000000000002,8.6,43.800000000000004,1014,0
2024,5,8,0,30,20.700000000000003,8.6,45.72,1014,0
2024,5,8,1,0,20.1,11,55.88,1014,0
2024,5,8,1,30,18.5,11,61.71,1014,0
2024,5,8,2,0,16.900000000000002,12.100000000000001,73.17,1014,0
2024,5,8,2,30,15.5,12.100000000000001,79.98,1014,0
2024,5,8,3,0,14.100000000000001,10.100000000000001,76.63,1014,0
2024,5,8,3,30,13.8,10.100000000000001,78.13,1014,0
2024,5,8,4,0,13.5,9.200000000000001,75.3,1014,0
2024,5,8,4,30,13.200000000000001,9.200000000000001,76.79,1014,0
2024,5,8,5,0,12.9,8.700000000000001,75.64,1014,0
2024,5,8,5,30,12.8,8.700000000000001,76.14,1014,0
2024,5,8,6,0,12.700000000000001,8.3,74.68,1013,0
2024,5,8,6,30,12.4,8.3,76.16,1013,0
2024,5,8,7,0,12,8.1,77.24,1013,0
2024,5,8,7,30,11.4,8.1,80.36,1013,0
2024,5,8,8,0,10.8,8,82.77,1014,0
2024,5,8,8,30,10.5,8,84.44,1014,0
2024,5,8,9,0,10.200000000000001,7.6000000000000005,84.02,1014,0
2024,5,8,9,30,10,7.6000000000000005,85.15,1014,0
2024,5,8,10,0,9.9,6.800000000000001,81.31,1014,0
2024,5,8,10,30,9.700000000000001,6.800000000000001,82.4,1014,0
2024,5,8,11,0,9.5,6.4,80.73,1014,0
2024,5,8,11,30,9.4,6.4,81.27,1014,0
2024,5,8,12,0,9.3,6.1000000000000005,80.39,1014,0
2024,5,8,12,30,9.4,6.1000000000000005,79.85000000000001,1014,0
2024,5,8,13,0,9.5,5.7,77.17,1014,0
2024,5,8,13,30,10.600000000000001,5.7,71.71000000000001,1014,0
2024,5,8,14,0,11.600000000000001,5.800000000000001,67.66,1014,0
2024,5,8,14,30,12.9,5.800000000000001,62.13,1014,0
2024,5,8,15,0,14.3,6.4,59.08,1014,0
2024,5,8,15,30,15.5,6.4,54.7,1014,0
2024,5,8,16,0,16.8,6.5,50.550000000000004,1014,0
2024,5,8,16,30,17.8,6.5,47.46,1014,0
2024,5,8,17,0,18.8,6.800000000000001,45.45,1014,0
2024,5,8,17,30,19.700000000000003,6.800000000000001,42.980000000000004,1014,0
2024,5,8,18,0,20.5,7.300000000000001,42.44,1013,0
2024,5,8,18,30,21.200000000000003,7.300000000000001,40.660000000000004,1013,0
2024,5,8,19,0,22,7.9,40.34,1013,0
2024,5,8,19,30,22.5,7.9,39.1,1012,0
2024,5,8,20,0,23.1,8.3,38.84,1012,0
2024,5,8,20,30,23.6,8.3,37.69,1012,0
2024,5,8,21,0,24,8.6,37.56,1011,0
2024,5,8,21,30,24.200000000000003,8.6,37.11,1011,0
2024,5,8,22,0,24.400000000000002,9.1,37.82,1010,0
2024,5,8,22,30,24.400000000000002,9.1,37.82,1010,0
2024,5,8,23,0,24.3,10,40.34,1010,0
2024,5,8,23,30,24,10,41.07,1010,0
2024,5,9,0,0,23.700000000000003,11.600000000000001,46.730000000000004,1010,0
2024,5,9,0,30,22.900000000000002,11.600000000000001,48.980000000000004,1009,0
2024,5,9,1,0,22.200000000000003,12.3,53.5,1009,0
2024,5,9,1,30,20.900000000000002,12.3,57.910000000000004,1009,0
2024,5,9,2,0,19.6,11.700000000000001,60.13,1009,0
2024,5,9,2,30,18.6,11.700000000000001,64.05,1010,0
2024,5,9,3,0,17.6,10.9,64.67,1010,0
2024,5,9,3,30,17.2,10.9,66.32000000000001,1010,0
2024,5,9,4,0,16.7,10.700000000000001,67.82000000000001,1010,0
2024,5,9,4,30,16.2,10.700000000000001,70.07000000000001,1011,0
2024,5,9,5,0,15.600000000000001,10.5,71.5,1011,0
2024,5,9,5,30,15.100000000000001,10.5,73.82000000000001,1011,0
2024,5,9,6,0,14.5,9.5,72.04,1011,0
2024,5,9,6,30,14.100000000000001,9.5,73.93,1011,0
2024,5,9,7,0,13.8,7.9,67.34,1011,0
2024,5,9,7,30,13.200000000000001,7.9,70.01,1011,0
2024,5,9,8,0,12.700000000000001,7.4,70.29,1012,0
2024,5,9,8,30,12.4,7.4,71.69,1012,0
2024,5,9,9,0,12.100000000000001,7.2,72.08,1012,0
2024,5,9,9,30,11.9,7.2,73.03,1012,0
2024,5,9,10,0,11.700000000000001,7.1000000000000005,73.38,1012,0
2024,5,9,10,30,11.5,7.1000000000000005,74.36,1012,0
2024,5,9,11,0,11.3,6.9,74.41,1012,0
2024,5,9,11,30,11.100000000000001,6.9,75.4,1012,0
2024,5,9,12,0,11,6.7,74.8,1012,0
2024,5,9,12,30,11.200000000000001,6.7,73.82000000000001,1012,0
2024,5,9,13,0,11.4,7.1000000000000005,74.62,1012,0
2024,5,9,13,30,13.3,7.1000000000000005,65.89,1012,0
2024,5,9,14,0,15.200000000000001,9.5,68.62,1012,0
2024,5,9,14,30,16.7,9.5,62.43,1013,0
2024,5,9,15,0,18.1,9.700000000000001,57.800000000000004,1013,0
2024,5,9,15,30,19.400000000000002,9.700000000000001,53.31,1013,0
2024,5,9,16,0,20.700000000000003,10,50.43,1013,0
2024,5,9,16,30,21.900000000000002,10,46.87,1013,0
2024,5,9,17,0,23.1,10.200000000000001,44.13,1013,0
2024,5,9,17,30,23.900000000000002,10.200000000000001,42.06,1013,0
2024,5,9,18,0,24.700000000000003,10.700000000000001,41.24,1013,0
2024,5,9,18,30,25.3,10.700000000000001,39.800000000000004,1013,0
2024,5,9,19,0,25.900000000000002,11.100000000000001,39.46,1013,0
2024,5,9,19,30,26.3,11.100000000000001,38.54,1013,0
2024,5,9,20,0,26.8,11.4,38.27,1012,0
2024,5,9,20,30,27.1,11.4,37.6,1012,0
2024,5,9,21,0,27.400000000000002,11.8,37.85,1012,0
2024,5,9,21,30,27.5,11.8,37.63,1012,0
2024,5,9,22,0,27.700000000000003,12.100000000000001,38,1012,0
2024,5,9,22,30,27.700000000000003,12.100000000000001,38,1012,0
2024,5,9,23,0,27.700000000000003,12.600000000000001,39.33,1012,0
2024,5,9,23,30,27.900000000000002,12.600000000000001,38.84,1011,0
2024,5,10,0,0,28,12.4,38.09,1011,0
2024,5,10,0,30,27.5,12.4,39.21,1011,0
2024,5,10,1,0,27,11.3,37.59,1011,0
2024,5,10,1,30,24.900000000000002,11.3,42.54,1011,0
2024,5,10,2,0,22.8,16.3,66.81,1011,0
2024,5,10,2,30,21.200000000000003,16.3,73.63,1011,0
2024,5,10,3,0,19.6,13.3,66.9,1012,0
2024,5,10,3,30,19,13.3,69.44,1012,0
2024,5,10,4,0,18.400000000000002,12.9,70.24,1012,0
2024,5,10,4,30,18,12.9,72.02,1012,0
2024,5,10,5,0,17.6,12.600000000000001,72.69,1012,0
2024,5,10,5,30,17.1,12.600000000000001,75.01,1012,0
2024,5,10,6,0,16.6,12.5,76.75,1013,0
2024,5,10,6,30,16.1,12.5,79.22,1013,0
2024,5,10,7,0,15.600000000000001,12.200000000000001,80.38,1013,0
2024,5,10,7,30,15.3,12.200000000000001,81.93,1013,0
2024,5,10,8,0,15,11.8,81.36,1013,0
2024,5,10,8,30,14.8,11.8,82.41,1013,0
2024,5,10,9,0,14.600000000000001,11.5,81.47,1013,0
2024,5,10,9,30,14.4,11.5,82.53,1013,0
2024,5,10,10,0,14.100000000000001,11.3,83.33,1013,0
2024,5,10,10,30,14,11.3,83.87,1013,0
2024,5,10,11,0,13.8,11.200000000000001,84.12,1013,0
2024,5,10,11,30,13.700000000000001,11.200000000000001,84.67,1013,0
2024,5,10,12,0,13.600000000000001,11,84.31,1013,0
2024,5,10,12,30,13.700000000000001,11,83.77,1013,0
2024,5,10,13,0,13.8,11,83.44,1013,0
2024,5,10,13,30,15.100000000000001,11.100000000000001,76.81,1014,0
2024,5,10,14,0,16.400000000000002,12.8,79.24,1014,0
2024,5,10,14,30,17.5,12.8,73.93,1014,0
2024,5,10,15,0,18.6,13,70.11,1014,0
2024,5,10,15,30,20,13.100000000000001,64.28,1014,0
2024,5,10,16,0,21.400000000000002,13.9,62.25,1014,0
2024,5,10,16,30,22.6,13.9,57.870000000000005,1014,0
2024,5,10,17,0,23.8,14.4,55.49,1014,0
2024,5,10,17,30,25,14.4,51.660000000000004,1014,0
2024,5,10,18,0,26.1,14.200000000000001,47.78,1014,0
2024,5,10,18,30,27,14.200000000000001,45.28,1013,0
2024,5,10,19,0,27.8,14,42.76,1013,0
2024,5,10,19,30,28.3,14,41.53,1013,0
2024,5,10,20,0,28.8,14.3,41.050000000000004,1012,0
2024,5,10,20,30,29.1,14.3,40.35,1012,0
2024,5,10,21,0,29.3,14.600000000000001,40.88,1012,0
2024,5,10,21,30,29.400000000000002,14.600000000000001,40.65,1012,0
2024,5,10,22,0,29.5,15.200000000000001,41.85,1011,0
2024,5,10,22,30,29.6,15.200000000000001,41.62,1011,0
2024,5,10,23,0,29.700000000000003,15.100000000000001,41.06,1011,0
2024,5,10,23,30,29.8,15.100000000000001,40.82,1011,0
2024,5,11,0,0,30,14.4,38.77,1011,0
2024,5,11,0,30,29.3,14.4,40.32,1010,0
2024,5,11,1,0,28.700000000000003,13.5,39.25,1010,0
2024,5,11,1,30,26.5,13.5,44.61,1010,0
2024,5,11,2,0,24.400000000000002,17.900000000000002,67.17,1010,0
2024,5,11,2,30,22.8,17.900000000000002,73.94,1010,0
2024,5,11,3,0,21.1,14.8,67.39,1010,0
2024,5,11,3,30,20.5,14.8,69.98,1011,0
2024,5,11,4,0,19.900000000000002,14.3,70.32000000000001,1011,0
2024,5,11,4,30,19.400000000000002,14.3,72.52,1011,0
2024,5,11,5,0,18.900000000000002,14,73.15,1011,0
2024,5,11,5,30,18.5,14,75,1011,0
2024,5,11,6,0,18,13.600000000000001,75.62,1011,0
2024,5,11,6,30,17.7,13.600000000000001,77.06,1011,0
2024,5,11,7,0,17.3,13.3,77.46000000000001,1011,0
2024,5,11,7,30,17,13.3,78.94,1011,0
2024,5,11,8,0,16.7,13,78.65,1011,0
2024,5,11,8,30,16.5,13,79.65,1011,0
2024,5,11,9,0,16.2,12.600000000000001,79.18,1011,0
2024,5,11,9,30,15.9,12.600000000000001,80.71000000000001,1011,0
2024,5,11,10,0,15.700000000000001,12.200000000000001,79.65,1011,0
2024,5,11,10,30,15.4,12.200000000000001,81.19,1011,0
2024,5,11,11,0,15.100000000000001,11.8,80.56,1011,0
2024,5,11,11,30,14.8,11.8,82.12,1011,0
2024,5,11,12,0,14.600000000000001,11.5,81.91,1011,0
2024,5,11,12,30,14.600000000000001,11.600000000000001,81.99,1012,0
2024,5,11,13,0,14.600000000000001,11.8,83.39,1012,0
2024,5,11,13,30,15.700000000000001,11.8,77.72,1012,0
2024,5,11,14,0,16.8,13,78.04,1012,0
2024,5,11,14,30,17.8,13,73.28,1012,0
2024,5,11,15,0,18.8,13.5,71.52,1013,0
2024,5,11,15,30,20.200000000000003,13.5,65.58,1013,0
2024,5,11,16,0,21.6,14.3,63.27,1013,0
2024,5,11,16,30,22.8,14.3,58.83,1013,0
2024,5,11,17,0,23.900000000000002,15.200000000000001,58.38,1013,0
2024,5,11,17,30,25.1,15.200000000000001,54.35,1013,0
2024,5,11,18,0,26.200000000000003,15.700000000000001,52.53,1012,0
2024,5,11,18,30,27,15.700000000000001,50.120000000000005,1012,0
2024,5,11,19,0,27.900000000000002,16,48.43,1012,0
2024,5,11,19,30,28.6,16,46.5,1012,0
2024,5,11,20,0,29.200000000000003,16,44.93,1011,0
2024,5,11,20,30,29.6,16,43.910000000000004,1011,0
2024,5,11,21,0,30,16.2,43.44,1011,0
2024,5,11,21,30,30.200000000000003,16.2,42.9,1010,0
2024,5,11,22,0,30.3,16.400000000000002,43.09,1010,0
2024,5,11,22,30,30.400000000000002,16.400000000000002,42.84,1010,0
2024,5,11,23,0,30.400000000000002,16.1,42.15,1009,0
2024,5,11,23,30,30.3,16.1,42.39,1009,0
2024,5,12,0,0,30.1,15.600000000000001,41.56,1009,0
2024,5,12,0,30,29.200000000000003,15.600000000000001,43.76,1009,0
2024,5,12,1,0,28.200000000000003,15.5,45.93,1009,0
2024,5,12,1,30,25.900000000000002,15.5,52.54,1009,0
2024,5,12,2,0,23.5,17.2,67.58,1009,0
2024,5,12,2,30,21.8,17.1,74.89,1009,0
2024,5,12,3,0,20.1,14.600000000000001,70.62,1009,0
2024,5,12,3,30,19.200000000000003,14.600000000000001,74.74,1010,0
2024,5,12,4,0,18.3,14.100000000000001,76.73,1010,0
2024,5,12,4,30,17.7,14.100000000000001,79.67,1010,0
2024,5,12,5,0,17,13.9,82.21000000000001,1010,0
2024,5,12,5,30,16.6,13.9,84.32000000000001,1010,0
2024,5,12,6,0,16.1,13.700000000000001,85.82000000000001,1010,0
2024,5,12,6,30,15.700000000000001,13.700000000000001,88.12,1011,0
2024,5,12,7,0,15.3,13.5,89.08,1011,0
2024,5,12,7,30,14.9,13.5,91.4,1011,0
2024,5,12,8,0,14.600000000000001,13.100000000000001,90.98,1011,0
2024,5,12,8,30,14.3,13.100000000000001,92.76,1011,0
2024,5,12,9,0,13.9,12.600000000000001,91.98,1011,0
2024,5,12,9,30,13.600000000000001,12.600000000000001,93.79,1011,0
2024,5,12,10,0,13.200000000000001,12.100000000000001,92.86,1011,0
2024,5,12,10,30,12.9,12.100000000000001,94.69,1011,0
2024,5,12,11,0,12.600000000000001,11.600000000000001,93.51,1011,0
2024,5,12,11,30,12.3,11.600000000000001,95.37,1011,0
2024,5,12,12,0,12.100000000000001,11.100000000000001,93.66,1011,0
2024,5,12,12,30,12.100000000000001,11.100000000000001,93.66,1011,0
2024,5,12,13,0,12.200000000000001,10.9,91.84,1011,0
2024,5,12,13,30,13.200000000000001,10.9,86.03,1011,0
2024,5,12,14,0,14.200000000000001,11.200000000000001,82.35000000000001,1011,0
2024,5,12,14,30,15.4,11.200000000000001,76.24,1011,0
2024,5,12,15,0,16.6,12,74.35000000000001,1012,0
2024,5,12,15,30,18.1,12,67.65,1012,0
2024,5,12,16,0,19.6,13,65.69,1012,0
2024,5,12,16,30,20.900000000000002,13,60.64,1012,0
2024,5,12,17,0,22.1,13.9,59.64,1012,0
2024,5,12,17,30,23,13.9,56.480000000000004,1012,0
2024,5,12,18,0,24,14.5,55.410000000000004,1012,0
2024,5,12,18,30,24.700000000000003,14.5,53.14,1012,0
2024,5,12,19,0,25.400000000000002,15.3,53.620000000000005,1012,0
2024,5,12,19,30,26,15.3,51.76,1012,0
2024,5,12,20,0,26.6,15.5,50.56,1012,0
2024,5,12,20,30,26.900000000000002,15.5,49.63,1011,0
2024,5,12,21,0,27.200000000000003,15.8,49.68,1011,0
2024,5,12,21,30,27.200000000000003,15.8,49.68,1011,0
2024,5,12,22,0,27.3,15.8,49.52,1011,0
2024,5,12,22,30,27,15.8,50.4,1011,0
2024,5,12,23,0,26.6,15.4,50.230000000000004,1010,0
2024,5,12,23,30,26,15.4,52.03,1010,0
2024,5,13,0,0,25.400000000000002,14.700000000000001,51.7,1010,0
2024,5,13,0,30,24.5,14.700000000000001,54.53,1010,0
2024,5,13,1,0,23.5,14.600000000000001,57.47,1010,0
2024,5,13,1,30,22,14.600000000000001,62.92,1010,0
2024,5,13,2,0,20.400000000000002,14.9,70.79,1010,0
2024,5,13,2,30,19,14.9,77.19,1010,0
2024,5,13,3,0,17.6,13.8,78.21000000000001,1010,0
2024,5,13,3,30,16.900000000000002,13.8,81.74,1010,0
2024,5,13,4,0,16.2,13.100000000000001,81.84,1010,0
2024,5,13,4,30,15.600000000000001,13.100000000000001,85.03,1010,0
2024,5,13,5,0,15.100000000000001,12.600000000000001,84.92,1010,0
2024,5,13,5,30,14.600000000000001,12.600000000000001,87.69,1010,0
2024,5,13,6,0,14.100000000000001,12.100000000000001,87.64,1010,0
2024,5,13,6,30,13.700000000000001,12.100000000000001,89.94,1010,0
2024,5,13,7,0,13.3,11.600000000000001,89.60000000000001,1010,0
2024,5,13,7,30,12.9,11.600000000000001,91.96000000000001,1010,0
2024,5,13,8,0,12.600000000000001,11.200000000000001,91.29,1010,0
2024,5,13,8,30,12.200000000000001,11.200000000000001,93.71000000000001,1010,0
2024,5,13,9,0,11.9,10.9,93.33,1010,0
2024,5,13,9,30,11.600000000000001,10.9,95.19,1010,0
2024,5,13,10,0,11.3,10.4,94.47,1010,0
2024,5,13,10,30,11.100000000000001,10.4,95.72,1010,0
2024,5,13,11,0,10.8,10,94.83,1010,0
2024,5,13,11,30,10.600000000000001,10,96.19,1011,0
2024,5,13,12,0,10.3,9.600000000000001,95.36,1011,0
2024,5,13,12,30,10.4,9.600000000000001,94.73,1011,0
2024,5,13,13,0,10.5,9.4,92.98,1011,0
2024,5,13,13,30,11.600000000000001,9.4,86.46000000000001,1011,0
2024,5,13,14,0,12.700000000000001,10,83.48,1012,0
2024,5,13,14,30,14,10,76.72,1012,0
2024,5,13,15,0,15.4,11,75.12,1012,0
2024,5,13,15,30,16.900000000000002,11,68.29,1012,0
2024,5,13,16,0,18.3,12.3,67.82000000000001,1012,0
2024,5,13,16,30,19.5,12.3,62.940000000000005,1012,0
2024,5,13,17,0,20.8,12.9,60.730000000000004,1012,0
2024,5,13,17,30,21.8,12.9,57.13,1012,0
2024,5,13,18,0,22.900000000000002,13.200000000000001,54.4,1012,0
2024,5,13,18,30,23.700000000000003,13.200000000000001,51.85,1012,0
2024,5,13,19,0,24.5,13.200000000000001,49.45,1012,0
2024,5,13,19,30,25,13.200000000000001,47.95,1011,0
2024,5,13,20,0,25.5,13.3,46.69,1011,0
2024,5,13,20,30,25.8,13.3,45.87,1011,0
2024,5,13,21,0,26.1,13.4,45.46,1011,0
2024,5,13,21,30,26.200000000000003,13.4,45.15,1010,0
2024,5,13,22,0,26.400000000000002,13.3,44.39,1010,0
2024,5,13,22,30,26.200000000000003,13.3,44.92,1010,0
2024,5,13,23,0,25.900000000000002,13.200000000000001,45.5,1010,0
2024,5,13,23,30,25.5,13.200000000000001,46.59,1010,0
2024,5,14,0,0,25,12.9,47.11,1010,0
2024,5,14,0,30,24,12.9,50,1010,0
2024,5,14,1,0,23,12.5,51.56,1010,0
2024,5,14,1,30,21.200000000000003,12.5,57.51,1010,0
2024,5,14,2,0,19.400000000000002,13.100000000000001,66.78,1010,0
2024,5,14,2,30,17.8,13.100000000000001,73.86,1011,0
2024,5,14,3,0,16.2,11.9,75.47,1011,0
2024,5,14,3,30,15.5,11.9,78.91,1011,0
2024,5,14,4,0,14.700000000000001,11.100000000000001,78.83,1011,0
2024,5,14,4,30,14.200000000000001,11.100000000000001,81.41,1011,0
2024,5,14,5,0,13.600000000000001,10.700000000000001,82.42,1011,0
2024,5,14,5,30,13.200000000000001,10.700000000000001,84.59,1011,0
2024,5,14,6,0,12.8,10.4,85.59,1011,0
2024,5,14,6,30,12.5,10.4,87.28,1011,0
2024,5,14,7,0,12.200000000000001,10.3,88.05,1011,0
2024,5,14,7,30,12,10.3,89.21000000000001,1011,0
2024,5,14,8,0,11.8,10.100000000000001,89.16,1011,0
2024,5,14,8,30,11.700000000000001,10.100000000000001,89.74,1011,0
2024,5,14,9,0,11.5,9.9,89.98,1010,0
2024,5,14,9,30,11.3,9.9,91.18,1010,0
2024,5,14,10,0,11,9.9,92.64,1010,0
2024,5,14,10,30,10.8,9.9,93.88,1010,0
2024,5,14,11,0,10.600000000000001,9.8,94.60000000000001,1010,0
2024,5,14,11,30,10.4,9.8,95.87,1010,0
2024,5,14,12,0,10.3,9.600000000000001,95.59,1010,0
2024,5,14,12,30,10.5,9.600000000000001,94.33,1010,0
2024,5,14,13,0,10.8,9.700000000000001,93.02,1010,0
2024,5,14,13,30,11.9,9.700000000000001,86.59,1011,0
2024,5,14,14,0,13.100000000000001,10.4,83.8,1011,0
2024,5,14,14,30,14.600000000000001,10.4,76.05,1011,0
2024,5,14,15,0,16.1,11.5,74.26,1011,0
2024,5,14,15,30,17.8,11.5,66.7,1011,0
2024,5,14,16,0,19.5,12.8,65.34,1011,0
2024,5,14,16,30,20.8,12.8,60.31,1011,0
2024,5,14,17,0,22.1,14,60.2,1011,0
2024,5,14,17,30,23.1,14,56.67,1011,0
2024,5,14,18,0,24.200000000000003,14.9,55.97,1011,0
2024,5,14,18,30,25.1,14.9,53.050000000000004,1011,0
2024,5,14,19,0,26.1,15.200000000000001,50.97,1011,0
2024,5,14,19,30,26.8,15.200000000000001,48.870000000000005,1010,0
2024,5,14,20,0,27.6,15.3,47.21,1010,0
2024,5,14,20,30,28.1,15.4,45.86,1010,0
2024,5,14,21,0,28.6,15.700000000000001,45.49,1010,0
2024,5,14,21,30,28.8,15.700000000000001,44.92,1009,0
2024,5,14,22,0,29,15.9,45.02,1009,0
2024,5,14,22,30,29,15.9,45.02,1009,0
2024,5,14,23,0,28.900000000000002,15.5,44.09,1008,0
2024,5,14,23,30,28.3,15.5,45.64,1008,0
2024,5,15,0,0,27.700000000000003,15.100000000000001,46.29,1008,0
2024,5,15,0,30,26.400000000000002,15.100000000000001,49.94,1008,0
2024,5,15,1,0,25.1,14.9,53.19,1008,0
2024,5,15,1,30,23.1,14.9,59.95,1008,0
2024,5,15,2,0,21.200000000000003,15.3,69.12,1009,0
2024,5,15,2,30,19.6,15.3,76.27,1009,0
2024,5,15,3,0,18,13.600000000000001,75.62,1009,0
2024,5,15,3,30,17.2,13.600000000000001,79.52,1009,0
2024,5,15,4,0,16.400000000000002,12.8,79.04,1009,0
2024,5,15,4,30,15.8,12.8,82.11,1009,0
2024,5,15,5,0,15.100000000000001,12.3,83.43,1010,0
2024,5,15,5,30,14.700000000000001,12.3,85.60000000000001,1010,0
2024,5,15,6,0,14.200000000000001,12,86.85000000000001,1010,0
2024,5,15,6,30,13.9,12,88.55,1010,0
2024,5,15,7,0,13.5,11.8,89.53,1010,0
2024,5,15,7,30,13.3,11.8,90.7,1010,0
2024,5,15,8,0,13,11.600000000000001,90.94,1010,0
2024,5,15,8,30,12.8,11.600000000000001,92.13,1010,0
2024,5,15,9,0,12.5,11.3,92.41,1010,0
2024,5,15,9,30,12.3,11.3,93.63,1010,0
2024,5,15,10,0,12.100000000000001,11,92.87,1010,0
2024,5,15,10,30,12,11,93.48,1010,0
2024,5,15,11,0,11.8,10.700000000000001,92.75,1010,0
2024,5,15,11,30,11.700000000000001,10.700000000000001,93.36,1010,0
2024,5,15,12,0,11.600000000000001,10.4,92.37,1010,0
2024,5,15,12,30,11.9,10.4,90.57000000000001,1010,0
2024,5,15,13,0,12.200000000000001,10.5,89.33,1010,0
2024,5,15,13,30,13.4,10.5,82.60000000000001,1010,0
2024,5,15,14,0,14.600000000000001,11.4,81.09,1010,0
2024,5,15,14,30,16,11.4,74.14,1010,0
2024,5,15,15,0,17.5,12.100000000000001,70.60000000000001,1010,0
2024,5,15,15,30,19,12.100000000000001,64.34,1011,0
2024,5,15,16,0,20.6,13.4,63.550000000000004,1011,0
2024,5,15,16,30,22.1,13.5,57.99,1011,0
2024,5,15,17,0,23.5,14.100000000000001,55.730000000000004,1011,0
2024,5,15,17,30,24.700000000000003,14.100000000000001,51.88,1011,0
2024,5,15,18,0,26,14,47.52,1011,0
2024,5,15,18,30,26.8,14,45.29,1010,0
2024,5,15,19,0,27.700000000000003,14.200000000000001,43.46,1010,0
2024,5,15,19,30,28.400000000000002,14.200000000000001,41.730000000000004,1010,0
2024,5,15,20,0,29.1,14.4,40.72,1010,0
2024,5,15,20,30,29.6,14.4,39.52,1009,0
2024,5,15,21,0,30.200000000000003,14.9,39.47,1009,0
2024,5,15,21,30,30.6,14.9,38.54,1008,0
2024,5,15,22,0,31.1,15.200000000000001,38.19,1008,0
2024,5,15,22,30,31.1,15.200000000000001,38.19,1008,0
2024,5,15,23,0,31.1,15.700000000000001,39.52,1008,0
2024,5,15,23,30,30.6,15.700000000000001,40.62,1007,0
2024,5,16,0,0,30,15.8,42.38,1007,0
2024,5,16,0,30,28.3,15.8,46.730000000000004,1007,0
2024,5,16,1,0,26.6,15.700000000000001,51.2,1008,0
2024,5,16,1,30,24.200000000000003,15.700000000000001,59.02,1008,0
2024,5,16,2,0,21.700000000000003,15.8,69.09,1008,0
2024,5,16,2,30,19.900000000000002,15.8,77.15,1008,0
2024,5,16,3,0,18,13.4,74.60000000000001,1008,0
2024,5,16,3,30,17.3,13.4,78.03,1009,0
2024,5,16,4,0,16.5,12.3,76.16,1009,0
2024,5,16,4,30,16,12.3,78.61,1009,0
2024,5,16,5,0,15.4,11.700000000000001,78.71000000000001,1009,0
2024,5,16,5,30,14.9,11.700000000000001,81.27,1009,0
2024,5,16,6,0,14.5,11.4,81.83,1010,0
2024,5,16,6,30,14.100000000000001,11.4,83.97,1010,0
2024,5,16,7,0,13.700000000000001,11.200000000000001,84.85000000000001,1010,0
2024,5,16,7,30,13.4,11.200000000000001,86.52,1010,0
2024,5,16,8,0,13.200000000000001,11,86.45,1010,0
2024,5,16,8,30,13,11,87.58,1010,0
2024,5,16,9,0,12.8,10.9,88.12,1010,0
2024,5,16,9,30,12.600000000000001,10.9,89.28,1010,0
2024,5,16,10,0,12.3,10.8,90.59,1010,0
2024,5,16,10,30,12.200000000000001,10.8,91.18,1010,0
2024,5,16,11,0,12,10.700000000000001,91.59,1010,0
2024,5,16,11,30,11.8,10.700000000000001,92.9,1011,0
2024,5,16,12,0,11.600000000000001,10.5,93.23,1011,0
2024,5,16,12,30,11.8,10.5,92.01,1011,0
2024,5,16,13,0,12,10.5,90.83,1011,0
2024,5,16,13,30,13,10.600000000000001,85.16,1012,0
2024,5,16,14,0,13.9,10.9,81.98,1012,0
2024,5,16,14,30,15.100000000000001,10.9,75.88,1012,0
2024,5,16,15,0,16.2,11.5,73.87,1012,0
2024,5,16,15,30,17.3,11.5,68.9,1012,0
2024,5,16,16,0,18.400000000000002,12.3,67.54,1012,0
2024,5,16,16,30,19.400000000000002,12.3,63.47,1012,0
2024,5,16,17,0,20.400000000000002,12.9,62.28,1012,0
2024,5,16,17,30,21.3,12.9,58.94,1012,0
2024,5,16,18,0,22.200000000000003,13.600000000000001,58.14,1012,0
2024,5,16,18,30,23,13.600000000000001,55.4,1012,0
2024,5,16,19,0,23.700000000000003,14.100000000000001,54.800000000000004,1012,0
2024,5,16,19,30,24.3,14.100000000000001,52.870000000000005,1012,0
2024,5,16,20,0,24.8,14.3,52.11,1012,0
2024,5,16,20,30,25.1,14.3,51.14,1011,0
2024,5,16,21,0,25.400000000000002,14.200000000000001,49.95,1011,0
2024,5,16,21,30,25.400000000000002,14.200000000000001,49.95,1011,0
2024,5,16,22,0,25.400000000000002,13.9,49.01,1011,0
2024,5,16,22,30,25,13.9,50.13,1010,0
2024,5,16,23,0,24.6,13.3,49.5,1010,0
2024,5,16,23,30,23.900000000000002,13.3,51.620000000000005,1010,0
2024,5,17,0,0,23.200000000000003,12.8,51.96,1010,0
2024,5,17,0,30,22.1,12.8,55.53,1010,0
2024,5,17,1,0,21.1,12.200000000000001,56.97,1010,0
2024,5,17,1,30,19.700000000000003,12.200000000000001,62.09,1010,0
2024,5,17,2,0,18.3,11.8,66.04,1010,0
2024,5,17,2,30,16.900000000000002,11.8,72.11,1010,0
2024,5,17,3,0,15.5,11.3,76.21000000000001,1010,0
2024,5,17,3,30,14.8,11.3,79.7,1010,0
2024,5,17,4,0,14.100000000000001,11,81.41,1011,0
2024,5,17,4,30,13.5,11,84.64,1011,0
2024,5,17,5,0,13,10.700000000000001,85.87,1011,0
2024,5,17,5,30,12.5,10.700000000000001,88.72,1011,0
2024,5,17,6,0,12.100000000000001,10.4,89.15,1011,0
2024,5,17,6,30,11.8,10.4,90.93,1011,0
2024,5,17,7,0,11.4,10,91.35000000000001,1011,0
2024,5,17,7,30,11.100000000000001,10,93.18,1011,0
2024,5,17,8,0,10.9,9.8,92.73,1011,0
2024,5,17,8,30,10.600000000000001,9.8,94.59,1011,0
2024,5,17,9,0,10.200000000000001,9.600000000000001,96.14,1011,0
2024,5,17,9,30,10,9.600000000000001,97.43,1011,0
2024,5,17,10,0,9.700000000000001,9.5,98.74000000000001,1011,0
2024,5,17,10,30,9.4,9.4,100,1011,0
2024,5,17,11,0,9.200000000000001,9.200000000000001,100,1011,0
2024,5,17,11,30,9.1,9.1,100,1011,0
2024,5,17,12,0,8.9,8.9,100,1012,0
2024,5,17,12,30,9.4,9.4,99.74000000000001,1012,0
2024,5,17,13,0,9.9,9.5,97.63,1012,0
2024,5,17,13,30,11.3,9.5,88.96000000000001,1012,0
2024,5,17,14,0,12.700000000000001,10.200000000000001,84.83,1013,0
2024,5,17,14,30,13.9,10.200000000000001,78.46000000000001,1013,0
2024,5,17,15,0,15,11.100000000000001,77.71000000000001,1013,0
2024,5,17,15,30,16.1,11.100000000000001,72.44,1013,0
2024,5,17,16,0,17.2,12.200000000000001,72.25,1013,0
2024,5,17,16,30,18.3,12.200000000000001,67.43,1013,0
2024,5,17,17,0,19.400000000000002,13.5,68.52,1013,0
2024,5,17,17,30,20.5,13.5,64.02,1013,0
2024,5,17,18,0,21.5,14.600000000000001,64.62,1013,0
2024,5,17,18,30,22.400000000000002,14.5,61.120000000000005,1012,0
2024,5,17,19,0,23.400000000000002,15.200000000000001,60,1012,0
2024,5,17,19,30,24.1,15.200000000000001,57.54,1012,0
2024,5,17,20,0,24.900000000000002,15.4,55.58,1011,0
2024,5,17,20,30,25.5,15.4,53.64,1011,0
2024,5,17,21,0,26.1,15.4,51.78,1010,0
2024,5,17,21,30,26.5,15.4,50.58,1010,0
2024,5,17,22,0,26.8,15.600000000000001,50.14,1010,0
2024,5,17,22,30,26.900000000000002,15.5,49.79,1009,0
2024,5,17,23,0,27.1,15.5,49.07,1009,0
2024,5,17,23,30,26.8,15.5,49.94,1009,0
2024,5,18,0,0,26.6,15.600000000000001,50.730000000000004,1009,0
2024,5,18,0,30,25.900000000000002,15.600000000000001,52.86,1009,0
2024,5,18,1,0,25.1,15.8,56.36,1009,0
2024,5,18,1,30,23.400000000000002,15.8,62.38,1009,0
2024,5,18,2,0,21.8,16,69.44,1009,0
2024,5,18,2,30,19.900000000000002,16,78.01,1009,0
2024,5,18,3,0,18.1,14.600000000000001,79.84,1009,0
2024,5,18,3,30,17.1,14.600000000000001,85.02,1009,0
2024,5,18,4,0,16.1,13.5,84.51,1010,0
2024,5,18,4,30,15.4,13.5,88.37,1010,0
2024,5,18,5,0,14.700000000000001,12.3,85.67,1010,0
2024,5,18,5,30,14.200000000000001,12.3,88.48,1010,0
2024,5,18,6,0,13.600000000000001,11.5,87.39,1010,0
2024,5,18,6,30,13.3,11.5,89.11,1010,0
2024,5,18,7,0,12.9,11.100000000000001,88.8,1010,0
2024,5,18,7,30,12.600000000000001,11.100000000000001,90.55,1010,0
2024,5,18,8,0,12.3,10.8,90.59,1010,0
2024,5,18,8,30,12,10.8,92.39,1010,0
2024,5,18,9,0,11.8,10.600000000000001,92.38,1010,0
2024,5,18,9,30,11.600000000000001,10.600000000000001,93.60000000000001,1010,0
2024,5,18,10,0,11.3,10.5,94.75,1010,0
2024,5,18,10,30,11.200000000000001,10.5,95.47,1011,0
2024,5,18,11,0,11,10.4,95.82000000000001,1011,0
2024,5,18,11,30,10.9,10.4,96.45,1011,0
2024,5,18,12,0,10.8,10.200000000000001,95.83,1011,0
2024,5,18,12,30,11.100000000000001,10.200000000000001,93.95,1011,0
2024,5,18,13,0,11.4,10.3,92.85000000000001,1011,0
2024,5,18,13,30,12.600000000000001,10.3,85.9,1012,0
2024,5,18,14,0,13.700000000000001,10.600000000000001,81.78,1012,0
2024,5,18,14,30,15.100000000000001,10.600000000000001,74.72,1012,0
2024,5,18,15,0,16.400000000000002,11.5,72.85000000000001,1012,0
2024,5,18,15,30,17.6,11.5,67.54,1012,0
2024,5,18,16,0,18.8,12.600000000000001,67.29,1012,0
2024,5,18,16,30,19.900000000000002,12.600000000000001,62.85,1012,0
2024,5,18,17,0,21,13.600000000000001,62.47,1013,0
2024,5,18,17,30,21.900000000000002,13.5,59.08,1012,0
2024,5,18,18,0,22.900000000000002,14.200000000000001,57.83,1012,0
2024,5,18,18,30,23.700000000000003,14.200000000000001,55.11,1012,0
2024,5,18,19,0,24.5,14.600000000000001,54.02,1012,0
2024,5,18,19,30,25.1,14.600000000000001,52.13,1012,0
2024,5,18,20,0,25.700000000000003,14.8,51.14,1012,0
2024,5,18,20,30,26,14.9,50.24,1012,0
2024,5,18,21,0,26.400000000000002,14.8,49.03,1011,0
2024,5,18,21,30,26.3,14.8,49.32,1011,0
2024,5,18,22,0,26.3,14.700000000000001,48.94,1011,0
2024,5,18,22,30,25.900000000000002,14.700000000000001,50.1,1011,0
2024,5,18,23,0,25.5,14.4,50.21,1011,0
2024,5,18,23,30,24.700000000000003,14.4,52.65,1011,0
2024,5,19,0,0,23.8,14,54.14,1011,0
2024,5,19,0,30,22.6,14,58.2,1011,0
2024,5,19,1,0,21.3,13.200000000000001,59.93,1011,0
2024,5,19,1,30,19.8,13.200000000000001,65.71000000000001,1011,0
2024,5,19,2,0,18.3,12.3,67.9,1011,0
2024,5,19,2,30,16.8,12.3,74.62,1011,0
2024,5,19,3,0,15.4,11.5,77.51,1011,0
2024,5,19,3,30,14.600000000000001,11.5,81.67,1012,0
2024,5,19,4,0,13.700000000000001,10.9,83.39,1012,0
2024,5,19,4,30,13.200000000000001,10.9,86.14,1012,0
2024,5,19,5,0,12.600000000000001,10.600000000000001,87.4,1012,0
2024,5,19,5,30,12.200000000000001,10.600000000000001,89.81,1013,0
2024,5,19,6,0,11.9,10.3,90.09,1013,0
2024,5,19,6,30,11.600000000000001,10.3,91.89,1013,0
2024,5,19,7,0,11.3,10.200000000000001,92.64,1013,0
2024,5,19,7,30,11.100000000000001,10.200000000000001,93.88,1013,0
2024,5,19,8,0,10.8,10,94.8,1013,0
2024,5,19,8,30,10.5,10,96.71000000000001,1013,0
2024,5,19,9,0,10.3,9.9,97.38,1013,0
2024,5,19,9,30,10.100000000000001,9.9,98.69,1013,0
2024,5,19,10,0,9.9,9.8,99.32000000000001,1013,0
2024,5,19,10,30,9.700000000000001,9.700000000000001,100,1014,0
2024,5,19,11,0,9.5,9.5,100,1014,0
2024,5,19,11,30,9.4,9.4,100,1014,0
2024,5,19,12,0,9.200000000000001,9.200000000000001,100,1014,0
2024,5,19,12,30,9.700000000000001,9.600000000000001,99.36,1015,0
2024,5,19,13,0,10.100000000000001,9.700000000000001,97.16,1015,0
2024,5,19,13,30,11.3,9.700000000000001,89.72,1015,0
2024,5,19,14,0,12.5,10.100000000000001,85.39,1015,0
2024,5,19,14,30,13.700000000000001,10.100000000000001,79.05,1016,0
2024,5,19,15,0,14.8,10.9,77.29,1016,0
2024,5,19,15,30,15.9,10.9,72.04,1016,0
2024,5,19,16,0,16.900000000000002,11.600000000000001,70.9,1016,0
2024,5,19,16,30,17.900000000000002,11.600000000000001,66.57000000000001,1016,0
2024,5,19,17,0,18.900000000000002,12.200000000000001,65.24,1016,0
2024,5,19,17,30,19.900000000000002,12.200000000000001,61.26,1015,0
2024,5,19,18,0,21,12.9,59.74,1015,0
2024,5,19,18,30,21.900000000000002,12.9,56.54,1015,0
2024,5,19,19,0,22.900000000000002,13.200000000000001,54.45,1015,0
2024,5,19,19,30,23.8,13.200000000000001,51.53,1014,0
2024,5,19,20,0,24.700000000000003,13.100000000000001,48.35,1014,0
2024,5,19,20,30,25.400000000000002,13.100000000000001,46.39,1014,0
2024,5,19,21,0,26.1,12.5,42.95,1013,0
2024,5,19,21,30,26.400000000000002,12.5,42.2,1013,0
2024,5,19,22,0,26.8,12,39.71,1013,0
2024,5,19,22,30,26.700000000000003,11.9,39.9,1012,0
2024,5,19,23,0,26.700000000000003,11.5,38.84,1012,0
2024,5,19,23,30,26.3,11.5,39.77,1012,0
2024,5,20,0,0,25.8,11,39.44,1012,0
2024,5,20,0,30,24.8,10.9,41.81,1011,0
2024,5,20,1,0,23.8,10.9,44.29,1011,0
2024,5,20,1,30,21.900000000000002,10.9,49.67,1011,0
2024,5,20,2,0,20,11.3,57.38,1011,0
2024,5,20,2,30,18.3,11.3,63.76,1011,0
2024,5,20,3,0,16.5,10.600000000000001,68.29,1011,0
2024,5,20,3,30,15.5,10.600000000000001,72.85000000000001,1012,0
2024,5,20,4,0,14.600000000000001,10.3,75.65,1012,0
2024,5,20,4,30,13.9,10.3,79.14,1012,0
2024,5,20,5,0,13.100000000000001,10.3,83.05,1012,0
2024,5,20,5,30,12.600000000000001,10.3,85.8,1012,0
2024,5,20,6,0,12.100000000000001,10.3,88.73,1012,0
2024,5,20,6,30,11.8,10.3,90.49,1012,0
2024,5,20,7,0,11.4,10.200000000000001,92.13,1012,0
2024,5,20,7,30,11.200000000000001,10.200000000000001,93.36,1012,0
2024,5,20,8,0,11,9.9,93.07000000000001,1012,0
2024,5,20,8,30,10.700000000000001,9.9,94.85000000000001,1011,0
2024,5,20,9,0,10.4,9.700000000000001,95.55,1011,0
2024,5,20,9,30,10.200000000000001,9.700000000000001,96.83,1011,0
2024,5,20,10,0,10,9.5,96.61,1011,0
2024,5,20,10,30,10,9.5,96.61,1011,0
2024,5,20,11,0,9.9,9,94.38,1012,0
2024,5,20,11,30,10,9,93.75,1012,0
2024,5,20,12,0,10,8.4,89.65,1012,0
2024,5,20,12,30,10.600000000000001,8.4,86.14,1012,0
2024,5,20,13,0,11.200000000000001,8.5,83.53,1012,0
2024,5,20,13,30,13,8.5,74.3,1013,0
2024,5,20,14,0,14.8,9,68.42,1013,0
2024,5,20,14,30,16.1,9,62.97,1013,0
2024,5,20,15,0,17.3,9.200000000000001,58.82,1013,0
2024,5,20,15,30,18.400000000000002,9.200000000000001,54.9,1013,0
2024,5,20,16,0,19.5,9.8,53.44,1013,0
2024,5,20,16,30,20.6,9.8,49.94,1013,0
2024,5,20,17,0,21.6,10.100000000000001,47.82,1013,0
2024,5,20,17,30,22.6,10.100000000000001,45,1013,0
2024,5,20,18,0,23.6,9.700000000000001,41.36,1013,0
2024,5,20,18,30,24.400000000000002,9.700000000000001,39.43,1013,0
2024,5,20,19,0,25.200000000000003,8.9,35.58,1013,0
2024,5,20,19,30,25.700000000000003,8.9,34.54,1013,0
2024,5,20,20,0,26.200000000000003,8,31.59,1013,0
2024,5,20,20,30,26.400000000000002,8,31.19,1012,0
2024,5,20,21,0,26.700000000000003,7.300000000000001,29.26,1012,0
2024,5,20,21,30,26.900000000000002,7.300000000000001,28.92,1012,0
2024,5,20,22,0,27,6.5,27.13,1012,0
2024,5,20,22,30,26.900000000000002,6.5,27.29,1012,0
2024,5,20,23,0,26.8,6,26.6,1012,0
2024,5,20,23,30,26.400000000000002,6,27.23,1012,0
2024,5,21,0,0,26,6.6000000000000005,28.990000000000002,1011,0
2024,5,21,0,30,25.400000000000002,6.6000000000000005,30.04,1011,0
2024,5,21,1,0,24.900000000000002,7.300000000000001,32.51,1011,0
2024,5,21,1,30,23.1,7.300000000000001,36.2,1011,0
2024,5,21,2,0,21.3,11.4,53.410000000000004,1012,0
2024,5,21,2,30,19.400000000000002,11.4,60.03,1012,0
2024,5,21,3,0,17.5,9.9,61.11,1012,0
2024,5,21,3,30,16.900000000000002,9.9,63.46,1012,0
2024,5,21,4,0,16.3,9.5,64.3,1012,0
2024,5,21,4,30,15.9,9.5,65.96000000000001,1012,0
2024,5,21,5,0,15.4,9.4,67.27,1012,0
2024,5,21,5,30,15,9.4,69.01,1012,0
2024,5,21,6,0,14.700000000000001,9.1,69.34,1012,0
2024,5,21,6,30,14.3,9.1,71.15,1012,0
2024,5,21,7,0,14,8.9,71.5,1012,0
2024,5,21,7,30,13.8,8.9,72.43,1012,0
2024,5,21,8,0,13.600000000000001,8.8,72.54,1012,0
2024,5,21,8,30,13.5,8.8,73.01,1012,0
2024,5,21,9,0,13.3,8.700000000000001,73.62,1012,0
2024,5,21,9,30,13,8.700000000000001,75.07000000000001,1012,0
2024,5,21,10,0,12.700000000000001,8.6,76.3,1012,0
2024,5,21,10,30,12.3,8.6,78.32000000000001,1012,0
2024,5,21,11,0,11.9,8.5,79.84,1013,0
2024,5,21,11,30,11.5,8.5,81.97,1013,0
2024,5,21,12,0,11.200000000000001,8.3,82.53,1013,0
2024,5,21,12,30,11.5,8.3,80.91,1013,0
2024,5,21,13,0,11.9,8.3,78.88,1013,0
2024,5,21,13,30,13.100000000000001,8.4,72.92,1013,0
2024,5,21,14,0,14.4,8.6,68.25,1013,0
2024,5,21,14,30,15.9,8.6,62.06,1014,0
2024,5,21,15,0,17.400000000000002,8.700000000000001,56.5,1014,0
2024,5,21,15,30,19,8.700000000000001,51.120000000000005,1014,0
2024,5,21,16,0,20.6,8.200000000000001,44.88,1014,0
2024,5,21,16,30,22.200000000000003,8.200000000000001,40.71,1014,0
2024,5,21,17,0,23.700000000000003,7.5,35.43,1014,0
2024,5,21,17,30,25.1,7.5,32.59,1014,0
2024,5,21,18,0,26.400000000000002,6,27.27,1014,0
2024,5,21,18,30,27.1,6,26.150000000000002,1013,0
2024,5,21,19,0,27.8,5.6000000000000005,24.3,1013,0
2024,5,21,19,30,28.200000000000003,5.6000000000000005,23.75,1013,0
2024,5,21,20,0,28.6,5.4,22.95,1013,0
2024,5,21,20,30,28.900000000000002,5.4,22.56,1013,0
2024,5,21,21,0,29.200000000000003,5.6000000000000005,22.45,1013,0
2024,5,21,21,30,29.3,5.6000000000000005,22.3,1012,0
2024,5,21,22,0,29.400000000000002,5.7,22.34,1012,0
2024,5,21,22,30,29.3,5.7,22.46,1012,0
2024,5,21,23,0,29.200000000000003,6.1000000000000005,23.27,1011,0
2024,5,21,23,30,29.1,6.1000000000000005,23.41,1011,0
2024,5,22,0,0,29,6.6000000000000005,24.32,1011,0
2024,5,22,0,30,28.5,6.6000000000000005,25.03,1011,0
2024,5,22,1,0,28,5.9,24.62,1011,0
2024,5,22,1,30,26,5.9,27.67,1011,0
2024,5,22,2,0,24.1,12.8,49.22,1011,0
2024,5,22,2,30,22.3,12.8,54.85,1011,0
2024,5,22,3,0,20.400000000000002,10.4,52.69,1011,0
2024,5,22,3,30,19.5,10.4,55.7,1011,0
2024,5,22,4,0,18.6,10.4,58.69,1011,0
2024,5,22,4,30,17.8,10.4,61.76,1012,0
2024,5,22,5,0,17,10.700000000000001,66.38,1012,0
2024,5,22,5,30,16.3,10.700000000000001,69.38,1012,0
2024,5,22,6,0,15.700000000000001,10.8,72.47,1012,0
2024,5,22,6,30,15.100000000000001,10.8,75.31,1012,0
2024,5,22,7,0,14.5,10.700000000000001,77.99,1012,0
2024,5,22,7,30,14,10.700000000000001,80.54,1012,0
2024,5,22,8,0,13.600000000000001,10.5,81.8,1011,0
2024,5,22,8,30,13.200000000000001,10.5,83.95,1011,0
2024,5,22,9,0,12.8,10.5,85.91,1011,0
2024,5,22,9,30,12.5,10.5,87.61,1011,0
2024,5,22,10,0,12.200000000000001,10.4,88.87,1011,0
2024,5,22,10,30,11.9,10.4,90.63,1011,0
2024,5,22,11,0,11.600000000000001,10.4,92.61,1011,0
2024,5,22,11,30,11.4,10.4,93.84,1011,0
2024,5,22,12,0,11.100000000000001,10.5,96.23,1011,0
2024,5,22,12,30,11.600000000000001,10.5,93.10000000000001,1011,0
2024,5,22,13,0,12,10.8,92.62,1011,0
2024,5,22,13,30,13.200000000000001,10.8,85.63,1011,0
2024,5,22,14,0,14.5,11.4,81.64,1011,0
2024,5,22,14,30,15.9,11.4,74.64,1011,0
2024,5,22,15,0,17.400000000000002,12.100000000000001,71.12,1012,0
2024,5,22,15,30,19.1,12.100000000000001,63.95,1012,0
2024,5,22,16,0,20.8,12.200000000000001,57.92,1012,0
2024,5,22,16,30,21.900000000000002,12.200000000000001,54.160000000000004,1012,0
2024,5,22,17,0,23,12.700000000000001,52.17,1012,0
2024,5,22,17,30,24.1,12.700000000000001,48.84,1012,0
2024,5,22,18,0,25.200000000000003,13,46.6,1012,0
2024,5,22,18,30,26.1,13,44.18,1012,0
2024,5,22,19,0,27,13,42.12,1012,0
2024,5,22,19,30,27.700000000000003,13,40.44,1012,0
2024,5,22,20,0,28.3,13,38.86,1011,0
2024,5,22,20,30,28.700000000000003,13,37.97,1011,0
2024,5,22,21,0,29,12.700000000000001,36.54,1011,0
2024,5,22,21,30,29.200000000000003,12.700000000000001,36.12,1011,0
2024,5,22,22,0,29.3,12.200000000000001,34.76,1010,0
2024,5,22,22,30,29.3,12.200000000000001,34.76,1010,0
2024,5,22,23,0,29.3,11.8,33.94,1010,0
2024,5,22,23,30,29,11.8,34.54,1010,0
2024,5,23,0,0,28.8,11.4,33.99,1009,0
2024,5,23,0,30,28,11.4,35.6,1009,0
2024,5,23,1,0,27.3,12.3,39.54,1009,0
2024,5,23,1,30,25.6,12.3,43.69,1009,0
2024,5,23,2,0,23.8,13.700000000000001,53.14,1010,0
2024,5,23,2,30,21.900000000000002,13.700000000000001,59.59,1010,0
2024,5,23,3,0,19.900000000000002,11.9,59.93,1010,0
2024,5,23,3,30,18.7,11.9,64.56,1010,0
2024,5,23,4,0,17.400000000000002,11.700000000000001,69.15,1011,0
2024,5,23,4,30,16.7,11.700000000000001,72.27,1011,0
2024,5,23,5,0,16,11.700000000000001,75.66,1011,0
2024,5,23,5,30,15.600000000000001,11.700000000000001,77.62,1011,0
2024,5,23,6,0,15.200000000000001,11.3,77.54,1011,0
2024,5,23,6,30,15,11.3,78.54,1011,0
2024,5,23,7,0,14.700000000000001,10.3,74.88,1011,0
2024,5,23,7,30,14.4,10.3,76.34,1011,0
2024,5,23,8,0,14.100000000000001,9.3,72.64,1011,0
2024,5,23,8,30,13.700000000000001,9.3,74.55,1011,0
2024,5,23,9,0,13.3,8.3,71.72,1010,0
2024,5,23,9,30,12.9,8.3,73.62,1010,0
2024,5,23,10,0,12.5,7.300000000000001,70.72,1010,0
2024,5,23,10,30,12.200000000000001,7.300000000000001,72.13,1010,0
2024,5,23,11,0,11.8,6.4,69.52,1010,0
2024,5,23,11,30,11.4,6.4,71.44,1011,0
2024,5,23,12,0,11.100000000000001,5.800000000000001,69.79,1011,0
2024,5,23,12,30,11.4,5.800000000000001,68.42,1011,0
2024,5,23,13,0,11.8,5.7,66.41,1011,0
2024,5,23,13,30,12.9,5.7,61.79,1011,0
2024,5,23,14,0,14.100000000000001,6.1000000000000005,58.38,1011,0
2024,5,23,14,30,15.4,6.1000000000000005,53.7,1011,0
2024,5,23,15,0,16.8,6.6000000000000005,51.15,1011,0
2024,5,23,15,30,18.2,6.7,46.89,1012,0
2024,5,23,16,0,19.6,7.5,45.46,1012,0
2024,5,23,16,30,20.900000000000002,7.5,41.97,1012,0
2024,5,23,17,0,22.200000000000003,8.200000000000001,40.72,1012,0
2024,5,23,17,30,23.400000000000002,8.200000000000001,37.84,1011,0
2024,5,23,18,0,24.5,8.6,36.39,1011,0
2024,5,23,18,30,25.400000000000002,8.6,34.5,1011,0
2024,5,23,19,0,26.3,8.6,32.59,1011,0
2024,5,23,19,30,26.900000000000002,8.6,31.46,1011,0
2024,5,23,20,0,27.6,8.200000000000001,29.47,1010,0
2024,5,23,20,30,28,8.200000000000001,28.8,1010,0
2024,5,23,21,0,28.400000000000002,7.7,27.18,1010,0
2024,5,23,21,30,28.6,7.7,26.86,1010,0
2024,5,23,22,0,28.700000000000003,7.300000000000001,26.01,1009,0
2024,5,23,22,30,28.700000000000003,7.300000000000001,26.01,1009,0
2024,5,23,23,0,28.8,6.4,24.36,1009,0
2024,5,23,23,30,28.400000000000002,6.4,24.91,1008,0
2024,5,24,0,0,28.1,6.6000000000000005,25.69,1008,0
2024,5,24,0,30,27.200000000000003,6.6000000000000005,27.07,1008,0
2024,5,24,1,0,26.3,7.6000000000000005,30.43,1008,0
2024,5,24,1,30,24.3,7.5,34.26,1008,0
2024,5,24,2,0,22.3,10.200000000000001,46.15,1008,0
2024,5,24,2,30,20.200000000000003,10.200000000000001,52.47,1008,0
2024,5,24,3,0,18.1,9.600000000000001,57.59,1008,0
2024,5,24,3,30,16.900000000000002,9.600000000000001,62.17,1009,0
2024,5,24,4,0,15.8,9.8,67.41,1009,0
2024,5,24,4,30,15.3,9.8,69.60000000000001,1009,0
2024,5,24,5,0,14.9,10.100000000000001,73.02,1009,0
2024,5,24,5,30,14.600000000000001,10.100000000000001,74.44,1009,0
2024,5,24,6,0,14.3,10.4,77.15,1009,0
2024,5,24,6,30,14.100000000000001,10.4,78.15,1009,0
2024,5,24,7,0,13.8,10.5,80.25,1008,0
2024,5,24,7,30,13.4,10.5,82.36,1008,0
2024,5,24,8,0,13.100000000000001,10.5,84,1008,0
2024,5,24,8,30,12.600000000000001,10.5,86.78,1008,0
2024,5,24,9,0,12,10.3,89.39,1008,0
2024,5,24,9,30,11.600000000000001,10.3,91.78,1008,0
2024,5,24,10,0,11.100000000000001,10,92.77,1008,0
2024,5,24,10,30,10.8,10,94.64,1008,0
2024,5,24,11,0,10.5,9.5,93.83,1008,0
2024,5,24,11,30,10.200000000000001,9.5,95.72,1008,0
2024,5,24,12,0,10,9.200000000000001,94.5,1009,0
2024,5,24,12,30,10.100000000000001,9.200000000000001,93.87,1009,0
2024,5,24,13,0,10.3,8.9,90.93,1009,0
2024,5,24,13,30,11.100000000000001,8.9,86.22,1009,0
2024,5,24,14,0,12,8.9,81.25,1009,0
2024,5,24,14,30,13.200000000000001,8.9,75.2,1010,0
2024,5,24,15,0,14.3,9.200000000000001,71.58,1010,0
2024,5,24,15,30,15.3,9.200000000000001,67.12,1010,0
2024,5,24,16,0,16.3,9.8,65.4,1010,0
2024,5,24,16,30,17.400000000000002,9.8,61.01,1010,0
2024,5,24,17,0,18.5,10.4,59.2,1010,0
2024,5,24,17,30,19.400000000000002,10.4,55.980000000000004,1010,0
2024,5,24,18,0,20.3,10.8,54.26,1010,0
2024,5,24,18,30,21,10.8,51.980000000000004,1010,0
2024,5,24,19,0,21.6,10.9,50.550000000000004,1010,0
2024,5,24,19,30,22,10.9,49.34,1010,0
2024,5,24,20,0,22.5,11,48.06,1009,0
2024,5,24,20,30,22.6,11,47.77,1009,0
2024,5,24,21,0,22.8,10.8,46.76,1009,0
2024,5,24,21,30,22.700000000000003,10.8,47.050000000000004,1009,0
2024,5,24,22,0,22.6,10.600000000000001,46.67,1009,0
2024,5,24,22,30,22.3,10.600000000000001,47.480000000000004,1008,0
2024,5,24,23,0,22,10.3,47.4,1008,0
2024,5,24,23,30,21.5,10.3,48.870000000000005,1008,0
2024,5,25,0,0,20.900000000000002,9.9,49.49,1008,0
2024,5,25,0,30,20.1,9.9,51.980000000000004,1008,0
2024,5,25,1,0,19.200000000000003,9.600000000000001,53.88,1008,0
2024,5,25,1,30,18,9.600000000000001,58.07,1008,0
2024,5,25,2,0,16.7,9.5,62.550000000000004,1008,0
2024,5,25,2,30,15.5,9.5,67.58,1009,0
2024,5,25,3,0,14.200000000000001,9.600000000000001,73.66,1009,0
2024,5,25,3,30,13.5,9.600000000000001,77.08,1009,0
2024,5,25,4,0,12.700000000000001,9.600000000000001,81.41,1009,0
2024,5,25,4,30,12.3,9.600000000000001,83.65,1010,0
2024,5,25,5,0,11.9,9.600000000000001,86.09,1010,0
2024,5,25,5,30,11.600000000000001,9.600000000000001,87.8,1010,0
2024,5,25,6,0,11.3,9.700000000000001,89.77,1010,0
2024,5,25,6,30,11.100000000000001,9.700000000000001,90.97,1010,0
2024,5,25,7,0,11,9.700000000000001,91.82000000000001,1010,0
2024,5,25,7,30,10.9,9.700000000000001,92.43,1010,0
2024,5,25,8,0,10.8,9.8,93.24,1010,0
2024,5,25,8,30,10.600000000000001,9.8,94.49,1010,0
2024,5,25,9,0,10.5,9.8,95.23,1010,0
2024,5,25,9,30,10.5,9.8,95.23,1010,0
2024,5,25,10,0,10.5,9.8,95.36,1010,0
2024,5,25,10,30,10.5,9.8,95.36,1010,0
2024,5,25,11,0,10.4,9.8,95.85000000000001,1011,0
2024,5,25,11,30,10.3,9.8,96.49000000000001,1011,0
2024,5,25,12,0,10.200000000000001,9.700000000000001,96.55,1011,0
2024,5,25,12,30,10.600000000000001,9.700000000000001,94.11,1012,0
2024,5,25,13,0,11,9.700000000000001,91.62,1012,0
2024,5,25,13,30,11.700000000000001,9.700000000000001,87.48,1012,0
2024,5,25,14,0,12.4,9.700000000000001,83.85000000000001,1013,0
2024,5,25,14,30,13.100000000000001,9.700000000000001,80.10000000000001,1013,0
2024,5,25,15,0,13.8,10,77.9,1013,0
2024,5,25,15,30,14.4,10,75.01,1014,0
2024,5,25,16,0,15,10.4,73.77,1014,0
2024,5,25,16,30,15.700000000000001,10.4,70.54,1014,0
2024,5,25,17,0,16.400000000000002,10.700000000000001,69.07000000000001,1014,0
2024,5,25,17,30,17.2,10.700000000000001,65.73,1015,0
2024,5,25,18,0,18.1,11.100000000000001,63.47,1015,0
2024,5,25,18,30,19.200000000000003,11.100000000000001,59.27,1015,0
2024,5,25,19,0,20.400000000000002,11.4,56.29,1015,0
2024,5,25,19,30,21.3,11.4,53.27,1015,0
2024,5,25,20,0,22.200000000000003,11.4,50.29,1014,0
2024,5,25,20,30,22.700000000000003,11.4,48.79,1014,0
2024,5,25,21,0,23.3,11.100000000000001,46.18,1014,0
2024,5,25,21,30,23.5,11.100000000000001,45.63,1014,0
2024,5,25,22,0,23.700000000000003,10.8,44.09,1014,0
2024,5,25,22,30,23.5,10.700000000000001,44.58,1013,0
2024,5,25,23,0,23.3,10.4,43.99,1013,0
2024,5,25,23,30,22.8,10.4,45.33,1013,0
2024,5,26,0,0,22.3,10,45.58,1013,0
2024,5,26,0,30,21.400000000000002,10,48.19,1014,0
2024,5,26,1,0,20.5,9.600000000000001,49.65,1014,0
2024,5,26,1,30,19.200000000000003,9.600000000000001,53.800000000000004,1014,0
2024,5,26,2,0,17.900000000000002,9.600000000000001,58.27,1014,0
2024,5,26,2,30,16.3,9.600000000000001,64.45,1014,0
2024,5,26,3,0,14.8,9.3,69.83,1015,0
2024,5,26,3,30,14,9.3,73.53,1015,0
2024,5,26,4,0,13.100000000000001,9.1,76.52,1015,0
2024,5,26,4,30,12.5,9.1,79.58,1015,0
2024,5,26,5,0,12,9.1,82.2,1015,0
2024,5,26,5,30,11.5,9.1,84.95,1015,0
2024,5,26,6,0,11.100000000000001,9.1,87.49,1015,0
2024,5,26,6,30,10.700000000000001,9.1,89.84,1015,0
2024,5,26,7,0,10.3,9.1,92.24,1015,0
2024,5,26,7,30,10,9.1,94.10000000000001,1015,0
2024,5,26,8,0,9.700000000000001,9,95.60000000000001,1015,0
2024,5,26,8,30,9.5,9,96.89,1015,0
2024,5,26,9,0,9.3,8.9,97.43,1015,0
2024,5,26,9,30,9.1,8.9,98.75,1015,0
2024,5,26,10,0,8.9,8.700000000000001,98.99000000000001,1015,0
2024,5,26,10,30,8.700000000000001,8.700000000000001,100,1015,0
2024,5,26,11,0,8.6,8.6,99.85000000000001,1015,0
2024,5,26,11,30,8.4,8.4,100,1015,0
2024,5,26,12,0,8.3,8.3,100,1015,0
2024,5,26,12,30,8.9,8.4,96.88,1015,0
2024,5,26,13,0,9.4,8.4,93.76,1015,0
2024,5,26,13,30,10.600000000000001,8.5,86.62,1016,0
2024,5,26,14,0,11.700000000000001,8.8,82.33,1016,0
2024,5,26,14,30,13.3,8.8,74.15,1016,0
2024,5,26,15,0,14.9,9.5,69.88,1016,0
2024,5,26,15,30,16.6,9.5,62.7,1016,0
2024,5,26,16,0,18.3,10.100000000000001,58.94,1016,0
2024,5,26,16,30,20,10.100000000000001,53.04,1016,0
2024,5,26,17,0,21.8,10.3,48.11,1016,0
2024,5,26,17,30,23.1,10.3,44.47,1016,0
2024,5,26,18,0,24.400000000000002,10.700000000000001,42.160000000000004,1016,0
2024,5,26,18,30,25.200000000000003,10.700000000000001,40.160000000000004,1015,0
2024,5,26,19,0,26.1,11,38.800000000000004,1015,0
2024,5,26,19,30,26.700000000000003,11,37.45,1015,0
2024,5,26,20,0,27.3,11.100000000000001,36.33,1015,0
2024,5,26,20,30,27.700000000000003,11,35.46,1014,0
2024,5,26,21,0,28.1,11,34.56,1014,0
2024,5,26,21,30,28.400000000000002,11,33.96,1014,0
2024,5,26,22,0,28.6,11,33.46,1013,0
2024,5,26,22,30,28.6,11,33.46,1013,0
2024,5,26,23,0,28.6,11,33.49,1013,0
2024,5,26,23,30,28.3,11,34.07,1013,0
2024,5,27,0,0,28,10.9,34.46,1012,0
2024,5,27,0,30,27.3,10.9,35.9,1012,0
2024,5,27,1,0,26.6,11.8,39.72,1012,0
2024,5,27,1,30,25,11.8,43.65,1012,0
2024,5,27,2,0,23.3,13.3,53.54,1013,0
2024,5,27,2,30,21.400000000000002,13.3,60.07,1013,0
2024,5,27,3,0,19.400000000000002,12.200000000000001,63.03,1013,0
2024,5,27,3,30,18.3,12.200000000000001,67.5,1013,0
2024,5,27,4,0,17.2,11.600000000000001,69.73,1014,0
2024,5,27,4,30,16.400000000000002,11.600000000000001,73.35000000000001,1014,0
2024,5,27,5,0,15.600000000000001,11.4,75.99,1014,0
2024,5,27,5,30,15,11.4,78.97,1014,0
2024,5,27,6,0,14.3,11.200000000000001,81.75,1014,0
2024,5,27,6,30,13.700000000000001,11.200000000000001,84.99,1014,0
2024,5,27,7,0,13.100000000000001,11.100000000000001,87.78,1014,0
2024,5,27,7,30,12.600000000000001,11.100000000000001,90.69,1014,0
2024,5,27,8,0,12.200000000000001,10.9,91.51,1014,0
2024,5,27,8,30,11.9,10.8,93.24,1013,0
2024,5,27,9,0,11.600000000000001,10.4,92.59,1013,0
2024,5,27,9,30,11.4,10.4,93.82000000000001,1013,0
2024,5,27,10,0,11.100000000000001,10,93.16,1013,0
2024,5,27,10,30,10.9,10,94.4,1013,0
2024,5,27,11,0,10.700000000000001,9.600000000000001,92.99,1013,0
2024,5,27,11,30,10.600000000000001,9.600000000000001,93.7,1014,0
2024,5,27,12,0,10.4,9.3,92.82000000000001,1014,0
2024,5,27,12,30,10.8,9.3,90.39,1014,0
2024,5,27,13,0,11.100000000000001,9.4,89.07000000000001,1014,0
2024,5,27,13,30,12.3,9.4,82.39,1015,0
2024,5,27,14,0,13.5,9.600000000000001,77.51,1015,0
2024,5,27,14,30,15,9.600000000000001,70.36,1015,0
2024,5,27,15,0,16.6,10.4,66.81,1015,0
2024,5,27,15,30,17.900000000000002,10.4,61.550000000000004,1015,0
2024,5,27,16,0,19.3,11.200000000000001,59.31,1015,0
2024,5,27,16,30,20.5,11.200000000000001,55.07,1015,0
2024,5,27,17,0,21.8,11.5,52.13,1015,0
2024,5,27,17,30,23,11.600000000000001,48.480000000000004,1015,0
2024,5,27,18,0,24.1,11.600000000000001,45.49,1015,0
2024,5,27,18,30,25.1,11.600000000000001,42.86,1015,0
2024,5,27,19,0,26,11.8,41.07,1014,0
2024,5,27,19,30,26.6,11.8,39.65,1014,0
2024,5,27,20,0,27.200000000000003,11.600000000000001,37.97,1014,0
2024,5,27,20,30,27.5,11.600000000000001,37.31,1014,0
2024,5,27,21,0,27.8,11.4,36.15,1013,0
2024,5,27,21,30,27.900000000000002,11.4,35.94,1013,0
2024,5,27,22,0,28,11.3,35.52,1013,0
2024,5,27,22,30,27.700000000000003,11.3,36.15,1013,0
2024,5,27,23,0,27.5,11.200000000000001,36.160000000000004,1013,0
2024,5,27,23,30,26.900000000000002,11.200000000000001,37.45,1013,0
2024,5,28,0,0,26.400000000000002,11,38.08,1013,0
2024,5,28,0,30,25.400000000000002,11,40.4,1013,0
2024,5,28,1,0,24.400000000000002,11,42.94,1013,0
2024,5,28,1,30,22.8,11,47.27,1013,0
2024,5,28,2,0,21.200000000000003,11.200000000000001,52.74,1013,0
2024,5,28,2,30,19.5,11.200000000000001,58.550000000000004,1013,0
2024,5,28,3,0,17.8,11.100000000000001,64.74,1014,0
2024,5,28,3,30,16.8,11.100000000000001,68.95,1014,0
2024,5,28,4,0,15.8,11.100000000000001,73.4,1014,0
2024,5,28,4,30,15.100000000000001,11.100000000000001,76.76,1014,0
2024,5,28,5,0,14.4,11,79.91,1014,0
2024,5,28,5,30,13.8,11,83.07000000000001,1014,0
2024,5,28,6,0,13.3,10.8,84.68,1014,0
2024,5,28,6,30,12.9,10.8,86.91,1014,0
2024,5,28,7,0,12.5,10.600000000000001,87.92,1014,0
2024,5,28,7,30,12.200000000000001,10.5,89.58,1013,0
2024,5,28,8,0,11.8,10.3,90.61,1013,0
2024,5,28,8,30,11.5,10.3,92.42,1013,0
2024,5,28,9,0,11.200000000000001,10.100000000000001,92.81,1013,0
2024,5,28,9,30,11,10.100000000000001,94.05,1013,0
2024,5,28,10,0,10.8,9.8,93.38,1013,0
2024,5,28,10,30,10.600000000000001,9.8,94.62,1013,0
2024,5,28,11,0,10.4,9.5,94.24,1013,0
2024,5,28,11,30,10.3,9.5,94.87,1013,0
2024,5,28,12,0,10.100000000000001,9.3,94.92,1014,0
2024,5,28,12,30,10.4,9.3,93.04,1014,0
2024,5,28,13,0,10.700000000000001,9.4,91.48,1014,0
2024,5,28,13,30,11.9,9.4,84.51,1014,0
2024,5,28,14,0,13,10,82.05,1014,0
2024,5,28,14,30,14.4,10,75.01,1015,0
2024,5,28,15,0,15.8,10.9,72.7,1015,0
2024,5,28,15,30,17.2,10.9,66.53,1015,0
2024,5,28,16,0,18.5,11.8,64.95,1015,0
2024,5,28,16,30,19.8,11.8,59.910000000000004,1015,0
2024,5,28,17,0,21.1,12.700000000000001,58.63,1015,0
2024,5,28,17,30,22.3,12.700000000000001,54.5,1015,0
2024,5,28,18,0,23.6,13.5,52.980000000000004,1015,0
2024,5,28,18,30,24.8,13.5,49.31,1015,0
2024,5,28,19,0,26,13.9,47.26,1015,0
2024,5,28,19,30,27,13.9,44.57,1015,0
2024,5,28,20,0,28.1,13.8,41.62,1014,0
2024,5,28,20,30,28.900000000000002,13.9,39.74,1014,0
2024,5,28,21,0,29.8,13.100000000000001,35.9,1014,0
2024,5,28,21,30,30.1,13.100000000000001,35.29,1014,0
2024,5,28,22,0,30.400000000000002,12.4,33.21,1013,0
2024,5,28,22,30,30.3,12.4,33.4,1013,0
2024,5,28,23,0,30.1,11.4,31.6,1013,0
2024,5,28,23,30,29.6,11.4,32.52,1013,0
2024,5,29,0,0,29,10.700000000000001,32.05,1013,0
2024,5,29,0,30,27.900000000000002,10.700000000000001,34.160000000000004,1013,0
2024,5,29,1,0,26.8,10.3,35.57,1013,0
2024,5,29,1,30,24.900000000000002,10.3,39.79,1013,0
2024,5,29,2,0,22.900000000000002,10.8,46.45,1013,0
2024,5,29,2,30,20.900000000000002,10.8,52.45,1013,0
2024,5,29,3,0,18.900000000000002,10.5,58.17,1013,0
2024,5,29,3,30,17.8,10.5,62.31,1013,0
2024,5,29,4,0,16.7,10.4,66.41,1014,0
2024,5,29,4,30,16,10.4,69.42,1014,0
2024,5,29,5,0,15.4,10.3,71.66,1014,0
2024,5,29,5,30,15,10.3,73.52,1014,0
2024,5,29,6,0,14.600000000000001,10.200000000000001,75.02,1015,0
2024,5,29,6,30,14.3,10.200000000000001,76.48,1015,0
2024,5,29,7,0,14,10.100000000000001,77.32000000000001,1015,0
2024,5,29,7,30,13.8,10.100000000000001,78.33,1015,0
2024,5,29,8,0,13.600000000000001,9.9,78.26,1015,0
2024,5,29,8,30,13.5,9.9,78.77,1015,0
2024,5,29,9,0,13.5,9.600000000000001,77.25,1015,0
2024,5,29,9,30,13.4,9.600000000000001,77.83,1016,0
2024,5,29,10,0,13.3,9.3,76.7,1016,0
2024,5,29,10,30,13.200000000000001,9.3,77.2,1016,0
2024,5,29,11,0,13.100000000000001,8.9,75.74,1016,0
2024,5,29,11,30,12.9,8.9,76.73,1016,0
2024,5,29,12,0,12.700000000000001,8.5,75.55,1016,0
2024,5,29,12,30,13.3,8.5,72.65,1016,0
2024,5,29,13,0,13.9,8.8,71.23,1017,0
2024,5,29,13,30,15.4,8.8,64.68,1017,0
2024,5,29,14,0,16.900000000000002,9.3,61.03,1017,0
2024,5,29,14,30,18.400000000000002,9.3,55.54,1017,0
2024,5,29,15,0,19.8,10.600000000000001,55.19,1017,0
2024,5,29,15,30,21.200000000000003,10.600000000000001,50.64,1017,0
2024,5,29,16,0,22.5,11.4,49.43,1017,0
2024,5,29,16,30,23.700000000000003,11.4,45.980000000000004,1017,0
2024,5,29,17,0,24.900000000000002,11.700000000000001,43.71,1017,0
2024,5,29,17,30,26,11.700000000000001,40.96,1017,0
2024,5,29,18,0,27.1,11.3,37.26,1017,0
2024,5,29,18,30,27.900000000000002,11.3,35.56,1017,0
2024,5,29,19,0,28.8,9.9,30.79,1017,0
2024,5,29,19,30,29.400000000000002,9.9,29.71,1016,0
2024,5,29,20,0,30,8.200000000000001,25.68,1016,0
2024,5,29,20,30,30.400000000000002,8.200000000000001,25.1,1016,0
2024,5,29,21,0,30.8,6.800000000000001,22.2,1016,0
2024,5,29,21,30,31,6.7,21.92,1015,0
2024,5,29,22,0,31.200000000000003,5.4,19.78,1015,0
2024,5,29,22,30,31.1,5.4,19.89,1015,0
2024,5,29,23,0,31.1,4.9,19.240000000000002,1014,0
2024,5,29,23,30,30.8,4.9,19.57,1014,0
2024,5,30,0,0,30.5,5.6000000000000005,20.85,1014,0
2024,5,30,0,30,29.900000000000002,5.6000000000000005,21.57,1014,0
2024,5,30,1,0,29.400000000000002,5.4,21.84,1014,0
2024,5,30,1,30,27.3,5.4,24.66,1014,0
2024,5,30,2,0,25.3,12.4,44.61,1014,0
2024,5,30,2,30,23.3,12.4,50.26,1014,0
2024,5,30,3,0,21.3,10.600000000000001,50.4,1014,0
2024,5,30,3,30,20.5,10.600000000000001,52.93,1014,0
2024,5,30,4,0,19.8,9.9,52.800000000000004,1014,0
2024,5,30,4,30,19.3,9.9,54.46,1014,0
2024,5,30,5,0,18.900000000000002,9.600000000000001,54.86,1014,0
2024,5,30,5,30,18.6,9.600000000000001,55.89,1014,0
2024,5,30,6,0,18.3,9.200000000000001,55.53,1014,0
2024,5,30,6,30,18,9.200000000000001,56.58,1014,0
2024,5,30,7,0,17.7,8.9,56.26,1014,0
2024,5,30,7,30,17.5,8.9,56.97,1014,0
2024,5,30,8,0,17.3,8.700000000000001,57.01,1014,0
2024,5,30,8,30,17,8.700000000000001,58.1,1014,0
2024,5,30,9,0,16.7,8.4,58.14,1013,0
2024,5,30,9,30,16.3,8.4,59.63,1013,0
2024,5,30,10,0,15.8,8.3,60.88,1014,0
2024,5,30,10,30,15.4,8.3,62.46,1014,0
2024,5,30,11,0,15,8.200000000000001,63.64,1014,0
2024,5,30,11,30,14.5,8.200000000000001,65.72,1014,0
2024,5,30,12,0,14.100000000000001,8.1,67.28,1014,0
2024,5,30,12,30,14.3,8.1,66.42,1014,0
2024,5,30,13,0,14.5,8.4,66.59,1014,0
2024,5,30,13,30,15.600000000000001,8.4,62.06,1014,0
2024,5,30,14,0,16.7,8.700000000000001,59.24,1014,0
2024,5,30,14,30,18.1,8.700000000000001,54.25,1014,0
2024,5,30,15,0,19.5,8.6,49.44,1014,0
2024,5,30,15,30,20.900000000000002,8.6,45.36,1014,0
2024,5,30,16,0,22.3,8.5,41.19,1014,0
2024,5,30,16,30,23.700000000000003,8.5,37.85,1014,0
2024,5,30,17,0,25.1,8.4,34.53,1014,0
2024,5,30,17,30,26.3,8.4,32.17,1014,0
2024,5,30,18,0,27.6,8.4,29.79,1013,0
2024,5,30,18,30,28.700000000000003,8.4,27.95,1013,0
2024,5,30,19,0,29.8,8.4,26.34,1013,0
2024,5,30,19,30,30.6,8.4,25.16,1013,0
2024,5,30,20,0,31.3,8.3,23.89,1012,0
2024,5,30,20,30,31.8,8.3,23.22,1012,0
2024,5,30,21,0,32.2,8,22.35,1012,0
2024,5,30,21,30,32.4,8,22.080000000000002,1011,0
2024,5,30,22,0,32.5,7.800000000000001,21.68,1011,0
2024,5,30,22,30,32.5,7.800000000000001,21.68,1011,0
2024,5,30,23,0,32.6,8,21.79,1010,0
2024,5,30,23,30,32.4,8,22.03,1010,0
2024,5,31,0,0,32.300000000000004,8.1,22.31,1010,0
2024,5,31,0,30,31.5,8.1,23.34,1010,0
2024,5,31,1,0,30.700000000000003,9.1,26.21,1010,0
2024,5,31,1,30,29,9.1,28.86,1009,0
2024,5,31,2,0,27.200000000000003,15.600000000000001,49.21,1009,0
2024,5,31,2,30,25.6,15.600000000000001,54.06,1009,0
2024,5,31,3,0,24,12.600000000000001,48.800000000000004,1009,0
2024,5,31,3,30,23,12.600000000000001,51.870000000000005,1010,0
2024,5,31,4,0,22,12,52.9,1010,0
2024,5,31,4,30,21.200000000000003,12,55.54,1010,0
2024,5,31,5,0,20.5,11.700000000000001,57.06,1010,0
2024,5,31,5,30,19.900000000000002,11.700000000000001,59.21,1010,0
2024,5,31,6,0,19.3,11.4,60.160000000000004,1010,0
2024,5,31,6,30,18.900000000000002,11.4,61.68,1010,0
2024,5,31,7,0,18.6,11.100000000000001,61.800000000000004,1010,0
2024,5,31,7,30,18.400000000000002,11.100000000000001,62.57,1010,0
2024,5,31,8,0,18.3,10.9,61.97,1009,0
2024,5,31,8,30,18.2,10.9,62.36,1009,0
2024,5,31,9,0,18.1,10.8,62.26,1009,0
2024,5,31,9,30,17.8,10.8,63.440000000000005,1009,0
2024,5,31,10,0,17.6,10.8,64.19,1009,0
2024,5,31,10,30,17.3,10.8,65.41,1009,0
2024,5,31,11,0,17,10.700000000000001,66.49,1009,0
2024,5,31,11,30,16.6,10.700000000000001,68.19,1009,0
2024,5,31,12,0,16.3,10.600000000000001,68.9,1009,0
2024,5,31,12,30,16.8,10.600000000000001,66.75,1009,0
2024,5,31,13,0,17.2,11.100000000000001,67.31,1009,0
2024,5,31,13,30,18.7,11.100000000000001,61.27,1009,0
2024,5,31,14,0,20.1,11.100000000000001,56.19,1009,0
2024,5,31,14,30,21.3,11.100000000000001,52.25,1010,0
2024,5,31,15,0,22.6,11,47.93,1010,0
2024,5,31,15,30,23.900000000000002,11,44.32,1010,0
2024,5,31,16,0,25.200000000000003,11.100000000000001,41.36,1010,0
2024,5,31,16,30,26.400000000000002,11.200000000000001,38.54,1010,0
2024,5,31,17,0,27.6,11.600000000000001,36.99,1010,0
2024,5,31,17,30,28.900000000000002,11.600000000000001,34.31,1010,0
2024,5,31,18,0,30.3,11.4,31.17,1010,0
2024,5,31,18,30,31.5,11.4,29.12,1010,0
2024,5,31,19,0,32.7,10.700000000000001,26.02,1009,0
2024,5,31,19,30,33.4,10.700000000000001,25.02,1009,0
2024,5,31,20,0,34,10.5,23.89,1009,0
2024,5,31,20,30,34.4,10.5,23.37,1009,0
2024,5,31,21,0,34.7,10.600000000000001,23.02,1008,0
2024,5,31,21,30,34.7,10.600000000000001,23.02,1008,0
2024,5,31,22,0,34.7,10.600000000000001,23.080000000000002,1008,0
2024,5,31,22,30,34.4,10.600000000000001,23.47,1008,0
2024,5,31,23,0,34.1,10.5,23.740000000000002,1007,0
2024,5,31,23,30,33.4,10.5,24.68,1007,0
2024,6,1,0,0,32.7,10.700000000000001,25.98,1007,0
2024,6,1,0,30,31.400000000000002,10.700000000000001,27.95,1007,0
2024,6,1,1,0,30.200000000000003,10.700000000000001,30.05,1008,0
2024,6,1,1,30,28.1,10.700000000000001,33.910000000000004,1008,0
2024,6,1,2,0,26,11.700000000000001,40.910000000000004,1008,0
2024,6,1,2,30,24,11.700000000000001,46.06,1008,0
2024,6,1,3,0,21.900000000000002,11.4,51.17,1008,0
2024,6,1,3,30,20.6,11.4,55.4,1008,0
2024,6,1,4,0,19.400000000000002,11.200000000000001,59.19,1008,0
2024,6,1,4,30,18.400000000000002,11.200000000000001,62.99,1008,0
2024,6,1,5,0,17.3,11.3,67.81,1008,0
2024,6,1,5,30,16.5,11.3,71.33,1008,0
2024,6,1,6,0,15.700000000000001,11.200000000000001,74.49,1008,0
2024,6,1,6,30,15,11.200000000000001,77.9,1008,0
2024,6,1,7,0,14.3,10.9,80.17,1008,0
2024,6,1,7,30,13.9,10.9,82.27,1008,0
2024,6,1,8,0,13.4,10.700000000000001,83.54,1008,0
2024,6,1,8,30,13.100000000000001,10.700000000000001,85.19,1008,0
2024,6,1,9,0,12.700000000000001,10.5,86.57000000000001,1008,0
2024,6,1,9,30,12.5,10.5,87.71000000000001,1008,0
2024,6,1,10,0,12.200000000000001,10.4,88.83,1008,0
2024,6,1,10,30,12,10.4,90,1008,0
2024,6,1,11,0,11.8,10.200000000000001,90.2,1008,0
2024,6,1,11,30,11.700000000000001,10.3,90.89,1009,0
2024,6,1,12,0,11.600000000000001,10.100000000000001,90.43,1009,0
2024,6,1,12,30,11.9,10.100000000000001,88.66,1009,0
2024,6,1,13,0,12.200000000000001,10,86.43,1009,0
2024,6,1,13,30,13.3,10,80.44,1009,0
2024,6,1,14,0,14.5,10.200000000000001,75.21000000000001,1009,0
2024,6,1,14,30,15.8,10.200000000000001,69.26,1010,0
2024,6,1,15,0,17.2,10.8,66.25,1010,0
2024,6,1,15,30,18.5,10.9,61.06,1010,0
2024,6,1,16,0,19.700000000000003,11.8,60.34,1010,0
2024,6,1,16,30,21,11.8,55.7,1010,0
2024,6,1,17,0,22.200000000000003,12.600000000000001,54.61,1010,0
2024,6,1,17,30,23.400000000000002,12.600000000000001,50.79,1010,0
2024,6,1,18,0,24.5,13.3,49.54,1010,0
2024,6,1,18,30,25.700000000000003,13.3,46.14,1010,0
2024,6,1,19,0,26.8,13.600000000000001,44.24,1010,0
2024,6,1,19,30,27.8,13.600000000000001,41.730000000000004,1010,0
2024,6,1,20,0,28.8,13.600000000000001,39.29,1010,0
2024,6,1,20,30,29.700000000000003,13.600000000000001,37.27,1009,0
2024,6,1,21,0,30.5,13.100000000000001,34.53,1009,0
2024,6,1,21,30,31.1,13.100000000000001,33.37,1009,0
2024,6,1,22,0,31.6,12.5,31.16,1009,0
2024,6,1,22,30,31.8,12.5,30.78,1008,0
2024,6,1,23,0,31.900000000000002,11.700000000000001,29.07,1008,0
2024,6,1,23,30,31.5,11.700000000000001,29.73,1008,0
2024,6,2,0,0,31.1,11.3,29.64,1008,0
2024,6,2,0,30,29.900000000000002,11.3,31.740000000000002,1008,0
2024,6,2,1,0,28.700000000000003,11.9,35.34,1008,0
2024,6,2,1,30,26.700000000000003,11.9,39.7,1008,0
2024,6,2,2,0,24.700000000000003,12.5,46.6,1008,0
2024,6,2,2,30,22.700000000000003,12.5,52.54,1008,0
2024,6,2,3,0,20.8,11.9,56.89,1009,0
2024,6,2,3,30,19.8,11.9,60.5,1009,0
2024,6,2,4,0,18.8,11.600000000000001,63.04,1009,0
2024,6,2,4,30,18.3,11.600000000000001,65.04,1009,0
2024,6,2,5,0,17.7,11.600000000000001,67.28,1010,0
2024,6,2,5,30,17.2,11.600000000000001,69.43,1010,0
2024,6,2,6,0,16.8,11.600000000000001,71.21000000000001,1010,0
2024,6,2,6,30,16.3,11.600000000000001,73.51,1010,0
2024,6,2,7,0,15.8,11.5,75.38,1010,0
2024,6,2,7,30,15.5,11.5,76.84,1010,0
2024,6,2,8,0,15.200000000000001,11.4,78.01,1010,0
2024,6,2,8,30,14.9,11.4,79.52,1010,0
2024,6,2,9,0,14.5,11.4,81.57000000000001,1010,0
2024,6,2,9,30,14.100000000000001,11.4,83.7,1010,0
2024,6,2,10,0,13.700000000000001,11.4,85.99,1010,0
2024,6,2,10,30,13.3,11.4,88.26,1010,0
2024,6,2,11,0,12.9,11.4,90.60000000000001,1011,0
2024,6,2,11,30,12.600000000000001,11.4,92.39,1011,0
2024,6,2,12,0,12.3,11.200000000000001,92.99,1011,0
2024,6,2,12,30,12.600000000000001,11.200000000000001,91.18,1011,0
2024,6,2,13,0,13,11.100000000000001,88.39,1012,0
2024,6,2,13,30,13.8,11.100000000000001,83.91,1012,0
2024,6,2,14,0,14.5,11.100000000000001,80.24,1012,0
2024,6,2,14,30,16,11.100000000000001,72.89,1012,0
2024,6,2,15,0,17.400000000000002,11.3,67.53,1013,0
2024,6,2,15,30,19,11.3,61.1,1013,0
2024,6,2,16,0,20.5,11.4,56.02,1013,0
2024,6,2,16,30,21.700000000000003,11.4,52.06,1013,0
2024,6,2,17,0,22.900000000000002,11.600000000000001,48.84,1013,0
2024,6,2,17,30,24.1,11.600000000000001,45.44,1013,0
2024,6,2,18,0,25.400000000000002,11.600000000000001,42.050000000000004,1012,0
2024,6,2,18,30,26.700000000000003,11.600000000000001,38.95,1012,0
2024,6,2,19,0,28.1,11.200000000000001,35.06,1012,0
2024,6,2,19,30,29.3,11.200000000000001,32.71,1012,0
2024,6,2,20,0,30.400000000000002,11.100000000000001,30.490000000000002,1011,0
2024,6,2,20,30,31,11.100000000000001,29.47,1011,0
2024,6,2,21,0,31.6,11.4,29.03,1011,0
2024,6,2,21,30,31.900000000000002,11.4,28.54,1011,0
2024,6,2,22,0,32.1,11.8,28.95,1010,0
2024,6,2,22,30,32.2,11.8,28.78,1010,0
2024,6,2,23,0,32.300000000000004,12.100000000000001,29.14,1010,0
2024,6,2,23,30,32.1,12.100000000000001,29.47,1010,0
2024,6,3,0,0,31.8,12.3,30.490000000000002,1010,0
2024,6,3,0,30,31.200000000000003,12.3,31.51,1009,0
2024,6,3,1,0,30.5,13.3,35.04,1009,0
2024,6,3,1,30,28.900000000000002,13.3,38.4,1009,0
2024,6,3,2,0,27.200000000000003,15.200000000000001,47.78,1009,0
2024,6,3,2,30,25.3,15.200000000000001,53.480000000000004,1010,0
2024,6,3,3,0,23.400000000000002,14.700000000000001,58.11,1010,0
2024,6,3,3,30,22.3,14.700000000000001,62.1,1010,0
2024,6,3,4,0,21.200000000000003,14.5,65.42,1010,0
2024,6,3,4,30,20.6,14.5,67.87,1010,0
2024,6,3,5,0,20,14.5,70.56,1010,0
2024,6,3,5,30,19.5,14.5,72.78,1010,0
2024,6,3,6,0,19,14.5,74.99,1011,0
2024,6,3,6,30,18.8,14.5,75.93,1011,0
2024,6,3,7,0,18.7,14.5,76.48,1012,0
2024,6,3,7,30,18.8,14.5,76,1012,0
2024,6,3,8,0,18.900000000000002,14.700000000000001,76.58,1012,0
2024,6,3,8,30,18.7,14.700000000000001,77.54,1012,0
2024,6,3,9,0,18.5,14.600000000000001,78.08,1011,0
2024,6,3,9,30,18.5,14.600000000000001,78.08,1011,0
2024,6,3,10,0,18.400000000000002,14.5,78,1011,0
2024,6,3,10,30,18.2,14.5,78.98,1011,0
2024,6,3,11,0,18.1,14.4,79.2,1011,0
2024,6,3,11,30,17.8,14.4,80.7,1011,0
2024,6,3,12,0,17.6,14.200000000000001,80.71000000000001,1011,0
2024,6,3,12,30,17.5,14.200000000000001,81.22,1011,0
2024,6,3,13,0,17.400000000000002,14,80.44,1011,0
2024,6,3,13,30,18,14,77.47,1011,0
2024,6,3,14,0,18.7,13.8,73.14,1012,0
2024,6,3,14,30,20,13.8,67.48,1012,0
2024,6,3,15,0,21.200000000000003,13.8,62.85,1012,0
2024,6,3,15,30,22.5,13.9,58.13,1013,0
2024,6,3,16,0,23.700000000000003,14.3,55.57,1013,0
2024,6,3,16,30,24.700000000000003,14.3,52.35,1013,0
2024,6,3,17,0,25.700000000000003,14.600000000000001,50.25,1012,0
2024,6,3,17,30,26.6,14.600000000000001,47.660000000000004,1012,0
2024,6,3,18,0,27.400000000000002,14.700000000000001,45.800000000000004,1012,0
2024,6,3,18,30,27.900000000000002,14.700000000000001,44.49,1012,0
2024,6,3,19,0,28.5,14.4,42.050000000000004,1012,0
2024,6,3,19,30,28.8,14.4,41.33,1012,0
2024,6,3,20,0,29.1,13.600000000000001,38.77,1011,0
2024,6,3,20,30,29.1,13.600000000000001,38.77,1011,0
2024,6,3,21,0,29.200000000000003,12.700000000000001,36.24,1011,0
2024,6,3,21,30,28.900000000000002,12.700000000000001,36.87,1011,0
2024,6,3,22,0,28.6,11.3,34.25,1011,0
2024,6,3,22,30,28.200000000000003,11.3,35.050000000000004,1011,0
2024,6,3,23,0,27.8,9.8,32.45,1011,0
2024,6,3,23,30,27.5,9.8,33.02,1011,0
2024,6,4,0,0,27.1,8.8,31.54,1011,0
2024,6,4,0,30,26.6,8.8,32.480000000000004,1011,0
2024,6,4,1,0,26,8.6,33.25,1011,0
2024,6,4,1,30,24.8,8.6,35.7,1011,0
2024,6,4,2,0,23.700000000000003,10,41.85,1011,0
2024,6,4,2,30,22.1,10,46.09,1011,0
2024,6,4,3,0,20.5,10.4,52.4,1012,0
2024,6,4,3,30,19.8,10.4,54.71,1012,0
2024,6,4,4,0,19.1,10.5,57.59,1012,0
2024,6,4,4,30,18.7,10.5,59.04,1012,0
2024,6,4,5,0,18.3,11,62.61,1012,0
2024,6,4,5,30,18,11,63.800000000000004,1012,0
2024,6,4,6,0,17.7,11.5,67.09,1012,0
2024,6,4,6,30,17.5,11.5,67.94,1012,0
2024,6,4,7,0,17.2,11.8,70.52,1012,0
2024,6,4,7,30,17,11.8,71.42,1012,0
2024,6,4,8,0,16.7,11.8,72.76,1012,0
2024,6,4,8,30,16.7,11.8,72.76,1012,0
2024,6,4,9,0,16.7,11.600000000000001,72.11,1012,0
2024,6,4,9,30,16.8,11.600000000000001,71.65,1012,0
2024,6,4,10,0,16.900000000000002,11.4,70.25,1012,0
2024,6,4,10,30,16.7,11.4,71.14,1012,0
2024,6,4,11,0,16.6,11,69.41,1012,0
2024,6,4,11,30,16.5,11,69.85000000000001,1012,0
2024,6,4,12,0,16.400000000000002,10.4,67.59,1012,0
2024,6,4,12,30,17.2,10.4,64.26,1012,0
2024,6,4,13,0,18.1,10.3,60.19,1013,0
2024,6,4,13,30,19.900000000000002,10.3,53.81,1013,0
2024,6,4,14,0,21.6,10.100000000000001,47.910000000000004,1013,0
2024,6,4,14,30,23.200000000000003,10.100000000000001,43.49,1013,0
2024,6,4,15,0,24.700000000000003,10.600000000000001,41.18,1013,0
2024,6,4,15,30,26.400000000000002,10.600000000000001,37.24,1013,0
2024,6,4,16,0,28,11.700000000000001,36.45,1013,0
2024,6,4,16,30,29.5,11.700000000000001,33.4,1012,0
2024,6,4,17,0,30.900000000000002,12.700000000000001,32.94,1012,0
2024,6,4,17,30,32.1,12.700000000000001,30.78,1012,0
2024,6,4,18,0,33.300000000000004,13,29.29,1012,0
2024,6,4,18,30,34.300000000000004,13,27.68,1011,0
2024,6,4,19,0,35.2,13,26.35,1011,0
2024,6,4,19,30,35.9,13,25.36,1011,0
2024,6,4,20,0,36.6,12.9,24.26,1010,0
2024,6,4,20,30,37.1,12.9,23.61,1010,0
2024,6,4,21,0,37.6,12.8,22.77,1010,0
2024,6,4,21,30,37.800000000000004,12.8,22.5,1009,0
2024,6,4,22,0,38,12.700000000000001,22.18,1009,0
2024,6,4,22,30,37.9,12.700000000000001,22.3,1009,0
2024,6,4,23,0,37.9,13,22.76,1009,0
2024,6,4,23,30,37.5,13,23.26,1009,0
2024,6,5,0,0,37.2,14,25.16,1008,0
2024,6,5,0,30,36.5,14,26.14,1008,0
2024,6,5,1,0,35.9,15,28.87,1008,0
2024,6,5,1,30,34,15,32.06,1008,0
2024,6,5,2,0,32.1,18.3,44.08,1008,0
2024,6,5,2,30,30,18.3,49.660000000000004,1008,0
2024,6,5,3,0,28,17.2,51.75,1008,0
2024,6,5,3,30,27.3,17.2,53.96,1009,0
2024,6,5,4,0,26.6,16.5,53.910000000000004,1009,0
2024,6,5,4,30,26,16.5,55.85,1009,0
2024,6,5,5,0,25.400000000000002,16.3,57.09,1010,0
2024,6,5,5,30,24.8,16.3,59.160000000000004,1010,0
2024,6,5,6,0,24.3,16.2,60.76,1010,0
2024,6,5,6,30,23.8,16.2,62.61,1010,0
2024,6,5,7,0,23.3,16.1,64.16,1010,0
2024,6,5,7,30,22.900000000000002,16.1,65.72,1010,0
2024,6,5,8,0,22.5,16,66.62,1010,0
2024,6,5,8,30,22.200000000000003,16,67.84,1010,0
2024,6,5,9,0,21.8,15.700000000000001,68.48,1010,0
2024,6,5,9,30,21.6,15.700000000000001,69.32000000000001,1010,0
2024,6,5,10,0,21.3,15.5,69.47,1010,0
2024,6,5,10,30,21,15.5,70.69,1009,0
2024,6,5,11,0,20.8,15.200000000000001,70.48,1009,0
2024,6,5,11,30,20.6,15.200000000000001,71.35000000000001,1009,0
2024,6,5,12,0,20.400000000000002,15,71.01,1010,0
2024,6,5,12,30,21,15,68.44,1010,0
2024,6,5,13,0,21.6,15.4,67.8,1010,0
2024,6,5,13,30,23.200000000000003,15.4,61.54,1010,0
2024,6,5,14,0,24.8,15.200000000000001,55.07,1010,0
2024,6,5,14,30,26.200000000000003,15.200000000000001,50.7,1010,0
2024,6,5,15,0,27.6,15.5,47.61,1010,0
2024,6,5,15,30,29,15.5,43.9,1010,0
2024,6,5,16,0,30.400000000000002,16.1,42.11,1010,0
2024,6,5,16,30,31.6,16.1,39.34,1010,0
2024,6,5,17,0,32.9,16,36.33,1010,0
2024,6,5,17,30,34.1,16,33.980000000000004,1010,0
2024,6,5,18,0,35.4,15,29.63,1010,0
2024,6,5,18,30,36.2,15,28.36,1010,0
2024,6,5,19,0,37.1,14,25.330000000000002,1009,0
2024,6,5,19,30,37.7,14,24.52,1009,0
2024,6,5,20,0,38.300000000000004,13.4,22.830000000000002,1009,0
2024,6,5,20,30,38.7,13.4,22.32,1008,0
2024,6,5,21,0,39,12.600000000000001,20.81,1008,0
2024,6,5,21,30,39.2,12.600000000000001,20.59,1008,0
2024,6,5,22,0,39.300000000000004,12.100000000000001,19.830000000000002,1007,0
2024,6,5,22,30,39.2,12.100000000000001,19.93,1007,0
2024,6,5,23,0,39,12,20.05,1007,0
2024,6,5,23,30,38.6,12,20.490000000000002,1007,0
2024,6,6,0,0,38.1,12.100000000000001,21.17,1007,0
2024,6,6,0,30,37.300000000000004,12.100000000000001,22.1,1007,0
2024,6,6,1,0,36.4,12.100000000000001,23.16,1007,0
2024,6,6,1,30,34.300000000000004,12,25.990000000000002,1007,0
2024,6,6,2,0,32.1,16.2,38.38,1007,0
2024,6,6,2,30,29.8,16.1,43.730000000000004,1007,0
2024,6,6,3,0,27.6,14.8,45.62,1007,0
2024,6,6,3,30,26.400000000000002,14.8,48.94,1007,0
2024,6,6,4,0,25.200000000000003,13.5,48.31,1008,0
2024,6,6,4,30,24.400000000000002,13.5,50.67,1008,0
2024,6,6,5,0,23.5,13.200000000000001,52.26,1008,0
2024,6,6,5,30,22.8,13.200000000000001,54.51,1008,0
2024,6,6,6,0,22.200000000000003,13,56.04,1008,0
2024,6,6,6,30,21.6,13,58.120000000000005,1008,0
2024,6,6,7,0,21,13,60.120000000000005,1008,0
2024,6,6,7,30,20.5,13,61.93,1007,0
2024,6,6,8,0,20,12.9,63.660000000000004,1007,0
2024,6,6,8,30,19.6,12.9,65.25,1007,0
2024,6,6,9,0,19.1,12.700000000000001,66.31,1007,0
2024,6,6,9,30,18.900000000000002,12.700000000000001,67.14,1007,0
2024,6,6,10,0,18.6,12.4,67.07000000000001,1007,0
2024,6,6,10,30,18.3,12.4,68.33,1007,0
2024,6,6,11,0,18.1,12.200000000000001,68.3,1007,0
2024,6,6,11,30,17.8,12.200000000000001,69.59,1007,0
2024,6,6,12,0,17.6,12.100000000000001,69.98,1007,0
2024,6,6,12,30,17.900000000000002,12.100000000000001,68.75,1008,0
2024,6,6,13,0,18.3,12.5,68.82000000000001,1008,0
2024,6,6,13,30,19.400000000000002,12.5,64.27,1008,0
2024,6,6,14,0,20.6,12.200000000000001,58.76,1008,0
2024,6,6,14,30,22,12.3,53.95,1008,0
2024,6,6,15,0,23.5,12.600000000000001,50.52,1008,0
2024,6,6,15,30,25.3,12.600000000000001,45.37,1008,0
2024,6,6,16,0,27,12.700000000000001,41.2,1009,0
2024,6,6,16,30,28.5,12.700000000000001,37.76,1009,0
2024,6,6,17,0,29.900000000000002,12.9,35.25,1009,0
2024,6,6,17,30,31.1,12.9,32.89,1008,0
2024,6,6,18,0,32.2,13,31.1,1008,0
2024,6,6,18,30,33.2,13,29.400000000000002,1008,0
2024,6,6,19,0,34.1,12.8,27.68,1008,0
2024,6,6,19,30,34.7,12.8,26.78,1008,0
2024,6,6,20,0,35.300000000000004,12.5,25.3,1008,0
2024,6,6,20,30,35.6,12.5,24.86,1007,0
2024,6,6,21,0,35.800000000000004,12.3,24.29,1007,0
2024,6,6,21,30,35.7,12.3,24.42,1007,0
2024,6,6,22,0,35.7,12,24.04,1007,0
2024,6,6,22,30,35.300000000000004,12,24.580000000000002,1007,0
2024,6,6,23,0,34.800000000000004,11.700000000000001,24.73,1006,0
2024,6,6,23,30,34,11.700000000000001,25.84,1006,0
2024,6,7,0,0,33.2,11.600000000000001,26.79,1006,0
2024,6,7,0,30,32,11.600000000000001,28.650000000000002,1006,0
2024,6,7,1,0,30.8,11.5,30.61,1006,0
2024,6,7,1,30,28.900000000000002,11.5,34.13,1006,0
2024,6,7,2,0,27.1,12.3,39.800000000000004,1006,0
2024,6,7,2,30,25.1,12.3,44.77,1006,0
2024,6,7,3,0,23.1,11.9,49.46,1006,0
2024,6,7,3,30,21.8,11.9,53.5,1006,0
2024,6,7,4,0,20.6,11.3,55.29,1007,0
2024,6,7,4,30,19.700000000000003,11.3,58.45,1007,0
2024,6,7,5,0,18.900000000000002,11,60.27,1007,0
2024,6,7,5,30,18.3,11,62.57,1007,0
2024,6,7,6,0,17.6,10.8,64.45,1007,0
2024,6,7,6,30,17.1,10.8,66.51,1007,0
2024,6,7,7,0,16.6,10.600000000000001,67.68,1007,0
2024,6,7,7,30,16.1,10.600000000000001,69.86,1007,0
2024,6,7,8,0,15.700000000000001,10.4,70.5,1007,0
2024,6,7,8,30,15.200000000000001,10.3,72.79,1007,0
2024,6,7,9,0,14.700000000000001,10.3,75.17,1007,0
2024,6,7,9,30,14.3,10.3,77.13,1007,0
2024,6,7,10,0,13.8,10.600000000000001,80.98,1007,0
2024,6,7,10,30,13.4,10.600000000000001,83.11,1007,0
2024,6,7,11,0,13.100000000000001,10.8,85.82000000000001,1007,0
2024,6,7,11,30,12.9,10.8,86.95,1007,0
2024,6,7,12,0,12.700000000000001,10.8,88.31,1007,0
2024,6,7,12,30,13,10.8,86.60000000000001,1007,0
2024,6,7,13,0,13.3,10.8,84.84,1007,0
2024,6,7,13,30,14.5,10.8,78.58,1008,0
2024,6,7,14,0,15.700000000000001,10.700000000000001,72.09,1008,0
2024,6,7,14,30,17.2,10.700000000000001,65.55,1008,0
2024,6,7,15,0,18.7,10.8,60.06,1008,0
2024,6,7,15,30,20.3,10.8,54.39,1008,0
2024,6,7,16,0,21.900000000000002,11.200000000000001,50.75,1008,0
2024,6,7,16,30,23.5,11.200000000000001,46.08,1008,0
2024,6,7,17,0,25.1,11.4,42.44,1008,0
2024,6,7,17,30,26.5,11.5,39.07,1008,0
2024,6,7,18,0,27.8,11.600000000000001,36.47,1008,0
2024,6,7,18,30,28.8,11.600000000000001,34.410000000000004,1008,0
2024,6,7,19,0,29.8,11.4,32.13,1008,0
2024,6,7,19,30,30.3,11.4,31.23,1008,0
2024,6,7,20,0,30.8,11.100000000000001,29.66,1008,0
2024,6,7,20,30,30.700000000000003,11.100000000000001,29.830000000000002,1008,0
2024,6,7,21,0,30.700000000000003,10.9,29.44,1007,0
2024,6,7,21,30,30.3,10.9,30.12,1007,0
2024,6,7,22,0,30,10.8,30.52,1007,0
2024,6,7,22,30,29.400000000000002,10.8,31.580000000000002,1007,0
2024,6,7,23,0,28.8,10.8,32.64,1007,0
2024,6,7,23,30,27.700000000000003,10.8,34.78,1007,0
2024,6,8,0,0,26.5,10.8,37.38,1007,0
2024,6,8,0,30,25,10.8,40.84,1007,0
2024,6,8,1,0,23.5,10.9,45.14,1007,0
2024,6,8,1,30,22.1,10.9,49.120000000000005,1007,0
2024,6,8,2,0,20.700000000000003,11.100000000000001,54.08,1007,0
2024,6,8,2,30,19.8,11.100000000000001,57.22,1008,0
2024,6,8,3,0,18.8,11.100000000000001,61.08,1008,0
2024,6,8,3,30,17.900000000000002,11.100000000000001,64.61,1008,0
2024,6,8,4,0,17.1,11.100000000000001,67.82000000000001,1008,0
2024,6,8,4,30,16.400000000000002,11.100000000000001,70.96000000000001,1009,0
2024,6,8,5,0,15.600000000000001,11.100000000000001,74.46000000000001,1009,0
2024,6,8,5,30,15.200000000000001,11.100000000000001,76.39,1009,0
2024,6,8,6,0,14.8,11,77.9,1009,0
2024,6,8,6,30,14.600000000000001,11,78.91,1009,0
2024,6,8,7,0,14.4,10.9,79.77,1009,0
2024,6,8,7,30,14.200000000000001,10.9,80.8,1009,0
2024,6,8,8,0,14.100000000000001,11,81.42,1009,0
2024,6,8,8,30,13.8,11,83.01,1009,0
2024,6,8,9,0,13.600000000000001,11.100000000000001,84.86,1009,0
2024,6,8,9,30,13.5,11.100000000000001,85.41,1009,0
2024,6,8,10,0,13.3,11.3,87.47,1009,0
2024,6,8,10,30,13.3,11.3,87.47,1009,0
2024,6,8,11,0,13.200000000000001,11.3,88.53,1009,0
2024,6,8,11,30,13.100000000000001,11.3,89.11,1009,0
2024,6,8,12,0,13.100000000000001,11.4,89.46000000000001,1009,0
2024,6,8,12,30,13.3,11.4,88.3,1009,0
2024,6,8,13,0,13.5,11.5,87.58,1009,0
2024,6,8,13,30,14.4,11.5,82.62,1009,0
2024,6,8,14,0,15.3,11.600000000000001,78.56,1009,0
2024,6,8,14,30,16.400000000000002,11.600000000000001,73.32000000000001,1010,0
2024,6,8,15,0,17.6,12,69.69,1010,0
2024,6,8,15,30,18.7,12,65.06,1010,0
2024,6,8,16,0,19.700000000000003,12.5,63.03,1010,0
2024,6,8,16,30,20.8,12.5,58.9,1010,0
2024,6,8,17,0,21.900000000000002,12.9,56.660000000000004,1010,0
2024,6,8,17,30,23.200000000000003,12.9,52.38,1010,0
2024,6,8,18,0,24.400000000000002,13.200000000000001,49.550000000000004,1010,0
2024,6,8,18,30,25.5,13.200000000000001,46.410000000000004,1010,0
2024,6,8,19,0,26.5,13.100000000000001,43.62,1009,0
2024,6,8,19,30,27.200000000000003,13.100000000000001,41.87,1009,0
2024,6,8,20,0,27.8,12.8,39.61,1009,0
2024,6,8,20,30,28.3,12.8,38.480000000000004,1009,0
2024,6,8,21,0,28.900000000000002,12.600000000000001,36.63,1009,0
2024,6,8,21,30,29.1,12.600000000000001,36.17,1008,0
2024,6,8,22,0,29.400000000000002,12.4,35.14,1008,0
2024,6,8,22,30,29.400000000000002,12.4,35.14,1008,0
2024,6,8,23,0,29.400000000000002,12,34.230000000000004,1008,0
2024,6,8,23,30,29,12,35.02,1008,0
2024,6,9,0,0,28.5,11.8,35.64,1008,0
2024,6,9,0,30,27.5,11.8,37.77,1008,0
2024,6,9,1,0,26.5,12.100000000000001,40.65,1008,0
2024,6,9,1,30,24.8,12,44.95,1008,0
2024,6,9,2,0,23.200000000000003,12.3,50.2,1008,0
2024,6,9,2,30,21.400000000000002,12.3,56.04,1009,0
2024,6,9,3,0,19.700000000000003,12.100000000000001,61.49,1009,0
2024,6,9,3,30,18.5,12.100000000000001,66.24,1009,0
2024,6,9,4,0,17.3,11.700000000000001,69.52,1009,0
2024,6,9,4,30,16.5,11.700000000000001,73.12,1009,0
2024,6,9,5,0,15.700000000000001,11.3,75.27,1009,0
2024,6,9,5,30,15.3,11.3,77.22,1009,0
2024,6,9,6,0,14.8,11.100000000000001,78.72,1009,0
2024,6,9,6,30,14.5,11.100000000000001,80.26,1009,0
2024,6,9,7,0,14.100000000000001,11,81.84,1009,0
2024,6,9,7,30,13.8,11,83.45,1009,0
2024,6,9,8,0,13.5,11,84.83,1009,0
2024,6,9,8,30,13.3,11,85.94,1009,0
2024,6,9,9,0,13,11,87.73,1009,0
2024,6,9,9,30,12.9,11,88.31,1009,0
2024,6,9,10,0,12.700000000000001,11,89.60000000000001,1009,0
2024,6,9,10,30,12.700000000000001,11,89.60000000000001,1009,0
2024,6,9,11,0,12.600000000000001,11,90.2,1009,0
2024,6,9,11,30,12.600000000000001,11,90.2,1009,0
2024,6,9,12,0,12.700000000000001,11.100000000000001,89.71000000000001,1009,0
2024,6,9,12,30,12.9,11.100000000000001,88.64,1010,0
2024,6,9,13,0,13.100000000000001,11.100000000000001,87.95,1010,0
2024,6,9,13,30,13.8,11.100000000000001,84.04,1010,0
2024,6,9,14,0,14.5,11.3,81.13,1010,0
2024,6,9,14,30,15.4,11.3,76.65,1011,0
2024,6,9,15,0,16.3,11.4,72.77,1011,0
2024,6,9,15,30,17.3,11.4,68.31,1011,0
2024,6,9,16,0,18.400000000000002,11.5,64.17,1011,0
2024,6,9,16,30,19.8,11.5,58.82,1011,0
2024,6,9,17,0,21.3,11.8,54.56,1011,0
2024,6,9,17,30,22.700000000000003,11.8,50.11,1011,0
2024,6,9,18,0,24.200000000000003,11.700000000000001,45.550000000000004,1011,0
2024,6,9,18,30,25.400000000000002,11.700000000000001,42.42,1011,0
2024,6,9,19,0,26.700000000000003,11.4,38.54,1011,0
2024,6,9,19,30,27.700000000000003,11.4,36.35,1011,0
2024,6,9,20,0,28.8,11,33.19,1011,0
2024,6,9,20,30,29.6,11,31.67,1010,0
2024,6,9,21,0,30.400000000000002,10.5,29.240000000000002,1010,0
2024,6,9,21,30,30.900000000000002,10.5,28.42,1010,0
2024,6,9,22,0,31.3,10,26.87,1010,0
2024,6,9,22,30,31.400000000000002,10,26.69,1009,0
2024,6,9,23,0,31.5,9.600000000000001,25.810000000000002,1009,0
2024,6,9,23,30,31.1,9.600000000000001,26.400000000000002,1009,0
2024,6,10,0,0,30.700000000000003,9.5,26.900000000000002,1009,0
2024,6,10,0,30,29.700000000000003,9.5,28.490000000000002,1009,0
2024,6,10,1,0,28.700000000000003,10,31.26,1009,0
2024,6,10,1,30,26.8,10,34.95,1010,0
2024,6,10,2,0,24.900000000000002,10.9,41.410000000000004,1010,0
2024,6,10,2,30,22.700000000000003,10.9,47.24,1010,0
2024,6,10,3,0,20.6,11,54.26,1011,0
2024,6,10,3,30,19.3,11,58.79,1011,0
2024,6,10,4,0,18,11.100000000000001,63.9,1011,0
2024,6,10,4,30,17.2,11.100000000000001,67.19,1011,0
2024,6,10,5,0,16.400000000000002,11.200000000000001,71.52,1012,0
2024,6,10,5,30,16,11.200000000000001,73.36,1012,0
2024,6,10,6,0,15.5,11.4,76.45,1012,0
2024,6,10,6,30,15.100000000000001,11.4,78.43,1012,0
2024,6,10,7,0,14.8,11.4,80.2,1012,0
2024,6,10,7,30,14.5,11.4,81.76,1012,0
2024,6,10,8,0,14.200000000000001,11.4,83.23,1011,0
2024,6,10,8,30,13.9,11.4,84.86,1011,0
2024,6,10,9,0,13.600000000000001,11.4,86.42,1011,0
2024,6,10,9,30,13.3,11.4,88.12,1011,0
2024,6,10,10,0,13,11.3,89.60000000000001,1011,0
2024,6,10,10,30,12.700000000000001,11.3,91.37,1011,0
2024,6,10,11,0,12.5,11.200000000000001,91.66,1011,0
2024,6,10,11,30,12.3,11.200000000000001,92.86,1011,0
2024,6,10,12,0,12.100000000000001,11.100000000000001,93.4,1012,0
2024,6,10,12,30,12.8,11.100000000000001,89.22,1012,0
2024,6,10,13,0,13.5,11.200000000000001,86.14,1012,0
2024,6,10,13,30,14.8,11.200000000000001,79.21000000000001,1012,0
2024,6,10,14,0,16.1,11.200000000000001,72.68,1012,0
2024,6,10,14,30,17.900000000000002,11.200000000000001,64.87,1012,0
2024,6,10,15,0,19.6,11.700000000000001,60.47,1012,0
2024,6,10,15,30,21.6,11.700000000000001,53.480000000000004,1012,0
2024,6,10,16,0,23.6,11.9,47.7,1012,0
2024,6,10,16,30,25.5,11.9,42.6,1012,0
2024,6,10,17,0,27.400000000000002,10.9,35.77,1012,0
2024,6,10,17,30,29,10.9,32.57,1011,0
2024,6,10,18,0,30.5,10.200000000000001,28.53,1011,0
2024,6,10,18,30,31.900000000000002,10.200000000000001,26.36,1011,0
2024,6,10,19,0,33.2,10.3,24.54,1010,0
2024,6,10,19,30,34.300000000000004,10.3,23.080000000000002,1010,0
2024,6,10,20,0,35.4,9.700000000000001,20.95,1010,0
2024,6,10,20,30,36.1,9.700000000000001,20.14,1009,0
2024,6,10,21,0,36.7,8.700000000000001,18.2,1009,0
2024,6,10,21,30,37,8.700000000000001,17.89,1008,0
2024,6,10,22,0,37.300000000000004,8.200000000000001,17,1008,0
2024,6,10,22,30,37.1,8.200000000000001,17.18,1008,0
2024,6,10,23,0,37,8,17.06,1008,0
2024,6,10,23,30,36.300000000000004,8,17.72,1008,0
2024,6,11,0,0,35.7,8.8,19.330000000000002,1008,0
2024,6,11,0,30,34.300000000000004,8.8,20.88,1008,0
2024,6,11,1,0,32.9,10,24.48,1008,0
2024,6,11,1,30,30.6,10,27.88,1008,0
2024,6,11,2,0,28.3,11.9,36.12,1009,0
2024,6,11,2,30,26,11.8,41.31,1009,0
2024,6,11,3,0,23.700000000000003,11.700000000000001,47,1009,0
2024,6,11,3,30,22.400000000000002,11.700000000000001,50.88,1010,0
2024,6,11,4,0,21.1,11.5,54.28,1010,0
2024,6,11,4,30,20.1,11.5,57.72,1010,0
2024,6,11,5,0,19.1,11.5,61.31,1010,0
2024,6,11,5,30,18.3,11.5,64.44,1010,0
2024,6,11,6,0,17.5,11.5,67.7,1010,0
2024,6,11,6,30,16.900000000000002,11.5,70.31,1010,0
2024,6,11,7,0,16.3,11.4,72.76,1010,0
2024,6,11,7,30,15.9,11.4,74.64,1010,0
2024,6,11,8,0,15.5,11.3,76.10000000000001,1010,0
2024,6,11,8,30,15.100000000000001,11.3,78.07000000000001,1010,0
2024,6,11,9,0,14.700000000000001,11.4,80.39,1010,0
2024,6,11,9,30,14.3,11.4,82.49,1010,0
2024,6,11,10,0,14,11.5,85.09,1010,0
2024,6,11,10,30,13.8,11.5,86.19,1010,0
2024,6,11,11,0,13.600000000000001,11.600000000000001,87.45,1010,0
2024,6,11,11,30,13.5,11.600000000000001,88.02,1010,0
2024,6,11,12,0,13.5,11.5,87.68,1010,0
2024,6,11,12,30,14.100000000000001,11.5,84.34,1010,0
2024,6,11,13,0,14.700000000000001,11.9,83.17,1011,0
2024,6,11,13,30,16.1,11.9,76.05,1011,0
2024,6,11,14,0,17.400000000000002,11.8,69.87,1011,0
2024,6,11,14,30,19.3,11.8,62.050000000000004,1011,0
2024,6,11,15,0,21.1,12.100000000000001,56.61,1011,0
2024,6,11,15,30,23.400000000000002,12.200000000000001,49.24,1011,0
2024,6,11,16,0,25.6,12.600000000000001,44.52,1011,0
2024,6,11,16,30,27.700000000000003,12.600000000000001,39.36,1011,0
2024,6,11,17,0,29.8,12.4,34.28,1011,0
2024,6,11,17,30,31.5,12.4,31.12,1011,0
2024,6,11,18,0,33.1,12.3,28.330000000000002,1011,0
2024,6,11,18,30,34.6,12.3,26.04,1010,0
2024,6,11,19,0,36.1,11.9,23.26,1010,0
2024,6,11,19,30,37,11.9,22.150000000000002,1010,0
2024,6,11,20,0,38,11.3,20.19,1009,0
2024,6,11,20,30,38.6,11.3,19.54,1009,0
2024,6,11,21,0,39.2,10.700000000000001,18.21,1009,0
2024,6,11,21,30,39.5,10.700000000000001,17.900000000000002,1008,0
2024,6,11,22,0,39.7,10.3,17.19,1008,0
2024,6,11,22,30,39.7,10.200000000000001,17.17,1007,0
2024,6,11,23,0,39.7,10.100000000000001,17.03,1007,0
2024,6,11,23,30,39.300000000000004,10.100000000000001,17.400000000000002,1007,0
2024,6,12,0,0,39,10.700000000000001,18.330000000000002,1007,0
2024,6,12,0,30,38.2,10.700000000000001,19.13,1007,0
2024,6,12,1,0,37.4,11.3,20.84,1006,0
2024,6,12,1,30,35,11.3,23.79,1007,0
2024,6,12,2,0,32.6,15.600000000000001,35.89,1007,0
2024,6,12,2,30,30.1,15.5,41.35,1007,0
2024,6,12,3,0,27.6,14.200000000000001,43.800000000000004,1007,0
2024,6,12,3,30,26.200000000000003,14.200000000000001,47.54,1007,0
2024,6,12,4,0,24.8,13.5,49.300000000000004,1008,0
2024,6,12,4,30,23.8,13.5,52.33,1008,0
2024,6,12,5,0,22.8,13.5,55.65,1008,0
2024,6,12,5,30,22.1,13.5,58.050000000000004,1008,0
2024,6,12,6,0,21.3,13.700000000000001,61.76,1008,0
2024,6,12,6,30,20.700000000000003,13.700000000000001,64.07000000000001,1008,0
2024,6,12,7,0,20.1,14,67.92,1008,0
2024,6,12,7,30,19.900000000000002,14,68.7,1007,0
2024,6,12,8,0,19.6,14.200000000000001,70.95,1007,0
2024,6,12,8,30,19.5,14.200000000000001,71.39,1007,0
2024,6,12,9,0,19.5,14.4,72.19,1007,0
2024,6,12,9,30,19.3,14.4,73.09,1007,0
2024,6,12,10,0,19.1,14.4,74.31,1007,0
2024,6,12,10,30,19,14.4,74.78,1007,0
2024,6,12,11,0,18.8,14.200000000000001,74.44,1007,0
2024,6,12,11,30,18.6,14.200000000000001,75.37,1007,0
2024,6,12,12,0,18.400000000000002,13.8,74.78,1008,0
2024,6,12,12,30,18.900000000000002,13.8,72.48,1008,0
2024,6,12,13,0,19.5,14,70.7,1008,0
2024,6,12,13,30,20.6,14,66.06,1008,0
2024,6,12,14,0,21.8,13.600000000000001,59.69,1008,0
2024,6,12,14,30,23,13.600000000000001,55.57,1009,0
2024,6,12,15,0,24.3,13.5,51.02,1009,0
2024,6,12,15,30,25.900000000000002,13.5,46.4,1009,0
2024,6,12,16,0,27.6,13.600000000000001,42.24,1009,0
2024,6,12,16,30,28.900000000000002,13.600000000000001,39.18,1009,0
2024,6,12,17,0,30.3,13.600000000000001,36.07,1009,0
2024,6,12,17,30,31.3,13.600000000000001,34.08,1009,0
2024,6,12,18,0,32.4,13.5,31.88,1009,0
2024,6,12,18,30,33.2,13.5,30.48,1009,0
2024,6,12,19,0,34.1,13.200000000000001,28.42,1009,0
2024,6,12,19,30,34.5,13.200000000000001,27.8,1009,0
2024,6,12,20,0,35,12.700000000000001,26.13,1009,0
2024,6,12,20,30,35.2,12.700000000000001,25.85,1009,0
2024,6,12,21,0,35.4,12,24.400000000000002,1008,0
2024,6,12,21,30,35.2,12,24.67,1008,0
2024,6,12,22,0,35,11.4,23.91,1008,0
2024,6,12,22,30,34.4,11.4,24.72,1008,0
2024,6,12,23,0,33.7,11.100000000000001,25.18,1008,0
2024,6,12,23,30,32.5,11.100000000000001,26.92,1008,0
2024,6,13,0,0,31.3,11.200000000000001,29.150000000000002,1008,0
2024,6,13,0,30,29.700000000000003,11.200000000000001,31.93,1008,0
2024,6,13,1,0,28.1,11.5,35.72,1008,0
2024,6,13,1,30,26.1,11.5,40.14,1008,0
2024,6,13,2,0,24.200000000000003,11.700000000000001,45.660000000000004,1009,0
2024,6,13,2,30,22.3,11.700000000000001,51.19,1009,0
2024,6,13,3,0,20.5,11.700000000000001,56.88,1009,0
2024,6,13,3,30,19.400000000000002,11.700000000000001,60.88,1009,0
2024,6,13,4,0,18.3,11.4,63.93,1009,0
2024,6,13,4,30,17.6,11.4,66.87,1010,0
2024,6,13,5,0,16.900000000000002,11.100000000000001,68.71000000000001,1010,0
2024,6,13,5,30,16.400000000000002,11.100000000000001,70.92,1010,0
2024,6,13,6,0,15.9,11,72.59,1010,0
2024,6,13,6,30,15.5,11,74.47,1010,0
2024,6,13,7,0,15.100000000000001,10.9,76.05,1010,0
2024,6,13,7,30,14.8,10.9,77.53,1010,0
2024,6,13,8,0,14.5,10.9,78.87,1010,0
2024,6,13,8,30,14.200000000000001,10.9,80.33,1009,0
2024,6,13,9,0,13.8,10.9,82.8,1009,0
2024,6,13,9,30,13.5,10.9,84.43,1009,0
2024,6,13,10,0,13.200000000000001,11,86.44,1009,0
2024,6,13,10,30,13,11,87.65,1010,0
2024,6,13,11,0,12.8,10.9,88.35000000000001,1010,0
2024,6,13,11,30,12.600000000000001,10.9,89.51,1010,0
2024,6,13,12,0,12.4,10.8,89.81,1010,0
2024,6,13,12,30,12.700000000000001,10.8,88.07000000000001,1010,0
2024,6,13,13,0,13,10.600000000000001,85.62,1010,0
2024,6,13,13,30,14.100000000000001,10.700000000000001,79.8,1011,0
2024,6,13,14,0,15.3,10.4,72.62,1011,0
2024,6,13,14,30,16.6,10.4,66.85,1011,0
2024,6,13,15,0,17.900000000000002,10.600000000000001,62.35,1011,0
2024,6,13,15,30,19.200000000000003,10.600000000000001,57.5,1011,0
2024,6,13,16,0,20.5,11,54.28,1012,0
2024,6,13,16,30,21.8,11,50.13,1012,0
2024,6,13,17,0,23.1,11.100000000000001,46.910000000000004,1012,0
2024,6,13,17,30,24.400000000000002,11.100000000000001,43.39,1012,0
2024,6,13,18,0,25.6,11.200000000000001,40.51,1012,0
2024,6,13,18,30,26.6,11.200000000000001,38.19,1012,0
2024,6,13,19,0,27.6,11,35.54,1012,0
2024,6,13,19,30,28.400000000000002,11,33.89,1011,0
2024,6,13,20,0,29.200000000000003,10.700000000000001,31.75,1011,0
2024,6,13,20,30,29.700000000000003,10.700000000000001,30.85,1011,0
2024,6,13,21,0,30.200000000000003,10.5,29.490000000000002,1011,0
2024,6,13,21,30,30.400000000000002,10.5,29.16,1011,0
2024,6,13,22,0,30.5,10.4,28.79,1011,0
2024,6,13,22,30,30.200000000000003,10.4,29.29,1011,0
2024,6,13,23,0,30,10.200000000000001,29.25,1011,0
2024,6,13,23,30,29.200000000000003,10.200000000000001,30.62,1011,0
2024,6,14,0,0,28.5,10,31.52,1011,0
2024,6,14,0,30,27.200000000000003,10,33.99,1011,0
2024,6,14,1,0,25.900000000000002,9.9,36.53,1011,0
2024,6,14,1,30,24,9.9,40.89,1011,0
2024,6,14,2,0,22.1,9.9,46,1011,0
2024,6,14,2,30,20.3,9.9,51.4,1012,0
2024,6,14,3,0,18.5,9.9,57.18,1012,0
2024,6,14,3,30,17.400000000000002,9.9,61.26,1012,0
2024,6,14,4,0,16.3,9.8,65.19,1012,0
2024,6,14,4,30,15.600000000000001,9.700000000000001,68.16,1012,0
2024,6,14,5,0,15,9.700000000000001,70.76,1013,0
2024,6,14,5,30,14.5,9.700000000000001,73.07000000000001,1013,0
2024,6,14,6,0,14.100000000000001,9.8,75.14,1013,0
2024,6,14,6,30,13.9,9.8,76.12,1013,0
2024,6,14,7,0,13.600000000000001,9.8,77.61,1013,0
2024,6,14,7,30,13.4,9.8,78.63,1013,0
2024,6,14,8,0,13.200000000000001,9.700000000000001,79.2,1013,0
2024,6,14,8,30,13,9.700000000000001,80.24,1013,0
2024,6,14,9,0,12.700000000000001,9.600000000000001,81.39,1012,0
2024,6,14,9,30,12.4,9.600000000000001,83.01,1012,0
2024,6,14,10,0,12,9.5,84.68,1012,0
2024,6,14,10,30,11.8,9.5,85.89,1013,0
2024,6,14,11,0,11.5,9.3,86.44,1013,0
2024,6,14,11,30,11.3,9.3,87.59,1013,0
2024,6,14,12,0,11.100000000000001,9.200000000000001,87.94,1013,0
2024,6,14,12,30,11.700000000000001,9.200000000000001,84.53,1013,0
2024,6,14,13,0,12.3,9.200000000000001,81.13,1013,0
2024,6,14,13,30,13.5,9.200000000000001,75.02,1013,0
2024,6,14,14,0,14.700000000000001,9,68.56,1014,0
2024,6,14,14,30,16.3,9,61.9,1014,0
2024,6,14,15,0,17.900000000000002,9.1,56.300000000000004,1014,0
2024,6,14,15,30,19.400000000000002,9.1,51.27,1014,0
2024,6,14,16,0,20.900000000000002,9.200000000000001,47.25,1014,0
2024,6,14,16,30,22.400000000000002,9.3,43.13,1014,0
2024,6,14,17,0,23.900000000000002,9.3,39.4,1014,0
2024,6,14,17,30,25.3,9.3,36.25,1014,0
2024,6,14,18,0,26.8,9.200000000000001,32.97,1014,0
2024,6,14,18,30,28.200000000000003,9.200000000000001,30.39,1014,0
2024,6,14,19,0,29.700000000000003,8.9,27.43,1014,0
2024,6,14,19,30,31,8.9,25.44,1013,0
2024,6,14,20,0,32.300000000000004,8.5,22.94,1013,0
2024,6,14,20,30,33,8.5,22.06,1013,0
2024,6,14,21,0,33.800000000000004,7.9,20.27,1012,0
2024,6,14,21,30,34,7.9,20.04,1012,0
2024,6,14,22,0,34.2,7,18.67,1012,0
2024,6,14,22,30,33.9,7,18.97,1011,0
2024,6,14,23,0,33.6,5.7,17.66,1011,0
2024,6,14,23,30,32.800000000000004,5.7,18.46,1011,0
2024,6,15,0,0,32,4.1000000000000005,17.23,1011,0
2024,6,15,0,30,30.700000000000003,4.1000000000000005,18.55,1011,0
2024,6,15,1,0,29.5,3.3000000000000003,18.740000000000002,1011,0
2024,6,15,1,30,27.700000000000003,3.3000000000000003,20.79,1011,0
2024,6,15,2,0,25.900000000000002,4.4,24.990000000000002,1012,0
2024,6,15,2,30,24.200000000000003,4.4,27.64,1012,0
2024,6,15,3,0,22.400000000000002,6,34.62,1012,0
2024,6,15,3,30,21.3,6,37.01,1012,0
2024,6,15,4,0,20.1,7.7,44.58,1013,0
2024,6,15,4,30,19.1,7.7,47.43,1013,0
2024,6,15,5,0,18,8.8,54.99,1013,0
2024,6,15,5,30,17.400000000000002,8.8,57.160000000000004,1014,0
2024,6,15,6,0,16.8,9.4,61.870000000000005,1014,0
2024,6,15,6,30,16.2,9.4,64.26,1014,0
2024,6,15,7,0,15.600000000000001,9.700000000000001,67.8,1014,0
2024,6,15,7,30,15.200000000000001,9.700000000000001,69.55,1014,0
2024,6,15,8,0,14.8,9.4,70.05,1013,0
2024,6,15,8,30,14.4,9.4,71.95,1014,0
2024,6,15,9,0,14,9,71.78,1014,0
2024,6,15,9,30,13.600000000000001,9,73.66,1014,0
2024,6,15,10,0,13.200000000000001,8.5,73.31,1014,0
2024,6,15,10,30,12.8,8.5,75.24,1014,0
2024,6,15,11,0,12.5,8,74.13,1014,0
2024,6,15,11,30,12.3,8,75.11,1014,0
2024,6,15,12,0,12.100000000000001,7.5,73.36,1014,0
2024,6,15,12,30,13,7.5,69.17,1014,0
2024,6,15,13,0,13.9,7.2,64.12,1014,0
2024,6,15,13,30,15.4,7.2,58.22,1014,0
2024,6,15,14,0,16.900000000000002,6.800000000000001,51.45,1014,0
2024,6,15,14,30,18.8,6.800000000000001,45.67,1014,0
2024,6,15,15,0,20.6,7.2,41.76,1014,0
2024,6,15,15,30,22,7.2,38.33,1014,0
2024,6,15,16,0,23.400000000000002,7.6000000000000005,36.37,1014,0
2024,6,15,16,30,24.8,7.6000000000000005,33.45,1014,0
2024,6,15,17,0,26.1,7.5,30.580000000000002,1014,0
2024,6,15,17,30,27.3,7.5,28.51,1014,0
2024,6,15,18,0,28.5,6.6000000000000005,25.09,1014,0
2024,6,15,18,30,29.400000000000002,6.6000000000000005,23.8,1013,0
2024,6,15,19,0,30.200000000000003,5.6000000000000005,21.2,1013,0
2024,6,15,19,30,30.900000000000002,5.6000000000000005,20.37,1013,0
2024,6,15,20,0,31.6,4.3,17.86,1012,0
2024,6,15,20,30,32.1,4.3,17.36,1012,0
2024,6,15,21,0,32.5,3,15.48,1011,0
2024,6,15,21,30,32.7,3,15.31,1011,0
2024,6,15,22,0,32.9,1.7000000000000002,13.85,1011,0
2024,6,15,22,30,32.800000000000004,1.7000000000000002,13.91,1010,0
2024,6,15,23,0,32.800000000000004,0.7000000000000001,12.93,1010,0
2024,6,15,23,30,32.4,0.7000000000000001,13.22,1010,0
2024,6,16,0,0,32.1,0.2,12.98,1010,0
2024,6,16,0,30,31.5,0.2,13.42,1010,0
2024,6,16,1,0,30.900000000000002,0.9,14.66,1010,0
2024,6,16,1,30,29.200000000000003,0.9,16.16,1010,0
2024,6,16,2,0,27.5,10,33.46,1010,0
2024,6,16,2,30,25.5,10,37.63,1010,0
2024,6,16,3,0,23.6,9.600000000000001,40.96,1010,0
2024,6,16,3,30,22.5,9.600000000000001,43.77,1010,0
2024,6,16,4,0,21.400000000000002,8.6,43.96,1010,0
2024,6,16,4,30,20.3,8.6,47.03,1010,0
2024,6,16,5,0,19.1,9.1,52.14,1010,0
2024,6,16,5,30,18.3,9.1,54.81,1010,0
2024,6,16,6,0,17.5,9,57.45,1010,0
2024,6,16,6,30,17.1,9,58.92,1010,0
2024,6,16,7,0,16.8,8.4,57.63,1010,0
2024,6,16,7,30,16.7,8.4,57.99,1010,0
2024,6,16,8,0,16.6,7.300000000000001,54.28,1010,0
2024,6,16,8,30,16.5,7.300000000000001,54.63,1010,0
2024,6,16,9,0,16.400000000000002,6.1000000000000005,50.39,1010,0
2024,6,16,9,30,16,6.1000000000000005,51.69,1010,0
2024,6,16,10,0,15.700000000000001,5.6000000000000005,51.18,1010,0
2024,6,16,10,30,15.5,5.6000000000000005,51.84,1010,0
2024,6,16,11,0,15.200000000000001,5.2,51.39,1010,0
2024,6,16,11,30,15.100000000000001,5.2,51.72,1010,0
2024,6,16,12,0,15,4.7,50.25,1010,0
2024,6,16,12,30,15.700000000000001,4.7,48.050000000000004,1010,0
2024,6,16,13,0,16.400000000000002,4.6000000000000005,45.61,1010,0
2024,6,16,13,30,17.8,4.6000000000000005,41.75,1010,0
2024,6,16,14,0,19.1,4.5,38.28,1010,0
2024,6,16,14,30,20.6,4.6000000000000005,34.89,1010,0
2024,6,16,15,0,22,4.2,31.220000000000002,1011,0
2024,6,16,15,30,23.5,4.2,28.51,1011,0
2024,6,16,16,0,25,3.5,24.740000000000002,1010,0
2024,6,16,16,30,26.5,3.5,22.650000000000002,1010,0
2024,6,16,17,0,27.900000000000002,1.5,18.080000000000002,1010,0
2024,6,16,17,30,29.1,1.5,16.87,1010,0
2024,6,16,18,0,30.200000000000003,-0.4,13.870000000000001,1010,0
2024,6,16,18,30,31,-0.4,13.24,1009,0
2024,6,16,19,0,31.8,-1.1,12.040000000000001,1009,0
2024,6,16,19,30,32.4,-1.1,11.64,1009,0
2024,6,16,20,0,33.1,-0.7000000000000001,11.47,1009,0
2024,6,16,20,30,33.5,-0.7000000000000001,11.21,1008,0
2024,6,16,21,0,33.9,0.1,11.65,1008,0
2024,6,16,21,30,34,0.1,11.57,1007,0
2024,6,16,22,0,34.1,1.1,12.39,1007,0
2024,6,16,22,30,33.9,1.1,12.530000000000001,1007,0
2024,6,16,23,0,33.800000000000004,2.2,13.6,1006,0
2024,6,16,23,30,33.300000000000004,2.2,13.98,1006,0
2024,6,17,0,0,32.800000000000004,3.5,15.74,1006,0
2024,6,17,0,30,31.8,3.5,16.65,1006,0
2024,6,17,1,0,30.900000000000002,4.9,19.45,1006,0
2024,6,17,1,30,29.400000000000002,4.9,21.19,1006,0
2024,6,17,2,0,27.8,6.7,26.23,1006,0
2024,6,17,2,30,26,6.7,29.150000000000002,1006,0
2024,6,17,3,0,24.200000000000003,7.4,34.01,1006,0
2024,6,17,3,30,23,7.4,36.59,1007,0
2024,6,17,4,0,21.8,7.7,40.24,1007,0
2024,6,17,4,30,20.900000000000002,7.7,42.56,1008,0
2024,6,17,5,0,20.1,8,45.51,1008,0
2024,6,17,5,30,19.400000000000002,8,47.53,1008,0
2024,6,17,6,0,18.8,8,49.45,1008,0
2024,6,17,6,30,18.3,8,51.02,1008,0
2024,6,17,7,0,17.8,7.9,52.49,1008,0
2024,6,17,7,30,17.3,7.9,54.160000000000004,1008,0
2024,6,17,8,0,16.900000000000002,7.800000000000001,55.04,1008,0
2024,6,17,8,30,16.5,7.800000000000001,56.45,1008,0
2024,6,17,9,0,16.1,7.5,56.67,1008,0
2024,6,17,9,30,15.700000000000001,7.5,58.19,1009,0
2024,6,17,10,0,15.3,7.300000000000001,58.69,1009,0
2024,6,17,10,30,14.9,7.300000000000001,60.21,1009,0
2024,6,17,11,0,14.5,6.9,60.27,1009,0
2024,6,17,11,30,14.200000000000001,6.9,61.45,1009,0
2024,6,17,12,0,13.9,6.300000000000001,60.08,1009,0
2024,6,17,12,30,14.4,6.300000000000001,58.230000000000004,1010,0
2024,6,17,13,0,15,5.5,52.96,1010,0
2024,6,17,13,30,16.2,5.5,49.050000000000004,1010,0
2024,6,17,14,0,17.3,5.2,44.78,1011,0
2024,6,17,14,30,18.5,5.2,41.53,1011,0
2024,6,17,15,0,19.700000000000003,4.3,36.12,1011,0
2024,6,17,15,30,20.8,4.3,33.75,1011,0
2024,6,17,16,0,21.8,2,27.04,1012,0
2024,6,17,16,30,22.900000000000002,2,25.29,1012,0
2024,6,17,17,0,23.900000000000002,0.1,20.82,1012,0
2024,6,17,17,30,24.900000000000002,0.1,19.59,1011,0
2024,6,17,18,0,26,-0.9,17.04,1011,0
2024,6,17,18,30,26.900000000000002,-0.9,16.16,1011,0
2024,6,17,19,0,27.8,-1.5,14.66,1011,0
2024,6,17,19,30,28.5,-1.5,14.06,1010,0
2024,6,17,20,0,29.3,-2.3000000000000003,12.73,1010,0
2024,6,17,20,30,29.700000000000003,-2.3000000000000003,12.44,1010,0
2024,6,17,21,0,30.1,-2.9000000000000004,11.57,1009,0
2024,6,17,21,30,30.3,-2.9000000000000004,11.44,1009,0
2024,6,17,22,0,30.5,-3.3000000000000003,10.96,1009,0
2024,6,17,22,30,30.400000000000002,-3.3000000000000003,11.02,1009,0
2024,6,17,23,0,30.3,-3.3000000000000003,11.11,1009,0
2024,6,17,23,30,30,-3.3000000000000003,11.290000000000001,1008,0
2024,6,18,0,0,29.6,-3,11.85,1008,0
2024,6,18,0,30,29,-3,12.27,1008,0
2024,6,18,1,0,28.400000000000002,-1.9000000000000001,13.74,1008,0
2024,6,18,1,30,26.900000000000002,-1.9000000000000001,14.99,1008,0
2024,6,18,2,0,25.400000000000002,2.6,22.76,1008,0
2024,6,18,2,30,23.1,2.6,26.11,1008,0
2024,6,18,3,0,20.8,4.800000000000001,35.03,1008,0
2024,6,18,3,30,20.1,4.800000000000001,36.57,1008,0
2024,6,18,4,0,19.3,4.3,37.230000000000004,1008,0
2024,6,18,4,30,18.900000000000002,4.3,38.17,1008,0
2024,6,18,5,0,18.5,3.9000000000000004,37.99,1008,0
2024,6,18,5,30,18.1,3.9000000000000004,38.95,1008,0
2024,6,18,6,0,17.6,3.7,39.7,1008,0
2024,6,18,6,30,17.2,3.7,40.71,1008,0
2024,6,18,7,0,16.8,4,42.57,1007,0
2024,6,18,7,30,16.5,4,43.38,1007,0
2024,6,18,8,0,16.1,4,44.49,1007,0
2024,6,18,8,30,15.8,4,45.35,1007,0
2024,6,18,9,0,15.4,3.9000000000000004,46.36,1007,0
2024,6,18,9,30,15.100000000000001,3.9000000000000004,47.26,1007,0
2024,6,18,10,0,14.8,3.9000000000000004,48.04,1007,0
2024,6,18,10,30,14.5,3.9000000000000004,48.980000000000004,1007,0
2024,6,18,11,0,14.3,3.8000000000000003,49.38,1007,0
2024,6,18,11,30,14.200000000000001,3.8000000000000003,49.7,1007,0
2024,6,18,12,0,14,3.8000000000000003,50.07,1007,0
2024,6,18,12,30,14.600000000000001,3.8000000000000003,48.22,1008,0
2024,6,18,13,0,15.200000000000001,4,47.19,1008,0
2024,6,18,13,30,16.6,4,43.17,1008,0
2024,6,18,14,0,18.1,4.2,39.79,1008,0
2024,6,18,14,30,19.700000000000003,4.2,36.02,1008,0
2024,6,18,15,0,21.3,4.2,32.5,1009,0
2024,6,18,15,30,22.8,4.2,29.67,1009,0
2024,6,18,16,0,24.3,3.9000000000000004,26.54,1009,0
2024,6,18,16,30,25.6,3.9000000000000004,24.560000000000002,1009,0
2024,6,18,17,0,26.900000000000002,3.1,21.490000000000002,1009,0
2024,6,18,17,30,28.200000000000003,3.1,19.93,1009,0
2024,6,18,18,0,29.6,1.3,16.23,1008,0
2024,6,18,18,30,30.400000000000002,1.3,15.5,1008,0
2024,6,18,19,0,31.200000000000003,-0.1,13.39,1008,0
2024,6,18,19,30,31.400000000000002,-0.1,13.24,1008,0
2024,6,18,20,0,31.5,-0.9,12.38,1008,0
2024,6,18,20,30,31.3,-0.9,12.52,1008,0
2024,6,18,21,0,31.1,-1.4000000000000001,12.22,1007,0
2024,6,18,21,30,31,-1.4000000000000001,12.290000000000001,1007,0
2024,6,18,22,0,30.900000000000002,-1.2000000000000002,12.55,1007,0
2024,6,18,22,30,31.1,-1.2000000000000002,12.4,1007,0
2024,6,18,23,0,31.3,-0.9,12.55,1007,0
2024,6,18,23,30,30.900000000000002,-0.9,12.84,1007,0
2024,6,19,0,0,30.6,-0.7000000000000001,13.27,1007,0
2024,6,19,0,30,29.700000000000003,-0.7000000000000001,13.97,1007,0
2024,6,19,1,0,28.900000000000002,0.30000000000000004,15.67,1007,0
2024,6,19,1,30,27.1,0.30000000000000004,17.400000000000002,1007,0
2024,6,19,2,0,25.3,3.7,24.76,1007,0
2024,6,19,2,30,23.1,3.7,28.240000000000002,1007,0
2024,6,19,3,0,20.8,4.800000000000001,35.03,1007,0
2024,6,19,3,30,19.8,4.800000000000001,37.29,1008,0
2024,6,19,4,0,18.8,4.9,39.96,1008,0
2024,6,19,4,30,17.900000000000002,4.9,42.27,1008,0
2024,6,19,5,0,17.1,5.9,47.68,1008,0
2024,6,19,5,30,16.2,5.9,50.480000000000004,1008,0
2024,6,19,6,0,15.4,7.4,58.88,1008,0
2024,6,19,6,30,14.700000000000001,7.4,61.59,1008,0
2024,6,19,7,0,14,8.9,71.4,1008,0
2024,6,19,7,30,13.4,8.9,74.23,1008,0
2024,6,19,8,0,12.9,9.9,81.8,1008,0
2024,6,19,8,30,12.600000000000001,9.9,83.42,1008,0
2024,6,19,9,0,12.4,10.100000000000001,85.93,1008,0
2024,6,19,9,30,12.100000000000001,10.100000000000001,87.64,1008,0
2024,6,19,10,0,11.9,10,88.34,1008,0
2024,6,19,10,30,11.700000000000001,10,89.51,1008,0
2024,6,19,11,0,11.5,9.8,89.57000000000001,1008,0
2024,6,19,11,30,11.3,9.8,90.76,1008,0
2024,6,19,12,0,11.200000000000001,9.700000000000001,90.19,1008,0
2024,6,19,12,30,11.600000000000001,9.700000000000001,87.93,1009,0
2024,6,19,13,0,12.100000000000001,9.600000000000001,84.66,1009,0
2024,6,19,13,30,13.3,9.600000000000001,78.28,1009,0
2024,6,19,14,0,14.5,9.4,71.43,1009,0
2024,6,19,14,30,16.3,9.4,63.67,1009,0
2024,6,19,15,0,18,9.5,57.38,1010,0
2024,6,19,15,30,19.400000000000002,9.5,52.59,1010,0
2024,6,19,16,0,20.900000000000002,9.5,48.050000000000004,1010,0
2024,6,19,16,30,22.3,9.5,44.13,1010,0
2024,6,19,17,0,23.8,8.9,38.67,1010,0
2024,6,19,17,30,25.200000000000003,8.9,35.57,1010,0
2024,6,19,18,0,26.700000000000003,7.300000000000001,29.13,1010,0
2024,6,19,18,30,28.200000000000003,7.300000000000001,26.69,1010,0
2024,6,19,19,0,29.700000000000003,3.8000000000000003,19.19,1010,0
2024,6,19,19,30,30.6,3.8000000000000003,18.21,1009,0
2024,6,19,20,0,31.5,1.2000000000000002,14.44,1009,0
2024,6,19,20,30,31.8,1.2000000000000002,14.19,1009,0
2024,6,19,21,0,32.1,0.30000000000000004,13.07,1008,0
2024,6,19,21,30,32.1,0.30000000000000004,13.07,1008,0
2024,6,19,22,0,32.1,0.1,12.92,1008,0
2024,6,19,22,30,31.8,0.1,13.14,1008,0
2024,6,19,23,0,31.6,0.4,13.540000000000001,1008,0
2024,6,19,23,30,30.900000000000002,0.4,14.08,1008,0
2024,6,20,0,0,30.3,1.1,15.36,1008,0
2024,6,20,0,30,29.1,1.1,16.45,1008,0
2024,6,20,1,0,27.900000000000002,2.8000000000000003,19.86,1008,0
2024,6,20,1,30,26,2.8000000000000003,22.19,1008,0
2024,6,20,2,0,24,5.6000000000000005,30.560000000000002,1009,0
2024,6,20,2,30,21.900000000000002,5.6000000000000005,34.68,1009,0
2024,6,20,3,0,19.900000000000002,7.4,44.33,1009,0
2024,6,20,3,30,18.6,7.4,48.1,1010,0
2024,6,20,4,0,17.400000000000002,8.5,56.01,1010,0
2024,6,20,4,30,16.6,8.5,58.92,1010,0
2024,6,20,5,0,15.8,9.200000000000001,64.96000000000001,1010,0
2024,6,20,5,30,15.100000000000001,9.200000000000001,67.94,1010,0
2024,6,20,6,0,14.5,9.600000000000001,72.66,1010,0
2024,6,20,6,30,14,9.600000000000001,75.05,1010,0
2024,6,20,7,0,13.600000000000001,9.9,78.14,1010,0
2024,6,20,7,30,13.200000000000001,9.9,80.2,1010,0
2024,6,20,8,0,12.9,9.8,81.71000000000001,1009,0
2024,6,20,8,30,12.600000000000001,9.8,83.33,1009,0
2024,6,20,9,0,12.3,9.8,84.81,1009,0
2024,6,20,9,30,12.100000000000001,9.8,85.93,1009,0
2024,6,20,10,0,11.8,9.8,87.45,1009,0
2024,6,20,10,30,11.700000000000001,9.8,88.03,1009,0
2024,6,20,11,0,11.5,9.700000000000001,88.65,1009,0
2024,6,20,11,30,11.4,9.700000000000001,89.24,1009,0
2024,6,20,12,0,11.3,9.600000000000001,89.25,1009,0
2024,6,20,12,30,11.8,9.600000000000001,86.35000000000001,1009,0
2024,6,20,13,0,12.3,9.600000000000001,83.79,1009,0
2024,6,20,13,30,13.600000000000001,9.600000000000001,76.98,1009,0
2024,6,20,14,0,15,9.4,69.02,1009,0
2024,6,20,14,30,16.5,9.4,62.730000000000004,1009,0
2024,6,20,15,0,18,9.3,56.730000000000004,1009,0
2024,6,20,15,30,19.400000000000002,9.3,52.04,1010,0
2024,6,20,16,0,20.8,9.5,48.38,1010,0
2024,6,20,16,30,22.200000000000003,9.5,44.42,1010,0
2024,6,20,17,0,23.700000000000003,9.3,40,1010,0
2024,6,20,17,30,24.900000000000002,9.3,37.24,1010,0
2024,6,20,18,0,26.200000000000003,8.8,33.37,1010,0
2024,6,20,18,30,27.3,8.8,31.26,1009,0
2024,6,20,19,0,28.3,7.9,27.71,1009,0
2024,6,20,19,30,29.3,7.9,26.150000000000002,1009,0
2024,6,20,20,0,30.200000000000003,7,23.35,1009,0
2024,6,20,20,30,31,7,22.29,1008,0
2024,6,20,21,0,31.700000000000003,5.6000000000000005,19.53,1008,0
2024,6,20,21,30,32.1,5.6000000000000005,19.09,1008,0
2024,6,20,22,0,32.4,5.300000000000001,18.27,1007,0
2024,6,20,22,30,32.300000000000004,5.300000000000001,18.37,1007,0
2024,6,20,23,0,32.1,5.4,18.830000000000002,1007,0
2024,6,20,23,30,31.5,5.4,19.47,1007,0
2024,6,21,0,0,30.8,5.9,20.92,1007,0
2024,6,21,0,30,29.6,5.9,22.41,1007,0
2024,6,21,1,0,28.400000000000002,6.800000000000001,25.63,1007,0
2024,6,21,1,30,26.3,6.800000000000001,28.96,1007,0
2024,6,21,2,0,24.3,8.6,36.800000000000004,1007,0
2024,6,21,2,30,22.3,8.6,41.550000000000004,1008,0
2024,6,21,3,0,20.3,9.5,49.730000000000004,1008,0
2024,6,21,3,30,19.1,9.5,53.56,1008,0
2024,6,21,4,0,17.900000000000002,9.700000000000001,58.870000000000005,1008,0
2024,6,21,4,30,17.2,9.700000000000001,61.52,1008,0
2024,6,21,5,0,16.5,9.8,64.54,1008,0
2024,6,21,5,30,15.9,9.8,67.05,1008,0
2024,6,21,6,0,15.3,9.8,69.7,1008,0
2024,6,21,6,30,14.9,9.8,71.44,1007,0
2024,6,21,7,0,14.4,9.600000000000001,73.14,1007,0
2024,6,21,7,30,14,9.600000000000001,75.05,1007,0
2024,6,21,8,0,13.600000000000001,9.5,76.18,1007,0
2024,6,21,8,30,13.3,9.5,77.68,1007,0
2024,6,21,9,0,12.9,9.5,79.83,1007,0
2024,6,21,9,30,12.600000000000001,9.5,81.41,1007,0
2024,6,21,10,0,12.3,9.600000000000001,83.5,1007,0
2024,6,21,10,30,12.100000000000001,9.600000000000001,84.60000000000001,1007,0
2024,6,21,11,0,11.8,9.600000000000001,86.14,1007,0
2024,6,21,11,30,11.8,9.600000000000001,86.14,1007,0
2024,6,21,12,0,11.700000000000001,9.4,85.87,1007,0
2024,6,21,12,30,12.100000000000001,9.4,83.64,1007,0
2024,6,21,13,0,12.4,9.600000000000001,83.21000000000001,1008,0
2024,6,21,13,30,13.600000000000001,9.600000000000001,76.95,1008,0
2024,6,21,14,0,14.8,9.600000000000001,71.19,1008,0
2024,6,21,14,30,16.5,9.600000000000001,63.870000000000005,1008,0
2024,6,21,15,0,18.2,10,58.67,1008,0
2024,6,21,15,30,20,10,52.47,1008,0
2024,6,21,16,0,21.900000000000002,10.100000000000001,47.08,1008,0
2024,6,21,16,30,23.700000000000003,10.100000000000001,42.230000000000004,1008,0
2024,6,21,17,0,25.5,9.700000000000001,36.94,1008,0
2024,6,21,17,30,27.1,9.700000000000001,33.62,1008,0
2024,6,21,18,0,28.700000000000003,9,29.21,1008,0
2024,6,21,18,30,30.3,9,26.62,1007,0
2024,6,21,19,0,31.900000000000002,7.4,21.82,1007,0
2024,6,21,19,30,33,7.4,20.51,1007,0
2024,6,21,20,0,34,6.7,18.400000000000002,1006,0
2024,6,21,20,30,34.6,6.7,17.8,1006,0
2024,6,21,21,0,35.2,6.7,17.25,1006,0
2024,6,21,21,30,35.4,6.7,17.06,1006,0
2024,6,21,22,0,35.7,6.9,17,1005,0
2024,6,21,22,30,35.5,6.9,17.19,1005,0
2024,6,21,23,0,35.4,7,17.43,1005,0
2024,6,21,23,30,34.800000000000004,7,18.01,1005,0
2024,6,22,0,0,34.2,7.2,18.93,1005,0
2024,6,22,0,30,33.1,7.2,20.12,1005,0
2024,6,22,1,0,31.900000000000002,8.1,22.77,1005,0
2024,6,22,1,30,29.700000000000003,8,25.810000000000002,1005,0
2024,6,22,2,0,27.6,9.600000000000001,32.33,1005,0
2024,6,22,2,30,25.3,9.600000000000001,37.04,1006,0
2024,6,22,3,0,22.900000000000002,10.200000000000001,44.46,1006,0
2024,6,22,3,30,21.6,10.200000000000001,48.11,1006,0
2024,6,22,4,0,20.200000000000003,10.200000000000001,52.620000000000005,1006,0
2024,6,22,4,30,19.3,10.200000000000001,55.69,1007,0
2024,6,22,5,0,18.400000000000002,10.3,59.06,1007,0
2024,6,22,5,30,17.8,10.3,61.32,1007,0
2024,6,22,6,0,17.2,10.3,63.71,1007,0
2024,6,22,6,30,16.8,10.3,65.34,1007,0
2024,6,22,7,0,16.3,10.3,67.42,1007,0
2024,6,22,7,30,15.9,10.3,69.16,1007,0
2024,6,22,8,0,15.600000000000001,10.3,70.84,1007,0
2024,6,22,8,30,15.100000000000001,10.3,73.14,1007,0
2024,6,22,9,0,14.700000000000001,10.5,75.81,1007,0
2024,6,22,9,30,14.3,10.5,77.79,1007,0
2024,6,22,10,0,13.9,10.600000000000001,80.45,1007,0
2024,6,22,10,30,13.600000000000001,10.600000000000001,82.03,1007,0
2024,6,22,11,0,13.200000000000001,10.600000000000001,84.17,1007,0
2024,6,22,11,30,13,10.600000000000001,85.27,1007,0
2024,6,22,12,0,12.700000000000001,10.4,86.04,1007,0
2024,6,22,12,30,13.200000000000001,10.4,83.28,1007,0
2024,6,22,13,0,13.600000000000001,10.200000000000001,79.85000000000001,1007,0
2024,6,22,13,30,14.8,10.200000000000001,73.9,1007,0
2024,6,22,14,0,15.9,10,67.8,1008,0
2024,6,22,14,30,17.8,10,60.13,1008,0
2024,6,22,15,0,19.700000000000003,9.600000000000001,52,1008,0
2024,6,22,15,30,22,9.600000000000001,45.17,1008,0
2024,6,22,16,0,24.3,7.800000000000001,34.92,1008,0
2024,6,22,16,30,26.400000000000002,7.800000000000001,30.84,1008,0
2024,6,22,17,0,28.5,7.300000000000001,26.37,1008,0
2024,6,22,17,30,30.400000000000002,7.300000000000001,23.64,1008,0
2024,6,22,18,0,32.300000000000004,6.6000000000000005,20.16,1008,0
2024,6,22,18,30,34.1,6.6000000000000005,18.21,1007,0
2024,6,22,19,0,36,5.9,15.63,1007,0
2024,6,22,19,30,37.300000000000004,5.9,14.56,1007,0
2024,6,22,20,0,38.7,4.9,12.620000000000001,1007,0
2024,6,22,20,30,39.300000000000004,4.9,12.23,1007,0
2024,6,22,21,0,40,4.4,11.370000000000001,1007,0
2024,6,22,21,30,40.2,4.4,11.24,1006,0
2024,6,22,22,0,40.400000000000006,4.2,10.950000000000001,1006,0
2024,6,22,22,30,40.2,4.2,11.07,1006,0
2024,6,22,23,0,40,4.1000000000000005,11.13,1006,0
2024,6,22,23,30,39.400000000000006,4.1000000000000005,11.49,1006,0
2024,6,23,0,0,38.800000000000004,4.5,12.200000000000001,1006,0
2024,6,23,0,30,37.6,4.5,13.01,1006,0
2024,6,23,1,0,36.4,6.1000000000000005,15.540000000000001,1006,0
2024,6,23,1,30,34.1,6.1000000000000005,17.64,1006,0
2024,6,23,2,0,31.700000000000003,9.9,26.02,1006,0
2024,6,23,2,30,29.200000000000003,9.8,30,1006,0
2024,6,23,3,0,26.6,10.100000000000001,35.61,1007,0
2024,6,23,3,30,25.400000000000002,10.100000000000001,38.22,1007,0
2024,6,23,4,0,24.3,10,40.56,1007,0
2024,6,23,4,30,23.400000000000002,10,42.800000000000004,1007,0
2024,6,23,5,0,22.6,10.200000000000001,45.53,1008,0
2024,6,23,5,30,21.8,10.200000000000001,47.79,1008,0
2024,6,23,6,0,21.1,10.5,50.67,1008,0
2024,6,23,6,30,20.400000000000002,10.5,52.89,1008,0
2024,6,23,7,0,19.700000000000003,10.600000000000001,55.69,1008,0
2024,6,23,7,30,19.1,10.600000000000001,57.800000000000004,1008,0
2024,6,23,8,0,18.5,10.700000000000001,60.28,1008,0
2024,6,23,8,30,18,10.700000000000001,62.2,1008,0
2024,6,23,9,0,17.5,10.700000000000001,64.45,1008,0
2024,6,23,9,30,17,10.700000000000001,66.51,1008,0
2024,6,23,10,0,16.6,10.8,68.58,1008,0
2024,6,23,10,30,16.2,10.8,70.34,1008,0
2024,6,23,11,0,15.8,10.8,72.38,1008,0
2024,6,23,11,30,15.4,10.8,74.25,1008,0
2024,6,23,12,0,15.100000000000001,10.8,75.72,1008,0
2024,6,23,12,30,15.4,10.9,74.35000000000001,1009,0
2024,6,23,13,0,15.700000000000001,10.8,72.76,1009,0
2024,6,23,13,30,16.900000000000002,10.8,67.42,1009,0
2024,6,23,14,0,18.1,10.700000000000001,61.910000000000004,1009,0
2024,6,23,14,30,20,10.700000000000001,55.01,1009,0
2024,6,23,15,0,21.900000000000002,10.600000000000001,48.82,1010,0
2024,6,23,15,30,24.1,10.700000000000001,42.76,1010,0
2024,6,23,16,0,26.400000000000002,9.4,34.24,1010,0
2024,6,23,16,30,28,9.4,31.19,1010,0
2024,6,23,17,0,29.700000000000003,8.200000000000001,26.09,1010,0
2024,6,23,17,30,31.1,8.200000000000001,24.09,1010,0
2024,6,23,18,0,32.5,7.7,21.42,1010,0
2024,6,23,18,30,33.6,7.6000000000000005,20.12,1009,0
2024,6,23,19,0,34.7,7.1000000000000005,18.240000000000002,1009,0
2024,6,23,19,30,35.4,7.1000000000000005,17.55,1009,0
2024,6,23,20,0,36,7,16.82,1009,0
2024,6,23,20,30,36.4,7,16.44,1008,0
2024,6,23,21,0,36.7,6.800000000000001,16.03,1008,0
2024,6,23,21,30,36.9,6.800000000000001,15.84,1007,0
2024,6,23,22,0,37.1,6.9,15.75,1007,0
2024,6,23,22,30,36.9,6.9,15.92,1007,0
2024,6,23,23,0,36.6,7.1000000000000005,16.38,1007,0
2024,6,23,23,30,36.1,7.1000000000000005,16.830000000000002,1007,0
2024,6,24,0,0,35.5,7.300000000000001,17.72,1007,0
2024,6,24,0,30,34.5,7.300000000000001,18.72,1007,0
2024,6,24,1,0,33.4,8,20.92,1007,0
2024,6,24,1,30,31.5,8,23.27,1007,0
2024,6,24,2,0,29.6,9.9,29.37,1007,0
2024,6,24,2,30,27.3,9.9,33.55,1007,0
2024,6,24,3,0,25,10.700000000000001,40.72,1008,0
2024,6,24,3,30,23.700000000000003,10.700000000000001,44,1008,0
2024,6,24,4,0,22.400000000000002,10.5,46.76,1008,0
2024,6,24,4,30,21.3,10.5,50,1008,0
2024,6,24,5,0,20.3,10.3,52.730000000000004,1008,0
2024,6,24,5,30,19.5,10.3,55.46,1009,0
2024,6,24,6,0,18.6,10.3,58.370000000000005,1009,0
2024,6,24,6,30,18,10.3,60.6,1009,0
2024,6,24,7,0,17.3,10.3,63.31,1009,0
2024,6,24,7,30,16.8,10.3,65.34,1009,0
2024,6,24,8,0,16.3,10.3,67.53,1009,0
2024,6,24,8,30,16,10.3,68.83,1009,0
2024,6,24,9,0,15.600000000000001,10.3,70.74,1009,0
2024,6,24,9,30,15.3,10.3,72.11,1009,0
2024,6,24,10,0,15,10.3,73.58,1009,0
2024,6,24,10,30,14.700000000000001,10.3,75.08,1010,0
2024,6,24,11,0,14.4,10.200000000000001,76.13,1010,0
2024,6,24,11,30,14.100000000000001,10.200000000000001,77.62,1010,0
2024,6,24,12,0,13.9,10.100000000000001,78.02,1010,0
2024,6,24,12,30,14.3,10.100000000000001,76.03,1010,0
2024,6,24,13,0,14.700000000000001,10,73.58,1010,0
2024,6,24,13,30,16,10,67.71000000000001,1010,0
2024,6,24,14,0,17.3,9.9,61.64,1010,0
2024,6,24,14,30,19.3,9.9,54.45,1011,0
2024,6,24,15,0,21.3,9.600000000000001,47.300000000000004,1011,0
2024,6,24,15,30,23.3,9.600000000000001,41.9,1011,0
2024,6,24,16,0,25.200000000000003,9,35.92,1011,0
2024,6,24,16,30,27,9,32.3,1011,0
2024,6,24,17,0,28.8,8,27.150000000000002,1011,0
2024,6,24,17,30,30.3,8,24.91,1011,0
2024,6,24,18,0,31.8,6.9,21.13,1011,0
2024,6,24,18,30,33.1,6.9,19.63,1010,0
2024,6,24,19,0,34.300000000000004,5.1000000000000005,16.29,1010,0
2024,6,24,19,30,35.2,5.1000000000000005,15.5,1010,0
2024,6,24,20,0,36.1,2.5,12.290000000000001,1009,0
2024,6,24,20,30,36.6,2.6,11.96,1009,0
2024,6,24,21,0,37,0.9,10.43,1009,0
2024,6,24,21,30,37,0.9,10.43,1009,0
2024,6,24,22,0,36.9,0.5,10.14,1008,0
2024,6,24,22,30,36.5,0.5,10.36,1008,0
2024,6,24,23,0,36.2,0.30000000000000004,10.4,1008,0
2024,6,24,23,30,35.5,0.30000000000000004,10.8,1008,0
2024,6,25,0,0,34.800000000000004,0.4,11.35,1008,0
2024,6,25,0,30,33.7,0.4,12.06,1008,0
2024,6,25,1,0,32.6,1.6,13.97,1008,0
2024,6,25,1,30,30.6,1.6,15.64,1008,0
2024,6,25,2,0,28.700000000000003,5.4,22.85,1009,0
2024,6,25,2,30,26.3,5.4,26.28,1009,0
2024,6,25,3,0,23.900000000000002,8.700000000000001,38.07,1009,0
2024,6,25,3,30,22.700000000000003,8.700000000000001,40.92,1009,0
2024,6,25,4,0,21.5,10,47.96,1009,0
2024,6,25,4,30,20.6,10,50.730000000000004,1010,0
2024,6,25,5,0,19.700000000000003,10.8,56.63,1010,0
2024,6,25,5,30,19.1,10.8,58.78,1010,0
2024,6,25,6,0,18.6,11.3,62.39,1010,0
2024,6,25,6,30,18.2,11.3,63.97,1010,0
2024,6,25,7,0,17.8,11.5,66.6,1010,0
2024,6,25,7,30,17.3,11.5,68.66,1009,0
2024,6,25,8,0,16.900000000000002,11.700000000000001,71.2,1009,0
2024,6,25,8,30,16.5,11.600000000000001,73.03,1009,0
2024,6,25,9,0,16.2,11.8,75.12,1009,0
2024,6,25,9,30,15.8,11.8,77.06,1009,0
2024,6,25,10,0,15.5,11.9,79.10000000000001,1009,0
2024,6,25,10,30,15.200000000000001,11.9,80.63,1009,0
2024,6,25,11,0,15,12,82.32000000000001,1009,0
2024,6,25,11,30,14.9,12,82.85000000000001,1009,0
2024,6,25,12,0,14.9,12,83.06,1009,0
2024,6,25,12,30,15.3,12.100000000000001,81.03,1010,0
2024,6,25,13,0,15.600000000000001,12,79.41,1010,0
2024,6,25,13,30,16.6,12.100000000000001,74.52,1010,0
2024,6,25,14,0,17.5,12.100000000000001,70.51,1010,0
2024,6,25,14,30,19.200000000000003,12.100000000000001,63.47,1011,0
2024,6,25,15,0,20.8,12.100000000000001,57.620000000000005,1011,0
2024,6,25,15,30,22.900000000000002,12.100000000000001,50.71,1011,0
2024,6,25,16,0,24.900000000000002,11.200000000000001,42.22,1011,0
2024,6,25,16,30,26.700000000000003,11.200000000000001,37.96,1011,0
2024,6,25,17,0,28.5,10.600000000000001,32.76,1011,0
2024,6,25,17,30,30.5,10.600000000000001,29.21,1011,0
2024,6,25,18,0,32.5,8.200000000000001,22.16,1011,0
2024,6,25,18,30,34.300000000000004,8.1,20.03,1010,0
2024,6,25,19,0,36.2,3,12.66,1010,0
2024,6,25,19,30,36.9,3.1,12.19,1010,0
2024,6,25,20,0,37.7,1.4000000000000001,10.36,1010,0
2024,6,25,20,30,37.800000000000004,1.4000000000000001,10.31,1010,0
2024,6,25,21,0,37.9,1.1,10.06,1009,0
2024,6,25,21,30,37.4,1.1,10.34,1009,0
2024,6,25,22,0,36.9,1.2000000000000002,10.66,1009,0
2024,6,25,22,30,36.2,1.2000000000000002,11.08,1009,0
2024,6,25,23,0,35.5,1.2000000000000002,11.51,1009,0
2024,6,25,23,30,34.6,1.2000000000000002,12.1,1009,0
2024,6,26,0,0,33.7,1.3,12.82,1009,0
2024,6,26,0,30,32.6,1.3,13.65,1010,0
2024,6,26,1,0,31.6,1.9000000000000001,15.14,1010,0
2024,6,26,1,30,30.1,1.9000000000000001,16.48,1010,0
2024,6,26,2,0,28.6,4.2,21.02,1010,0
2024,6,26,2,30,26.8,4.1000000000000005,23.34,1010,0
2024,6,26,3,0,25,6.800000000000001,31.25,1011,0
2024,6,26,3,30,24.1,6.800000000000001,32.97,1011,0
2024,6,26,4,0,23.1,7.9,37.78,1011,0
2024,6,26,4,30,22.400000000000002,7.9,39.42,1011,0
2024,6,26,5,0,21.700000000000003,8.8,43.56,1012,0
2024,6,26,5,30,21.1,8.8,45.18,1012,0
2024,6,26,6,0,20.6,9.200000000000001,47.82,1012,0
2024,6,26,6,30,20.200000000000003,9.1,49.01,1012,0
2024,6,26,7,0,19.700000000000003,9.4,51.28,1012,0
2024,6,26,7,30,19.3,9.4,52.57,1012,0
2024,6,26,8,0,18.900000000000002,9.4,54.21,1012,0
2024,6,26,8,30,18.6,9.4,55.230000000000004,1012,0
2024,6,26,9,0,18.2,9.600000000000001,57.27,1012,0
2024,6,26,9,30,17.8,9.600000000000001,58.72,1012,0
2024,6,26,10,0,17.5,9.9,61.03,1012,0
2024,6,26,10,30,17.1,9.9,62.59,1012,0
2024,6,26,11,0,16.7,10.200000000000001,65.47,1012,0
2024,6,26,11,30,16.400000000000002,10.200000000000001,66.73,1012,0
2024,6,26,12,0,16,10.4,69.32000000000001,1012,0
2024,6,26,12,30,16,10.4,69.39,1013,0
2024,6,26,13,0,16,10.5,69.87,1013,0
2024,6,26,13,30,17,10.5,65.58,1013,0
2024,6,26,14,0,18.1,10.4,60.86,1013,0
2024,6,26,14,30,19.700000000000003,10.4,55.09,1013,0
2024,6,26,15,0,21.3,9.9,48.21,1013,0
2024,6,26,15,30,22.900000000000002,9.9,43.75,1013,0
2024,6,26,16,0,24.5,9.3,38.07,1013,0
2024,6,26,16,30,25.900000000000002,9.3,35.04,1013,0
2024,6,26,17,0,27.400000000000002,8.6,30.66,1013,0
2024,6,26,17,30,28.6,8.6,28.59,1013,0
2024,6,26,18,0,29.8,7.6000000000000005,24.96,1013,0
2024,6,26,18,30,30.700000000000003,7.6000000000000005,23.71,1013,0
2024,6,26,19,0,31.5,6.800000000000001,21.41,1012,0
2024,6,26,19,30,31.900000000000002,6.800000000000001,20.93,1012,0
2024,6,26,20,0,32.300000000000004,6.4,19.85,1012,0
2024,6,26,20,30,32.2,6.4,19.96,1012,0
2024,6,26,21,0,32.2,6.300000000000001,19.82,1011,0
2024,6,26,21,30,32,6.300000000000001,20.05,1011,0
2024,6,26,22,0,31.8,6.1000000000000005,20.02,1011,0
2024,6,26,22,30,31.5,6.1000000000000005,20.36,1011,0
2024,6,26,23,0,31.200000000000003,5.800000000000001,20.35,1011,0
2024,6,26,23,30,30.700000000000003,5.800000000000001,20.94,1011,0
2024,6,27,0,0,30.200000000000003,5.6000000000000005,21.240000000000002,1011,0
2024,6,27,0,30,29.400000000000002,5.6000000000000005,22.240000000000002,1011,0
2024,6,27,1,0,28.6,5.800000000000001,23.55,1010,0
2024,6,27,1,30,27.3,5.800000000000001,25.43,1011,0
2024,6,27,2,0,25.900000000000002,7,29.96,1011,0
2024,6,27,2,30,24,7,33.54,1011,0
2024,6,27,3,0,22.1,8.700000000000001,42.29,1011,0
2024,6,27,3,30,20.900000000000002,8.700000000000001,45.5,1011,0
2024,6,27,4,0,19.700000000000003,9.600000000000001,51.95,1011,0
2024,6,27,4,30,18.8,9.600000000000001,54.99,1012,0
2024,6,27,5,0,17.900000000000002,10.200000000000001,60.76,1012,0
2024,6,27,5,30,17.3,10.200000000000001,63.1,1012,0
2024,6,27,6,0,16.8,10.5,66.32000000000001,1012,0
2024,6,27,6,30,16.400000000000002,10.5,68.02,1012,0
2024,6,27,7,0,16,10.5,69.98,1012,0
2024,6,27,7,30,15.700000000000001,10.5,71.26,1011,0
2024,6,27,8,0,15.4,10.4,72.07000000000001,1011,0
2024,6,27,8,30,15.200000000000001,10.4,73,1011,0
2024,6,27,9,0,15,10.200000000000001,72.94,1011,0
2024,6,27,9,30,14.700000000000001,10.200000000000001,74.36,1011,0
2024,6,27,10,0,14.5,9.9,73.99,1011,0
2024,6,27,10,30,14.3,9.9,74.95,1011,0
2024,6,27,11,0,14.100000000000001,9.600000000000001,74.17,1011,0
2024,6,27,11,30,13.8,9.600000000000001,75.62,1011,0
2024,6,27,12,0,13.600000000000001,9.3,75.26,1011,0
2024,6,27,12,30,14.200000000000001,9.3,72.39,1011,0
2024,6,27,13,0,14.700000000000001,9.200000000000001,69.63,1011,0
2024,6,27,13,30,16,9.200000000000001,64.08,1011,0
2024,6,27,14,0,17.2,9,58.6,1011,0
2024,6,27,14,30,18.900000000000002,9,52.68,1011,0
2024,6,27,15,0,20.6,9.1,47.63,1011,0
2024,6,27,15,30,22.400000000000002,9.1,42.68,1011,0
2024,6,27,16,0,24.200000000000003,8.4,36.46,1011,0
2024,6,27,16,30,25.5,8.4,33.75,1011,0
2024,6,27,17,0,26.8,8.200000000000001,30.96,1011,0
2024,6,27,17,30,28.1,8.200000000000001,28.7,1011,0
2024,6,27,18,0,29.400000000000002,7.800000000000001,25.900000000000002,1011,0
2024,6,27,18,30,30.700000000000003,7.800000000000001,24.02,1010,0
2024,6,27,19,0,32,6.7,20.62,1010,0
2024,6,27,19,30,32.9,6.7,19.6,1010,0
2024,6,27,20,0,33.800000000000004,5.4,17.09,1009,0
2024,6,27,20,30,34.4,5.4,16.53,1009,0
2024,6,27,21,0,35,4.3,14.75,1008,0
2024,6,27,21,30,35.2,4.3,14.59,1008,0
2024,6,27,22,0,35.4,3.4000000000000004,13.6,1008,0
2024,6,27,22,30,35.300000000000004,3.4000000000000004,13.67,1008,0
2024,6,27,23,0,35.1,2.9000000000000004,13.34,1007,0
2024,6,27,23,30,34.6,2.9000000000000004,13.71,1007,0
2024,6,28,0,0,34.1,2.9000000000000004,14.08,1007,0
2024,6,28,0,30,33.2,2.9000000000000004,14.81,1007,0
2024,6,28,1,0,32.2,3.5,16.37,1007,0
2024,6,28,1,30,30.3,3.5,18.23,1007,0
2024,6,28,2,0,28.400000000000002,6.4,24.84,1007,0
2024,6,28,2,30,25.900000000000002,6.4,28.75,1007,0
2024,6,28,3,0,23.400000000000002,8,37.300000000000004,1007,0
2024,6,28,3,30,21.900000000000002,8,40.84,1007,0
2024,6,28,4,0,20.3,9,48.09,1008,0
2024,6,28,4,30,19.3,9,51.15,1008,0
2024,6,28,5,0,18.400000000000002,9.600000000000001,56.4,1008,0
2024,6,28,5,30,17.6,9.600000000000001,59.300000000000004,1008,0
2024,6,28,6,0,16.8,10.100000000000001,64.53,1008,0
2024,6,28,6,30,16.2,10.100000000000001,67.03,1008,0
2024,6,28,7,0,15.600000000000001,10.5,71.62,1008,0
2024,6,28,7,30,15.200000000000001,10.5,73.4,1007,0
2024,6,28,8,0,14.8,10.700000000000001,76.27,1007,0
2024,6,28,8,30,14.600000000000001,10.700000000000001,77.25,1007,0
2024,6,28,9,0,14.4,10.700000000000001,78.53,1007,0
2024,6,28,9,30,14.3,10.700000000000001,79.04,1007,0
2024,6,28,10,0,14.200000000000001,10.700000000000001,79.21000000000001,1007,0
2024,6,28,10,30,14,10.600000000000001,80.24,1007,0
2024,6,28,11,0,13.9,10.3,78.81,1007,0
2024,6,28,11,30,14.100000000000001,10.3,77.8,1007,0
2024,6,28,12,0,14.200000000000001,9.600000000000001,74.04,1008,0
2024,6,28,12,30,15.200000000000001,9.600000000000001,69.43,1008,0
2024,6,28,13,0,16.3,9.8,65.44,1008,0
2024,6,28,13,30,18.2,9.8,58.06,1008,0
2024,6,28,14,0,20.200000000000003,8.4,46.480000000000004,1008,0
2024,6,28,14,30,21.8,8.4,42.15,1008,0
2024,6,28,15,0,23.5,7.7,36.26,1008,0
2024,6,28,15,30,25.400000000000002,7.7,32.38,1008,0
2024,6,28,16,0,27.400000000000002,6.300000000000001,26.23,1008,0
2024,6,28,16,30,29.3,6.300000000000001,23.5,1008,0
2024,6,28,17,0,31.3,4.6000000000000005,18.55,1008,0
2024,6,28,17,30,32.5,4.6000000000000005,17.32,1007,0
2024,6,28,18,0,33.7,4.1000000000000005,15.620000000000001,1007,0
2024,6,28,18,30,34.7,4.1000000000000005,14.780000000000001,1007,0
2024,6,28,19,0,35.6,3.7,13.72,1007,0
2024,6,28,19,30,36.2,3.7,13.26,1006,0
2024,6,28,20,0,36.9,3.5,12.620000000000001,1006,0
2024,6,28,20,30,37.4,3.5,12.280000000000001,1006,0
2024,6,28,21,0,37.800000000000004,3.4000000000000004,11.92,1005,0
2024,6,28,21,30,37.9,3.4000000000000004,11.86,1005,0
2024,6,28,22,0,38.1,3.5,11.75,1005,0
2024,6,28,22,30,37.800000000000004,3.5,11.94,1005,0
2024,6,28,23,0,37.6,3.7,12.290000000000001,1005,0
2024,6,28,23,30,37,3.7,12.69,1005,0
2024,6,29,0,0,36.4,4.2,13.55,1004,0
2024,6,29,0,30,35.300000000000004,4.2,14.41,1005,0
2024,6,29,1,0,34.300000000000004,4.800000000000001,15.94,1005,0
2024,6,29,1,30,32.4,4.800000000000001,17.72,1005,0
2024,6,29,2,0,30.400000000000002,6.7,22.66,1005,0
2024,6,29,2,30,28.1,6.7,25.86,1005,0
2024,6,29,3,0,25.8,7.6000000000000005,31.34,1006,0
2024,6,29,3,30,24.6,7.5,33.65,1006,0
2024,6,29,4,0,23.400000000000002,7.7,36.51,1006,0
2024,6,29,4,30,22.6,7.7,38.31,1006,0
2024,6,29,5,0,21.700000000000003,8.200000000000001,42.01,1006,0
2024,6,29,5,30,20.900000000000002,8.200000000000001,44.12,1006,0
2024,6,29,6,0,20,9.1,49.5,1006,0
2024,6,29,6,30,19.200000000000003,9.1,52.01,1006,0
2024,6,29,7,0,18.400000000000002,10,58.120000000000005,1007,0
2024,6,29,7,30,17.7,10,60.72,1007,0
2024,6,29,8,0,17.1,10.600000000000001,65.76,1007,0
2024,6,29,8,30,16.6,10.600000000000001,67.88,1007,0
2024,6,29,9,0,16.2,10.9,70.99,1007,0
2024,6,29,9,30,15.8,10.9,72.82000000000001,1007,0
2024,6,29,10,0,15.5,11.100000000000001,74.84,1007,0
2024,6,29,10,30,15.200000000000001,11.100000000000001,76.29,1007,0
2024,6,29,11,0,14.9,11.100000000000001,77.91,1007,0
2024,6,29,11,30,14.700000000000001,11.100000000000001,78.92,1007,0
2024,6,29,12,0,14.5,11.100000000000001,79.86,1008,0
2024,6,29,12,30,14.9,11.100000000000001,77.83,1008,0
2024,6,29,13,0,15.4,11,74.98,1008,0
2024,6,29,13,30,16.7,11,69.10000000000001,1009,0
2024,6,29,14,0,18.1,10.700000000000001,61.93,1009,0
2024,6,29,14,30,20,10.700000000000001,55.03,1009,0
2024,6,29,15,0,21.900000000000002,10,46.910000000000004,1009,0
2024,6,29,15,30,23.6,10.100000000000001,42.37,1010,0
2024,6,29,16,0,25.400000000000002,9.700000000000001,37.12,1010,0
2024,6,29,16,30,27.200000000000003,9.700000000000001,33.39,1010,0
2024,6,29,17,0,29.1,9,28.41,1010,0
2024,6,29,17,30,31,9,25.490000000000002,1010,0
2024,6,29,18,0,32.800000000000004,6.5,19.41,1010,0
2024,6,29,18,30,34.300000000000004,6.5,17.85,1010,0
2024,6,29,19,0,35.800000000000004,3.8000000000000003,13.63,1009,0
2024,6,29,19,30,36.4,3.8000000000000003,13.19,1009,0
2024,6,29,20,0,37.1,3.4000000000000004,12.32,1009,0
2024,6,29,20,30,37.4,3.4000000000000004,12.120000000000001,1009,0
2024,6,29,21,0,37.7,3.9000000000000004,12.38,1009,0
2024,6,29,21,30,37.6,3.9000000000000004,12.43,1008,0
2024,6,29,22,0,37.5,4.7,13.290000000000001,1008,0
2024,6,29,22,30,37.1,4.7,13.58,1008,0
2024,6,29,23,0,36.7,5.800000000000001,14.89,1008,0
2024,6,29,23,30,36,5.800000000000001,15.47,1008,0
2024,6,30,0,0,35.4,6.800000000000001,17.240000000000002,1008,0
2024,6,30,0,30,34.6,6.800000000000001,18.01,1008,0
2024,6,30,1,0,33.9,7.800000000000001,20.04,1008,0
2024,6,30,1,30,32.4,7.800000000000001,21.81,1009,0
2024,6,30,2,0,30.900000000000002,10.100000000000001,27.59,1009,0
2024,6,30,2,30,28.8,10,31.11,1009,0
2024,6,30,3,0,26.8,11.5,38.57,1009,0
2024,6,30,3,30,25.8,11.5,40.94,1010,0
2024,6,30,4,0,24.8,11.8,44.15,1010,0
2024,6,30,4,30,24.3,11.8,45.480000000000004,1010,0
2024,6,30,5,0,23.700000000000003,11.9,47.61,1010,0
2024,6,30,5,30,23.400000000000002,11.9,48.480000000000004,1010,0
2024,6,30,6,0,23.1,12.200000000000001,50.13,1010,0
2024,6,30,6,30,22.900000000000002,12.100000000000001,50.74,1010,0
2024,6,30,7,0,22.8,12.200000000000001,51.25,1010,0
2024,6,30,7,30,22.5,12.200000000000001,52.18,1010,0
2024,6,30,8,0,22.1,11.9,52.43,1010,0
2024,6,30,8,30,21.900000000000002,11.9,53.07,1010,0
2024,6,30,9,0,21.700000000000003,11.600000000000001,52.77,1010,0
2024,6,30,9,30,21.6,11.700000000000001,53.14,1011,0
2024,6,30,10,0,21.5,11.4,52.620000000000005,1011,0
2024,6,30,10,30,21.400000000000002,11.4,52.94,1011,0
2024,6,30,11,0,21.3,11.3,52.79,1011,0
2024,6,30,11,30,21.1,11.3,53.44,1011,0
2024,6,30,12,0,21,11.200000000000001,53.68,1011,0
2024,6,30,12,30,21.700000000000003,11.3,51.44,1011,0
2024,6,30,13,0,22.400000000000002,12,51.63,1012,0
2024,6,30,13,30,24.200000000000003,12,46.34,1012,0
2024,6,30,14,0,25.900000000000002,11.8,41.39,1012,0
2024,6,30,14,30,27.1,11.8,38.57,1012,0
2024,6,30,15,0,28.3,12,36.4,1012,0
2024,6,30,15,30,29.5,12,34,1013,0
2024,6,30,16,0,30.700000000000003,12.3,32.28,1013,0
2024,6,30,16,30,31.900000000000002,12.3,30.16,1013,0
2024,6,30,17,0,33.1,12,27.650000000000002,1012,0
2024,6,30,17,30,34.2,12,26,1012,0
2024,6,30,18,0,35.300000000000004,11.3,23.47,1012,0
2024,6,30,18,30,36.2,11.3,22.35,1012,0
2024,6,30,19,0,37,10.5,20.19,1012,0
2024,6,30,19,30,37.5,10.5,19.63,1011,0
2024,6,30,20,0,38.1,9.5,17.86,1011,0
2024,6,30,20,30,38.400000000000006,9.5,17.57,1011,0
2024,6,30,21,0,38.7,8.6,16.23,1010,0
2024,6,30,21,30,38.7,8.6,16.23,1010,0
2024,6,30,22,0,38.800000000000004,7.9,15.43,1010,0
2024,6,30,22,30,38.6,7.9,15.6,1010,0
2024,6,30,23,0,38.5,7.4,15.07,1010,0
2024,6,30,23,30,38,7.4,15.48,1010,0
2024,7,1,0,0,37.6,6.9,15.370000000000001,1010,0
2024,7,1,0,30,36.9,6.9,15.96,1010,0
2024,7,1,1,0,36.1,7,16.72,1010,0
2024,7,1,1,30,34.4,7,18.36,1010,0
2024,7,1,2,0,32.800000000000004,9.600000000000001,24.09,1010,0
2024,7,1,2,30,30.400000000000002,9.600000000000001,27.59,1010,0
2024,7,1,3,0,28,10.100000000000001,32.69,1010,0
2024,7,1,3,30,26.6,10.100000000000001,35.480000000000004,1010,0
2024,7,1,4,0,25.200000000000003,10.4,39.38,1011,0
2024,7,1,4,30,24.3,10.4,41.550000000000004,1011,0
2024,7,1,5,0,23.3,10.9,45.550000000000004,1011,0
2024,7,1,5,30,22.6,10.9,47.51,1011,0
2024,7,1,6,0,21.8,11.200000000000001,50.94,1011,0
2024,7,1,6,30,21.200000000000003,11.200000000000001,52.83,1011,0
2024,7,1,7,0,20.6,11.4,55.56,1011,0
2024,7,1,7,30,20.200000000000003,11.4,56.94,1011,0
2024,7,1,8,0,19.8,11.5,58.74,1011,0
2024,7,1,8,30,19.700000000000003,11.5,59.11,1011,0
2024,7,1,9,0,19.5,11.4,59.660000000000004,1011,0
2024,7,1,9,30,19.5,11.4,59.660000000000004,1011,0
2024,7,1,10,0,19.5,11,58.11,1011,0
2024,7,1,10,30,19.5,11,58.11,1011,0
2024,7,1,11,0,19.6,10.5,55.75,1011,0
2024,7,1,11,30,19.6,10.5,55.75,1011,0
2024,7,1,12,0,19.700000000000003,10.100000000000001,53.910000000000004,1011,0
2024,7,1,12,30,20.6,10.100000000000001,51,1011,0
2024,7,1,13,0,21.400000000000002,10.9,51.13,1011,0
2024,7,1,13,30,23.5,10.9,45.02,1011,0
2024,7,1,14,0,25.5,10.9,39.84,1011,0
2024,7,1,14,30,26.8,10.9,36.910000000000004,1011,0
2024,7,1,15,0,28.200000000000003,10.100000000000001,32.3,1011,0
2024,7,1,15,30,29.5,10.100000000000001,29.97,1011,0
2024,7,1,16,0,30.900000000000002,10.3,27.97,1011,0
2024,7,1,16,30,32.4,10.3,25.7,1011,0
2024,7,1,17,0,34,10.100000000000001,23.16,1011,0
2024,7,1,17,30,35.4,10.100000000000001,21.44,1011,0
2024,7,1,18,0,36.9,8.8,18.13,1011,0
2024,7,1,18,30,37.800000000000004,8.8,17.25,1010,0
2024,7,1,19,0,38.800000000000004,7.6000000000000005,15.07,1010,0
2024,7,1,19,30,39.400000000000006,7.6000000000000005,14.6,1010,0
2024,7,1,20,0,40,6.7,13.25,1009,0
2024,7,1,20,30,40.400000000000006,6.7,12.97,1009,0
2024,7,1,21,0,40.7,6,12.17,1009,0
2024,7,1,21,30,40.800000000000004,5.9,12.09,1008,0
2024,7,1,22,0,40.800000000000004,5.4,11.620000000000001,1008,0
2024,7,1,22,30,40.7,5.4,11.68,1008,0
2024,7,1,23,0,40.5,4.9,11.43,1007,0
2024,7,1,23,30,40.1,4.9,11.67,1007,0
2024,7,2,0,0,39.7,4.7,11.790000000000001,1007,0
2024,7,2,0,30,39,4.7,12.24,1007,0
2024,7,2,1,0,38.400000000000006,5.7,13.540000000000001,1007,0
2024,7,2,1,30,36.4,5.7,15.09,1007,0
2024,7,2,2,0,34.5,13,27.39,1007,0
2024,7,2,2,30,32.2,13,31.14,1007,0
2024,7,2,3,0,29.900000000000002,11.8,32.87,1007,0
2024,7,2,3,30,28.8,11.8,35.02,1007,0
2024,7,2,4,0,27.8,10.9,34.910000000000004,1007,0
2024,7,2,4,30,27.200000000000003,10.9,36.15,1007,0
2024,7,2,5,0,26.700000000000003,10.4,35.92,1008,0
2024,7,2,5,30,26.3,10.3,36.74,1007,0
2024,7,2,6,0,26,9.5,35.31,1007,0
2024,7,2,6,30,25.8,9.5,35.730000000000004,1007,0
2024,7,2,7,0,25.5,8.4,33.8,1007,0
2024,7,2,7,30,25,8.4,34.81,1007,0
2024,7,2,8,0,24.6,8.1,34.88,1007,0
2024,7,2,8,30,24.1,8.1,35.94,1007,0
2024,7,2,9,0,23.700000000000003,8.1,36.78,1007,0
2024,7,2,9,30,23.400000000000002,8.1,37.45,1007,0
2024,7,2,10,0,23.1,7.6000000000000005,37.07,1007,0
2024,7,2,10,30,22.900000000000002,7.6000000000000005,37.52,1007,0
2024,7,2,11,0,22.700000000000003,7.300000000000001,37.22,1007,0
2024,7,2,11,30,22.400000000000002,7.4,37.94,1008,0
2024,7,2,12,0,22.200000000000003,7.4,38.58,1008,0
2024,7,2,12,30,22.700000000000003,7.4,37.43,1008,0
2024,7,2,13,0,23.200000000000003,7.9,37.37,1008,0
2024,7,2,13,30,24.6,7.9,34.37,1008,0
2024,7,2,14,0,26,8,31.92,1008,0
2024,7,2,14,30,27.8,8,28.76,1009,0
2024,7,2,15,0,29.6,7.9,25.62,1009,0
2024,7,2,15,30,31.3,7.9,23.26,1009,0
2024,7,2,16,0,33,7.4,20.51,1009,0
2024,7,2,16,30,34.6,7.4,18.76,1009,0
2024,7,2,17,0,36.2,6.9,16.52,1009,0
2024,7,2,17,30,37.7,6.9,15.22,1009,0
2024,7,2,18,0,39.2,5.9,13.15,1008,0
2024,7,2,18,30,40.300000000000004,5.9,12.41,1008,0
2024,7,2,19,0,41.400000000000006,4.7,10.76,1008,0
2024,7,2,19,30,42,4.7,10.42,1008,0
2024,7,2,20,0,42.7,3.6,9.3,1007,0
2024,7,2,20,30,43,3.6,9.16,1007,0
2024,7,2,21,0,43.400000000000006,2.5,8.3,1006,0
2024,7,2,21,30,43.5,2.5,8.25,1006,0
2024,7,2,22,0,43.7,1.7000000000000002,7.69,1006,0
2024,7,2,22,30,43.5,1.7000000000000002,7.7700000000000005,1006,0
2024,7,2,23,0,43.400000000000006,1.1,7.48,1005,0
2024,7,2,23,30,43,1.1,7.640000000000001,1005,0
2024,7,3,0,0,42.6,1.1,7.8,1005,0
2024,7,3,0,30,41.7,1.1,8.18,1005,0
2024,7,3,1,0,40.900000000000006,3.4000000000000004,10.040000000000001,1005,0
2024,7,3,1,30,38.7,3.3000000000000003,11.290000000000001,1005,0
2024,7,3,2,0,36.4,12.4,23.66,1005,0
2024,7,3,2,30,34.300000000000004,12.4,26.59,1006,0
2024,7,3,3,0,32.300000000000004,9.700000000000001,24.810000000000002,1006,0
2024,7,3,3,30,31.1,9.700000000000001,26.55,1006,0
2024,7,3,4,0,29.8,9.3,27.93,1006,0
2024,7,3,4,30,29,9.3,29.27,1007,0
2024,7,3,5,0,28.3,9.3,30.55,1007,0
2024,7,3,5,30,27.6,9.3,31.82,1007,0
2024,7,3,6,0,26.900000000000002,9.4,33.31,1007,0
2024,7,3,6,30,26.5,9.4,34.1,1007,0
2024,7,3,7,0,26.200000000000003,8.8,33.38,1007,0
2024,7,3,7,30,25.900000000000002,8.8,33.980000000000004,1007,0
2024,7,3,8,0,25.700000000000003,8.200000000000001,32.99,1007,0
2024,7,3,8,30,25.3,8.200000000000001,33.78,1007,0
2024,7,3,9,0,25,8.1,34.01,1007,0
2024,7,3,9,30,24.6,8.1,34.83,1007,0
2024,7,3,10,0,24.200000000000003,7.300000000000001,33.94,1007,0
2024,7,3,10,30,23.900000000000002,7.300000000000001,34.56,1007,0
2024,7,3,11,0,23.6,6.4,33.12,1007,0
2024,7,3,11,30,23.400000000000002,6.5,33.55,1008,0
2024,7,3,12,0,23.1,6.1000000000000005,33.24,1008,0
2024,7,3,12,30,23.5,6.1000000000000005,32.45,1008,0
2024,7,3,13,0,23.900000000000002,6.300000000000001,32.14,1008,0
2024,7,3,13,30,25.3,6.300000000000001,29.59,1009,0
2024,7,3,14,0,26.700000000000003,6.5,27.560000000000002,1009,0
2024,7,3,14,30,28.400000000000002,6.5,24.96,1009,0
2024,7,3,15,0,30.1,6.6000000000000005,22.84,1009,0
2024,7,3,15,30,31.6,6.6000000000000005,20.97,1009,0
2024,7,3,16,0,33.1,6.7,19.37,1010,0
2024,7,3,16,30,34.6,6.7,17.82,1010,0
2024,7,3,17,0,36.1,6.5,16.240000000000002,1010,0
2024,7,3,17,30,37.5,6.5,15.05,1010,0
2024,7,3,18,0,38.800000000000004,6.1000000000000005,13.6,1010,0
2024,7,3,18,30,40.1,6.1000000000000005,12.68,1009,0
2024,7,3,19,0,41.400000000000006,5.2,11.13,1009,0
2024,7,3,19,30,42.300000000000004,5.2,10.61,1009,0
2024,7,3,20,0,43.300000000000004,4.1000000000000005,9.290000000000001,1009,0
2024,7,3,20,30,43.800000000000004,4.1000000000000005,9.06,1009,0
2024,7,3,21,0,44.300000000000004,3.1,8.23,1008,0
2024,7,3,21,30,44.5,3.1,8.15,1008,0
2024,7,3,22,0,44.7,2.3000000000000003,7.61,1008,0
2024,7,3,22,30,44.6,2.3000000000000003,7.65,1008,0
2024,7,3,23,0,44.5,1.7000000000000002,7.41,1008,0
2024,7,3,23,30,44.1,1.7000000000000002,7.5600000000000005,1008,0
2024,7,4,0,0,43.7,1.8,7.74,1007,0
2024,7,4,0,30,42.800000000000004,1.8,8.11,1007,0
2024,7,4,1,0,42,3.7,9.71,1008,0
2024,7,4,1,30,39.7,3.7,10.96,1008,0
2024,7,4,2,0,37.300000000000004,9.9,19.14,1008,0
2024,7,4,2,30,34.9,9.9,21.82,1008,0
2024,7,4,3,0,32.4,9.3,24.01,1008,0
2024,7,4,3,30,31.200000000000003,9.3,25.71,1009,0
2024,7,4,4,0,29.900000000000002,8.9,27.05,1009,0
2024,7,4,4,30,28.900000000000002,8.9,28.650000000000002,1009,0
2024,7,4,5,0,27.900000000000002,9.200000000000001,31.03,1010,0
2024,7,4,5,30,27.200000000000003,9.200000000000001,32.32,1010,0
2024,7,4,6,0,26.5,9.5,34.300000000000004,1010,0
2024,7,4,6,30,26,9.5,35.32,1010,0
2024,7,4,7,0,25.400000000000002,9.8,37.35,1010,0
2024,7,4,7,30,24.8,9.8,38.7,1010,0
2024,7,4,8,0,24.200000000000003,10.200000000000001,41.15,1010,0
2024,7,4,8,30,23.6,10.200000000000001,42.65,1010,0
2024,7,4,9,0,23,10.600000000000001,45.39,1010,0
2024,7,4,9,30,22.5,10.600000000000001,46.78,1010,0
2024,7,4,10,0,22,10.9,49.300000000000004,1010,0
2024,7,4,10,30,21.6,10.9,50.57,1011,0
2024,7,4,11,0,21.200000000000003,11.200000000000001,52.730000000000004,1011,0
2024,7,4,11,30,20.900000000000002,11.200000000000001,53.7,1011,0
2024,7,4,12,0,20.6,11.3,55.22,1011,0
2024,7,4,12,30,20.900000000000002,11.3,54.22,1011,0
2024,7,4,13,0,21.200000000000003,11.600000000000001,54.22,1012,0
2024,7,4,13,30,22.700000000000003,11.600000000000001,49.5,1012,0
2024,7,4,14,0,24.1,11.4,45.04,1012,0
2024,7,4,14,30,26.1,11.4,40,1012,0
2024,7,4,15,0,28,10.9,34.46,1012,0
2024,7,4,15,30,29.8,10.9,31.09,1013,0
2024,7,4,16,0,31.6,10.4,27.19,1013,0
2024,7,4,16,30,33.300000000000004,10.4,24.71,1013,0
2024,7,4,17,0,35,9.8,21.57,1013,0
2024,7,4,17,30,36.6,9.8,19.76,1013,0
2024,7,4,18,0,38.2,9,17.18,1013,0
2024,7,4,18,30,39.7,9,15.84,1012,0
2024,7,4,19,0,41.2,7.2,12.870000000000001,1012,0
2024,7,4,19,30,41.900000000000006,7.2,12.4,1012,0
2024,7,4,20,0,42.7,6.300000000000001,11.200000000000001,1012,0
2024,7,4,20,30,42.900000000000006,6.300000000000001,11.07,1011,0
2024,7,4,21,0,43.2,5.800000000000001,10.58,1011,0
2024,7,4,21,30,43,5.800000000000001,10.69,1011,0
2024,7,4,22,0,42.800000000000004,5.5,10.57,1011,0
2024,7,4,22,30,42.300000000000004,5.5,10.85,1011,0
2024,7,4,23,0,41.7,5.1000000000000005,10.86,1011,0
2024,7,4,23,30,40.800000000000004,5.1000000000000005,11.39,1011,0
2024,7,5,0,0,39.900000000000006,4.6000000000000005,11.59,1011,0
2024,7,5,0,30,38.7,4.6000000000000005,12.36,1011,0
2024,7,5,1,0,37.4,4.4,13.040000000000001,1011,0
2024,7,5,1,30,35.5,4.4,14.46,1011,0
2024,7,5,2,0,33.7,5.2,16.87,1012,0
2024,7,5,2,30,31.400000000000002,5.2,19.19,1012,0
2024,7,5,3,0,29.1,6.300000000000001,23.67,1012,0
2024,7,5,3,30,27.8,6.300000000000001,25.52,1012,0
2024,7,5,4,0,26.400000000000002,7.4,30.01,1012,0
2024,7,5,4,30,25.200000000000003,7.4,32.24,1013,0
2024,7,5,5,0,24.1,8.6,37.22,1013,0
2024,7,5,5,30,23.200000000000003,8.6,39.28,1013,0
2024,7,5,6,0,22.3,9.3,43.65,1013,0
2024,7,5,6,30,21.700000000000003,9.3,45.27,1013,0
2024,7,5,7,0,21,9.8,48.81,1013,0
2024,7,5,7,30,20.6,9.8,50.02,1013,0
2024,7,5,8,0,20.200000000000003,10,51.82,1013,0
2024,7,5,8,30,19.900000000000002,10,52.79,1013,0
2024,7,5,9,0,19.6,10,53.82,1012,0
2024,7,5,9,30,19.3,10,54.83,1012,0
2024,7,5,10,0,18.900000000000002,10.100000000000001,56.71,1012,0
2024,7,5,10,30,18.6,10.100000000000001,57.78,1012,0
2024,7,5,11,0,18.3,10.3,59.46,1012,0
2024,7,5,11,30,18.1,10.3,60.21,1012,0
2024,7,5,12,0,17.900000000000002,10.4,61.34,1012,0
2024,7,5,12,30,18.400000000000002,10.4,59.46,1012,0
2024,7,5,13,0,18.900000000000002,10.5,58.15,1012,0
2024,7,5,13,30,20.400000000000002,10.5,53,1012,0
2024,7,5,14,0,21.8,10.200000000000001,47.800000000000004,1012,0
2024,7,5,14,30,23.8,10.200000000000001,42.37,1012,0
2024,7,5,15,0,25.700000000000003,10.3,37.9,1013,0
2024,7,5,15,30,28.200000000000003,10.3,32.71,1012,0
2024,7,5,16,0,30.700000000000003,9.600000000000001,27.150000000000002,1012,0
2024,7,5,16,30,32.800000000000004,9.700000000000001,24.12,1012,0
2024,7,5,17,0,35,8.700000000000001,19.97,1012,0
2024,7,5,17,30,37,8.700000000000001,17.900000000000002,1012,0
2024,7,5,18,0,38.900000000000006,7,14.370000000000001,1012,0
2024,7,5,18,30,40.7,7,13.040000000000001,1011,0
2024,7,5,19,0,42.400000000000006,4.6000000000000005,10.13,1011,0
2024,7,5,19,30,43.5,4.6000000000000005,9.56,1010,0
2024,7,5,20,0,44.5,3.4000000000000004,8.34,1010,0
2024,7,5,20,30,45.1,3.4000000000000004,8.08,1009,0
2024,7,5,21,0,45.7,3,7.640000000000001,1009,0
2024,7,5,21,30,46,3,7.5200000000000005,1008,0
2024,7,5,22,0,46.300000000000004,3.5,7.63,1008,0
2024,7,5,22,30,46.2,3.4000000000000004,7.66,1008,0
2024,7,5,23,0,46.1,4,8.02,1007,0
2024,7,5,23,30,45.6,4,8.23,1007,0
2024,7,6,0,0,45.1,4.9,8.97,1007,0
2024,7,6,0,30,44,4.9,9.5,1007,0
2024,7,6,1,0,42.900000000000006,6.6000000000000005,11.32,1007,0
2024,7,6,1,30,40.400000000000006,6.6000000000000005,12.91,1007,0
2024,7,6,2,0,37.800000000000004,10.200000000000001,18.95,1007,0
2024,7,6,2,30,35,10.200000000000001,22.1,1008,0
2024,7,6,3,0,32.2,10.8,26.94,1008,0
2024,7,6,3,30,30.5,10.8,29.66,1008,0
2024,7,6,4,0,28.8,11.200000000000001,33.56,1008,0
2024,7,6,4,30,27.700000000000003,11.200000000000001,35.81,1009,0
2024,7,6,5,0,26.6,11.600000000000001,39.26,1009,0
2024,7,6,5,30,25.6,11.600000000000001,41.64,1009,0
2024,7,6,6,0,24.6,12.200000000000001,46.01,1009,0
2024,7,6,6,30,23.8,12.200000000000001,48.27,1009,0
2024,7,6,7,0,23.1,12.600000000000001,51.75,1009,0
2024,7,6,7,30,22.6,12.600000000000001,53.33,1009,0
2024,7,6,8,0,22.200000000000003,12.8,55.29,1009,0
2024,7,6,8,30,21.900000000000002,12.8,56.31,1009,0
2024,7,6,9,0,21.6,12.8,57.26,1009,0
2024,7,6,9,30,21.400000000000002,12.8,57.97,1009,0
2024,7,6,10,0,21.200000000000003,12.700000000000001,58.33,1009,0
2024,7,6,10,30,20.900000000000002,12.700000000000001,59.410000000000004,1009,0
2024,7,6,11,0,20.700000000000003,12.600000000000001,59.77,1009,0
2024,7,6,11,30,20.400000000000002,12.600000000000001,60.88,1009,0
2024,7,6,12,0,20.200000000000003,12.5,61.08,1009,0
2024,7,6,12,30,20.6,12.5,59.6,1009,0
2024,7,6,13,0,21.1,12.4,57.410000000000004,1009,0
2024,7,6,13,30,22.200000000000003,12.4,53.69,1009,0
2024,7,6,14,0,23.400000000000002,12.200000000000001,49.52,1009,0
2024,7,6,14,30,25.200000000000003,12.3,44.52,1010,0
2024,7,6,15,0,26.900000000000002,12.4,40.58,1010,0
2024,7,6,15,30,29.3,12.4,35.31,1010,0
2024,7,6,16,0,31.700000000000003,11.9,29.71,1010,0
2024,7,6,16,30,33.9,11.9,26.240000000000002,1009,0
2024,7,6,17,0,36.2,10.8,21.56,1009,0
2024,7,6,17,30,38.2,10.8,19.35,1009,0
2024,7,6,18,0,40.300000000000004,9.5,15.780000000000001,1009,0
2024,7,6,18,30,42.1,9.5,14.35,1009,0
2024,7,6,19,0,44,7.9,11.67,1008,0
2024,7,6,19,30,45.1,7.9,11.02,1008,0
2024,7,6,20,0,46.2,6.6000000000000005,9.56,1008,0
2024,7,6,20,30,46.7,6.6000000000000005,9.31,1007,0
2024,7,6,21,0,47.2,6.1000000000000005,8.74,1007,0
2024,7,6,21,30,47.2,6.1000000000000005,8.74,1007,0
2024,7,6,22,0,47.300000000000004,5.9,8.620000000000001,1006,0
2024,7,6,22,30,46.900000000000006,5.9,8.790000000000001,1006,0
2024,7,6,23,0,46.400000000000006,6.1000000000000005,9.13,1006,0
2024,7,6,23,30,45.6,6.1000000000000005,9.51,1006,0
2024,7,7,0,0,44.7,6.6000000000000005,10.32,1006,0
2024,7,7,0,30,43.2,6.6000000000000005,11.15,1006,0
2024,7,7,1,0,41.800000000000004,7.6000000000000005,12.81,1007,0
2024,7,7,1,30,39.400000000000006,7.5,14.55,1007,0
2024,7,7,2,0,37,9.3,18.68,1007,0
2024,7,7,2,30,34.5,9.3,21.42,1007,0
2024,7,7,3,0,32,9.700000000000001,25.29,1007,0
2024,7,7,3,30,30.5,9.700000000000001,27.53,1007,0
2024,7,7,4,0,29,9.4,29.5,1007,0
2024,7,7,4,30,27.8,9.4,31.66,1008,0
2024,7,7,5,0,26.700000000000003,9.5,33.92,1008,0
2024,7,7,5,30,25.700000000000003,9.5,35.980000000000004,1008,0
2024,7,7,6,0,24.8,9.8,38.730000000000004,1008,0
2024,7,7,6,30,24,9.8,40.62,1008,0
2024,7,7,7,0,23.3,10,43.03,1008,0
2024,7,7,7,30,22.6,10,44.89,1008,0
2024,7,7,8,0,22,10,46.61,1008,0
2024,7,7,8,30,21.5,10,48.050000000000004,1008,0
2024,7,7,9,0,21,10.3,50.38,1007,0
2024,7,7,9,30,20.5,10.3,51.95,1007,0
2024,7,7,10,0,20,10.8,55.49,1008,0
2024,7,7,10,30,19.6,10.8,56.88,1008,0
2024,7,7,11,0,19.1,11.200000000000001,60.300000000000004,1008,0
2024,7,7,11,30,18.8,11.200000000000001,61.43,1008,0
2024,7,7,12,0,18.5,11.5,63.75,1008,0
2024,7,7,12,30,18.7,11.5,62.96,1008,0
2024,7,7,13,0,19,11.700000000000001,62.4,1009,0
2024,7,7,13,30,20.3,11.700000000000001,57.58,1009,0
2024,7,7,14,0,21.6,11.5,52.77,1009,0
2024,7,7,14,30,23.6,11.600000000000001,46.81,1010,0
2024,7,7,15,0,25.6,11.700000000000001,41.81,1010,0
2024,7,7,15,30,27.700000000000003,11.700000000000001,36.97,1010,0
2024,7,7,16,0,29.8,11.4,32.22,1010,0
2024,7,7,16,30,31.5,11.5,29.25,1010,0
2024,7,7,17,0,33.2,11.3,26.310000000000002,1010,0
2024,7,7,17,30,34.7,11.3,24.21,1010,0
2024,7,7,18,0,36.1,11.100000000000001,22.04,1010,0
2024,7,7,18,30,37.2,11.100000000000001,20.76,1010,0
2024,7,7,19,0,38.300000000000004,10.8,19.25,1010,0
2024,7,7,19,30,39,10.8,18.54,1010,0
2024,7,7,20,0,39.7,10.5,17.52,1010,0
2024,7,7,20,30,39.900000000000006,10.5,17.32,1009,0
2024,7,7,21,0,40.2,9.8,16.26,1009,0
2024,7,7,21,30,40,9.8,16.44,1009,0
2024,7,7,22,0,39.7,8.8,15.620000000000001,1009,0
2024,7,7,22,30,39.1,8.8,16.13,1009,0
2024,7,7,23,0,38.6,7.6000000000000005,15.26,1009,0
2024,7,7,23,30,37.4,7.6000000000000005,16.27,1008,0
2024,7,8,0,0,36.300000000000004,7.2,16.830000000000002,1008,0
2024,7,8,0,30,34.7,7.2,18.37,1008,0
2024,7,8,1,0,33.2,7.7,20.68,1008,0
2024,7,8,1,30,31.6,7.7,22.62,1008,0
2024,7,8,2,0,29.900000000000002,8.200000000000001,25.830000000000002,1008,0
2024,7,8,2,30,28.200000000000003,8.200000000000001,28.48,1008,0
2024,7,8,3,0,26.400000000000002,8.8,32.83,1008,0
2024,7,8,3,30,25.200000000000003,8.8,35.24,1008,0
2024,7,8,4,0,24,9.1,38.78,1008,0
2024,7,8,4,30,23.200000000000003,9.1,40.72,1009,0
2024,7,8,5,0,22.3,9.4,43.93,1009,0
2024,7,8,5,30,21.700000000000003,9.4,45.56,1009,0
2024,7,8,6,0,21.1,9.700000000000001,48.050000000000004,1009,0
2024,7,8,6,30,20.6,9.700000000000001,49.54,1009,0
2024,7,8,7,0,20.1,9.8,51.57,1009,0
2024,7,8,7,30,19.700000000000003,9.8,52.86,1009,0
2024,7,8,8,0,19.3,9.9,54.410000000000004,1008,0
2024,7,8,8,30,18.8,9.9,56.120000000000005,1008,0
2024,7,8,9,0,18.3,10.5,60.25,1008,0
2024,7,8,9,30,17.8,10.5,62.160000000000004,1008,0
2024,7,8,10,0,17.3,11.3,67.8,1008,0
2024,7,8,10,30,16.900000000000002,11.3,69.54,1008,0
2024,7,8,11,0,16.5,11.8,73.91,1008,0
2024,7,8,11,30,16.3,11.8,74.85000000000001,1008,0
2024,7,8,12,0,16,12.100000000000001,77.9,1008,0
2024,7,8,12,30,16.2,12.100000000000001,76.92,1008,0
2024,7,8,13,0,16.400000000000002,12.3,76.71000000000001,1008,0
2024,7,8,13,30,17.7,12.3,70.73,1009,0
2024,7,8,14,0,18.900000000000002,12,64.37,1009,0
2024,7,8,14,30,20.6,12,57.95,1009,0
2024,7,8,15,0,22.200000000000003,11.4,50.29,1009,0
2024,7,8,15,30,23.900000000000002,11.4,45.4,1009,0
2024,7,8,16,0,25.6,10.700000000000001,39.19,1009,0
2024,7,8,16,30,27.3,10.700000000000001,35.47,1009,0
2024,7,8,17,0,29,9.8,30.25,1009,0
2024,7,8,17,30,30.8,9.8,27.29,1009,0
2024,7,8,18,0,32.5,8.700000000000001,23,1009,0
2024,7,8,18,30,33.9,8.700000000000001,21.25,1008,0
2024,7,8,19,0,35.300000000000004,7.5,18.11,1008,0
2024,7,8,19,30,36.2,7.5,17.240000000000002,1008,0
2024,7,8,20,0,37.1,6.4,15.280000000000001,1007,0
2024,7,8,20,30,37.4,6.5,15.030000000000001,1007,0
2024,7,8,21,0,37.7,6.2,14.530000000000001,1007,0
2024,7,8,21,30,37.4,6.2,14.77,1007,0
2024,7,8,22,0,37.1,6.800000000000001,15.65,1007,0
2024,7,8,22,30,36.4,6.800000000000001,16.26,1007,0
2024,7,8,23,0,35.7,7.1000000000000005,17.28,1006,0
2024,7,8,23,30,34.800000000000004,7.1000000000000005,18.16,1006,0
2024,7,9,0,0,33.9,7.300000000000001,19.330000000000002,1006,0
2024,7,9,0,30,32.7,7.300000000000001,20.67,1006,0
2024,7,9,1,0,31.6,7.9,22.96,1006,0
2024,7,9,1,30,30,7.9,25.17,1007,0
2024,7,9,2,0,28.5,9.200000000000001,29.92,1007,0
2024,7,9,2,30,26.700000000000003,9.200000000000001,33.22,1007,0
2024,7,9,3,0,24.8,10.3,40.07,1007,0
2024,7,9,3,30,23.6,10.3,43.04,1007,0
2024,7,9,4,0,22.3,10.9,48.59,1007,0
2024,7,9,4,30,21.5,10.9,51.01,1007,0
2024,7,9,5,0,20.700000000000003,11.200000000000001,54.410000000000004,1007,0
2024,7,9,5,30,20.200000000000003,11.200000000000001,56.11,1007,0
2024,7,9,6,0,19.6,11.3,58.63,1008,0
2024,7,9,6,30,19.1,11.3,60.410000000000004,1007,0
2024,7,9,7,0,18.6,11.3,62.34,1007,0
2024,7,9,7,30,18.2,11.3,63.92,1007,0
2024,7,9,8,0,17.7,11.100000000000001,65.47,1007,0
2024,7,9,8,30,17.3,11.100000000000001,67.14,1007,0
2024,7,9,9,0,16.8,11.4,70.63,1007,0
2024,7,9,9,30,16.400000000000002,11.4,72.44,1007,0
2024,7,9,10,0,16,12,77.32000000000001,1007,0
2024,7,9,10,30,15.8,12,78.31,1007,0
2024,7,9,11,0,15.5,12.5,82.24,1008,0
2024,7,9,11,30,15.3,12.5,83.3,1008,0
2024,7,9,12,0,15.100000000000001,12.700000000000001,85.59,1008,0
2024,7,9,12,30,15.4,12.700000000000001,83.96000000000001,1008,0
2024,7,9,13,0,15.600000000000001,12.8,83.58,1009,0
2024,7,9,13,30,16.8,12.8,77.44,1009,0
2024,7,9,14,0,18,13.100000000000001,72.87,1009,0
2024,7,9,14,30,19.900000000000002,13.100000000000001,64.74,1009,0
2024,7,9,15,0,21.8,13.200000000000001,58.28,1009,0
2024,7,9,15,30,23.5,13.3,52.64,1010,0
2024,7,9,16,0,25.200000000000003,13.200000000000001,47.28,1010,0
2024,7,9,16,30,26.8,13.200000000000001,43.03,1010,0
2024,7,9,17,0,28.400000000000002,12.9,38.4,1010,0
2024,7,9,17,30,29.900000000000002,12.9,35.22,1010,0
2024,7,9,18,0,31.5,12.100000000000001,30.48,1009,0
2024,7,9,18,30,32.7,12.100000000000001,28.490000000000002,1009,0
2024,7,9,19,0,34,11.200000000000001,24.93,1009,0
2024,7,9,19,30,34.9,11.200000000000001,23.72,1009,0
2024,7,9,20,0,35.800000000000004,10,20.900000000000002,1008,0
2024,7,9,20,30,36.1,10,20.56,1008,0
2024,7,9,21,0,36.300000000000004,9.200000000000001,19.240000000000002,1008,0
2024,7,9,21,30,36,9.200000000000001,19.56,1008,0
2024,7,9,22,0,35.6,8.8,19.52,1008,0
2024,7,9,22,30,34.9,8.8,20.29,1008,0
2024,7,9,23,0,34.1,8.4,20.66,1008,0
2024,7,9,23,30,33.2,8.4,21.72,1008,0
2024,7,10,0,0,32.2,8.3,22.72,1008,0
2024,7,10,0,30,30.900000000000002,8.3,24.45,1008,0
2024,7,10,1,0,29.700000000000003,8.5,26.650000000000002,1008,0
2024,7,10,1,30,28.1,8.5,29.22,1008,0
2024,7,10,2,0,26.400000000000002,9.3,34.06,1008,0
2024,7,10,2,30,24.700000000000003,9.3,37.67,1008,0
2024,7,10,3,0,23,10.100000000000001,43.94,1009,0
2024,7,10,3,30,21.900000000000002,10.100000000000001,46.96,1009,0
2024,7,10,4,0,20.900000000000002,10.600000000000001,51.89,1009,0
2024,7,10,4,30,20.1,10.600000000000001,54.51,1009,0
2024,7,10,5,0,19.400000000000002,11,58.34,1009,0
2024,7,10,5,30,18.900000000000002,11,60.18,1009,0
2024,7,10,6,0,18.400000000000002,11.200000000000001,62.92,1009,0
2024,7,10,6,30,18,11.200000000000001,64.52,1009,0
2024,7,10,7,0,17.7,11.3,66.29,1009,0
2024,7,10,7,30,17.400000000000002,11.3,67.55,1009,0
2024,7,10,8,0,17.1,11.4,69.2,1009,0
2024,7,10,8,30,16.7,11.4,70.97,1009,0
2024,7,10,9,0,16.400000000000002,11.700000000000001,73.57000000000001,1009,0
2024,7,10,9,30,16.1,11.700000000000001,74.99,1009,0
2024,7,10,10,0,15.700000000000001,12,78.47,1009,0
2024,7,10,10,30,15.4,12,79.98,1009,0
2024,7,10,11,0,15.100000000000001,12.100000000000001,82.08,1009,0
2024,7,10,11,30,14.8,12.100000000000001,83.68,1009,0
2024,7,10,12,0,14.600000000000001,12.100000000000001,84.78,1009,0
2024,7,10,12,30,15.200000000000001,12.100000000000001,81.66,1010,0
2024,7,10,13,0,15.700000000000001,12,78.78,1010,0
2024,7,10,13,30,17.1,12,72.08,1010,0
2024,7,10,14,0,18.5,11.8,65.14,1010,0
2024,7,10,14,30,20.5,11.8,57.56,1010,0
2024,7,10,15,0,22.5,11.600000000000001,50.14,1011,0
2024,7,10,15,30,24.8,11.600000000000001,43.68,1011,0
2024,7,10,16,0,27.200000000000003,10.700000000000001,35.7,1011,0
2024,7,10,16,30,29.400000000000002,10.700000000000001,31.43,1011,0
2024,7,10,17,0,31.6,9.1,24.82,1011,0
2024,7,10,17,30,33.800000000000004,9.1,21.92,1010,0
2024,7,10,18,0,35.9,5.300000000000001,15.1,1010,0
2024,7,10,18,30,37.5,5.300000000000001,13.84,1010,0
2024,7,10,19,0,39.2,2.2,10.15,1010,0
2024,7,10,19,30,40.900000000000006,2.2,9.26,1009,0
2024,7,10,20,0,42.6,-0.5,6.96,1009,0
2024,7,10,20,30,43.5,-0.5,6.640000000000001,1009,0
2024,7,10,21,0,44.300000000000004,-1.3,6.0200000000000005,1008,0
2024,7,10,21,30,44.5,-1.3,5.95,1008,0
2024,7,10,22,0,44.6,-0.7000000000000001,6.2,1008,0
2024,7,10,22,30,44.400000000000006,-0.7000000000000001,6.26,1008,0
2024,7,10,23,0,44.2,0,6.63,1007,0
2024,7,10,23,30,43.6,0,6.84,1007,0
2024,7,11,0,0,43,0.8,7.51,1007,0
2024,7,11,0,30,41.800000000000004,0.8,8,1007,0
2024,7,11,1,0,40.7,2.6,9.6,1007,0
2024,7,11,1,30,38.2,2.6,10.98,1007,0
2024,7,11,2,0,35.7,6.1000000000000005,16.14,1008,0
2024,7,11,2,30,33,6.1000000000000005,18.75,1008,0
2024,7,11,3,0,30.400000000000002,8.200000000000001,24.990000000000002,1008,0
2024,7,11,3,30,29.1,8.200000000000001,26.92,1008,0
2024,7,11,4,0,27.8,9.200000000000001,31.13,1008,0
2024,7,11,4,30,26.900000000000002,9.200000000000001,32.81,1008,0
2024,7,11,5,0,26,9.700000000000001,35.93,1008,0
2024,7,11,5,30,25.3,9.8,37.480000000000004,1009,0
2024,7,11,6,0,24.6,10.100000000000001,39.92,1009,0
2024,7,11,6,30,23.900000000000002,10.100000000000001,41.62,1009,0
2024,7,11,7,0,23.3,10.200000000000001,43.550000000000004,1009,0
2024,7,11,7,30,22.8,10.200000000000001,44.89,1009,0
2024,7,11,8,0,22.3,10.200000000000001,46.14,1009,0
2024,7,11,8,30,21.8,10.200000000000001,47.57,1009,0
2024,7,11,9,0,21.3,10.100000000000001,48.92,1009,0
2024,7,11,9,30,20.900000000000002,10.100000000000001,50.08,1008,0
2024,7,11,10,0,20.400000000000002,10.200000000000001,51.97,1008,0
2024,7,11,10,30,20,10.200000000000001,53.27,1008,0
2024,7,11,11,0,19.6,10.4,55.2,1009,0
2024,7,11,11,30,19.3,10.4,56.24,1009,0
2024,7,11,12,0,18.900000000000002,10.600000000000001,58.410000000000004,1009,0
2024,7,11,12,30,19.3,10.600000000000001,56.980000000000004,1009,0
2024,7,11,13,0,19.6,10.8,56.77,1009,0
2024,7,11,13,30,20.900000000000002,10.8,52.45,1010,0
2024,7,11,14,0,22.1,11,49.27,1010,0
2024,7,11,14,30,23.900000000000002,11,44.21,1010,0
2024,7,11,15,0,25.8,11.200000000000001,40.01,1010,0
2024,7,11,15,30,28.200000000000003,11.200000000000001,34.77,1010,0
2024,7,11,16,0,30.6,10.9,29.59,1010,0
2024,7,11,16,30,32.800000000000004,10.9,26.14,1010,0
2024,7,11,17,0,35.1,10,21.72,1010,0
2024,7,11,17,30,37.1,10,19.47,1010,0
2024,7,11,18,0,39.2,8.1,15.22,1010,0
2024,7,11,18,30,41.2,8.1,13.68,1009,0
2024,7,11,19,0,43.1,2.9000000000000004,8.63,1009,0
2024,7,11,19,30,44.1,2.9000000000000004,8.19,1009,0
2024,7,11,20,0,45.1,1,6.8,1008,0
2024,7,11,20,30,45.5,1,6.66,1008,0
2024,7,11,21,0,45.900000000000006,1.4000000000000001,6.74,1007,0
2024,7,11,21,30,45.900000000000006,1.4000000000000001,6.74,1007,0
2024,7,11,22,0,46,2,6.99,1007,0
2024,7,11,22,30,45.6,2,7.13,1007,0
2024,7,11,23,0,45.300000000000004,2.5,7.51,1006,0
2024,7,11,23,30,44.6,2.5,7.79,1006,0
2024,7,12,0,0,44,3,8.290000000000001,1006,0
2024,7,12,0,30,42.900000000000006,3,8.78,1006,0
2024,7,12,1,0,41.800000000000004,3.5,9.67,1006,0
2024,7,12,1,30,39.6,3.5,10.870000000000001,1007,0
2024,7,12,2,0,37.4,5.300000000000001,13.88,1007,0
2024,7,12,2,30,34.9,5.300000000000001,15.91,1007,0
2024,7,12,3,0,32.4,5.6000000000000005,18.75,1007,0
2024,7,12,3,30,31.400000000000002,5.6000000000000005,19.84,1007,0
2024,7,12,4,0,30.400000000000002,5.5,20.76,1007,0
2024,7,12,4,30,29.5,5.5,21.85,1007,0
2024,7,12,5,0,28.6,5.800000000000001,23.6,1008,0
2024,7,12,5,30,27.900000000000002,5.800000000000001,24.57,1008,0
2024,7,12,6,0,27.1,6.5,26.94,1008,0
2024,7,12,6,30,26.5,6.5,27.900000000000002,1008,0
2024,7,12,7,0,25.900000000000002,7.1000000000000005,30.25,1008,0
2024,7,12,7,30,25.400000000000002,7.1000000000000005,31.150000000000002,1008,0
2024,7,12,8,0,24.8,7.800000000000001,33.79,1008,0
2024,7,12,8,30,24.400000000000002,7.800000000000001,34.6,1008,0
2024,7,12,9,0,23.900000000000002,8.3,37.01,1008,0
2024,7,12,9,30,23.5,8.3,37.87,1007,0
2024,7,12,10,0,23.1,8.700000000000001,39.88,1007,0
2024,7,12,10,30,22.8,8.700000000000001,40.61,1007,0
2024,7,12,11,0,22.5,9,42.06,1007,0
2024,7,12,11,30,22.200000000000003,9,42.83,1007,0
2024,7,12,12,0,22,9.1,43.68,1007,0
2024,7,12,12,30,22.3,9.1,42.94,1008,0
2024,7,12,13,0,22.6,9.200000000000001,42.410000000000004,1008,0
2024,7,12,13,30,23.900000000000002,9.200000000000001,39.22,1008,0
2024,7,12,14,0,25.1,9.1,36.19,1008,0
2024,7,12,14,30,26.8,9.1,32.74,1008,0
2024,7,12,15,0,28.5,9.1,29.78,1008,0
2024,7,12,15,30,30.6,9.1,26.400000000000002,1008,0
2024,7,12,16,0,32.800000000000004,9.200000000000001,23.45,1008,0
2024,7,12,16,30,35,9.200000000000001,20.75,1008,0
2024,7,12,17,0,37.1,8,16.94,1008,0
2024,7,12,17,30,39.2,8,15.13,1008,0
2024,7,12,18,0,41.2,5.800000000000001,11.69,1008,0
2024,7,12,18,30,42.7,5.800000000000001,10.81,1008,0
2024,7,12,19,0,44.1,4.5,9.200000000000001,1007,0
2024,7,12,19,30,44.7,4.5,8.92,1007,0
2024,7,12,20,0,45.2,4.5,8.68,1007,0
2024,7,12,20,30,45.300000000000004,4.5,8.63,1007,0
2024,7,12,21,0,45.300000000000004,4.6000000000000005,8.700000000000001,1007,0
2024,7,12,21,30,45,4.6000000000000005,8.82,1006,0
2024,7,12,22,0,44.6,4.6000000000000005,9.01,1006,0
2024,7,12,22,30,43.900000000000006,4.6000000000000005,9.35,1006,0
2024,7,12,23,0,43.2,4.5,9.620000000000001,1006,0
2024,7,12,23,30,42.2,4.5,10.14,1006,0
2024,7,13,0,0,41.2,4.3,10.57,1006,0
2024,7,13,0,30,39.7,4.3,11.44,1006,0
2024,7,13,1,0,38.1,4.4,12.59,1006,0
2024,7,13,1,30,36,4.4,14.11,1006,0
2024,7,13,2,0,33.800000000000004,5,16.64,1007,0
2024,7,13,2,30,31.6,5,18.82,1007,0
2024,7,13,3,0,29.400000000000002,5.4,21.93,1007,0
2024,7,13,3,30,28.200000000000003,5.4,23.5,1007,0
2024,7,13,4,0,27,5.5,25.29,1007,0
2024,7,13,4,30,26.200000000000003,5.5,26.5,1007,0
2024,7,13,5,0,25.400000000000002,5.800000000000001,28.47,1007,0
2024,7,13,5,30,24.8,5.800000000000001,29.5,1007,0
2024,7,13,6,0,24.200000000000003,6.4,31.92,1007,0
2024,7,13,6,30,23.700000000000003,6.4,32.89,1007,0
2024,7,13,7,0,23.200000000000003,7,35.15,1007,0
2024,7,13,7,30,22.6,7,36.44,1007,0
2024,7,13,8,0,22.1,7.300000000000001,38.46,1007,0
2024,7,13,8,30,21.6,7.300000000000001,39.65,1007,0
2024,7,13,9,0,21,7.9,42.89,1007,0
2024,7,13,9,30,20.3,7.9,44.77,1007,0
2024,7,13,10,0,19.6,8.9,50.15,1007,0
2024,7,13,10,30,19.1,8.9,51.730000000000004,1007,0
2024,7,13,11,0,18.7,9.9,56.58,1008,0
2024,7,13,11,30,18.3,9.9,58.01,1008,0
2024,7,13,12,0,18,10.600000000000001,61.79,1009,0
2024,7,13,12,30,18.2,10.600000000000001,61.02,1009,0
2024,7,13,13,0,18.400000000000002,10.9,61.81,1010,0
2024,7,13,13,30,19.3,10.9,58.44,1010,0
2024,7,13,14,0,20.1,10.8,54.910000000000004,1011,0
2024,7,13,14,30,21.200000000000003,10.8,51.33,1011,0
2024,7,13,15,0,22.200000000000003,10,45.97,1011,0
2024,7,13,15,30,23.400000000000002,10,42.76,1011,0
2024,7,13,16,0,24.5,9.200000000000001,37.97,1010,0
2024,7,13,16,30,26.3,9.200000000000001,34.13,1010,0
2024,7,13,17,0,28.1,8.700000000000001,29.69,1010,0
2024,7,13,17,30,30.1,8.8,26.46,1010,0
2024,7,13,18,0,32,8.4,23.14,1011,0
2024,7,13,18,30,33.4,8.4,21.39,1011,0
2024,7,13,19,0,34.800000000000004,8.200000000000001,19.53,1011,0
2024,7,13,19,30,35.9,8.200000000000001,18.37,1010,0
2024,7,13,20,0,36.9,7.9,17.1,1010,0
2024,7,13,20,30,37.300000000000004,7.9,16.740000000000002,1010,0
2024,7,13,21,0,37.800000000000004,7.7,16.02,1010,0
2024,7,13,21,30,37.1,7.7,16.64,1010,0
2024,7,13,22,0,36.5,7.4,16.84,1010,0
2024,7,13,22,30,35.6,7.4,17.69,1010,0
2024,7,13,23,0,34.7,6.800000000000001,17.82,1010,0
2024,7,13,23,30,34.1,6.7,18.41,1009,0
2024,7,14,0,0,33.5,6.1000000000000005,18.22,1009,0
2024,7,14,0,30,32.6,6.1000000000000005,19.18,1010,0
2024,7,14,1,0,31.8,5.800000000000001,19.57,1010,0
2024,7,14,1,30,30.400000000000002,5.800000000000001,21.18,1010,0
2024,7,14,2,0,29,6.1000000000000005,23.54,1011,0
2024,7,14,2,30,27.400000000000002,6.1000000000000005,25.830000000000002,1011,0
2024,7,14,3,0,25.900000000000002,7.2,30.35,1011,0
2024,7,14,3,30,24.8,7.2,32.39,1011,0
2024,7,14,4,0,23.8,8.4,37.4,1012,0
2024,7,14,4,30,22.900000000000002,8.4,39.480000000000004,1012,0
2024,7,14,5,0,22.1,9.1,43.57,1012,0
2024,7,14,5,30,21.5,9.1,45.19,1012,0
2024,7,14,6,0,20.900000000000002,9.4,47.730000000000004,1012,0
2024,7,14,6,30,20.5,9.4,48.910000000000004,1012,0
2024,7,14,7,0,20,9.4,50.42,1012,0
2024,7,14,7,30,19.8,9.4,51.04,1012,0
2024,7,14,8,0,19.5,9.200000000000001,51.39,1012,0
2024,7,14,8,30,19.3,9.200000000000001,52.03,1012,0
2024,7,14,9,0,19,9.600000000000001,54.52,1012,0
2024,7,14,9,30,18.8,9.600000000000001,55.2,1012,0
2024,7,14,10,0,18.6,10.200000000000001,58.24,1012,0
2024,7,14,10,30,18.3,10.200000000000001,59.34,1012,0
2024,7,14,11,0,18,11.100000000000001,63.9,1013,0
2024,7,14,11,30,17.6,11.100000000000001,65.52,1013,0
2024,7,14,12,0,17.3,11.8,70.19,1013,0
2024,7,14,12,30,17.3,11.8,70.26,1014,0
2024,7,14,13,0,17.3,12.200000000000001,71.89,1014,0
2024,7,14,13,30,18.3,12.200000000000001,67.52,1014,0
2024,7,14,14,0,19.3,11.4,60.08,1014,0
2024,7,14,14,30,20.700000000000003,11.4,55.160000000000004,1015,0
2024,7,14,15,0,22.1,9.9,45.95,1015,0
2024,7,14,15,30,23.6,9.9,41.980000000000004,1015,0
2024,7,14,16,0,25.1,8.4,34.62,1015,0
2024,7,14,16,30,26.6,8.4,31.69,1015,0
2024,7,14,17,0,28.1,7.800000000000001,27.89,1015,0
2024,7,14,17,30,29.6,7.800000000000001,25.580000000000002,1015,0
2024,7,14,18,0,31.200000000000003,7,22.03,1015,0
2024,7,14,18,30,32.300000000000004,7,20.71,1015,0
2024,7,14,19,0,33.5,6.6000000000000005,18.78,1015,0
2024,7,14,19,30,34.300000000000004,6.5,17.95,1014,0
2024,7,14,20,0,35.2,6.300000000000001,16.740000000000002,1014,0
2024,7,14,20,30,35.6,6.300000000000001,16.37,1014,0
2024,7,14,21,0,35.9,6.2,16.04,1014,0
2024,7,14,21,30,36,6.2,15.94,1013,0
2024,7,14,22,0,36,6.300000000000001,16.05,1013,0
2024,7,14,22,30,35.7,6.300000000000001,16.31,1013,0
2024,7,14,23,0,35.4,6.300000000000001,16.61,1012,0
2024,7,14,23,30,34.7,6.300000000000001,17.27,1012,0
2024,7,15,0,0,34,6.300000000000001,17.98,1012,0
2024,7,15,0,30,32.800000000000004,6.300000000000001,19.23,1012,0
2024,7,15,1,0,31.6,6.300000000000001,20.580000000000002,1012,0
2024,7,15,1,30,29.900000000000002,6.300000000000001,22.67,1012,0
2024,7,15,2,0,28.3,6.7,25.54,1012,0
2024,7,15,2,30,26.5,6.7,28.39,1013,0
2024,7,15,3,0,24.8,7.300000000000001,32.7,1013,0
2024,7,15,3,30,23.700000000000003,7.300000000000001,34.92,1013,0
2024,7,15,4,0,22.6,7.800000000000001,38.65,1013,0
2024,7,15,4,30,21.900000000000002,7.800000000000001,40.32,1013,0
2024,7,15,5,0,21.200000000000003,8.3,43.43,1013,0
2024,7,15,5,30,20.700000000000003,8.3,44.78,1013,0
2024,7,15,6,0,20.200000000000003,8.700000000000001,47.63,1013,0
2024,7,15,6,30,19.8,8.700000000000001,48.82,1013,0
2024,7,15,7,0,19.3,9.200000000000001,51.97,1013,0
2024,7,15,7,30,19.1,9.200000000000001,52.620000000000005,1013,0
2024,7,15,8,0,18.900000000000002,9.4,54.14,1013,0
2024,7,15,8,30,18.7,9.4,54.82,1013,0
2024,7,15,9,0,18.6,9.700000000000001,56.07,1013,0
2024,7,15,9,30,18.400000000000002,9.700000000000001,56.77,1013,0
2024,7,15,10,0,18.2,9.9,58.52,1013,0
2024,7,15,10,30,18,9.9,59.32,1014,0
2024,7,15,11,0,17.7,10.200000000000001,61.42,1014,0
2024,7,15,11,30,17.5,10.200000000000001,62.2,1014,0
2024,7,15,12,0,17.3,10.3,63.660000000000004,1014,0
2024,7,15,12,30,17.3,10.4,63.72,1015,0
2024,7,15,13,0,17.3,10.3,63.370000000000005,1015,0
2024,7,15,13,30,17.900000000000002,10.3,61.02,1015,0
2024,7,15,14,0,18.6,9.8,56.44,1016,0
2024,7,15,14,30,19.700000000000003,9.8,52.71,1016,0
2024,7,15,15,0,20.700000000000003,9.3,47.92,1016,0
2024,7,15,15,30,21.900000000000002,9.3,44.53,1016,0
2024,7,15,16,0,23.200000000000003,8.9,40.04,1016,0
2024,7,15,16,30,24.700000000000003,8.9,36.61,1016,0
2024,7,15,17,0,26.200000000000003,7.9,31.35,1016,0
2024,7,15,17,30,27.700000000000003,7.9,28.72,1016,0
2024,7,15,18,0,29.200000000000003,7.4,25.42,1015,0
2024,7,15,18,30,30.5,7.4,23.6,1015,0
2024,7,15,19,0,31.700000000000003,7,21.5,1015,0
2024,7,15,19,30,32.7,7,20.31,1014,0
2024,7,15,20,0,33.7,6.6000000000000005,18.7,1014,0
2024,7,15,20,30,34.1,6.7,18.28,1014,0
2024,7,15,21,0,34.6,6.7,17.87,1013,0
2024,7,15,21,30,34.5,6.7,17.97,1013,0
2024,7,15,22,0,34.4,7.1000000000000005,18.5,1013,0
2024,7,15,22,30,33.800000000000004,7,19.1,1012,0
2024,7,15,23,0,33.2,7.300000000000001,20.04,1012,0
2024,7,15,23,30,32.300000000000004,7.300000000000001,21.080000000000002,1012,0
2024,7,16,0,0,31.400000000000002,7.300000000000001,22.29,1012,0
2024,7,16,0,30,30.1,7.300000000000001,24,1012,0
2024,7,16,1,0,28.900000000000002,7.4,25.94,1012,0
2024,7,16,1,30,27.3,7.4,28.47,1012,0
2024,7,16,2,0,25.700000000000003,7.800000000000001,32.15,1012,0
2024,7,16,2,30,24.200000000000003,7.800000000000001,35.18,1013,0
2024,7,16,3,0,22.6,8.3,39.96,1013,0
2024,7,16,3,30,21.700000000000003,8.3,42.2,1013,0
2024,7,16,4,0,20.8,8.8,46.01,1013,0
2024,7,16,4,30,20.1,8.8,48.04,1013,0
2024,7,16,5,0,19.5,9.1,51.07,1013,0
2024,7,16,5,30,19.1,9.1,52.36,1013,0
2024,7,16,6,0,18.6,9.4,55.2,1013,0
2024,7,16,6,30,18.3,9.4,56.24,1013,0
2024,7,16,7,0,17.900000000000002,9.8,58.95,1013,0
2024,7,16,7,30,17.6,9.8,60.07,1013,0
2024,7,16,8,0,17.3,10.100000000000001,62.660000000000004,1013,0
2024,7,16,8,30,17,10.100000000000001,63.85,1013,0
2024,7,16,9,0,16.7,10.5,66.72,1013,0
2024,7,16,9,30,16.400000000000002,10.5,68,1013,0
2024,7,16,10,0,16.2,10.8,70.31,1012,0
2024,7,16,10,30,15.9,10.8,71.74,1013,0
2024,7,16,11,0,15.700000000000001,11.100000000000001,73.92,1013,0
2024,7,16,11,30,15.4,11.100000000000001,75.35000000000001,1013,0
2024,7,16,12,0,15.200000000000001,11.3,77.42,1013,0
2024,7,16,12,30,15.4,11.3,76.44,1013,0
2024,7,16,13,0,15.600000000000001,11.4,76.07000000000001,1013,0
2024,7,16,13,30,16.8,11.4,70.56,1014,0
2024,7,16,14,0,18,10.8,62.76,1014,0
2024,7,16,14,30,19.3,10.8,57.88,1014,0
2024,7,16,15,0,20.700000000000003,10.4,51.65,1014,0
2024,7,16,15,30,22,10.4,47.71,1014,0
2024,7,16,16,0,23.3,10.200000000000001,43.43,1015,0
2024,7,16,16,30,24.700000000000003,10.200000000000001,39.94,1015,0
2024,7,16,17,0,26,9.8,35.980000000000004,1015,0
2024,7,16,17,30,27.400000000000002,9.8,33.11,1014,0
2024,7,16,18,0,28.8,9,28.91,1014,0
2024,7,16,18,30,29.900000000000002,9,27.14,1014,0
2024,7,16,19,0,30.900000000000002,8.200000000000001,24.34,1014,0
2024,7,16,19,30,31.6,8.200000000000001,23.39,1014,0
2024,7,16,20,0,32.2,7.300000000000001,21.2,1014,0
2024,7,16,20,30,32.4,7.2,20.94,1013,0
2024,7,16,21,0,32.5,6.5,19.830000000000002,1013,0
2024,7,16,21,30,32.2,6.5,20.16,1013,0
2024,7,16,22,0,31.900000000000002,6.4,20.28,1013,0
2024,7,16,22,30,31.200000000000003,6.4,21.1,1013,0
2024,7,16,23,0,30.6,6.300000000000001,21.740000000000002,1013,0
2024,7,16,23,30,29.700000000000003,6.300000000000001,22.89,1013,0
2024,7,17,0,0,28.8,6.300000000000001,24.14,1012,0
2024,7,17,0,30,27.5,6.300000000000001,26.060000000000002,1013,0
2024,7,17,1,0,26.1,6.6000000000000005,28.88,1013,0
2024,7,17,1,30,24.6,6.6000000000000005,31.560000000000002,1013,0
2024,7,17,2,0,23.1,7.1000000000000005,35.71,1013,0
2024,7,17,2,30,21.6,7.1000000000000005,39.11,1013,0
2024,7,17,3,0,20.200000000000003,7.7,44.32,1013,0
2024,7,17,3,30,19.3,7.7,46.9,1014,0
2024,7,17,4,0,18.400000000000002,8.3,51.65,1014,0
2024,7,17,4,30,17.8,8.3,53.63,1014,0
2024,7,17,5,0,17.1,8.9,58.39,1014,0
2024,7,17,5,30,16.6,8.9,60.26,1014,0
2024,7,17,6,0,16.1,9.4,64.6,1014,0
2024,7,17,6,30,15.700000000000001,9.4,66.27,1014,0
2024,7,17,7,0,15.3,9.8,69.95,1014,0
2024,7,17,7,30,15,9.8,71.31,1014,0
2024,7,17,8,0,14.8,10.200000000000001,74,1014,0
2024,7,17,8,30,14.5,10.200000000000001,75.44,1014,0
2024,7,17,9,0,14.200000000000001,10.5,78.33,1014,0
2024,7,17,9,30,14,10.5,79.35000000000001,1014,0
2024,7,17,10,0,13.700000000000001,10.700000000000001,82.33,1014,0
2024,7,17,10,30,13.5,10.700000000000001,83.4,1014,0
2024,7,17,11,0,13.3,11,86,1014,0
2024,7,17,11,30,13.100000000000001,11,87.21000000000001,1015,0
2024,7,17,12,0,12.9,11.200000000000001,89.64,1015,0
2024,7,17,12,30,13.200000000000001,11.200000000000001,87.9,1015,0
2024,7,17,13,0,13.5,11.3,86.77,1015,0
2024,7,17,13,30,14.8,11.3,79.79,1015,0
2024,7,17,14,0,16.1,10.9,71.5,1015,0
2024,7,17,14,30,17.7,10.9,64.62,1015,0
2024,7,17,15,0,19.3,10.3,55.85,1015,0
2024,7,17,15,30,20.900000000000002,10.3,50.61,1015,0
2024,7,17,16,0,22.5,9,42.21,1015,0
2024,7,17,16,30,24.1,9,38.33,1015,0
2024,7,17,17,0,25.8,7.4,30.970000000000002,1015,0
2024,7,17,17,30,27.3,7.4,28.36,1015,0
2024,7,17,18,0,28.900000000000002,5.800000000000001,23.2,1015,0
2024,7,17,18,30,30.400000000000002,5.800000000000001,21.28,1015,0
2024,7,17,19,0,32,4.1000000000000005,17.23,1014,0
2024,7,17,19,30,33.300000000000004,4.1000000000000005,16.02,1014,0
2024,7,17,20,0,34.7,2.4000000000000004,13.09,1014,0
2024,7,17,20,30,35.800000000000004,2.3000000000000003,12.31,1013,0
2024,7,17,21,0,36.9,1.1,10.63,1013,0
2024,7,17,21,30,37.5,1.1,10.290000000000001,1013,0
2024,7,17,22,0,38,1.1,10.02,1012,0
2024,7,17,22,30,38,1.1,10.02,1012,0
2024,7,17,23,0,38,1.9000000000000001,10.61,1012,0
2024,7,17,23,30,37.5,1.9000000000000001,10.9,1012,0
2024,7,18,0,0,37,3.1,12.19,1012,0
2024,7,18,0,30,36,3.1,12.870000000000001,1012,0
2024,7,18,1,0,35,4.7,15.21,1012,0
2024,7,18,1,30,33,4.7,17,1012,0
2024,7,18,2,0,31,7.2,22.55,1012,0
2024,7,18,2,30,28.5,7.2,26.02,1012,0
2024,7,18,3,0,26,8.8,33.71,1012,0
2024,7,18,3,30,24.5,8.8,36.84,1012,0
2024,7,18,4,0,23.1,9.700000000000001,42.72,1013,0
2024,7,18,4,30,22.200000000000003,9.700000000000001,45.11,1013,0
2024,7,18,5,0,21.200000000000003,10.3,49.63,1013,0
2024,7,18,5,30,20.400000000000002,10.3,52.120000000000005,1013,0
2024,7,18,6,0,19.6,10.8,56.980000000000004,1013,0
2024,7,18,6,30,18.900000000000002,10.8,59.51,1013,0
2024,7,18,7,0,18.1,11.5,65.34,1013,0
2024,7,18,7,30,17.6,11.5,67.42,1013,0
2024,7,18,8,0,17.1,11.9,71.68,1013,0
2024,7,18,8,30,16.7,11.9,73.51,1013,0
2024,7,18,9,0,16.3,12.3,77.04,1013,0
2024,7,18,9,30,16.1,12.3,78.02,1013,0
2024,7,18,10,0,15.8,12.4,80.16,1013,0
2024,7,18,10,30,15.700000000000001,12.4,80.67,1013,0
2024,7,18,11,0,15.600000000000001,12.3,80.55,1013,0
2024,7,18,11,30,15.5,12.3,81.06,1013,0
2024,7,18,12,0,15.4,12,80.04,1013,0
2024,7,18,12,30,16.1,12,76.55,1013,0
2024,7,18,13,0,16.8,11.5,70.9,1013,0
2024,7,18,13,30,18.400000000000002,11.5,64.12,1013,0
2024,7,18,14,0,20.1,11,55.7,1014,0
2024,7,18,14,30,21.900000000000002,11,49.89,1014,0
2024,7,18,15,0,23.6,10.700000000000001,44.22,1014,0
2024,7,18,15,30,25.900000000000002,10.700000000000001,38.57,1014,0
2024,7,18,16,0,28.1,9.600000000000001,31.35,1014,0
2024,7,18,16,30,30.200000000000003,9.600000000000001,27.78,1014,0
2024,7,18,17,0,32.4,8,22.07,1014,0
2024,7,18,17,30,34.5,8,19.63,1014,0
2024,7,18,18,0,36.7,4.7,13.83,1013,0
2024,7,18,18,30,38,4.7,12.89,1013,0
2024,7,18,19,0,39.300000000000004,2.8000000000000003,10.540000000000001,1013,0
2024,7,18,19,30,40.1,2.8000000000000003,10.11,1013,0
2024,7,18,20,0,40.900000000000006,2.3000000000000003,9.290000000000001,1012,0
2024,7,18,20,30,41.400000000000006,2.3000000000000003,9.05,1012,0
2024,7,18,21,0,41.800000000000004,2.3000000000000003,8.9,1012,0
2024,7,18,21,30,42,2.3000000000000003,8.81,1012,0
2024,7,18,22,0,42.1,2.7,8.96,1011,0
2024,7,18,22,30,41.900000000000006,2.6,9.06,1011,0
2024,7,18,23,0,41.6,3.2,9.56,1011,0
2024,7,18,23,30,41,3.2,9.86,1011,0
2024,7,19,0,0,40.300000000000004,3.9000000000000004,10.76,1011,0
2024,7,19,0,30,39.300000000000004,3.9000000000000004,11.35,1011,0
2024,7,19,1,0,38.2,4.7,12.73,1011,0
2024,7,19,1,30,36.2,4.7,14.19,1011,0
2024,7,19,2,0,34.2,6.1000000000000005,17.5,1012,0
2024,7,19,2,30,31.8,6.1000000000000005,20.01,1012,0
2024,7,19,3,0,29.400000000000002,7.4,25.07,1012,0
2024,7,19,3,30,28,7.4,27.21,1013,0
2024,7,19,4,0,26.6,8.4,31.71,1013,0
2024,7,19,4,30,25.5,8.4,33.83,1013,0
2024,7,19,5,0,24.400000000000002,9.4,38.54,1013,0
2024,7,19,5,30,23.400000000000002,9.4,40.92,1013,0
2024,7,19,6,0,22.5,10.200000000000001,45.71,1013,0
2024,7,19,6,30,21.8,10.200000000000001,47.69,1013,0
2024,7,19,7,0,21,10.8,52.21,1013,0
2024,7,19,7,30,20.700000000000003,10.8,53.18,1013,0
2024,7,19,8,0,20.3,11,54.97,1013,0
2024,7,19,8,30,20.200000000000003,11,55.31,1013,0
2024,7,19,9,0,20,10.5,54.42,1013,0
2024,7,19,9,30,19.8,10.5,55.1,1013,0
2024,7,19,10,0,19.6,9.9,53.5,1013,0
2024,7,19,10,30,19.6,9.9,53.5,1013,0
2024,7,19,11,0,19.5,8.9,50.45,1013,0
2024,7,19,11,30,19.700000000000003,8.9,49.83,1013,0
2024,7,19,12,0,19.900000000000002,7.800000000000001,45.58,1013,0
2024,7,19,12,30,20.8,7.800000000000001,43.12,1013,0
2024,7,19,13,0,21.700000000000003,7.2,39.06,1013,0
2024,7,19,13,30,23.700000000000003,7.2,34.61,1013,0
2024,7,19,14,0,25.700000000000003,6.6000000000000005,29.51,1013,0
2024,7,19,14,30,27.3,6.6000000000000005,26.86,1013,0
2024,7,19,15,0,28.900000000000002,6.1000000000000005,23.72,1013,0
2024,7,19,15,30,31.1,6.1000000000000005,20.91,1013,0
2024,7,19,16,0,33.300000000000004,5.2,17.35,1013,0
2024,7,19,16,30,35,5.2,15.780000000000001,1013,0
2024,7,19,17,0,36.800000000000004,5.300000000000001,14.35,1013,0
2024,7,19,17,30,38.300000000000004,5.300000000000001,13.23,1013,0
2024,7,19,18,0,39.900000000000006,5.5,12.3,1012,0
2024,7,19,18,30,40.900000000000006,5.5,11.67,1012,0
2024,7,19,19,0,42,5.300000000000001,10.870000000000001,1012,0
2024,7,19,19,30,42.7,5.300000000000001,10.47,1011,0
2024,7,19,20,0,43.400000000000006,5,9.86,1011,0
2024,7,19,20,30,43.800000000000004,5,9.66,1011,0
2024,7,19,21,0,44.1,4.7,9.34,1010,0
2024,7,19,21,30,44.2,4.7,9.290000000000001,1010,0
2024,7,19,22,0,44.300000000000004,4.7,9.200000000000001,1010,0
2024,7,19,22,30,44.1,4.6000000000000005,9.290000000000001,1009,0
2024,7,19,23,0,44,4.5,9.21,1009,0
2024,7,19,23,30,43.5,4.5,9.450000000000001,1009,0
2024,7,20,0,0,43.1,4.2,9.48,1009,0
2024,7,20,0,30,42.300000000000004,4.2,9.88,1009,0
2024,7,20,1,0,41.5,4.2,10.290000000000001,1009,0
2024,7,20,1,30,39.2,4.2,11.63,1009,0
2024,7,20,2,0,36.9,6.800000000000001,15.85,1009,0
2024,7,20,2,30,34.4,6.800000000000001,18.18,1009,0
2024,7,20,3,0,31.900000000000002,6.2,20.02,1010,0
2024,7,20,3,30,30.700000000000003,6.2,21.43,1010,0
2024,7,20,4,0,29.5,6.1000000000000005,22.85,1010,0
2024,7,20,4,30,28.6,6.1000000000000005,24.060000000000002,1010,0
2024,7,20,5,0,27.700000000000003,7,27.04,1010,0
2024,7,20,5,30,26.8,7,28.5,1010,0
2024,7,20,6,0,25.900000000000002,8.3,32.75,1010,0
2024,7,20,6,30,25.1,8.3,34.34,1010,0
2024,7,20,7,0,24.3,9.5,39.14,1010,0
2024,7,20,7,30,23.6,9.5,40.82,1010,0
2024,7,20,8,0,22.900000000000002,10.5,45.37,1010,0
2024,7,20,8,30,22.400000000000002,10.5,46.76,1010,0
2024,7,20,9,0,21.900000000000002,11.200000000000001,50.730000000000004,1010,0
2024,7,20,9,30,21.6,11.200000000000001,51.660000000000004,1010,0
2024,7,20,10,0,21.400000000000002,11.8,54.39,1010,0
2024,7,20,10,30,21.1,11.8,55.4,1010,0
2024,7,20,11,0,20.900000000000002,12.3,57.85,1010,0
2024,7,20,11,30,20.700000000000003,12.3,58.620000000000005,1011,0
2024,7,20,12,0,20.400000000000002,12.700000000000001,61.38,1011,0
2024,7,20,12,30,20.6,12.700000000000001,60.63,1011,0
2024,7,20,13,0,20.700000000000003,13.100000000000001,61.65,1011,0
2024,7,20,13,30,21.8,13.100000000000001,57.64,1011,0
2024,7,20,14,0,22.8,13.200000000000001,54.800000000000004,1011,0
2024,7,20,14,30,24.5,13.200000000000001,49.49,1011,0
2024,7,20,15,0,26.200000000000003,12.9,43.88,1011,0
2024,7,20,15,30,28.6,13,38.15,1011,0
2024,7,20,16,0,31.1,11.600000000000001,30.25,1011,0
2024,7,20,16,30,33.5,11.600000000000001,26.44,1011,0
2024,7,20,17,0,35.9,9,19.38,1011,0
2024,7,20,17,30,37.9,9,17.39,1011,0
2024,7,20,18,0,39.900000000000006,7.300000000000001,13.94,1010,0
2024,7,20,18,30,41.1,7.300000000000001,13.08,1010,0
2024,7,20,19,0,42.300000000000004,6.300000000000001,11.48,1009,0
2024,7,20,19,30,42.900000000000006,6.300000000000001,11.13,1009,0
2024,7,20,20,0,43.5,6.1000000000000005,10.61,1009,0
2024,7,20,20,30,43.5,6.1000000000000005,10.6,1008,0
2024,7,20,21,0,43.6,6.4,10.73,1008,0
2024,7,20,21,30,43.2,6.4,10.96,1008,0
2024,7,20,22,0,42.900000000000006,6.9,11.55,1008,0
2024,7,20,22,30,42.1,6.9,12.040000000000001,1008,0
2024,7,20,23,0,41.400000000000006,7.6000000000000005,13.11,1008,0
2024,7,20,23,30,40.400000000000006,7.6000000000000005,13.83,1008,0
2024,7,21,0,0,39.400000000000006,8.3,15.290000000000001,1008,0
2024,7,21,0,30,38,8.3,16.48,1008,0
2024,7,21,1,0,36.7,8.9,18.47,1008,0
2024,7,21,1,30,34.800000000000004,8.9,20.490000000000002,1008,0
2024,7,21,2,0,32.9,9.8,24.13,1009,0
2024,7,21,2,30,30.900000000000002,9.700000000000001,27.01,1009,0
2024,7,21,3,0,28.900000000000002,10.5,31.87,1009,0
2024,7,21,3,30,27.400000000000002,10.5,34.76,1009,0
2024,7,21,4,0,25.900000000000002,10.9,39.14,1009,0
2024,7,21,4,30,24.8,11,41.82,1010,0
2024,7,21,5,0,23.700000000000003,11.200000000000001,45.54,1010,0
2024,7,21,5,30,22.900000000000002,11.200000000000001,47.78,1010,0
2024,7,21,6,0,22.200000000000003,11.4,50.27,1010,0
2024,7,21,6,30,21.8,11.4,51.5,1010,0
2024,7,21,7,0,21.5,11.200000000000001,52.04,1010,0
2024,7,21,7,30,21.200000000000003,11.200000000000001,53,1010,0
2024,7,21,8,0,20.900000000000002,11,53.19,1010,0
2024,7,21,8,30,20.400000000000002,11,54.85,1010,0
2024,7,21,9,0,19.8,11.200000000000001,57.620000000000005,1009,0
2024,7,21,9,30,19.3,11.200000000000001,59.43,1009,0
2024,7,21,10,0,18.7,11.700000000000001,63.95,1009,0
2024,7,21,10,30,18.3,11.8,65.63,1010,0
2024,7,21,11,0,17.900000000000002,12.200000000000001,69.36,1010,0
2024,7,21,11,30,17.6,12.200000000000001,70.67,1010,0
2024,7,21,12,0,17.3,12.5,73.5,1010,0
2024,7,21,12,30,17.400000000000002,12.5,73.03,1010,0
2024,7,21,13,0,17.400000000000002,12.700000000000001,74.11,1010,0
2024,7,21,13,30,18.3,12.700000000000001,70.04,1010,0
2024,7,21,14,0,19.3,12.9,66.5,1011,0
2024,7,21,14,30,20.8,12.9,60.620000000000005,1011,0
2024,7,21,15,0,22.3,12.9,55.45,1011,0
2024,7,21,15,30,23.8,13,50.660000000000004,1011,0
2024,7,21,16,0,25.200000000000003,12.9,46.37,1011,0
2024,7,21,16,30,26.700000000000003,12.9,42.44,1011,0
2024,7,21,17,0,28.1,12.600000000000001,38.43,1011,0
2024,7,21,17,30,29.6,12.600000000000001,35.24,1011,0
2024,7,21,18,0,31,12.100000000000001,31.400000000000002,1011,0
2024,7,21,18,30,32.2,12.100000000000001,29.35,1011,0
2024,7,21,19,0,33.4,11.5,26.38,1010,0
2024,7,21,19,30,34.2,11.5,25.23,1010,0
2024,7,21,20,0,35.1,10.8,22.92,1010,0
2024,7,21,20,30,35.5,10.8,22.42,1010,0
2024,7,21,21,0,35.9,10.4,21.35,1009,0
2024,7,21,21,30,36,10.4,21.23,1009,0
2024,7,21,22,0,36,10.4,21.19,1009,0
2024,7,21,22,30,35.7,10.4,21.54,1009,0
2024,7,21,23,0,35.4,10.5,22.02,1009,0
2024,7,21,23,30,34.800000000000004,10.4,22.740000000000002,1008,0
2024,7,22,0,0,34.2,10.600000000000001,23.73,1008,0
2024,7,22,0,30,33.2,10.600000000000001,25.09,1008,0
2024,7,22,1,0,32.2,10.8,26.92,1008,0
2024,7,22,1,30,30.6,10.8,29.5,1009,0
2024,7,22,2,0,29.1,11.4,33.410000000000004,1009,0
2024,7,22,2,30,27.400000000000002,11.4,36.87,1009,0
2024,7,22,3,0,25.8,11.600000000000001,41.14,1009,0
2024,7,22,3,30,24.700000000000003,11.600000000000001,43.92,1009,0
2024,7,22,4,0,23.700000000000003,11.3,45.78,1009,0
2024,7,22,4,30,23,11.3,47.74,1009,0
2024,7,22,5,0,22.3,11,48.84,1009,0
2024,7,22,5,30,21.8,11,50.35,1009,0
2024,7,22,6,0,21.3,10.8,51.03,1009,0
2024,7,22,6,30,20.900000000000002,10.8,52.29,1009,0
2024,7,22,7,0,20.5,10.600000000000001,52.86,1008,0
2024,7,22,7,30,20.1,10.600000000000001,54.18,1008,0
2024,7,22,8,0,19.700000000000003,10.5,55.2,1008,0
2024,7,22,8,30,19.3,10.5,56.58,1008,0
2024,7,22,9,0,18.900000000000002,10.700000000000001,59.04,1008,0
2024,7,22,9,30,18.5,10.700000000000001,60.53,1008,0
2024,7,22,10,0,18.1,11.100000000000001,63.72,1008,0
2024,7,22,10,30,17.8,11.100000000000001,64.93,1008,0
2024,7,22,11,0,17.5,11.3,67.11,1008,0
2024,7,22,11,30,17.400000000000002,11.3,67.54,1008,0
2024,7,22,12,0,17.3,11.4,68.41,1008,0
2024,7,22,12,30,17.5,11.4,67.62,1009,0
2024,7,22,13,0,17.8,11.5,66.51,1009,0
2024,7,22,13,30,18.8,11.5,62.480000000000004,1009,0
2024,7,22,14,0,19.900000000000002,11.4,58.13,1009,0
2024,7,22,14,30,21.6,11.4,52.38,1009,0
2024,7,22,15,0,23.3,11.4,47.230000000000004,1009,0
2024,7,22,15,30,25.5,11.4,41.42,1009,0
2024,7,22,16,0,27.700000000000003,11.200000000000001,35.83,1009,0
2024,7,22,16,30,29.700000000000003,11.200000000000001,31.92,1009,0
2024,7,22,17,0,31.8,11,27.95,1009,0
2024,7,22,17,30,33.7,11,25.13,1009,0
2024,7,22,18,0,35.6,10.200000000000001,21.41,1009,0
2024,7,22,18,30,37.1,10.200000000000001,19.73,1009,0
2024,7,22,19,0,38.7,8.8,16.4,1008,0
2024,7,22,19,30,40.1,8.8,15.22,1008,0
2024,7,22,20,0,41.5,7.1000000000000005,12.59,1008,0
2024,7,22,20,30,42.2,7.1000000000000005,12.120000000000001,1007,0
2024,7,22,21,0,42.800000000000004,6.5,11.3,1007,0
2024,7,22,21,30,42.900000000000006,6.5,11.24,1007,0
2024,7,22,22,0,43,6.5,11.200000000000001,1006,0
2024,7,22,22,30,42.7,6.5,11.370000000000001,1006,0
2024,7,22,23,0,42.400000000000006,6.6000000000000005,11.620000000000001,1006,0
2024,7,22,23,30,41.800000000000004,6.6000000000000005,11.99,1006,0
2024,7,23,0,0,41.1,6.5,12.39,1006,0
2024,7,23,0,30,40.1,6.5,13.06,1006,0
2024,7,23,1,0,39,6.300000000000001,13.63,1006,0
2024,7,23,1,30,37.2,6.300000000000001,15.01,1006,0
2024,7,23,2,0,35.4,6.300000000000001,16.57,1006,0
2024,7,23,2,30,33.300000000000004,6.300000000000001,18.61,1006,0
2024,7,23,3,0,31.1,6.2,21.01,1006,0
2024,7,23,3,30,30,6.2,22.39,1007,0
2024,7,23,4,0,28.900000000000002,6,23.45,1007,0
2024,7,23,4,30,28.200000000000003,6,24.42,1007,0
2024,7,23,5,0,27.400000000000002,6.2,26,1007,0
2024,7,23,5,30,26.8,6.2,26.93,1007,0
2024,7,23,6,0,26.200000000000003,6.7,28.79,1007,0
2024,7,23,6,30,25.8,6.7,29.48,1007,0
2024,7,23,7,0,25.3,7.1000000000000005,31.330000000000002,1007,0
2024,7,23,7,30,24.900000000000002,7.1000000000000005,32.09,1007,0
2024,7,23,8,0,24.5,7.4,33.53,1007,0
2024,7,23,8,30,24.1,7.4,34.34,1007,0
2024,7,23,9,0,23.6,7.800000000000001,36.33,1007,0
2024,7,23,9,30,23.200000000000003,7.800000000000001,37.21,1007,0
2024,7,23,10,0,22.8,8.200000000000001,39.300000000000004,1007,0
2024,7,23,10,30,22.5,8.200000000000001,40.06,1008,0
2024,7,23,11,0,22.3,8.5,41.300000000000004,1008,0
2024,7,23,11,30,22.1,8.5,41.800000000000004,1008,0
2024,7,23,12,0,22,8.700000000000001,42.53,1008,0
2024,7,23,12,30,22.1,8.700000000000001,42.32,1009,0
2024,7,23,13,0,22.1,8.8,42.54,1009,0
2024,7,23,13,30,23.1,8.8,40.04,1009,0
2024,7,23,14,0,24.1,8.6,37.29,1009,0
2024,7,23,14,30,26,8.6,33.35,1010,0
2024,7,23,15,0,27.8,8,28.73,1010,0
2024,7,23,15,30,29.8,8,25.6,1010,0
2024,7,23,16,0,31.8,6.1000000000000005,19.97,1010,0
2024,7,23,16,30,33.7,6.1000000000000005,17.95,1010,0
2024,7,23,17,0,35.6,4.9,14.86,1010,0
2024,7,23,17,30,37.2,4.9,13.620000000000001,1010,0
2024,7,23,18,0,38.7,3.7,11.6,1010,0
2024,7,23,18,30,40,3.7,10.82,1010,0
2024,7,23,19,0,41.300000000000004,2.9000000000000004,9.55,1010,0
2024,7,23,19,30,42,2.9000000000000004,9.19,1009,0
2024,7,23,20,0,42.6,3.7,9.38,1009,0
2024,7,23,20,30,42.800000000000004,3.7,9.28,1009,0
2024,7,23,21,0,43,4.7,9.85,1009,0
2024,7,23,21,30,43,4.7,9.85,1009,0
2024,7,23,22,0,43,5.5,10.42,1009,0
2024,7,23,22,30,42.7,5.5,10.58,1008,0
2024,7,23,23,0,42.300000000000004,5.9,11.15,1008,0
2024,7,23,23,30,41.6,5.9,11.56,1008,0
2024,7,24,0,0,41,6.1000000000000005,12.07,1009,0
2024,7,24,0,30,39.900000000000006,6.1000000000000005,12.790000000000001,1009,0
2024,7,24,1,0,38.900000000000006,5.800000000000001,13.3,1009,0
2024,7,24,1,30,37.300000000000004,5.800000000000001,14.5,1009,0
2024,7,24,2,0,35.6,5.2,15.22,1009,0
2024,7,24,2,30,33.7,5.2,16.92,1010,0
2024,7,24,3,0,31.700000000000003,4.800000000000001,18.35,1010,0
2024,7,24,3,30,30.700000000000003,4.7,19.42,1010,0
2024,7,24,4,0,29.700000000000003,4.4,20,1011,0
2024,7,24,4,30,28.900000000000002,4.3,20.94,1011,0
2024,7,24,5,0,28.200000000000003,4.7,22.37,1011,0
2024,7,24,5,30,27.6,4.7,23.16,1011,0
2024,7,24,6,0,27,5.800000000000001,25.96,1012,0
2024,7,24,6,30,26.6,5.800000000000001,26.580000000000002,1012,0
2024,7,24,7,0,26.200000000000003,7.1000000000000005,29.580000000000002,1012,0
2024,7,24,7,30,25.900000000000002,7.1000000000000005,30.11,1012,0
2024,7,24,8,0,25.700000000000003,7.800000000000001,32.06,1012,0
2024,7,24,8,30,25.400000000000002,7.800000000000001,32.63,1012,0
2024,7,24,9,0,25.200000000000003,8.1,33.81,1012,0
2024,7,24,9,30,25,8.1,34.21,1012,0
2024,7,24,10,0,24.700000000000003,8.3,35.19,1012,0
2024,7,24,10,30,24.5,8.3,35.62,1012,0
2024,7,24,11,0,24.200000000000003,8.5,36.730000000000004,1012,0
2024,7,24,11,30,23.900000000000002,8.5,37.4,1012,0
2024,7,24,12,0,23.6,8.8,38.92,1013,0
2024,7,24,12,30,23.700000000000003,8.8,38.69,1013,0
2024,7,24,13,0,23.700000000000003,9.200000000000001,39.65,1013,0
2024,7,24,13,30,24.700000000000003,9.200000000000001,37.35,1013,0
2024,7,24,14,0,25.700000000000003,9.3,35.42,1014,0
2024,7,24,14,30,27.400000000000002,9.3,32.05,1014,0
2024,7,24,15,0,29.1,8.1,26.79,1014,0
2024,7,24,15,30,30.700000000000003,8.1,24.45,1014,0
2024,7,24,16,0,32.300000000000004,7.9,22.1,1014,0
2024,7,24,16,30,33.9,8,20.21,1014,0
2024,7,24,17,0,35.4,7.6000000000000005,18.18,1014,0
2024,7,24,17,30,36.6,7.6000000000000005,17.02,1014,0
2024,7,24,18,0,37.800000000000004,7.800000000000001,16.17,1014,0
2024,7,24,18,30,38.6,7.800000000000001,15.49,1014,0
2024,7,24,19,0,39.300000000000004,8.200000000000001,15.26,1014,0
2024,7,24,19,30,39.800000000000004,8.200000000000001,14.86,1014,0
2024,7,24,20,0,40.400000000000006,8.6,14.84,1014,0
2024,7,24,20,30,40.5,8.6,14.76,1014,0
2024,7,24,21,0,40.6,9.1,15.13,1014,0
2024,7,24,21,30,40.400000000000006,9.1,15.280000000000001,1013,0
2024,7,24,22,0,40.1,9.3,15.790000000000001,1013,0
2024,7,24,22,30,39.6,9.3,16.22,1013,0
2024,7,24,23,0,39.1,9.4,16.78,1013,0
2024,7,24,23,30,38.400000000000006,9.4,17.43,1013,0
2024,7,25,0,0,37.6,9.4,18.14,1013,0
2024,7,25,0,30,36.4,9.4,19.36,1013,0
2024,7,25,1,0,35.2,9.1,20.26,1013,0
2024,7,25,1,30,33.6,9,22.13,1013,0
2024,7,25,2,0,32,8.6,23.56,1013,0
2024,7,25,2,30,30.3,8.6,25.97,1014,0
2024,7,25,3,0,28.700000000000003,8.5,28.21,1014,0
2024,7,25,3,30,27.6,8.5,30.060000000000002,1014,0
2024,7,25,4,0,26.5,8.9,32.86,1014,0
2024,7,25,4,30,25.8,8.9,34.24,1014,0
2024,7,25,5,0,25.1,9.5,37.39,1015,0
2024,7,25,5,30,24.6,9.5,38.52,1015,0
2024,7,25,6,0,24.1,10.200000000000001,41.37,1015,0
2024,7,25,6,30,23.700000000000003,10.200000000000001,42.37,1015,0
2024,7,25,7,0,23.3,10.5,44.5,1015,0
2024,7,25,7,30,22.900000000000002,10.5,45.58,1015,0
2024,7,25,8,0,22.5,10.8,47.660000000000004,1015,0
2024,7,25,8,30,22.1,10.8,48.83,1015,0
2024,7,25,9,0,21.6,11.100000000000001,51.15,1014,0
2024,7,25,9,30,21.200000000000003,11.100000000000001,52.410000000000004,1014,0
2024,7,25,10,0,20.700000000000003,11.200000000000001,54.51,1014,0
2024,7,25,10,30,20.3,11.200000000000001,55.86,1014,0
2024,7,25,11,0,19.8,11.3,58.03,1014,0
2024,7,25,11,30,19.400000000000002,11.3,59.49,1014,0
2024,7,25,12,0,19,11.4,61.370000000000005,1015,0
2024,7,25,12,30,18.900000000000002,11.4,61.76,1015,0
2024,7,25,13,0,18.900000000000002,11.4,61.65,1015,0
2024,7,25,13,30,19.900000000000002,11.4,57.95,1015,0
2024,7,25,14,0,20.900000000000002,10.8,52.51,1015,0
2024,7,25,14,30,22.700000000000003,10.8,47.07,1015,0
2024,7,25,15,0,24.6,9.200000000000001,37.56,1015,0
2024,7,25,15,30,26.200000000000003,9.200000000000001,34.17,1015,0
2024,7,25,16,0,27.8,8.3,29.32,1015,0
2024,7,25,16,30,29.5,8.3,26.580000000000002,1015,0
2024,7,25,17,0,31.3,6.9,21.76,1015,0
2024,7,25,17,30,32.7,6.9,20.11,1015,0
2024,7,25,18,0,34.2,5.6000000000000005,16.95,1015,0
2024,7,25,18,30,35.300000000000004,5.6000000000000005,15.950000000000001,1015,0
2024,7,25,19,0,36.4,4.3,13.63,1015,0
2024,7,25,19,30,37.1,4.2,13.11,1014,0
2024,7,25,20,0,37.9,3,11.47,1014,0
2024,7,25,20,30,38.1,3,11.35,1014,0
2024,7,25,21,0,38.400000000000006,2.6,10.92,1013,0
2024,7,25,21,30,38.5,2.6,10.86,1013,0
2024,7,25,22,0,38.6,2.2,10.5,1013,0
2024,7,25,22,30,38.400000000000006,2.2,10.6,1012,0
2024,7,25,23,0,38.300000000000004,1.7000000000000002,10.25,1012,0
2024,7,25,23,30,37.7,1.7000000000000002,10.59,1012,0
2024,7,26,0,0,37.2,1.5,10.74,1012,0
2024,7,26,0,30,36.1,1.5,11.41,1012,0
2024,7,26,1,0,35.1,2.2,12.700000000000001,1011,0
2024,7,26,1,30,33.300000000000004,2.2,14.040000000000001,1012,0
2024,7,26,2,0,31.5,3.9000000000000004,17.48,1012,0
2024,7,26,2,30,29.3,3.9000000000000004,19.81,1012,0
2024,7,26,3,0,27.1,5.5,25.12,1012,0
2024,7,26,3,30,25.8,5.4,27.12,1012,0
2024,7,26,4,0,24.400000000000002,6.7,32.24,1012,0
2024,7,26,4,30,23.400000000000002,6.7,34.230000000000004,1012,0
2024,7,26,5,0,22.3,7.9,39.62,1012,0
2024,7,26,5,30,21.6,7.9,41.34,1012,0
2024,7,26,6,0,20.900000000000002,8.8,45.76,1012,0
2024,7,26,6,30,20.400000000000002,8.8,47.18,1012,0
2024,7,26,7,0,19.8,9.600000000000001,51.620000000000005,1012,0
2024,7,26,7,30,19.400000000000002,9.5,52.910000000000004,1012,0
2024,7,26,8,0,19,10.200000000000001,56.56,1011,0
2024,7,26,8,30,18.6,10.200000000000001,57.99,1011,0
2024,7,26,9,0,18.2,10.600000000000001,61.15,1011,0
2024,7,26,9,30,17.8,10.600000000000001,62.71,1011,0
2024,7,26,10,0,17.400000000000002,10.9,65.55,1011,0
2024,7,26,10,30,17,10.9,67.22,1011,0
2024,7,26,11,0,16.6,11.100000000000001,69.77,1011,0
2024,7,26,11,30,16.3,11.100000000000001,71.11,1011,0
2024,7,26,12,0,15.9,11.200000000000001,73.71000000000001,1011,0
2024,7,26,12,30,16,11.200000000000001,73.24,1011,0
2024,7,26,13,0,16,11.3,73.62,1011,0
2024,7,26,13,30,17.2,11.3,68.23,1011,0
2024,7,26,14,0,18.400000000000002,11.100000000000001,62.300000000000004,1011,0
2024,7,26,14,30,20.5,11.100000000000001,54.7,1011,0
2024,7,26,15,0,22.5,10.200000000000001,45.730000000000004,1011,0
2024,7,26,15,30,25.1,10.200000000000001,39.13,1011,0
2024,7,26,16,0,27.6,7.7,28.560000000000002,1011,0
2024,7,26,16,30,29.8,7.800000000000001,25.150000000000002,1011,0
2024,7,26,17,0,32,4.6000000000000005,17.830000000000002,1011,0
2024,7,26,17,30,33.9,4.6000000000000005,16.02,1010,0
2024,7,26,18,0,35.9,0.9,11.08,1010,0
2024,7,26,18,30,37.1,0.9,10.370000000000001,1010,0
2024,7,26,19,0,38.300000000000004,-0.6000000000000001,8.68,1009,0
2024,7,26,19,30,38.6,-0.6000000000000001,8.540000000000001,1009,0
2024,7,26,20,0,39,-0.30000000000000004,8.52,1009,0
2024,7,26,20,30,38.800000000000004,-0.4,8.61,1008,0
2024,7,26,21,0,38.7,0,8.91,1008,0
2024,7,26,21,30,38,0,9.25,1008,0
2024,7,26,22,0,37.4,0.5,9.86,1007,0
2024,7,26,22,30,36.300000000000004,0.5,10.47,1007,0
2024,7,26,23,0,35.2,1.2000000000000002,11.72,1007,0
2024,7,26,23,30,33.800000000000004,1.2000000000000002,12.66,1007,0
2024,7,27,0,0,32.5,2,14.43,1007,0
2024,7,27,0,30,30.900000000000002,2,15.790000000000001,1007,0
2024,7,27,1,0,29.3,3.1,18.78,1007,0
2024,7,27,1,30,27.5,3.1,20.84,1007,0
2024,7,27,2,0,25.700000000000003,5,26.400000000000002,1007,0
2024,7,27,2,30,23.900000000000002,5,29.38,1007,0
2024,7,27,3,0,22,7.1000000000000005,38.32,1007,0
2024,7,27,3,30,20.8,7.1000000000000005,41.230000000000004,1007,0
2024,7,27,4,0,19.5,9,50.52,1008,0
2024,7,27,4,30,18.6,9,53.42,1008,0
2024,7,27,5,0,17.8,9.9,59.69,1008,0
2024,7,27,5,30,17.2,9.9,61.99,1008,0
2024,7,27,6,0,16.7,10.3,66.05,1008,0
2024,7,27,6,30,16.3,10.3,67.75,1008,0
2024,7,27,7,0,15.9,10.700000000000001,71.12,1008,0
2024,7,27,7,30,15.600000000000001,10.700000000000001,72.49,1008,0
2024,7,27,8,0,15.3,11.100000000000001,75.84,1008,0
2024,7,27,8,30,15,11.100000000000001,77.31,1008,0
2024,7,27,9,0,14.700000000000001,11.4,80.87,1008,0
2024,7,27,9,30,14.4,11.5,82.53,1009,0
2024,7,27,10,0,14.200000000000001,11.700000000000001,85.06,1009,0
2024,7,27,10,30,14,11.700000000000001,86.17,1009,0
2024,7,27,11,0,13.9,11.8,87.15,1009,0
2024,7,27,11,30,13.700000000000001,11.8,88.29,1009,0
2024,7,27,12,0,13.600000000000001,11.8,89.05,1009,0
2024,7,27,12,30,13.8,11.8,87.99,1010,0
2024,7,27,13,0,13.9,11.8,87.13,1010,0
2024,7,27,13,30,14.8,11.8,82.22,1010,0
2024,7,27,14,0,15.700000000000001,11.4,75.75,1011,0
2024,7,27,14,30,16.8,11.4,70.64,1011,0
2024,7,27,15,0,17.900000000000002,11.3,65.33,1011,0
2024,7,27,15,30,19,11.3,61.06,1012,0
2024,7,27,16,0,20.1,11.4,57.4,1012,0
2024,7,27,16,30,21.200000000000003,11.4,53.65,1012,0
2024,7,27,17,0,22.3,11.3,49.65,1012,0
2024,7,27,17,30,23.400000000000002,11.3,46.46,1012,0
2024,7,27,18,0,24.400000000000002,10.8,42.49,1012,0
2024,7,27,18,30,25.3,10.8,40.27,1012,0
2024,7,27,19,0,26.200000000000003,10.200000000000001,36.65,1011,0
2024,7,27,19,30,26.900000000000002,10.200000000000001,35.17,1011,0
2024,7,27,20,0,27.5,9.600000000000001,32.5,1011,0
2024,7,27,20,30,27.8,9.600000000000001,31.94,1011,0
2024,7,27,21,0,28.1,9.1,30.34,1011,0
2024,7,27,21,30,28,9.1,30.490000000000002,1010,0
2024,7,27,22,0,28,8.700000000000001,29.77,1010,0
2024,7,27,22,30,27.6,8.700000000000001,30.47,1010,0
2024,7,27,23,0,27.1,8.5,31.01,1010,0
2024,7,27,23,30,26.400000000000002,8.5,32.31,1010,0
2024,7,28,0,0,25.700000000000003,8.5,33.52,1010,0
2024,7,28,0,30,24.8,8.4,35.35,1010,0
2024,7,28,1,0,23.8,8.700000000000001,38.19,1010,0
2024,7,28,1,30,22.5,8.700000000000001,41.300000000000004,1010,0
2024,7,28,2,0,21.200000000000003,9.3,46.62,1010,0
2024,7,28,2,30,19.900000000000002,9.3,50.5,1010,0
2024,7,28,3,0,18.6,10.100000000000001,57.550000000000004,1010,0
2024,7,28,3,30,17.7,10.100000000000001,60.95,1011,0
2024,7,28,4,0,16.900000000000002,10.600000000000001,66.51,1011,0
2024,7,28,4,30,16.3,10.600000000000001,69.09,1011,0
2024,7,28,5,0,15.8,10.9,72.88,1011,0
2024,7,28,5,30,15.4,10.9,74.76,1011,0
2024,7,28,6,0,15,11.100000000000001,77.72,1011,0
2024,7,28,6,30,14.700000000000001,11.100000000000001,79.23,1011,0
2024,7,28,7,0,14.4,11.3,81.39,1011,0
2024,7,28,7,30,14.100000000000001,11.3,82.98,1011,0
2024,7,28,8,0,13.9,11.3,84.37,1010,0
2024,7,28,8,30,13.600000000000001,11.3,86.03,1010,0
2024,7,28,9,0,13.4,11.3,87.24,1010,0
2024,7,28,9,30,13.200000000000001,11.3,88.38,1010,0
2024,7,28,10,0,12.9,11.3,89.79,1010,0
2024,7,28,10,30,12.700000000000001,11.3,91.06,1011,0
2024,7,28,11,0,12.5,11.200000000000001,91.83,1011,0
2024,7,28,11,30,12.4,11.200000000000001,92.43,1011,0
2024,7,28,12,0,12.200000000000001,11.100000000000001,93.29,1011,0
2024,7,28,12,30,12.5,11.100000000000001,91.48,1011,0
2024,7,28,13,0,12.9,11.100000000000001,89.01,1012,0
2024,7,28,13,30,14.100000000000001,11.100000000000001,82.34,1012,0
2024,7,28,14,0,15.3,11,75.77,1012,0
2024,7,28,14,30,16.8,11.100000000000001,68.87,1012,0
2024,7,28,15,0,18.3,10.700000000000001,61.27,1013,0
2024,7,28,15,30,19.700000000000003,10.700000000000001,56.160000000000004,1013,0
2024,7,28,16,0,21.1,10.4,50.5,1013,0
2024,7,28,16,30,22.6,10.4,46.09,1013,0
2024,7,28,17,0,24.1,9.8,40.34,1013,0
2024,7,28,17,30,25.6,9.8,36.9,1013,0
2024,7,28,18,0,27,8.9,31.93,1012,0
2024,7,28,18,30,28.3,8.9,29.61,1012,0
2024,7,28,19,0,29.6,7.7,25.41,1012,0
2024,7,28,19,30,30.700000000000003,7.7,23.87,1012,0
2024,7,28,20,0,31.8,6.300000000000001,20.36,1011,0
2024,7,28,20,30,32.4,6.300000000000001,19.68,1011,0
2024,7,28,21,0,33.1,5.1000000000000005,17.39,1011,0
2024,7,28,21,30,33.2,5.1000000000000005,17.29,1011,0
2024,7,28,22,0,33.300000000000004,4.6000000000000005,16.61,1010,0
2024,7,28,22,30,32.9,4.6000000000000005,16.990000000000002,1010,0
2024,7,28,23,0,32.6,4.7,17.400000000000002,1010,0
2024,7,28,23,30,31.900000000000002,4.7,18.1,1010,0
2024,7,29,0,0,31.3,5.1000000000000005,19.25,1010,0
2024,7,29,0,30,30.1,5.1000000000000005,20.61,1010,0
2024,7,29,1,0,29,6,23.39,1010,0
2024,7,29,1,30,27.200000000000003,6,25.97,1010,0
2024,7,29,2,0,25.5,7.4,31.68,1010,0
2024,7,29,2,30,23.8,7.5,35.08,1011,0
2024,7,29,3,0,22,8.8,42.76,1011,0
2024,7,29,3,30,20.8,8.8,46.01,1011,0
2024,7,29,4,0,19.6,9.700000000000001,52.78,1011,0
2024,7,29,4,30,18.8,9.700000000000001,55.46,1011,0
2024,7,29,5,0,17.900000000000002,10.4,61.33,1012,0
2024,7,29,5,30,17.3,10.4,63.68,1012,0
2024,7,29,6,0,16.7,10.8,67.99,1012,0
2024,7,29,6,30,16.2,10.8,70.18,1012,0
2024,7,29,7,0,15.700000000000001,11.100000000000001,74.08,1012,0
2024,7,29,7,30,15.3,11.100000000000001,76,1012,0
2024,7,29,8,0,15,11.3,78.79,1012,0
2024,7,29,8,30,14.700000000000001,11.3,80.32000000000001,1012,0
2024,7,29,9,0,14.4,11.600000000000001,83.08,1012,0
2024,7,29,9,30,14.200000000000001,11.600000000000001,84.16,1012,0
2024,7,29,10,0,14,11.700000000000001,86.19,1012,0
2024,7,29,10,30,13.8,11.700000000000001,87.32000000000001,1012,0
2024,7,29,11,0,13.600000000000001,11.8,88.63,1012,0
2024,7,29,11,30,13.4,11.8,89.79,1012,0
2024,7,29,12,0,13.200000000000001,11.700000000000001,90.67,1012,0
2024,7,29,12,30,13.3,11.700000000000001,90.08,1012,0
2024,7,29,13,0,13.5,11.600000000000001,88.51,1012,0
2024,7,29,13,30,14.600000000000001,11.700000000000001,82.51,1013,0
2024,7,29,14,0,15.8,11.4,74.97,1013,0
2024,7,29,14,30,17.400000000000002,11.4,67.74,1013,0
2024,7,29,15,0,18.900000000000002,10.9,59.77,1014,0
2024,7,29,15,30,20.5,10.9,54.14,1014,0
2024,7,29,16,0,22.1,10.4,47.56,1014,0
2024,7,29,16,30,23.6,10.4,43.45,1014,0
2024,7,29,17,0,25.200000000000003,9.5,37.11,1014,0
2024,7,29,17,30,26.6,9.5,34.17,1014,0
2024,7,29,18,0,28,8.200000000000001,28.8,1014,0
2024,7,29,18,30,29.1,8.200000000000001,27.03,1014,0
2024,7,29,19,0,30.200000000000003,7.1000000000000005,23.43,1014,0
2024,7,29,19,30,30.900000000000002,7.1000000000000005,22.52,1014,0
2024,7,29,20,0,31.5,6.5,20.95,1014,0
2024,7,29,20,30,31.8,6.5,20.580000000000002,1013,0
2024,7,29,21,0,32.2,6.2,19.73,1013,0
2024,7,29,21,30,32.2,6.2,19.73,1013,0
2024,7,29,22,0,32.300000000000004,6.2,19.63,1013,0
2024,7,29,22,30,32,6.2,19.95,1012,0
2024,7,29,23,0,31.700000000000003,6.4,20.51,1012,0
2024,7,29,23,30,31.1,6.4,21.22,1012,0
2024,7,30,0,0,30.400000000000002,6.800000000000001,22.77,1012,0
2024,7,30,0,30,29.400000000000002,6.800000000000001,24.11,1012,0
2024,7,30,1,0,28.400000000000002,7.6000000000000005,26.98,1012,0
2024,7,30,1,30,26.8,7.6000000000000005,29.61,1012,0
2024,7,30,2,0,25.3,8.700000000000001,35,1012,0
2024,7,30,2,30,23.6,8.700000000000001,38.730000000000004,1012,0
2024,7,30,3,0,22,9.9,46.17,1012,0
2024,7,30,3,30,21,9.9,49.07,1012,0
2024,7,30,4,0,19.900000000000002,10.8,55.93,1012,0
2024,7,30,4,30,19.1,10.8,58.78,1012,0
2024,7,30,5,0,18.3,11.5,64.75,1012,0
2024,7,30,5,30,17.7,11.5,67.23,1012,0
2024,7,30,6,0,17.1,12.100000000000001,72.24,1012,0
2024,7,30,6,30,16.7,12.100000000000001,74.09,1012,0
2024,7,30,7,0,16.3,12.4,77.72,1012,0
2024,7,30,7,30,15.9,12.4,79.73,1012,0
2024,7,30,8,0,15.600000000000001,12.600000000000001,82.23,1012,0
2024,7,30,8,30,15.3,12.600000000000001,83.82000000000001,1012,0
2024,7,30,9,0,15,12.700000000000001,86.37,1012,0
2024,7,30,9,30,14.8,12.700000000000001,87.49,1012,0
2024,7,30,10,0,14.5,12.700000000000001,89.17,1012,0
2024,7,30,10,30,14.3,12.700000000000001,90.33,1012,0
2024,7,30,11,0,14.100000000000001,12.5,90.32000000000001,1012,0
2024,7,30,11,30,13.9,12.5,91.49,1012,0
2024,7,30,12,0,13.700000000000001,12.4,91.68,1012,0
2024,7,30,12,30,13.9,12.4,90.5,1012,0
2024,7,30,13,0,14.100000000000001,12.3,88.88,1013,0
2024,7,30,13,30,15.200000000000001,12.3,82.81,1013,0
2024,7,30,14,0,16.3,12.3,77.16,1013,0
2024,7,30,14,30,18,12.3,69.32000000000001,1013,0
2024,7,30,15,0,19.700000000000003,12.3,62.29,1014,0
2024,7,30,15,30,21.400000000000002,12.3,56.120000000000005,1014,0
2024,7,30,16,0,23.1,12.3,50.61,1014,0
2024,7,30,16,30,24.700000000000003,12.3,45.980000000000004,1014,0
2024,7,30,17,0,26.3,12.100000000000001,41.32,1014,0
2024,7,30,17,30,27.900000000000002,12.100000000000001,37.63,1014,0
2024,7,30,18,0,29.400000000000002,11.600000000000001,33.36,1013,0
2024,7,30,18,30,30.900000000000002,11.600000000000001,30.62,1013,0
2024,7,30,19,0,32.300000000000004,10.700000000000001,26.68,1013,0
2024,7,30,19,30,33.5,10.700000000000001,24.93,1012,0
2024,7,30,20,0,34.7,9.3,21.19,1012,0
2024,7,30,20,30,35.4,9.3,20.39,1012,0
2024,7,30,21,0,36,8.700000000000001,18.900000000000002,1011,0
2024,7,30,21,30,36.1,8.700000000000001,18.79,1011,0
2024,7,30,22,0,36.300000000000004,8.8,18.71,1011,0
2024,7,30,22,30,36,8.8,19,1010,0
2024,7,30,23,0,35.7,9,19.68,1010,0
2024,7,30,23,30,35,9,20.45,1010,0
2024,7,31,0,0,34.4,9.5,21.77,1010,0
2024,7,31,0,30,33.300000000000004,9.5,23.150000000000002,1010,0
2024,7,31,1,0,32.2,10.200000000000001,25.900000000000002,1010,0
2024,7,31,1,30,30.3,10.200000000000001,28.84,1010,0
2024,7,31,2,0,28.5,11.4,34.660000000000004,1011,0
2024,7,31,2,30,26.5,11.4,38.94,1011,0
2024,7,31,3,0,24.400000000000002,12.5,47.28,1011,0
2024,7,31,3,30,23.1,12.4,51.120000000000005,1011,0
2024,7,31,4,0,21.900000000000002,13,56.85,1012,0
2024,7,31,4,30,21.200000000000003,13,59.32,1012,0
2024,7,31,5,0,20.400000000000002,13.100000000000001,62.85,1012,0
2024,7,31,5,30,19.8,13.100000000000001,65.22,1012,0
2024,7,31,6,0,19.3,13.100000000000001,67.34,1012,0
2024,7,31,6,30,18.8,13.100000000000001,69.47,1012,0
2024,7,31,7,0,18.3,13,71.44,1011,0
2024,7,31,7,30,17.900000000000002,13,73.25,1011,0
2024,7,31,8,0,17.5,13,74.72,1011,0
2024,7,31,8,30,17.1,13,76.63,1011,0
2024,7,31,9,0,16.8,13,78.05,1011,0
2024,7,31,9,30,16.400000000000002,13,80.05,1011,0
2024,7,31,10,0,16.1,13,81.86,1011,0
2024,7,31,10,30,15.8,13,83.43,1011,0
2024,7,31,11,0,15.5,13,84.91,1011,0
2024,7,31,11,30,15.3,13,86,1011,0
2024,7,31,12,0,15.100000000000001,12.9,86.51,1011,0
2024,7,31,12,30,15.200000000000001,12.9,85.95,1011,0
2024,7,31,13,0,15.3,12.700000000000001,84.68,1011,0
2024,7,31,13,30,16.3,12.8,79.53,1012,0
2024,7,31,14,0,17.3,12.8,74.69,1012,0
2024,7,31,14,30,19,12.8,67.16,1012,0
2024,7,31,15,0,20.6,12.9,61.27,1012,0
2024,7,31,15,30,22.700000000000003,12.9,53.910000000000004,1012,0
2024,7,31,16,0,24.8,12.9,47.480000000000004,1012,0
2024,7,31,16,30,26.700000000000003,12.9,42.44,1012,0
2024,7,31,17,0,28.5,12,36.050000000000004,1012,0
2024,7,31,17,30,30.5,12,32.14,1012,0
2024,7,31,18,0,32.4,10.3,25.78,1012,0
2024,7,31,18,30,34.1,10.3,23.43,1011,0
2024,7,31,19,0,35.7,8.5,19,1011,0
2024,7,31,19,30,36.7,8.5,17.990000000000002,1011,0
2024,7,31,20,0,37.800000000000004,7.5,15.790000000000001,1010,0
2024,7,31,20,30,38.2,7.5,15.450000000000001,1010,0
2024,7,31,21,0,38.6,7.1000000000000005,14.74,1010,0
2024,7,31,21,30,38.6,7.1000000000000005,14.74,1010,0
2024,7,31,22,0,38.6,7,14.67,1010,0
2024,7,31,22,30,38.1,7,15.07,1010,0
2024,7,31,23,0,37.6,7.1000000000000005,15.51,1009,0
2024,7,31,23,30,36.800000000000004,7.1000000000000005,16.22,1010,0
2024,8,1,0,0,35.9,7.2,17.16,1010,0
2024,8,1,0,30,34.5,7.2,18.54,1010,0
2024,8,1,1,0,33.1,7.6000000000000005,20.59,1010,0
2024,8,1,1,30,31.200000000000003,7.6000000000000005,22.91,1010,0
2024,8,1,2,0,29.200000000000003,8.5,27.45,1010,0
2024,8,1,2,30,27.3,8.5,30.67,1011,0
2024,8,1,3,0,25.400000000000002,9.600000000000001,36.92,1011,0
2024,8,1,3,30,24.3,9.600000000000001,39.410000000000004,1011,0
2024,8,1,4,0,23.1,10.600000000000001,45.28,1011,0
2024,8,1,4,30,22.400000000000002,10.600000000000001,47.230000000000004,1011,0
2024,8,1,5,0,21.6,11.3,51.84,1011,0
2024,8,1,5,30,21,11.3,53.77,1011,0
2024,8,1,6,0,20.400000000000002,11.600000000000001,56.84,1012,0
2024,8,1,6,30,20,11.600000000000001,58.25,1012,0
2024,8,1,7,0,19.5,11.700000000000001,60.54,1012,0
2024,8,1,7,30,19.1,11.700000000000001,62.06,1012,0
2024,8,1,8,0,18.8,11.700000000000001,63.35,1012,0
2024,8,1,8,30,18.400000000000002,11.700000000000001,64.95,1012,0
2024,8,1,9,0,18.1,11.8,66.86,1012,0
2024,8,1,9,30,17.7,11.8,68.56,1012,0
2024,8,1,10,0,17.400000000000002,12,70.8,1012,0
2024,8,1,10,30,17.1,12,72.15,1012,0
2024,8,1,11,0,16.8,12.200000000000001,74.31,1012,0
2024,8,1,11,30,16.5,12.200000000000001,75.74,1012,0
2024,8,1,12,0,16.3,12.3,77.28,1012,0
2024,8,1,12,30,16.3,12.3,77.35000000000001,1013,0
2024,8,1,13,0,16.2,12.4,78.11,1013,0
2024,8,1,13,30,17.2,12.4,73.32000000000001,1013,0
2024,8,1,14,0,18.1,12.3,69.05,1013,0
2024,8,1,14,30,19.8,12.4,62.190000000000005,1014,0
2024,8,1,15,0,21.5,12.4,56.21,1014,0
2024,8,1,15,30,23.8,12.4,48.92,1014,0
2024,8,1,16,0,26,12.100000000000001,42.06,1014,0
2024,8,1,16,30,28,12.100000000000001,37.42,1014,0
2024,8,1,17,0,30.1,10.700000000000001,30.080000000000002,1014,0
2024,8,1,17,30,31.8,10.700000000000001,27.310000000000002,1014,0
2024,8,1,18,0,33.5,8.700000000000001,21.76,1014,0
2024,8,1,18,30,34.7,8.700000000000001,20.35,1014,0
2024,8,1,19,0,36,6.6000000000000005,16.43,1014,0
2024,8,1,19,30,36.7,6.6000000000000005,15.81,1014,0
2024,8,1,20,0,37.5,5.1000000000000005,13.66,1014,0
2024,8,1,20,30,38.1,5.1000000000000005,13.23,1014,0
2024,8,1,21,0,38.7,5.1000000000000005,12.790000000000001,1014,0
2024,8,1,21,30,38.800000000000004,5.1000000000000005,12.71,1013,0
2024,8,1,22,0,38.800000000000004,5.2,12.780000000000001,1013,0
2024,8,1,22,30,38.6,5.2,12.91,1013,0
2024,8,1,23,0,38.400000000000006,5,12.91,1013,0
2024,8,1,23,30,37.9,5,13.27,1013,0
2024,8,2,0,0,37.300000000000004,5,13.67,1013,0
2024,8,2,0,30,36.5,5,14.280000000000001,1013,0
2024,8,2,1,0,35.7,5.2,15.120000000000001,1013,0
2024,8,2,1,30,33.800000000000004,5.2,16.79,1013,0
2024,8,2,2,0,32,6.1000000000000005,19.85,1014,0
2024,8,2,2,30,29.700000000000003,6.1000000000000005,22.62,1014,0
2024,8,2,3,0,27.5,7.4,27.97,1014,0
2024,8,2,3,30,26.400000000000002,7.4,29.86,1015,0
2024,8,2,4,0,25.400000000000002,8.4,33.980000000000004,1015,0
2024,8,2,4,30,24.400000000000002,8.4,36.06,1015,0
2024,8,2,5,0,23.5,9.1,39.97,1015,0
2024,8,2,5,30,22.700000000000003,9.1,41.94,1015,0
2024,8,2,6,0,21.900000000000002,9.600000000000001,45.65,1015,0
2024,8,2,6,30,21.400000000000002,9.600000000000001,47.06,1015,0
2024,8,2,7,0,20.900000000000002,10,49.620000000000005,1015,0
2024,8,2,7,30,20.5,10,50.86,1015,0
2024,8,2,8,0,20.200000000000003,10.200000000000001,52.45,1015,0
2024,8,2,8,30,20,10.200000000000001,53.1,1015,0
2024,8,2,9,0,19.8,10.4,54.64,1015,0
2024,8,2,9,30,19.700000000000003,10.4,54.980000000000004,1015,0
2024,8,2,10,0,19.6,10.700000000000001,56.620000000000005,1015,0
2024,8,2,10,30,19.5,10.700000000000001,56.97,1015,0
2024,8,2,11,0,19.400000000000002,11.200000000000001,59.03,1015,0
2024,8,2,11,30,19.3,11.200000000000001,59.39,1015,0
2024,8,2,12,0,19.200000000000003,11.700000000000001,62.01,1015,0
2024,8,2,12,30,19.1,11.8,62.52,1017,0
2024,8,2,13,0,19.1,13,67.59,1019,0
2024,8,2,13,30,19.8,13,64.72,1019,0
2024,8,2,14,0,20.5,13.200000000000001,63.04,1019,0
2024,8,2,14,30,21,13.200000000000001,61.08,1018,0
2024,8,2,15,0,21.6,12.9,57.620000000000005,1017,0
2024,8,2,15,30,22.200000000000003,12.9,55.56,1017,0
2024,8,2,16,0,22.8,12.700000000000001,52.79,1017,0
2024,8,2,16,30,24.400000000000002,12.700000000000001,47.96,1017,0
2024,8,2,17,0,26,11.700000000000001,40.96,1017,0
2024,8,2,17,30,27.5,11.700000000000001,37.51,1017,0
2024,8,2,18,0,28.900000000000002,10.700000000000001,32.21,1018,0
2024,8,2,18,30,30.1,10.700000000000001,30.07,1018,0
2024,8,2,19,0,31.3,9.700000000000001,26.37,1017,0
2024,8,2,19,30,32.1,9.700000000000001,25.21,1017,0
2024,8,2,20,0,32.800000000000004,8.9,22.91,1017,0
2024,8,2,20,30,33.5,8.9,22.03,1017,0
2024,8,2,21,0,34.300000000000004,8.200000000000001,20.14,1016,0
2024,8,2,21,30,34.6,8.200000000000001,19.81,1016,0
2024,8,2,22,0,34.9,7.9,19.080000000000002,1016,0
2024,8,2,22,30,35.2,7.9,18.75,1015,0
2024,8,2,23,0,35.4,7.5,18.02,1014,0
2024,8,2,23,30,35.2,7.5,18.21,1014,0
2024,8,3,0,0,35,6.9,17.64,1013,0
2024,8,3,0,30,34,6.9,18.64,1013,0
2024,8,3,1,0,33,6.7,19.53,1013,0
2024,8,3,1,30,31.200000000000003,6.7,21.64,1014,0
2024,8,3,2,0,29.3,8,26.25,1014,0
2024,8,3,2,30,27.700000000000003,8,28.82,1015,0
2024,8,3,3,0,26.1,9.4,34.800000000000004,1016,0
2024,8,3,3,30,25.400000000000002,9.4,36.27,1016,0
2024,8,3,4,0,24.700000000000003,10.100000000000001,39.64,1017,0
2024,8,3,4,30,24.400000000000002,10.100000000000001,40.35,1017,0
2024,8,3,5,0,24.200000000000003,10.700000000000001,42.51,1017,0
2024,8,3,5,30,24,10.600000000000001,42.97,1016,0
2024,8,3,6,0,23.900000000000002,11,44.33,1016,0
2024,8,3,6,30,23.8,11,44.6,1016,0
2024,8,3,7,0,23.8,11,44.42,1015,0
2024,8,3,7,30,23.700000000000003,10.9,44.65,1014,0
2024,8,3,8,0,23.700000000000003,10.4,42.96,1014,0
2024,8,3,8,30,23.5,10.4,43.47,1014,0
2024,8,3,9,0,23.400000000000002,10.100000000000001,42.910000000000004,1014,0
2024,8,3,9,30,23,10.100000000000001,43.910000000000004,1013,0
2024,8,3,10,0,22.6,10.4,46.1,1013,0
2024,8,3,10,30,22,10.4,47.81,1013,0
2024,8,3,11,0,21.400000000000002,10.9,51.18,1013,0
2024,8,3,11,30,21,10.9,52.44,1013,0
2024,8,3,12,0,20.6,11.700000000000001,56.7,1013,0
2024,8,3,12,30,20.700000000000003,11.700000000000001,56.35,1013,0
2024,8,3,13,0,20.700000000000003,12.600000000000001,59.82,1013,0
2024,8,3,13,30,21.5,12.600000000000001,56.96,1013,0
2024,8,3,14,0,22.3,13.4,56.99,1013,0
2024,8,3,14,30,23.5,13.4,53.01,1013,0
2024,8,3,15,0,24.8,13.9,50.88,1013,0
2024,8,3,15,30,26.700000000000003,14,45.480000000000004,1013,0
2024,8,3,16,0,28.6,13.600000000000001,39.89,1013,0
2024,8,3,16,30,30.400000000000002,13.600000000000001,35.97,1013,0
2024,8,3,17,0,32.2,12.3,29.69,1013,0
2024,8,3,17,30,33.9,12.3,27,1013,0
2024,8,3,18,0,35.7,9.600000000000001,20.47,1012,0
2024,8,3,18,30,37.300000000000004,9.600000000000001,18.76,1012,0
2024,8,3,19,0,39,6,13.35,1012,0
2024,8,3,19,30,39.800000000000004,6,12.780000000000001,1011,0
2024,8,3,20,0,40.6,4.9,11.35,1011,0
2024,8,3,20,30,40.800000000000004,4.9,11.23,1011,0
2024,8,3,21,0,41,5.300000000000001,11.450000000000001,1010,0
2024,8,3,21,30,40.900000000000006,5.300000000000001,11.51,1010,0
2024,8,3,22,0,40.7,5.5,11.78,1010,0
2024,8,3,22,30,40.300000000000004,5.5,12.030000000000001,1010,0
2024,8,3,23,0,39.800000000000004,5.2,12.08,1010,0
2024,8,3,23,30,39.1,5.2,12.540000000000001,1010,0
2024,8,4,0,0,38.300000000000004,4.6000000000000005,12.57,1009,0
2024,8,4,0,30,37.2,4.6000000000000005,13.34,1009,0
2024,8,4,1,0,36,4.2,13.85,1009,0
2024,8,4,1,30,34.2,4.2,15.31,1010,0
2024,8,4,2,0,32.4,4.5,17.3,1010,0
2024,8,4,2,30,30.400000000000002,4.5,19.37,1010,0
2024,8,4,3,0,28.400000000000002,5.4,23.28,1010,0
2024,8,4,3,30,27.200000000000003,5.4,24.96,1010,0
2024,8,4,4,0,26.1,6.7,28.94,1010,0
2024,8,4,4,30,25.3,6.6000000000000005,30.35,1010,0
2024,8,4,5,0,24.400000000000002,7.9,34.78,1010,0
2024,8,4,5,30,23.8,7.9,36.050000000000004,1010,0
2024,8,4,6,0,23.200000000000003,8.9,40.01,1010,0
2024,8,4,6,30,22.6,8.9,41.52,1011,0
2024,8,4,7,0,22,9.600000000000001,45.38,1011,0
2024,8,4,7,30,21.5,9.600000000000001,46.78,1011,0
2024,8,4,8,0,21,10.100000000000001,49.63,1010,0
2024,8,4,8,30,20.5,10.100000000000001,51.17,1010,0
2024,8,4,9,0,20.1,10.5,54.13,1010,0
2024,8,4,9,30,19.6,10.5,55.82,1010,0
2024,8,4,10,0,19.200000000000003,11.100000000000001,59.44,1010,0
2024,8,4,10,30,18.900000000000002,11.100000000000001,60.56,1010,0
2024,8,4,11,0,18.5,11.600000000000001,64.01,1010,0
2024,8,4,11,30,18.1,11.600000000000001,65.63,1010,0
2024,8,4,12,0,17.8,12,68.79,1010,0
2024,8,4,12,30,17.7,12,69.22,1010,0
2024,8,4,13,0,17.5,12.3,71.75,1010,0
2024,8,4,13,30,18.400000000000002,12.4,67.88,1011,0
2024,8,4,14,0,19.3,12.600000000000001,65.19,1011,0
2024,8,4,14,30,20.900000000000002,12.600000000000001,59.07,1011,0
2024,8,4,15,0,22.6,12.5,52.94,1011,0
2024,8,4,15,30,24.3,12.5,47.800000000000004,1011,0
2024,8,4,16,0,26.1,11.600000000000001,40.5,1012,0
2024,8,4,16,30,27.8,11.600000000000001,36.63,1011,0
2024,8,4,17,0,29.5,10.100000000000001,30.04,1011,0
2024,8,4,17,30,31,10.100000000000001,27.57,1011,0
2024,8,4,18,0,32.6,8,21.82,1011,0
2024,8,4,18,30,33.7,8,20.52,1011,0
2024,8,4,19,0,34.9,6.300000000000001,17.07,1011,0
2024,8,4,19,30,35.6,6.300000000000001,16.41,1010,0
2024,8,4,20,0,36.2,5.2,14.75,1010,0
2024,8,4,20,30,36.300000000000004,5.2,14.67,1010,0
2024,8,4,21,0,36.5,5.1000000000000005,14.36,1010,0
2024,8,4,21,30,36.2,5.1000000000000005,14.58,1009,0
2024,8,4,22,0,36,5.300000000000001,14.99,1009,0
2024,8,4,22,30,35.7,5.300000000000001,15.24,1009,0
2024,8,4,23,0,35.4,5.5,15.74,1009,0
2024,8,4,23,30,34.800000000000004,5.5,16.26,1009,0
2024,8,5,0,0,34.300000000000004,5.800000000000001,17.1,1009,0
2024,8,5,0,30,33.300000000000004,5.800000000000001,18.080000000000002,1009,0
2024,8,5,1,0,32.300000000000004,6.300000000000001,19.73,1009,0
2024,8,5,1,30,30.5,6.300000000000001,21.84,1009,0
2024,8,5,2,0,28.700000000000003,7.4,26.13,1009,0
2024,8,5,2,30,26.6,7.4,29.52,1009,0
2024,8,5,3,0,24.5,8.700000000000001,36.52,1009,0
2024,8,5,3,30,23.200000000000003,8.700000000000001,39.52,1010,0
2024,8,5,4,0,22,9.5,44.84,1010,0
2024,8,5,4,30,21.1,9.5,47.37,1010,0
2024,8,5,5,0,20.200000000000003,9.8,51.21,1010,0
2024,8,5,5,30,19.400000000000002,9.8,53.800000000000004,1010,0
2024,8,5,6,0,18.7,10,57.1,1010,0
2024,8,5,6,30,18.1,10,59.28,1010,0
2024,8,5,7,0,17.5,10.200000000000001,62.45,1010,0
2024,8,5,7,30,17,10.200000000000001,64.45,1010,0
2024,8,5,8,0,16.5,10.4,67.23,1009,0
2024,8,5,8,30,16.1,10.4,68.96000000000001,1009,0
2024,8,5,9,0,15.700000000000001,11,73.65,1009,0
2024,8,5,9,30,15.4,11,75.07000000000001,1009,0
2024,8,5,10,0,15,11.700000000000001,80.76,1010,0
2024,8,5,10,30,14.8,11.700000000000001,81.8,1010,0
2024,8,5,11,0,14.600000000000001,12,84.32000000000001,1010,0
2024,8,5,11,30,14.5,12,84.86,1010,0
2024,8,5,12,0,14.4,12.100000000000001,85.86,1010,0
2024,8,5,12,30,14.4,12.100000000000001,85.86,1010,0
2024,8,5,13,0,14.5,12.100000000000001,85.25,1011,0
2024,8,5,13,30,15.5,12.100000000000001,79.96000000000001,1011,0
2024,8,5,14,0,16.6,12.100000000000001,74.76,1011,0
2024,8,5,14,30,18.400000000000002,12.100000000000001,66.76,1011,0
2024,8,5,15,0,20.200000000000003,12.200000000000001,60.01,1012,0
2024,8,5,15,30,22.1,12.200000000000001,53.43,1012,0
2024,8,5,16,0,24,11.9,46.72,1012,0
2024,8,5,16,30,25.8,11.9,41.980000000000004,1012,0
2024,8,5,17,0,27.6,10.8,35,1012,0
2024,8,5,17,30,29.200000000000003,10.8,31.91,1012,0
2024,8,5,18,0,30.8,8.5,25.05,1012,0
2024,8,5,18,30,32.2,8.5,23.14,1012,0
2024,8,5,19,0,33.5,5.800000000000001,17.81,1012,0
2024,8,5,19,30,34.4,5.800000000000001,16.94,1012,0
2024,8,5,20,0,35.300000000000004,3.9000000000000004,14.15,1011,0
2024,8,5,20,30,35.6,3.9000000000000004,13.91,1011,0
2024,8,5,21,0,36,3.1,12.870000000000001,1011,0
2024,8,5,21,30,35.800000000000004,3.1,13.01,1011,0
2024,8,5,22,0,35.6,3.9000000000000004,13.94,1011,0
2024,8,5,22,30,35.1,3.9000000000000004,14.31,1010,0
2024,8,5,23,0,34.5,4.6000000000000005,15.47,1010,0
2024,8,5,23,30,33.6,4.6000000000000005,16.26,1010,0
2024,8,6,0,0,32.7,5.1000000000000005,17.76,1010,0
2024,8,6,0,30,31.5,5.1000000000000005,19,1010,0
2024,8,6,1,0,30.200000000000003,6.1000000000000005,22.01,1010,0
2024,8,6,1,30,28.400000000000002,6.1000000000000005,24.400000000000002,1010,0
2024,8,6,2,0,26.6,8,30.87,1011,0
2024,8,6,2,30,25.1,8,33.730000000000004,1011,0
2024,8,6,3,0,23.6,9.4,40.5,1011,0
2024,8,6,3,30,22.8,9.4,42.5,1011,0
2024,8,6,4,0,22,9.9,46.31,1011,0
2024,8,6,4,30,21.5,10,47.78,1012,0
2024,8,6,5,0,21,10.200000000000001,49.95,1012,0
2024,8,6,5,30,20.6,10.200000000000001,51.19,1012,0
2024,8,6,6,0,20.200000000000003,10.3,52.78,1012,0
2024,8,6,6,30,19.6,10.3,54.77,1012,0
2024,8,6,7,0,19.1,10.4,57.21,1012,0
2024,8,6,7,30,18.6,10.4,59.02,1012,0
2024,8,6,8,0,18.1,10.700000000000001,61.870000000000005,1012,0
2024,8,6,8,30,17.6,10.700000000000001,63.84,1012,0
2024,8,6,9,0,17.2,11.100000000000001,67.17,1012,0
2024,8,6,9,30,16.6,11.100000000000001,69.76,1012,0
2024,8,6,10,0,16.1,11.5,74.29,1012,0
2024,8,6,10,30,15.700000000000001,11.5,76.21000000000001,1012,0
2024,8,6,11,0,15.4,11.9,79.61,1012,0
2024,8,6,11,30,15.100000000000001,11.9,81.16,1012,0
2024,8,6,12,0,14.9,12,82.7,1012,0
2024,8,6,12,30,14.8,12,83.23,1012,0
2024,8,6,13,0,14.8,11.9,82.88,1013,0
2024,8,6,13,30,15.700000000000001,11.9,78.24,1013,0
2024,8,6,14,0,16.6,11.8,73.27,1013,0
2024,8,6,14,30,18.400000000000002,11.8,65.43,1013,0
2024,8,6,15,0,20.200000000000003,11.5,57.36,1013,0
2024,8,6,15,30,22.6,11.5,49.550000000000004,1013,0
2024,8,6,16,0,25,10,38.81,1013,0
2024,8,6,16,30,27.3,10,33.9,1013,0
2024,8,6,17,0,29.6,7.9,25.75,1013,0
2024,8,6,17,30,31.8,7.9,22.72,1013,0
2024,8,6,18,0,33.9,4.7,16.11,1013,0
2024,8,6,18,30,35.7,4.7,14.58,1013,0
2024,8,6,19,0,37.4,1.3,10.49,1012,0
2024,8,6,19,30,39,1.3,9.63,1012,0
2024,8,6,20,0,40.5,-3.3000000000000003,6.34,1012,0
2024,8,6,20,30,41.300000000000004,-3.3000000000000003,6.07,1011,0
2024,8,6,21,0,42.2,-5.300000000000001,4.96,1011,0
2024,8,6,21,30,42.400000000000006,-5.300000000000001,4.91,1011,0
2024,8,6,22,0,42.5,-5.2,4.95,1010,0
2024,8,6,22,30,42.1,-5.2,5.0600000000000005,1010,0
2024,8,6,23,0,41.800000000000004,-4.4,5.45,1010,0
2024,8,6,23,30,40.900000000000006,-4.4,5.71,1010,0
2024,8,7,0,0,40,-3.4000000000000004,6.45,1010,0
2024,8,7,0,30,38.7,-3.4000000000000004,6.91,1010,0
2024,8,7,1,0,37.300000000000004,-2.2,8.17,1010,0
2024,8,7,1,30,35,-2.2,9.26,1010,0
2024,8,7,2,0,32.6,0.1,12.52,1010,0
2024,8,7,2,30,30.400000000000002,0.1,14.18,1010,0
2024,8,7,3,0,28.1,2.4000000000000004,19.17,1010,0
2024,8,7,3,30,27.1,2.4000000000000004,20.34,1011,0
2024,8,7,4,0,26.1,4.1000000000000005,24.21,1011,0
2024,8,7,4,30,25.200000000000003,4.1000000000000005,25.53,1011,0
2024,8,7,5,0,24.3,5.4,29.61,1011,0
2024,8,7,5,30,23.5,5.4,31.060000000000002,1011,0
2024,8,7,6,0,22.700000000000003,6.7,35.660000000000004,1011,0
2024,8,7,6,30,22,6.7,37.21,1011,0
2024,8,7,7,0,21.3,7.9,42.03,1012,0
2024,8,7,7,30,20.8,7.9,43.34,1012,0
2024,8,7,8,0,20.200000000000003,8.700000000000001,47.42,1011,0
2024,8,7,8,30,19.8,8.700000000000001,48.61,1011,0
2024,8,7,9,0,19.3,9.1,51.58,1011,0
2024,8,7,9,30,18.900000000000002,9.1,52.88,1011,0
2024,8,7,10,0,18.5,9.3,55.02,1011,0
2024,8,7,10,30,18.2,9.3,56.06,1011,0
2024,8,7,11,0,17.900000000000002,9.4,57.72,1011,0
2024,8,7,11,30,17.6,9.4,58.81,1011,0
2024,8,7,12,0,17.3,9.5,60.19,1011,0
2024,8,7,12,30,17.400000000000002,9.5,59.88,1012,0
2024,8,7,13,0,17.400000000000002,9.5,59.6,1012,0
2024,8,7,13,30,18.7,9.5,54.94,1012,0
2024,8,7,14,0,20,9.200000000000001,49.65,1012,0
2024,8,7,14,30,21.8,9.200000000000001,44.46,1012,0
2024,8,7,15,0,23.5,9,39.660000000000004,1012,0
2024,8,7,15,30,25.900000000000002,9,34.38,1012,0
2024,8,7,16,0,28.400000000000002,7.7,27.22,1012,0
2024,8,7,16,30,30.6,7.7,23.990000000000002,1012,0
2024,8,7,17,0,32.9,4.800000000000001,17.150000000000002,1012,0
2024,8,7,17,30,34.6,4.800000000000001,15.6,1012,0
2024,8,7,18,0,36.4,1.2000000000000002,10.97,1012,0
2024,8,7,18,30,37.800000000000004,1.2000000000000002,10.16,1011,0
2024,8,7,19,0,39.1,-2,7.51,1011,0
2024,8,7,19,30,39.900000000000006,-2,7.2,1011,0
2024,8,7,20,0,40.800000000000004,-4.3,5.76,1010,0
2024,8,7,20,30,41,-4.3,5.7,1010,0
2024,8,7,21,0,41.2,-4.2,5.69,1010,0
2024,8,7,21,30,40.900000000000006,-4.2,5.78,1010,0
2024,8,7,22,0,40.7,-3.7,6.1000000000000005,1010,0
2024,8,7,22,30,40.1,-3.7,6.29,1009,0
2024,8,7,23,0,39.5,-3,6.82,1009,0
2024,8,7,23,30,38.5,-3,7.2,1009,0
2024,8,8,0,0,37.5,-2.3000000000000003,7.98,1009,0
2024,8,8,0,30,35.9,-2.4000000000000004,8.71,1009,0
2024,8,8,1,0,34.4,-1.1,10.38,1009,0
2024,8,8,1,30,32.2,-1.1,11.73,1009,0
2024,8,8,2,0,29.900000000000002,1.5,16.15,1009,0
2024,8,8,2,30,27.8,1.5,18.240000000000002,1010,0
2024,8,8,3,0,25.700000000000003,4.4,25.38,1010,0
2024,8,8,3,30,24.400000000000002,4.4,27.41,1010,0
2024,8,8,4,0,23.200000000000003,6.6000000000000005,34.34,1010,0
2024,8,8,4,30,22.400000000000002,6.6000000000000005,36.03,1010,0
2024,8,8,5,0,21.6,7.9,41.46,1011,0
2024,8,8,5,30,21,7.9,43,1011,0
2024,8,8,6,0,20.5,8.8,47.15,1011,0
2024,8,8,6,30,20,8.8,48.63,1011,0
2024,8,8,7,0,19.6,9.5,52.02,1011,0
2024,8,8,7,30,19.200000000000003,9.5,53.32,1011,0
2024,8,8,8,0,18.900000000000002,10,56.13,1011,0
2024,8,8,8,30,18.400000000000002,10,57.9,1011,0
2024,8,8,9,0,18,10.600000000000001,62.06,1011,0
2024,8,8,9,30,17.6,10.600000000000001,63.64,1011,0
2024,8,8,10,0,17.1,11.3,68.56,1011,0
2024,8,8,10,30,16.900000000000002,11.3,69.43,1011,0
2024,8,8,11,0,16.6,11.600000000000001,72.37,1010,0
2024,8,8,11,30,16.400000000000002,11.600000000000001,73.36,1011,0
2024,8,8,12,0,16.2,11.700000000000001,74.85000000000001,1011,0
2024,8,8,12,30,16.1,11.700000000000001,75.32000000000001,1011,0
2024,8,8,13,0,16,11.9,76.53,1011,0
2024,8,8,13,30,16.900000000000002,11.9,72.28,1011,0
2024,8,8,14,0,17.7,11.8,68.48,1011,0
2024,8,8,14,30,19.400000000000002,11.8,61.59,1011,0
2024,8,8,15,0,21.1,11,52.35,1011,0
2024,8,8,15,30,22.8,11,47.26,1012,0
2024,8,8,16,0,24.6,9.8,39.26,1012,0
2024,8,8,16,30,26.3,9.8,35.51,1012,0
2024,8,8,17,0,28,8.200000000000001,28.86,1012,0
2024,8,8,17,30,29.5,8.200000000000001,26.47,1012,0
2024,8,8,18,0,31,6.7,21.79,1011,0
2024,8,8,18,30,32.300000000000004,6.7,20.25,1011,0
2024,8,8,19,0,33.6,5.2,17.03,1011,0
2024,8,8,19,30,34.6,5.2,16.11,1011,0
2024,8,8,20,0,35.6,3.9000000000000004,13.86,1010,0
2024,8,8,20,30,36.1,3.9000000000000004,13.48,1010,0
2024,8,8,21,0,36.5,3.6,12.96,1010,0
2024,8,8,21,30,36.300000000000004,3.6,13.09,1009,0
2024,8,8,22,0,36.1,4.1000000000000005,13.700000000000001,1009,0
2024,8,8,22,30,35.6,4.1000000000000005,14.08,1009,0
2024,8,8,23,0,35,4.4,14.86,1009,0
2024,8,8,23,30,34.300000000000004,4.4,15.44,1009,0
2024,8,9,0,0,33.5,4.3,16.09,1008,0
2024,8,9,0,30,32.5,4.3,17.01,1008,0
2024,8,9,1,0,31.400000000000002,4.6000000000000005,18.47,1008,0
2024,8,9,1,30,29.6,4.6000000000000005,20.46,1008,0
2024,8,9,2,0,27.8,5.800000000000001,24.7,1008,0
2024,8,9,2,30,26,5.800000000000001,27.47,1009,0
2024,8,9,3,0,24.3,6.800000000000001,32.660000000000004,1009,0
2024,8,9,3,30,23.3,6.800000000000001,34.67,1009,0
2024,8,9,4,0,22.3,7.5,38.42,1009,0
2024,8,9,4,30,21.6,7.5,40.09,1009,0
2024,8,9,5,0,20.8,8,43.57,1009,0
2024,8,9,5,30,20.3,8,44.93,1009,0
2024,8,9,6,0,19.700000000000003,8.4,48.2,1009,0
2024,8,9,6,30,19.200000000000003,8.4,49.71,1009,0
2024,8,9,7,0,18.7,8.9,52.9,1009,0
2024,8,9,7,30,18.3,8.9,54.24,1009,0
2024,8,9,8,0,17.900000000000002,9.3,57.26,1009,0
2024,8,9,8,30,17.5,9.3,58.72,1009,0
2024,8,9,9,0,17.1,10,62.79,1009,0
2024,8,9,9,30,16.7,9.9,64.4,1009,0
2024,8,9,10,0,16.3,10.600000000000001,69.17,1009,0
2024,8,9,10,30,16.1,10.600000000000001,70.05,1009,0
2024,8,9,11,0,15.8,11.100000000000001,73.67,1009,0
2024,8,9,11,30,15.600000000000001,11.100000000000001,74.61,1009,0
2024,8,9,12,0,15.5,11.3,76.06,1009,0
2024,8,9,12,30,15.5,11.3,76.06,1009,0
2024,8,9,13,0,15.5,11.100000000000001,75.23,1010,0
2024,8,9,13,30,16.400000000000002,11.100000000000001,71.04,1010,0
2024,8,9,14,0,17.3,10.8,65.69,1010,0
2024,8,9,14,30,19,10.8,59.06,1010,0
2024,8,9,15,0,20.700000000000003,10.200000000000001,50.89,1011,0
2024,8,9,15,30,22.5,10.200000000000001,45.61,1011,0
2024,8,9,16,0,24.3,9.4,38.77,1011,0
2024,8,9,16,30,26.1,9.4,34.85,1011,0
2024,8,9,17,0,28,8.700000000000001,29.72,1011,0
2024,8,9,17,30,29.8,8.700000000000001,26.79,1011,0
2024,8,9,18,0,31.6,7.4,22.17,1011,0
2024,8,9,18,30,33.2,7.4,20.27,1011,0
2024,8,9,19,0,34.800000000000004,6.2,17.06,1010,0
2024,8,9,19,30,35.9,6.2,16.06,1010,0
2024,8,9,20,0,36.9,5,14,1010,0
2024,8,9,20,30,37.6,5,13.48,1010,0
2024,8,9,21,0,38.300000000000004,3.3000000000000003,11.46,1009,0
2024,8,9,21,30,38.2,3.3000000000000003,11.52,1009,0
2024,8,9,22,0,38.2,3.1,11.38,1009,0
2024,8,9,22,30,37.6,3.1,11.76,1009,0
2024,8,9,23,0,37,3.3000000000000003,12.3,1009,0
2024,8,9,23,30,36,3.2,12.98,1009,0
2024,8,10,0,0,35,3.6,14.06,1009,0
2024,8,10,0,30,33.5,3.6,15.27,1009,0
2024,8,10,1,0,32,4.7,18.03,1009,0
2024,8,10,1,30,29.900000000000002,4.7,20.31,1009,0
2024,8,10,2,0,27.8,6.5,26.01,1009,0
2024,8,10,2,30,25.8,6.5,29.240000000000002,1009,0
2024,8,10,3,0,23.8,8,36.5,1010,0
2024,8,10,3,30,22.6,8,39.230000000000004,1010,0
2024,8,10,4,0,21.400000000000002,8.8,44.52,1010,0
2024,8,10,4,30,20.5,8.8,47.04,1010,0
2024,8,10,5,0,19.700000000000003,9.3,51.22,1010,0
2024,8,10,5,30,19,9.4,53.54,1011,0
2024,8,10,6,0,18.400000000000002,9.9,57.69,1011,0
2024,8,10,6,30,17.900000000000002,9.9,59.52,1011,0
2024,8,10,7,0,17.400000000000002,10.5,63.76,1011,0
2024,8,10,7,30,17,10.5,65.39,1011,0
2024,8,10,8,0,16.5,11,69.83,1011,0
2024,8,10,8,30,16.2,11,71.17,1011,0
2024,8,10,9,0,15.8,11.600000000000001,76.32000000000001,1011,0
2024,8,10,9,30,15.5,11.600000000000001,77.79,1011,0
2024,8,10,10,0,15.3,12,80.51,1011,0
2024,8,10,10,30,15.200000000000001,12,81.03,1011,0
2024,8,10,11,0,15,11.9,81.8,1011,0
2024,8,10,11,30,14.8,11.9,82.85000000000001,1011,0
2024,8,10,12,0,14.600000000000001,11.8,83.46000000000001,1011,0
2024,8,10,12,30,14.600000000000001,11.8,83.46000000000001,1011,0
2024,8,10,13,0,14.600000000000001,11.700000000000001,82.9,1011,0
2024,8,10,13,30,15.600000000000001,11.700000000000001,77.83,1012,0
2024,8,10,14,0,16.5,11.700000000000001,73.43,1012,0
2024,8,10,14,30,18.2,11.700000000000001,65.98,1012,0
2024,8,10,15,0,19.900000000000002,11.3,57.620000000000005,1012,0
2024,8,10,15,30,21.8,11.3,51.29,1012,0
2024,8,10,16,0,23.700000000000003,10.3,42.660000000000004,1012,0
2024,8,10,16,30,25.6,10.3,38.14,1013,0
2024,8,10,17,0,27.5,8.8,30.79,1013,0
2024,8,10,17,30,29.400000000000002,8.8,27.580000000000002,1013,0
2024,8,10,18,0,31.3,6.7,21.53,1012,0
2024,8,10,18,30,33.1,6.7,19.46,1012,0
2024,8,10,19,0,34.9,4.3,14.88,1012,0
2024,8,10,19,30,36.6,4.3,13.55,1012,0
2024,8,10,20,0,38.2,1.5,10.200000000000001,1011,0
2024,8,10,20,30,39.2,1.5,9.66,1011,0
2024,8,10,21,0,40.2,0,8.22,1011,0
2024,8,10,21,30,40.400000000000006,0,8.13,1010,0
2024,8,10,22,0,40.6,0.1,8.09,1010,0
2024,8,10,22,30,40.5,0.1,8.14,1010,0
2024,8,10,23,0,40.400000000000006,1,8.73,1009,0
2024,8,10,23,30,40,1,8.92,1009,0
2024,8,11,0,0,39.6,2.7,10.290000000000001,1009,0
2024,8,11,0,30,38.400000000000006,2.7,10.98,1009,0
2024,8,11,1,0,37.2,5,13.77,1009,0
2024,8,11,1,30,34.5,5,15.97,1009,0
2024,8,11,2,0,31.8,7.800000000000001,22.45,1009,0
2024,8,11,2,30,29.200000000000003,7.800000000000001,26.060000000000002,1010,0
2024,8,11,3,0,26.700000000000003,9.600000000000001,34.2,1010,0
2024,8,11,3,30,25.3,9.600000000000001,37.14,1010,0
2024,8,11,4,0,24,10.4,42.32,1010,0
2024,8,11,4,30,23,10.4,44.94,1010,0
2024,8,11,5,0,22,10.9,49.230000000000004,1010,0
2024,8,11,5,30,21.200000000000003,10.9,51.74,1011,0
2024,8,11,6,0,20.3,11.4,56.44,1011,0
2024,8,11,6,30,19.700000000000003,11.4,58.57,1011,0
2024,8,11,7,0,19.1,11.700000000000001,62.15,1011,0
2024,8,11,7,30,18.8,11.700000000000001,63.32,1011,0
2024,8,11,8,0,18.400000000000002,11.8,65.48,1011,0
2024,8,11,8,30,18.1,11.8,66.72,1011,0
2024,8,11,9,0,17.7,11.600000000000001,67.61,1011,0
2024,8,11,9,30,17.3,11.600000000000001,69.33,1011,0
2024,8,11,10,0,16.900000000000002,11.4,69.91,1011,0
2024,8,11,10,30,16.5,11.4,71.7,1011,0
2024,8,11,11,0,16.1,11.3,72.96000000000001,1011,0
2024,8,11,11,30,15.700000000000001,11.200000000000001,74.84,1011,0
2024,8,11,12,0,15.3,11.3,77.3,1011,0
2024,8,11,12,30,15.200000000000001,11.3,77.79,1011,0
2024,8,11,13,0,15.100000000000001,11.4,78.51,1011,0
2024,8,11,13,30,16,11.4,74.13,1011,0
2024,8,11,14,0,16.900000000000002,11.4,69.99,1012,0
2024,8,11,14,30,18.6,11.4,62.910000000000004,1012,0
2024,8,11,15,0,20.200000000000003,10.5,53.74,1012,0
2024,8,11,15,30,21.900000000000002,10.5,48.43,1012,0
2024,8,11,16,0,23.6,9.4,40.49,1012,0
2024,8,11,16,30,25.3,9.4,36.59,1012,0
2024,8,11,17,0,27.1,7.800000000000001,29.62,1012,0
2024,8,11,17,30,28.700000000000003,7.9,26.990000000000002,1012,0
2024,8,11,18,0,30.400000000000002,6.2,21.82,1012,0
2024,8,11,18,30,31.6,6.2,20.38,1012,0
2024,8,11,19,0,32.800000000000004,4.9,17.44,1012,0
2024,8,11,19,30,33.7,4.9,16.59,1012,0
2024,8,11,20,0,34.6,4.4,15.22,1011,0
2024,8,11,20,30,34.9,4.4,14.97,1011,0
2024,8,11,21,0,35.300000000000004,4.6000000000000005,14.83,1011,0
2024,8,11,21,30,35.2,4.6000000000000005,14.91,1011,0
2024,8,11,22,0,35,5.300000000000001,15.88,1010,0
2024,8,11,22,30,34.5,5.300000000000001,16.330000000000002,1010,0
2024,8,11,23,0,33.9,6.2,17.92,1010,0
2024,8,11,23,30,32.9,6.2,18.95,1010,0
2024,8,12,0,0,31.900000000000002,7.1000000000000005,21.400000000000002,1010,0
2024,8,12,0,30,30.3,7.1000000000000005,23.43,1010,0
2024,8,12,1,0,28.8,8.200000000000001,27.5,1010,0
2024,8,12,1,30,26.8,8.200000000000001,30.89,1010,0
2024,8,12,2,0,24.900000000000002,9.3,37.29,1010,0
2024,8,12,2,30,23.200000000000003,9.3,41.28,1010,0
2024,8,12,3,0,21.6,10.200000000000001,48.410000000000004,1010,0
2024,8,12,3,30,20.6,10.3,51.51,1011,0
2024,8,12,4,0,19.700000000000003,10.9,56.67,1011,0
2024,8,12,4,30,19,10.9,59.18,1011,0
2024,8,12,5,0,18.400000000000002,11.200000000000001,62.97,1011,0
2024,8,12,5,30,17.900000000000002,11.200000000000001,64.98,1011,0
2024,8,12,6,0,17.5,11.5,67.81,1011,0
2024,8,12,6,30,17,11.5,69.98,1011,0
2024,8,12,7,0,16.6,11.700000000000001,72.68,1011,0
2024,8,12,7,30,16.2,11.700000000000001,74.54,1011,0
2024,8,12,8,0,15.9,11.600000000000001,75.78,1011,0
2024,8,12,8,30,15.600000000000001,11.600000000000001,77.24,1011,0
2024,8,12,9,0,15.3,11.600000000000001,78.72,1011,0
2024,8,12,9,30,15.100000000000001,11.600000000000001,79.74,1011,0
2024,8,12,10,0,14.8,11.700000000000001,81.7,1010,0
2024,8,12,10,30,14.600000000000001,11.700000000000001,82.75,1010,0
2024,8,12,11,0,14.4,11.8,84.37,1011,0
2024,8,12,11,30,14.200000000000001,11.8,85.47,1011,0
2024,8,12,12,0,13.9,11.8,87.05,1011,0
2024,8,12,12,30,13.9,11.8,87.05,1011,0
2024,8,12,13,0,13.9,11.700000000000001,86.46000000000001,1011,0
2024,8,12,13,30,14.8,11.700000000000001,81.59,1011,0
2024,8,12,14,0,15.700000000000001,11.700000000000001,76.91,1012,0
2024,8,12,14,30,17.3,11.700000000000001,69.49,1012,0
2024,8,12,15,0,19,11.600000000000001,62.04,1012,0
2024,8,12,15,30,20.700000000000003,11.600000000000001,55.85,1012,0
2024,8,12,16,0,22.5,11.3,49.14,1012,0
2024,8,12,16,30,24.3,11.3,44.15,1013,0
2024,8,12,17,0,26,10.8,38.45,1013,0
2024,8,12,17,30,27.700000000000003,10.8,34.81,1013,0
2024,8,12,18,0,29.3,10,30.21,1012,0
2024,8,12,18,30,30.8,10,27.73,1012,0
2024,8,12,19,0,32.300000000000004,9,23.8,1012,0
2024,8,12,19,30,33.5,9,22.23,1011,0
2024,8,12,20,0,34.7,8.1,19.48,1011,0
2024,8,12,20,30,35,8.1,19.16,1011,0
2024,8,12,21,0,35.300000000000004,7.800000000000001,18.45,1010,0
2024,8,12,21,30,35.1,7.800000000000001,18.650000000000002,1010,0
2024,8,12,22,0,34.9,7.300000000000001,18.3,1010,0
2024,8,12,22,30,34.4,7.300000000000001,18.82,1010,0
2024,8,12,23,0,33.9,6.6000000000000005,18.38,1010,0
2024,8,12,23,30,33.2,6.6000000000000005,19.11,1010,0
2024,8,13,0,0,32.6,5.7,18.63,1010,0
2024,8,13,0,30,31.6,5.7,19.7,1010,0
2024,8,13,1,0,30.6,5.300000000000001,20.3,1010,0
2024,8,13,1,30,28.900000000000002,5.300000000000001,22.38,1010,0
2024,8,13,2,0,27.200000000000003,6.1000000000000005,26.07,1010,0
2024,8,13,2,30,25.200000000000003,6.1000000000000005,29.32,1010,0
2024,8,13,3,0,23.200000000000003,7.4,36.24,1010,0
2024,8,13,3,30,21.900000000000002,7.4,39.24,1011,0
2024,8,13,4,0,20.700000000000003,8.5,45.59,1011,0
2024,8,13,4,30,19.8,8.5,48.19,1011,0
2024,8,13,5,0,18.900000000000002,9.5,54.38,1011,0
2024,8,13,5,30,18.3,9.5,56.45,1011,0
2024,8,13,6,0,17.6,10.200000000000001,62,1011,0
2024,8,13,6,30,17.1,10.200000000000001,63.980000000000004,1011,0
2024,8,13,7,0,16.6,10.8,68.41,1011,0
2024,8,13,7,30,16.2,10.8,70.16,1011,0
2024,8,13,8,0,15.8,11,73.3,1011,0
2024,8,13,8,30,15.600000000000001,11,74.24,1011,0
2024,8,13,9,0,15.3,11.200000000000001,76.4,1011,0
2024,8,13,9,30,15,11.200000000000001,77.88,1011,0
2024,8,13,10,0,14.700000000000001,11.4,80.37,1011,0
2024,8,13,10,30,14.5,11.4,81.41,1011,0
2024,8,13,11,0,14.200000000000001,11.5,83.82000000000001,1011,0
2024,8,13,11,30,14.100000000000001,11.5,84.37,1011,0
2024,8,13,12,0,13.9,11.600000000000001,85.86,1011,0
2024,8,13,12,30,13.8,11.600000000000001,86.5,1012,0
2024,8,13,13,0,13.8,11.600000000000001,86.59,1012,0
2024,8,13,13,30,14.700000000000001,11.600000000000001,81.7,1012,0
2024,8,13,14,0,15.600000000000001,11.600000000000001,77.29,1012,0
2024,8,13,14,30,17.2,11.700000000000001,69.9,1013,0
2024,8,13,15,0,18.8,11.3,61.71,1013,0
2024,8,13,15,30,20.3,11.3,56.24,1013,0
2024,8,13,16,0,21.900000000000002,10.8,49.47,1013,0
2024,8,13,16,30,23.5,10.9,44.96,1014,0
2024,8,13,17,0,25,10.100000000000001,38.96,1014,0
2024,8,13,17,30,26.5,10.100000000000001,35.660000000000004,1014,0
2024,8,13,18,0,28,9,30.3,1014,0
2024,8,13,18,30,29.400000000000002,9,27.92,1013,0
2024,8,13,19,0,30.8,7.7,23.62,1013,0
2024,8,13,19,30,32,7.7,22.07,1013,0
2024,8,13,20,0,33.2,6.1000000000000005,18.47,1013,0
2024,8,13,20,30,34,6.1000000000000005,17.650000000000002,1012,0
2024,8,13,21,0,34.9,4.4,15,1012,0
2024,8,13,21,30,35.300000000000004,4.4,14.66,1011,0
2024,8,13,22,0,35.7,3.5,13.4,1011,0
2024,8,13,22,30,35.7,3.5,13.4,1011,0
2024,8,13,23,0,35.7,3,12.93,1011,0
2024,8,13,23,30,35.4,3,13.14,1011,0
2024,8,14,0,0,35,2.9000000000000004,13.36,1011,0
2024,8,14,0,30,34.1,2.9000000000000004,14.040000000000001,1011,0
2024,8,14,1,0,33.300000000000004,3.4000000000000004,15.23,1011,0
2024,8,14,1,30,31.1,3.4000000000000004,17.240000000000002,1011,0
2024,8,14,2,0,29,5.2,22.11,1011,0
2024,8,14,2,30,26.700000000000003,5.2,25.28,1011,0
2024,8,14,3,0,24.400000000000002,7.800000000000001,34.72,1012,0
2024,8,14,3,30,23.200000000000003,7.800000000000001,37.31,1012,0
2024,8,14,4,0,21.900000000000002,9.8,46.09,1012,0
2024,8,14,4,30,21.1,9.8,48.39,1012,0
2024,8,14,5,0,20.200000000000003,10.9,55.03,1012,0
2024,8,14,5,30,19.5,10.9,57.46,1012,0
2024,8,14,6,0,18.8,11.5,62.660000000000004,1012,0
2024,8,14,6,30,18.2,11.5,65.05,1012,0
2024,8,14,7,0,17.7,11.9,68.79,1012,0
2024,8,14,7,30,17.3,11.9,70.55,1012,0
2024,8,14,8,0,16.900000000000002,12.100000000000001,73.31,1012,0
2024,8,14,8,30,16.5,12.100000000000001,75.19,1012,0
2024,8,14,9,0,16.2,12.3,77.58,1012,0
2024,8,14,9,30,15.9,12.3,79.08,1012,0
2024,8,14,10,0,15.600000000000001,12.4,81.52,1012,0
2024,8,14,10,30,15.4,12.4,82.57000000000001,1012,0
2024,8,14,11,0,15.200000000000001,12.5,83.96000000000001,1013,0
2024,8,14,11,30,15,12.5,85.04,1013,0
2024,8,14,12,0,14.9,12.4,85.05,1013,0
2024,8,14,12,30,14.9,12.4,85.05,1013,0
2024,8,14,13,0,15,12.3,83.67,1013,0
2024,8,14,13,30,16.1,12.3,77.99,1013,0
2024,8,14,14,0,17.3,12.100000000000001,71.61,1014,0
2024,8,14,14,30,18.8,12.100000000000001,65.19,1014,0
2024,8,14,15,0,20.3,11.600000000000001,57.29,1014,0
2024,8,14,15,30,22.200000000000003,11.600000000000001,51.01,1014,0
2024,8,14,16,0,24.1,9.700000000000001,39.99,1014,0
2024,8,14,16,30,25.900000000000002,9.700000000000001,35.97,1015,0
2024,8,14,17,0,27.6,8.1,29.28,1015,0
2024,8,14,17,30,29.400000000000002,8.1,26.39,1015,0
2024,8,14,18,0,31.200000000000003,6.6000000000000005,21.51,1014,0
2024,8,14,18,30,33,6.6000000000000005,19.44,1014,0
2024,8,14,19,0,34.800000000000004,5.4,16.13,1014,0
2024,8,14,19,30,35.9,5.4,15.17,1013,0
2024,8,14,20,0,36.9,5,13.93,1013,0
2024,8,14,20,30,37.5,5,13.49,1013,0
2024,8,14,21,0,38,4.800000000000001,13,1012,0
2024,8,14,21,30,38.2,4.800000000000001,12.86,1012,0
2024,8,14,22,0,38.300000000000004,4.800000000000001,12.76,1012,0
2024,8,14,22,30,38.1,4.800000000000001,12.9,1012,0
2024,8,14,23,0,37.800000000000004,4.800000000000001,13.13,1011,0
2024,8,14,23,30,37.1,4.800000000000001,13.65,1012,0
2024,8,15,0,0,36.4,5.1000000000000005,14.43,1012,0
2024,8,15,0,30,35.2,5.1000000000000005,15.41,1012,0
2024,8,15,1,0,34,5.6000000000000005,17.150000000000002,1012,0
2024,8,15,1,30,32.2,5.6000000000000005,18.97,1012,0
2024,8,15,2,0,30.400000000000002,6.6000000000000005,22.53,1013,0
2024,8,15,2,30,28.700000000000003,6.6000000000000005,24.830000000000002,1013,0
2024,8,15,3,0,26.900000000000002,7.9,30.12,1013,0
2024,8,15,3,30,25.900000000000002,7.9,31.98,1014,0
2024,8,15,4,0,24.900000000000002,9.1,36.6,1014,0
2024,8,15,4,30,24.1,9,38.39,1014,0
2024,8,15,5,0,23.3,9.9,42.56,1014,0
2024,8,15,5,30,22.5,9.9,44.660000000000004,1014,0
2024,8,15,6,0,21.8,10.4,48.46,1015,0
2024,8,15,6,30,21.200000000000003,10.4,50.26,1015,0
2024,8,15,7,0,20.5,10.9,54.17,1015,0
2024,8,15,7,30,20.1,10.9,55.52,1015,0
2024,8,15,8,0,19.700000000000003,11.3,58.32,1015,0
2024,8,15,8,30,19.400000000000002,11.3,59.42,1015,0
2024,8,15,9,0,19,11.700000000000001,62.4,1014,0
2024,8,15,9,30,18.7,11.700000000000001,63.58,1014,0
2024,8,15,10,0,18.400000000000002,12,66.49,1014,0
2024,8,15,10,30,18.1,12,67.75,1014,0
2024,8,15,11,0,17.8,12.3,70.43,1014,0
2024,8,15,11,30,17.5,12.3,71.77,1014,0
2024,8,15,12,0,17.2,12.600000000000001,74.26,1014,0
2024,8,15,12,30,17.1,12.600000000000001,74.73,1014,0
2024,8,15,13,0,17,12.700000000000001,75.59,1015,0
2024,8,15,13,30,18,12.700000000000001,70.98,1015,0
2024,8,15,14,0,18.900000000000002,12.600000000000001,66.77,1015,0
2024,8,15,14,30,20.5,12.600000000000001,60.480000000000004,1015,0
2024,8,15,15,0,22,12.200000000000001,53.910000000000004,1015,0
2024,8,15,15,30,24.5,12.3,46.38,1015,0
2024,8,15,16,0,26.900000000000002,9.700000000000001,33.9,1015,0
2024,8,15,16,30,28.8,9.700000000000001,30.36,1015,0
2024,8,15,17,0,30.6,7.300000000000001,23.36,1015,0
2024,8,15,17,30,31.900000000000002,7.300000000000001,21.7,1015,0
2024,8,15,18,0,33.1,6.4,19.04,1015,0
2024,8,15,18,30,34.2,6.4,17.89,1014,0
2024,8,15,19,0,35.2,5.800000000000001,16.240000000000002,1014,0
2024,8,15,19,30,35.9,5.800000000000001,15.620000000000001,1014,0
2024,8,15,20,0,36.6,5.6000000000000005,14.77,1013,0
2024,8,15,20,30,37.1,5.6000000000000005,14.38,1013,0
2024,8,15,21,0,37.5,5.7,14.17,1012,0
2024,8,15,21,30,37.5,5.7,14.17,1012,0
2024,8,15,22,0,37.6,6,14.38,1012,0
2024,8,15,22,30,37.4,5.9,14.52,1011,0
2024,8,15,23,0,37.2,6.2,14.91,1011,0
2024,8,15,23,30,36.7,6.2,15.32,1011,0
2024,8,16,0,0,36.2,6.5,16.06,1011,0
2024,8,16,0,30,35.2,6.4,16.96,1011,0
2024,8,16,1,0,34.300000000000004,6.9,18.46,1011,0
2024,8,16,1,30,32.300000000000004,6.9,20.63,1011,0
2024,8,16,2,0,30.400000000000002,8,24.7,1011,0
2024,8,16,2,30,28.3,8,27.87,1011,0
2024,8,16,3,0,26.200000000000003,9.4,34.63,1011,0
2024,8,16,3,30,24.900000000000002,9.4,37.43,1012,0
2024,8,16,4,0,23.700000000000003,10.4,43.17,1012,0
2024,8,16,4,30,22.8,10.4,45.58,1012,0
2024,8,16,5,0,21.8,11.3,51.2,1012,0
2024,8,16,5,30,21,11.3,53.76,1012,0
2024,8,16,6,0,20.3,12,58.94,1012,0
2024,8,16,6,30,19.6,12,61.49,1011,0
2024,8,16,7,0,18.900000000000002,12.600000000000001,66.66,1011,0
2024,8,16,7,30,18.5,12.600000000000001,68.34,1011,0
2024,8,16,8,0,18,12.9,72.09,1011,0
2024,8,16,8,30,17.7,12.9,73.46000000000001,1011,0
2024,8,16,9,0,17.400000000000002,13.100000000000001,75.92,1011,0
2024,8,16,9,30,17.2,13.100000000000001,76.89,1011,0
2024,8,16,10,0,17,13.200000000000001,78.17,1011,0
2024,8,16,10,30,16.900000000000002,13.200000000000001,78.67,1011,0
2024,8,16,11,0,16.8,13.100000000000001,78.85000000000001,1011,0
2024,8,16,11,30,16.6,13.100000000000001,79.85000000000001,1011,0
2024,8,16,12,0,16.5,13,79.64,1011,0
2024,8,16,12,30,16.5,13,79.64,1011,0
2024,8,16,13,0,16.5,12.8,78.89,1012,0
2024,8,16,13,30,17.5,12.8,74.06,1012,0
2024,8,16,14,0,18.6,12.700000000000001,68.56,1012,0
2024,8,16,14,30,20.1,12.700000000000001,62.480000000000004,1012,0
2024,8,16,15,0,21.6,12.700000000000001,56.92,1012,0
2024,8,16,15,30,23.3,12.700000000000001,51.35,1012,0
2024,8,16,16,0,25.1,12.4,45.34,1013,0
2024,8,16,16,30,26.8,12.4,40.97,1012,0
2024,8,16,17,0,28.5,11.9,35.84,1012,0
2024,8,16,17,30,30.3,11.9,32.32,1012,0
2024,8,16,18,0,32.1,10.600000000000001,26.67,1012,0
2024,8,16,18,30,33.6,10.600000000000001,24.52,1012,0
2024,8,16,19,0,35.2,9.200000000000001,20.52,1011,0
2024,8,16,19,30,35.9,9.200000000000001,19.740000000000002,1011,0
2024,8,16,20,0,36.6,8.9,18.55,1010,0
2024,8,16,20,30,37,8.9,18.150000000000002,1010,0
2024,8,16,21,0,37.4,8.8,17.61,1010,0
2024,8,16,21,30,37.4,8.8,17.61,1010,0
2024,8,16,22,0,37.4,8.700000000000001,17.48,1009,0
2024,8,16,22,30,37,8.700000000000001,17.86,1009,0
2024,8,16,23,0,36.6,8.6,18.19,1009,0
2024,8,16,23,30,35.7,8.6,19.11,1009,0
2024,8,17,0,0,34.9,8.700000000000001,20.04,1009,0
2024,8,17,0,30,33.7,8.6,21.42,1009,0
2024,8,17,1,0,32.4,8.9,23.400000000000002,1009,0
2024,8,17,1,30,30.6,8.9,25.900000000000002,1009,0
2024,8,17,2,0,28.8,9.5,29.900000000000002,1009,0
2024,8,17,2,30,27.1,9.4,33,1009,0
2024,8,17,3,0,25.3,10.200000000000001,38.68,1010,0
2024,8,17,3,30,24.200000000000003,10.200000000000001,41.29,1010,0
2024,8,17,4,0,23.1,11,46.36,1010,0
2024,8,17,4,30,22.3,11,48.65,1010,0
2024,8,17,5,0,21.5,11.600000000000001,53.44,1010,0
2024,8,17,5,30,20.8,11.600000000000001,55.78,1010,0
2024,8,17,6,0,20.200000000000003,12.100000000000001,59.82,1010,0
2024,8,17,6,30,19.700000000000003,12.100000000000001,61.690000000000005,1010,0
2024,8,17,7,0,19.200000000000003,12.4,64.94,1010,0
2024,8,17,7,30,18.8,12.4,66.58,1010,0
2024,8,17,8,0,18.5,12.600000000000001,68.52,1010,0
2024,8,17,8,30,18.1,12.600000000000001,70.19,1009,0
2024,8,17,9,0,17.8,12.700000000000001,72.02,1009,0
2024,8,17,9,30,17.5,12.700000000000001,73.4,1009,0
2024,8,17,10,0,17.1,12.700000000000001,75.54,1009,0
2024,8,17,10,30,16.900000000000002,12.700000000000001,76.5,1009,0
2024,8,17,11,0,16.6,12.8,78.12,1009,0
2024,8,17,11,30,16.400000000000002,12.8,79.2,1010,0
2024,8,17,12,0,16.1,12.8,80.57000000000001,1010,0
2024,8,17,12,30,16,12.8,81.09,1010,0
2024,8,17,13,0,15.9,12.700000000000001,81.4,1010,0
2024,8,17,13,30,16.8,12.700000000000001,76.88,1010,0
2024,8,17,14,0,17.6,12.8,73.42,1011,0
2024,8,17,14,30,19.5,12.8,65.21000000000001,1011,0
2024,8,17,15,0,21.3,13,59.27,1011,0
2024,8,17,15,30,23,13,53.46,1011,0
2024,8,17,16,0,24.6,13.3,49.24,1012,0
2024,8,17,16,30,25.900000000000002,13.3,45.59,1012,0
2024,8,17,17,0,27.200000000000003,13.700000000000001,43.33,1012,0
2024,8,17,17,30,28.200000000000003,13.700000000000001,40.88,1012,0
2024,8,17,18,0,29.200000000000003,14,39.550000000000004,1012,0
2024,8,17,18,30,29.8,14,38.21,1012,0
2024,8,17,19,0,30.400000000000002,14.3,37.49,1012,0
2024,8,17,19,30,30.700000000000003,14.3,36.85,1012,0
2024,8,17,20,0,31,14.3,36.35,1012,0
2024,8,17,20,30,30.900000000000002,14.3,36.56,1012,0
2024,8,17,21,0,30.900000000000002,14.3,36.49,1012,0
2024,8,17,21,30,30.5,14.3,37.33,1012,0
2024,8,17,22,0,30.200000000000003,14.100000000000001,37.58,1012,0
2024,8,17,22,30,29.700000000000003,14.100000000000001,38.67,1012,0
2024,8,17,23,0,29.3,13.700000000000001,38.37,1012,0
2024,8,17,23,30,28.6,13.700000000000001,39.95,1012,0
2024,8,18,0,0,28,13,39.63,1012,0
2024,8,18,0,30,27.1,13,41.76,1012,0
2024,8,18,1,0,26.3,12.5,42.230000000000004,1012,0
2024,8,18,1,30,25.200000000000003,12.4,45.06,1012,0
2024,8,18,2,0,24.200000000000003,12.200000000000001,47.03,1012,0
2024,8,18,2,30,23.1,12.200000000000001,50.28,1013,0
2024,8,18,3,0,22.1,12.3,53.88,1013,0
2024,8,18,3,30,21.400000000000002,12.3,56.230000000000004,1013,0
2024,8,18,4,0,20.700000000000003,12.700000000000001,60.33,1014,0
2024,8,18,4,30,20.1,12.700000000000001,62.59,1014,0
2024,8,18,5,0,19.5,13.4,67.74,1014,0
2024,8,18,5,30,18.900000000000002,13.4,70.31,1014,0
2024,8,18,6,0,18.400000000000002,14,75.37,1014,0
2024,8,18,6,30,17.900000000000002,14,77.77,1014,0
2024,8,18,7,0,17.400000000000002,14.200000000000001,81.54,1014,0
2024,8,18,7,30,17.1,14.200000000000001,83.10000000000001,1014,0
2024,8,18,8,0,16.7,14.200000000000001,85.44,1014,0
2024,8,18,8,30,16.400000000000002,14.200000000000001,87.08,1014,0
2024,8,18,9,0,16,14.200000000000001,89.01,1013,0
2024,8,18,9,30,15.700000000000001,14.200000000000001,90.72,1013,0
2024,8,18,10,0,15.5,14.100000000000001,91.22,1013,0
2024,8,18,10,30,15.200000000000001,14.100000000000001,92.98,1013,0
2024,8,18,11,0,15,13.9,93.10000000000001,1013,0
2024,8,18,11,30,14.700000000000001,13.9,94.91,1013,0
2024,8,18,12,0,14.5,13.700000000000001,94.95,1013,0
2024,8,18,12,30,14.5,13.700000000000001,94.95,1013,0
2024,8,18,13,0,14.4,13.5,94.51,1014,0
2024,8,18,13,30,15.600000000000001,13.5,87.51,1014,0
2024,8,18,14,0,16.8,13.3,79.88,1014,0
2024,8,18,14,30,18.6,13.3,71.34,1014,0
2024,8,18,15,0,20.3,12.8,62.11,1014,0
2024,8,18,15,30,21.900000000000002,12.8,56.32,1014,0
2024,8,18,16,0,23.5,11.600000000000001,47.17,1015,0
2024,8,18,16,30,25,11.600000000000001,43.13,1015,0
2024,8,18,17,0,26.400000000000002,9.600000000000001,34.730000000000004,1014,0
2024,8,18,17,30,27.6,9.600000000000001,32.38,1014,0
2024,8,18,18,0,28.700000000000003,8.200000000000001,27.580000000000002,1014,0
2024,8,18,18,30,29.700000000000003,8.200000000000001,26.04,1014,0
2024,8,18,19,0,30.700000000000003,6.7,22.23,1014,0
2024,8,18,19,30,31.400000000000002,6.7,21.35,1013,0
2024,8,18,20,0,32.1,5.4,18.81,1013,0
2024,8,18,20,30,32.4,5.4,18.5,1013,0
2024,8,18,21,0,32.7,4.5,17.080000000000002,1013,0
2024,8,18,21,30,32.7,4.5,17.06,1012,0
2024,8,18,22,0,32.6,3.7,16.25,1012,0
2024,8,18,22,30,32.2,3.7,16.62,1012,0
2024,8,18,23,0,31.8,3.3000000000000003,16.5,1012,0
2024,8,18,23,30,31.1,3.3000000000000003,17.17,1012,0
2024,8,19,0,0,30.400000000000002,3.3000000000000003,17.900000000000002,1012,0
2024,8,19,0,30,29.3,3.3000000000000003,19.06,1012,0
2024,8,19,1,0,28.3,3.8000000000000003,20.91,1012,0
2024,8,19,1,30,26.700000000000003,3.8000000000000003,22.97,1013,0
2024,8,19,2,0,25.200000000000003,5,27.330000000000002,1013,0
2024,8,19,2,30,23.700000000000003,5,29.88,1013,0
2024,8,19,3,0,22.200000000000003,6.7,36.76,1013,0
2024,8,19,3,30,21.5,6.7,38.36,1013,0
2024,8,19,4,0,20.700000000000003,8.200000000000001,44.71,1013,0
2024,8,19,4,30,20,8.3,46.72,1014,0
2024,8,19,5,0,19.200000000000003,9.600000000000001,53.63,1014,0
2024,8,19,5,30,18.6,9.600000000000001,55.67,1014,0
2024,8,19,6,0,17.900000000000002,10.600000000000001,62.42,1014,0
2024,8,19,6,30,17.3,10.600000000000001,64.82000000000001,1014,0
2024,8,19,7,0,16.8,11.5,70.84,1014,0
2024,8,19,7,30,16.3,11.5,73.12,1014,0
2024,8,19,8,0,15.8,12.200000000000001,78.94,1014,0
2024,8,19,8,30,15.4,12.200000000000001,80.98,1014,0
2024,8,19,9,0,15,12.600000000000001,85.44,1014,0
2024,8,19,9,30,14.600000000000001,12.600000000000001,87.66,1014,0
2024,8,19,10,0,14.3,12.8,90.56,1014,0
2024,8,19,10,30,14,12.8,92.33,1014,0
2024,8,19,11,0,13.700000000000001,12.700000000000001,93.91,1014,0
2024,8,19,11,30,13.4,12.700000000000001,95.75,1014,0
2024,8,19,12,0,13.200000000000001,12.600000000000001,96.10000000000001,1014,0
2024,8,19,12,30,13.100000000000001,12.600000000000001,96.72,1014,0
2024,8,19,13,0,13,12.4,96.37,1015,0
2024,8,19,13,30,14,12.4,90.31,1015,0
2024,8,19,14,0,15.100000000000001,12.200000000000001,82.89,1015,0
2024,8,19,14,30,16.8,12.200000000000001,74.39,1015,0
2024,8,19,15,0,18.5,11.9,65.51,1016,0
2024,8,19,15,30,20.400000000000002,11.9,58.24,1016,0
2024,8,19,16,0,22.400000000000002,11.3,49.38,1016,0
2024,8,19,16,30,24.3,11.3,44.050000000000004,1016,0
2024,8,19,17,0,26.1,9.5,35.160000000000004,1016,0
2024,8,19,17,30,28.1,9.5,31.28,1016,0
2024,8,19,18,0,30.1,4,19.03,1016,0
2024,8,19,18,30,31.200000000000003,4,17.88,1016,0
2024,8,19,19,0,32.4,0.8,13.36,1016,0
2024,8,19,19,30,33.1,0.8,12.83,1015,0
2024,8,19,20,0,33.800000000000004,-0.5,11.19,1015,0
2024,8,19,20,30,34.2,-0.5,10.950000000000001,1015,0
2024,8,19,21,0,34.6,-1.1,10.23,1015,0
2024,8,19,21,30,34.6,-1.2000000000000002,10.22,1014,0
2024,8,19,22,0,34.6,-1.1,10.24,1014,0
2024,8,19,22,30,34.300000000000004,-1.1,10.41,1014,0
2024,8,19,23,0,33.9,-0.7000000000000001,11.02,1014,0
2024,8,19,23,30,33.300000000000004,-0.7000000000000001,11.4,1014,0
2024,8,20,0,0,32.6,0,12.48,1014,0
2024,8,20,0,30,31.5,0,13.27,1014,0
2024,8,20,1,0,30.400000000000002,0.8,14.89,1014,0
2024,8,20,1,30,28.6,0.8,16.51,1014,0
2024,8,20,2,0,26.8,2.2,20.37,1014,0
2024,8,20,2,30,25.3,2.2,22.25,1014,0
2024,8,20,3,0,23.8,4.1000000000000005,27.77,1014,0
2024,8,20,3,30,22.900000000000002,4.1000000000000005,29.35,1015,0
2024,8,20,4,0,22,5.800000000000001,34.87,1015,0
2024,8,20,4,30,21.200000000000003,5.800000000000001,36.61,1015,0
2024,8,20,5,0,20.400000000000002,7.5,43.24,1015,0
2024,8,20,5,30,19.700000000000003,7.5,45.15,1015,0
2024,8,20,6,0,19,9,52.15,1015,0
2024,8,20,6,30,18.5,9,53.800000000000004,1015,0
2024,8,20,7,0,18,10,59.51,1015,0
2024,8,20,7,30,17.8,10,60.26,1015,0
2024,8,20,8,0,17.5,10.5,63.67,1015,0
2024,8,20,8,30,17.5,10.5,63.67,1015,0
2024,8,20,9,0,17.400000000000002,10.600000000000001,64.41,1015,0
2024,8,20,9,30,17.3,10.600000000000001,64.81,1015,0
2024,8,20,10,0,17.1,10.4,64.62,1015,0
2024,8,20,10,30,16.7,10.4,66.27,1015,0
2024,8,20,11,0,16.400000000000002,10.100000000000001,66.12,1015,0
2024,8,20,11,30,16.1,10.100000000000001,67.4,1015,0
2024,8,20,12,0,15.700000000000001,9.700000000000001,67.69,1015,0
2024,8,20,12,30,15.600000000000001,9.700000000000001,68.12,1015,0
2024,8,20,13,0,15.5,9.5,67.65,1015,0
2024,8,20,13,30,16.8,9.5,62.28,1015,0
2024,8,20,14,0,18.1,9.4,56.85,1016,0
2024,8,20,14,30,19.6,9.4,51.78,1016,0
2024,8,20,15,0,21.1,9.4,47.11,1016,0
2024,8,20,15,30,23.3,9.4,41.230000000000004,1016,0
2024,8,20,16,0,25.5,7.9,32.76,1016,0
2024,8,20,16,30,27.700000000000003,8,28.79,1016,0
2024,8,20,17,0,29.900000000000002,5.800000000000001,21.94,1016,0
2024,8,20,17,30,31.6,5.9,19.92,1016,0
2024,8,20,18,0,33.300000000000004,4.4,16.38,1016,0
2024,8,20,18,30,34.4,4.4,15.4,1016,0
2024,8,20,19,0,35.5,3.5,13.6,1015,0
2024,8,20,19,30,36.1,3.5,13.16,1015,0
2024,8,20,20,0,36.800000000000004,3.3000000000000003,12.46,1014,0
2024,8,20,20,30,37.2,3.3000000000000003,12.19,1014,0
2024,8,20,21,0,37.6,3.6,12.16,1014,0
2024,8,20,21,30,37.5,3.5,12.22,1013,0
2024,8,20,22,0,37.5,4.2,12.780000000000001,1013,0
2024,8,20,22,30,37,4.2,13.13,1013,0
2024,8,20,23,0,36.5,5,14.280000000000001,1012,0
2024,8,20,23,30,35.5,5,15.08,1012,0
2024,8,21,0,0,34.5,5.9,16.96,1012,0
2024,8,21,0,30,33.1,5.9,18.35,1013,0
2024,8,21,1,0,31.8,6.7,20.84,1013,0
2024,8,21,1,30,30,6.7,23.080000000000002,1013,0
2024,8,21,2,0,28.3,7.300000000000001,26.580000000000002,1013,0
2024,8,21,2,30,26.8,7.300000000000001,29.01,1013,0
2024,8,21,3,0,25.3,7.9,33.12,1014,0
2024,8,21,3,30,24.400000000000002,7.9,34.94,1014,0
2024,8,21,4,0,23.5,8.5,38.33,1014,0
2024,8,21,4,30,22.700000000000003,8.5,40.22,1014,0
2024,8,21,5,0,21.900000000000002,9.3,44.730000000000004,1014,0
2024,8,21,5,30,21.1,9.3,46.97,1014,0
2024,8,21,6,0,20.400000000000002,10.200000000000001,51.99,1015,0
2024,8,21,6,30,19.900000000000002,10.200000000000001,53.61,1015,0
2024,8,21,7,0,19.3,10.8,57.96,1015,0
2024,8,21,7,30,18.900000000000002,10.8,59.42,1015,0
2024,8,21,8,0,18.6,11.100000000000001,61.86,1015,0
2024,8,21,8,30,18.3,11.100000000000001,63.03,1015,0
2024,8,21,9,0,18,11.3,64.79,1014,0
2024,8,21,9,30,17.7,11.3,66.02,1014,0
2024,8,21,10,0,17.400000000000002,11.4,68.03,1014,0
2024,8,21,10,30,17.1,11.4,69.32000000000001,1014,0
2024,8,21,11,0,16.7,11.600000000000001,72.07000000000001,1014,0
2024,8,21,11,30,16.400000000000002,11.600000000000001,73.45,1014,0
2024,8,21,12,0,16.1,11.9,76.05,1014,0
2024,8,21,12,30,15.8,11.9,77.52,1014,0
2024,8,21,13,0,15.600000000000001,12.200000000000001,80.44,1015,0
2024,8,21,13,30,16.3,12.200000000000001,76.93,1015,0
2024,8,21,14,0,17,12.600000000000001,75.42,1015,0
2024,8,21,14,30,18.5,12.600000000000001,68.64,1015,0
2024,8,21,15,0,20,12.700000000000001,62.800000000000004,1015,0
2024,8,21,15,30,21.8,12.700000000000001,56.24,1015,0
2024,8,21,16,0,23.5,12.200000000000001,48.95,1016,0
2024,8,21,16,30,25.200000000000003,12.200000000000001,44.230000000000004,1016,0
2024,8,21,17,0,26.900000000000002,11.100000000000001,37.410000000000004,1016,0
2024,8,21,17,30,28.6,11.100000000000001,33.85,1015,0
2024,8,21,18,0,30.3,9.3,27.07,1015,0
2024,8,21,18,30,31.8,9.3,24.86,1015,0
2024,8,21,19,0,33.300000000000004,6.800000000000001,19.26,1014,0
2024,8,21,19,30,34,6.800000000000001,18.52,1014,0
2024,8,21,20,0,34.7,5.4,16.21,1013,0
2024,8,21,20,30,35,5.4,15.950000000000001,1013,0
2024,8,21,21,0,35.300000000000004,4.4,14.59,1012,0
2024,8,21,21,30,35.2,4.4,14.67,1012,0
2024,8,21,22,0,35,4,14.42,1012,0
2024,8,21,22,30,34.4,3.9000000000000004,14.89,1011,0
2024,8,21,23,0,33.9,4.2,15.56,1011,0
2024,8,21,23,30,32.9,4.2,16.45,1011,0
2024,8,22,0,0,31.900000000000002,4.9,18.38,1011,0
2024,8,22,0,30,30.6,4.9,19.78,1011,0
2024,8,22,1,0,29.3,6.1000000000000005,23.18,1011,0
2024,8,22,1,30,27.700000000000003,6.1000000000000005,25.43,1011,0
2024,8,22,2,0,26,7.9,31.650000000000002,1012,0
2024,8,22,2,30,24.400000000000002,7.9,34.800000000000004,1012,0
2024,8,22,3,0,22.8,9.9,44.050000000000004,1012,0
2024,8,22,3,30,21.8,9.9,46.800000000000004,1012,0
2024,8,22,4,0,20.700000000000003,11.5,55.63,1012,0
2024,8,22,4,30,19.8,11.5,58.800000000000004,1012,0
2024,8,22,5,0,19,12.5,65.92,1012,0
2024,8,22,5,30,18.3,12.5,68.86,1012,0
2024,8,22,6,0,17.7,13,73.83,1012,0
2024,8,22,6,30,17.2,13,76.12,1011,0
2024,8,22,7,0,16.8,13.200000000000001,79.48,1011,0
2024,8,22,7,30,16.400000000000002,13.200000000000001,81.52,1011,0
2024,8,22,8,0,16.1,13.4,83.92,1011,0
2024,8,22,8,30,15.8,13.4,85.54,1011,0
2024,8,22,9,0,15.5,13.5,87.63,1011,0
2024,8,22,9,30,15.3,13.5,88.76,1011,0
2024,8,22,10,0,15,13.4,90.34,1011,0
2024,8,22,10,30,14.9,13.4,90.92,1011,0
2024,8,22,11,0,14.700000000000001,13.4,91.67,1011,0
2024,8,22,11,30,14.600000000000001,13.4,92.26,1011,0
2024,8,22,12,0,14.4,13.3,93.01,1011,0
2024,8,22,12,30,14.4,13.3,93.01,1011,0
2024,8,22,13,0,14.3,13.200000000000001,93.07000000000001,1011,0
2024,8,22,13,30,15.100000000000001,13.200000000000001,88.4,1011,0
2024,8,22,14,0,15.9,13.200000000000001,83.76,1011,0
2024,8,22,14,30,17.400000000000002,13.200000000000001,76.25,1012,0
2024,8,22,15,0,18.8,13.100000000000001,69.46000000000001,1012,0
2024,8,22,15,30,20.200000000000003,13.100000000000001,63.690000000000005,1012,0
2024,8,22,16,0,21.700000000000003,12.600000000000001,56.34,1012,0
2024,8,22,16,30,23.1,12.600000000000001,51.76,1012,0
2024,8,22,17,0,24.6,11.700000000000001,44.56,1012,0
2024,8,22,17,30,25.900000000000002,11.700000000000001,41.25,1012,0
2024,8,22,18,0,27.200000000000003,10.600000000000001,35.44,1012,0
2024,8,22,18,30,28.1,10.600000000000001,33.63,1012,0
2024,8,22,19,0,29.1,9.5,29.54,1011,0
2024,8,22,19,30,29.6,9.5,28.7,1011,0
2024,8,22,20,0,30.200000000000003,9,26.68,1011,0
2024,8,22,20,30,30.1,9,26.830000000000002,1011,0
2024,8,22,21,0,30.1,9.1,27.16,1010,0
2024,8,22,21,30,29.700000000000003,9.1,27.79,1010,0
2024,8,22,22,0,29.3,9.8,29.82,1010,0
2024,8,22,22,30,28.6,9.8,31.05,1010,0
2024,8,22,23,0,28,10.5,33.49,1010,0
2024,8,22,23,30,27.3,10.5,34.88,1010,0
2024,8,23,0,0,26.6,10.600000000000001,36.69,1010,0
2024,8,23,0,30,25.700000000000003,10.600000000000001,38.69,1010,0
2024,8,23,1,0,24.8,10.600000000000001,40.76,1010,0
2024,8,23,1,30,23.700000000000003,10.600000000000001,43.53,1010,0
2024,8,23,2,0,22.5,10.8,47.550000000000004,1010,0
2024,8,23,2,30,21.3,10.8,51.19,1011,0
2024,8,23,3,0,20.200000000000003,11.4,57.120000000000005,1011,0
2024,8,23,3,30,19.400000000000002,11.4,60.02,1011,0
2024,8,23,4,0,18.6,12.100000000000001,65.98,1012,0
2024,8,23,4,30,18.1,12.100000000000001,68.07000000000001,1012,0
2024,8,23,5,0,17.5,12.600000000000001,73.06,1012,0
2024,8,23,5,30,17.1,12.600000000000001,74.92,1012,0
2024,8,23,6,0,16.6,13,79.05,1012,0
2024,8,23,6,30,16.3,13,80.57000000000001,1012,0
2024,8,23,7,0,15.9,13.200000000000001,83.93,1012,0
2024,8,23,7,30,15.600000000000001,13.200000000000001,85.55,1012,0
2024,8,23,8,0,15.200000000000001,13.3,88.28,1012,0
2024,8,23,8,30,15,13.3,89.42,1012,0
2024,8,23,9,0,14.700000000000001,13.200000000000001,90.93,1012,0
2024,8,23,9,30,14.5,13.200000000000001,92.10000000000001,1012,0
2024,8,23,10,0,14.200000000000001,13.100000000000001,93.21000000000001,1012,0
2024,8,23,10,30,14,13.100000000000001,94.42,1012,0
2024,8,23,11,0,13.9,13,94.27,1012,0
2024,8,23,11,30,13.700000000000001,13,95.60000000000001,1013,0
2024,8,23,12,0,13.5,12.9,96.21000000000001,1013,0
2024,8,23,12,30,13.600000000000001,12.9,95.58,1013,0
2024,8,23,13,0,13.700000000000001,12.9,94.66,1013,0
2024,8,23,13,30,14.600000000000001,12.9,89.4,1014,0
2024,8,23,14,0,15.5,12.8,83.98,1014,0
2024,8,23,14,30,16.900000000000002,12.8,76.84,1014,0
2024,8,23,15,0,18.2,11.700000000000001,66.02,1014,0
2024,8,23,15,30,19.5,11.8,60.94,1015,0
2024,8,23,16,0,20.8,10.3,50.93,1015,0
2024,8,23,16,30,21.3,10.3,49.4,1015,0
2024,8,23,17,0,21.700000000000003,9.200000000000001,44.9,1015,0
2024,8,23,17,30,21.900000000000002,9.200000000000001,44.4,1016,0
2024,8,23,18,0,22.1,8.6,42.1,1016,0
2024,8,23,18,30,22.200000000000003,8.6,41.84,1016,0
2024,8,23,19,0,22.400000000000002,8.3,40.480000000000004,1016,0
2024,8,23,19,30,22.400000000000002,8.3,40.480000000000004,1016,0
2024,8,23,20,0,22.5,8.200000000000001,40.03,1016,0
2024,8,23,20,30,22.5,8.200000000000001,39.99,1015,0
2024,8,23,21,0,22.5,7.9,39.17,1015,0
2024,8,23,21,30,22.6,7.9,38.93,1015,0
2024,8,23,22,0,22.700000000000003,7.4,37.33,1014,0
2024,8,23,22,30,23.3,7.4,36,1014,0
2024,8,23,23,0,24,6.9,33.35,1014,0
2024,8,23,23,30,24.1,6.9,33.15,1014,0
2024,8,24,0,0,24.1,6.5,32.19,1013,0
2024,8,24,0,30,23.700000000000003,6.5,32.97,1013,0
2024,8,24,1,0,23.200000000000003,6.800000000000001,34.74,1013,0
2024,8,24,1,30,22.1,6.800000000000001,37.12,1013,0
2024,8,24,2,0,21,8,43.160000000000004,1013,0
2024,8,24,2,30,20.3,8,45.06,1013,0
2024,8,24,3,0,19.5,9.700000000000001,53.09,1013,0
2024,8,24,3,30,19.200000000000003,9.700000000000001,54.14,1014,0
2024,8,24,4,0,18.900000000000002,11.3,61.2,1014,0
2024,8,24,4,30,18.6,11.3,62.35,1014,0
2024,8,24,5,0,18.2,12.4,68.98,1014,0
2024,8,24,5,30,17.8,12.4,70.73,1014,0
2024,8,24,6,0,17.400000000000002,13.200000000000001,76.13,1014,0
2024,8,24,6,30,16.900000000000002,13.200000000000001,78.64,1015,0
2024,8,24,7,0,16.400000000000002,13.700000000000001,84.01,1015,0
2024,8,24,7,30,16.1,13.700000000000001,85.63,1015,0
2024,8,24,8,0,15.8,14,89.31,1014,0
2024,8,24,8,30,15.5,14,91.04,1014,0
2024,8,24,9,0,15.200000000000001,14.200000000000001,93.84,1014,0
2024,8,24,9,30,15,14.200000000000001,95.05,1014,0
2024,8,24,10,0,14.9,14.3,96.23,1014,0
2024,8,24,10,30,14.8,14.3,96.85000000000001,1014,0
2024,8,24,11,0,14.8,14.3,97.10000000000001,1014,0
2024,8,24,11,30,14.700000000000001,14.4,97.82000000000001,1015,0
2024,8,24,12,0,14.700000000000001,14.4,98.04,1015,0
2024,8,24,12,30,14.8,14.4,97.41,1015,0
2024,8,24,13,0,14.9,14.5,97.37,1015,0
2024,8,24,13,30,15.700000000000001,14.5,92.51,1015,0
2024,8,24,14,0,16.5,15.3,92.83,1016,0
2024,8,24,14,30,17.400000000000002,15.3,87.7,1016,0
2024,8,24,15,0,18.2,15.4,83.9,1016,0
2024,8,24,15,30,19.3,15.4,78.34,1016,0
2024,8,24,16,0,20.3,14.4,68.8,1016,0
2024,8,24,16,30,21.6,14.4,63.6,1017,0
2024,8,24,17,0,22.8,12.8,53.120000000000005,1017,0
2024,8,24,17,30,23.700000000000003,12.8,50.32,1017,0
2024,8,24,18,0,24.700000000000003,11.600000000000001,44.01,1017,0
2024,8,24,18,30,25.3,11.600000000000001,42.47,1017,0
2024,8,24,19,0,25.900000000000002,10.9,39.09,1017,0
2024,8,24,19,30,26.200000000000003,10.9,38.37,1016,0
2024,8,24,20,0,26.6,10.3,35.97,1016,0
2024,8,24,20,30,26.700000000000003,10.3,35.76,1016,0
2024,8,24,21,0,26.8,9.9,34.53,1016,0
2024,8,24,21,30,27,9.9,34.13,1016,0
2024,8,24,22,0,27.200000000000003,9.3,32.54,1016,0
2024,8,24,22,30,27.3,9.3,32.35,1016,0
2024,8,24,23,0,27.3,8.8,31.16,1016,0
2024,8,24,23,30,27,8.8,31.71,1016,0
2024,8,25,0,0,26.8,8.3,31.14,1016,0
2024,8,25,0,30,26.3,8.3,32.06,1016,0
2024,8,25,1,0,25.8,8.1,32.45,1016,0
2024,8,25,1,30,24.6,8.1,34.85,1016,0
2024,8,25,2,0,23.3,8.200000000000001,38.1,1016,0
2024,8,25,2,30,22.3,8.200000000000001,40.47,1016,0
2024,8,25,3,0,21.3,8.8,44.6,1017,0
2024,8,25,3,30,20.700000000000003,8.8,46.27,1017,0
2024,8,25,4,0,20.1,9.200000000000001,49.58,1017,0
2024,8,25,4,30,19.6,9.200000000000001,51.18,1018,0
2024,8,25,5,0,19.1,9.700000000000001,54.31,1018,0
2024,8,25,5,30,18.6,9.700000000000001,56.03,1018,0
2024,8,25,6,0,18.2,10,58.77,1018,0
2024,8,25,6,30,17.8,10,60.26,1018,0
2024,8,25,7,0,17.3,10.200000000000001,63.24,1018,0
2024,8,25,7,30,16.900000000000002,10.200000000000001,64.86,1018,0
2024,8,25,8,0,16.6,10.4,66.76,1018,0
2024,8,25,8,30,16.2,10.4,68.48,1018,0
2024,8,25,9,0,15.8,10.4,70.44,1018,0
2024,8,25,9,30,15.5,10.4,71.8,1018,0
2024,8,25,10,0,15.200000000000001,10.3,72.61,1018,0
2024,8,25,10,30,14.9,10.3,74.02,1018,0
2024,8,25,11,0,14.600000000000001,10,73.78,1018,0
2024,8,25,11,30,14.4,10,74.74,1018,0
2024,8,25,12,0,14.100000000000001,9.600000000000001,74.33,1018,0
2024,8,25,12,30,14,9.600000000000001,74.89,1019,0
2024,8,25,13,0,13.8,9.4,74.79,1019,0
2024,8,25,13,30,15.3,9.4,67.91,1019,0
2024,8,25,14,0,16.7,9.4,62.17,1019,0
2024,8,25,14,30,18.400000000000002,9.4,55.870000000000005,1019,0
2024,8,25,15,0,20,9.8,51.72,1019,0
2024,8,25,15,30,21.6,9.8,46.88,1019,0
2024,8,25,16,0,23.3,8.9,39.81,1019,0
2024,8,25,16,30,24.700000000000003,8.9,36.61,1019,0
2024,8,25,17,0,26,7.5,30.95,1019,0
2024,8,25,17,30,27.200000000000003,7.5,28.85,1019,0
2024,8,25,18,0,28.400000000000002,6,24.16,1019,0
2024,8,25,18,30,29.400000000000002,6,22.78,1018,0
2024,8,25,19,0,30.400000000000002,4.4,19.35,1018,0
2024,8,25,19,30,31.1,4.5,18.59,1018,0
2024,8,25,20,0,31.8,3.2,16.4,1017,0
2024,8,25,20,30,32.4,3.2,15.860000000000001,1017,0
2024,8,25,21,0,32.9,2.5,14.61,1016,0
2024,8,25,21,30,33.2,2.5,14.370000000000001,1016,0
2024,8,25,22,0,33.4,2.3000000000000003,14,1016,0
2024,8,25,22,30,33.4,2.3000000000000003,14,1016,0
2024,8,25,23,0,33.4,2.2,13.93,1016,0
2024,8,25,23,30,33.1,2.2,14.17,1016,0
2024,8,26,0,0,32.800000000000004,2.3000000000000003,14.51,1016,0
2024,8,26,0,30,32.1,2.3000000000000003,15.09,1016,0
2024,8,26,1,0,31.3,3.1,16.69,1016,0
2024,8,26,1,30,29.200000000000003,3.1,18.82,1016,0
2024,8,26,2,0,27.1,4.4,23.400000000000002,1016,0
2024,8,26,2,30,25.8,4.4,25.25,1016,0
2024,8,26,3,0,24.5,5.4,29.27,1017,0
2024,8,26,3,30,23.700000000000003,5.4,30.7,1017,0
2024,8,26,4,0,22.900000000000002,7.4,36.95,1017,0
2024,8,26,4,30,22.1,7.4,38.78,1017,0
2024,8,26,5,0,21.3,9.200000000000001,45.96,1017,0
2024,8,26,5,30,20.700000000000003,9.200000000000001,47.67,1017,0
2024,8,26,6,0,20.1,10.100000000000001,52.56,1017,0
2024,8,26,6,30,19.700000000000003,10.100000000000001,53.870000000000005,1017,0
2024,8,26,7,0,19.400000000000002,10.5,56.22,1017,0
2024,8,26,7,30,19.1,10.5,57.28,1017,0
2024,8,26,8,0,18.900000000000002,10.600000000000001,58.46,1017,0
2024,8,26,8,30,18.8,10.600000000000001,58.82,1017,0
2024,8,26,9,0,18.6,10.600000000000001,59.59,1017,0
2024,8,26,9,30,18.3,10.600000000000001,60.72,1017,0
2024,8,26,10,0,18,10.700000000000001,62.29,1017,0
2024,8,26,10,30,17.7,10.700000000000001,63.47,1017,0
2024,8,26,11,0,17.3,10.9,65.87,1017,0
2024,8,26,11,30,17,10.9,67.13,1017,0
2024,8,26,12,0,16.6,11.100000000000001,69.95,1017,0
2024,8,26,12,30,16.400000000000002,11.100000000000001,70.91,1018,0
2024,8,26,13,0,16.2,11.4,72.98,1018,0
2024,8,26,13,30,17.400000000000002,11.4,67.65,1018,0
2024,8,26,14,0,18.5,11.600000000000001,64.21000000000001,1018,0
2024,8,26,14,30,19.900000000000002,11.600000000000001,58.86,1018,0
2024,8,26,15,0,21.200000000000003,12.100000000000001,56.08,1018,0
2024,8,26,15,30,23.1,12.100000000000001,50.02,1019,0
2024,8,26,16,0,25.1,12.4,45.14,1019,0
2024,8,26,16,30,27.200000000000003,12.4,39.89,1019,0
2024,8,26,17,0,29.3,10.200000000000001,30.490000000000002,1019,0
2024,8,26,17,30,31.1,10.200000000000001,27.490000000000002,1018,0
2024,8,26,18,0,32.800000000000004,6.300000000000001,19.21,1018,0
2024,8,26,18,30,33.800000000000004,6.300000000000001,18.17,1018,0
2024,8,26,19,0,34.7,5,15.82,1017,0
2024,8,26,19,30,35.4,5,15.22,1017,0
2024,8,26,20,0,36,4,13.74,1017,0
2024,8,26,20,30,36.5,4,13.35,1016,0
2024,8,26,21,0,37,3,12.040000000000001,1016,0
2024,8,26,21,30,37.2,2.9000000000000004,11.9,1015,0
2024,8,26,22,0,37.4,2,10.99,1015,0
2024,8,26,22,30,37.300000000000004,2,11.05,1015,0
2024,8,26,23,0,37.2,1.2000000000000002,10.52,1014,0
2024,8,26,23,30,36.800000000000004,1.2000000000000002,10.75,1014,0
2024,8,27,0,0,36.4,0.7000000000000001,10.6,1014,0
2024,8,27,0,30,35.5,0.7000000000000001,11.14,1014,0
2024,8,27,1,0,34.5,1.4000000000000001,12.370000000000001,1014,0
2024,8,27,1,30,31.8,1.4000000000000001,14.39,1014,0
2024,8,27,2,0,29.200000000000003,3.1,18.82,1014,0
2024,8,27,2,30,27.8,3.1,20.42,1015,0
2024,8,27,3,0,26.400000000000002,4.9,25.2,1015,0
2024,8,27,3,30,25.400000000000002,4.9,26.73,1015,0
2024,8,27,4,0,24.400000000000002,7.300000000000001,33.57,1015,0
2024,8,27,4,30,23.5,7.300000000000001,35.43,1015,0
2024,8,27,5,0,22.6,8.9,41.69,1016,0
2024,8,27,5,30,22,8.9,43.19,1015,0
2024,8,27,6,0,21.400000000000002,9.5,46.6,1015,0
2024,8,27,6,30,21,9.5,47.75,1015,0
2024,8,27,7,0,20.5,9.8,50.15,1015,0
2024,8,27,7,30,20.1,9.8,51.4,1015,0
2024,8,27,8,0,19.8,9.9,52.86,1015,0
2024,8,27,8,30,19.5,9.9,53.800000000000004,1014,0
2024,8,27,9,0,19.200000000000003,9.9,55,1014,0
2024,8,27,9,30,19,9.9,55.69,1014,0
2024,8,27,10,0,18.7,10,56.870000000000005,1014,0
2024,8,27,10,30,18.5,10,57.59,1014,0
2024,8,27,11,0,18.3,10,58.54,1014,0
2024,8,27,11,30,18,10,59.65,1014,0
2024,8,27,12,0,17.7,10.100000000000001,60.89,1014,0
2024,8,27,12,30,17.6,10.100000000000001,61.28,1014,0
2024,8,27,13,0,17.6,10,60.870000000000005,1014,0
2024,8,27,13,30,18.900000000000002,10,56.120000000000005,1014,0
2024,8,27,14,0,20.200000000000003,9.700000000000001,50.9,1014,0
2024,8,27,14,30,21.6,9.700000000000001,46.72,1014,0
2024,8,27,15,0,23,9.700000000000001,42.74,1015,0
2024,8,27,15,30,24.900000000000002,9.700000000000001,38.15,1015,0
2024,8,27,16,0,26.8,9.4,33.45,1015,0
2024,8,27,16,30,29.5,9.4,28.6,1015,0
2024,8,27,17,0,32.1,6,19.53,1015,0
2024,8,27,17,30,33.800000000000004,6,17.740000000000002,1014,0
2024,8,27,18,0,35.5,3.2,13.27,1014,0
2024,8,27,18,30,36.5,3.2,12.56,1014,0
2024,8,27,19,0,37.6,1.5,10.47,1013,0
2024,8,27,19,30,38.2,1.5,10.14,1013,0
2024,8,27,20,0,38.900000000000006,0.30000000000000004,8.97,1013,0
2024,8,27,20,30,39.300000000000004,0.30000000000000004,8.77,1012,0
2024,8,27,21,0,39.800000000000004,-0.7000000000000001,7.99,1012,0
2024,8,27,21,30,39.900000000000006,-0.7000000000000001,7.94,1011,0
2024,8,27,22,0,40.1,-1.2000000000000002,7.58,1011,0
2024,8,27,22,30,40,-1.2000000000000002,7.61,1010,0
2024,8,27,23,0,39.800000000000004,-1.2000000000000002,7.66,1010,0
2024,8,27,23,30,39.300000000000004,-1.2000000000000002,7.87,1010,0
2024,8,28,0,0,38.800000000000004,-0.8,8.34,1010,0
2024,8,28,0,30,37.7,-0.8,8.85,1010,0
2024,8,28,1,0,36.5,1,10.78,1010,0
2024,8,28,1,30,33.9,1,12.44,1010,0
2024,8,28,2,0,31.200000000000003,3,16.7,1010,0
2024,8,28,2,30,29.8,3,18.09,1010,0
2024,8,28,3,0,28.3,5.4,23.330000000000002,1011,0
2024,8,28,3,30,27.3,5.4,24.73,1011,0
2024,8,28,4,0,26.200000000000003,7.6000000000000005,30.7,1011,0
2024,8,28,4,30,25.5,7.6000000000000005,32,1011,0
2024,8,28,5,0,24.8,8.5,35.480000000000004,1011,0
2024,8,28,5,30,24.1,8.5,36.99,1011,0
2024,8,28,6,0,23.5,9,39.59,1011,0
2024,8,28,6,30,23,9,40.800000000000004,1011,0
2024,8,28,7,0,22.6,9.4,43.07,1011,0
2024,8,28,7,30,22.200000000000003,9.4,44.13,1011,0
2024,8,28,8,0,21.8,9.9,46.7,1011,0
2024,8,28,8,30,21.400000000000002,9.9,47.85,1011,0
2024,8,28,9,0,21.1,10.200000000000001,49.660000000000004,1011,0
2024,8,28,9,30,20.700000000000003,10.200000000000001,50.89,1011,0
2024,8,28,10,0,20.400000000000002,10.200000000000001,51.96,1011,0
2024,8,28,10,30,20.1,10.200000000000001,52.93,1011,0
2024,8,28,11,0,19.900000000000002,10.100000000000001,53.27,1011,0
2024,8,28,11,30,19.700000000000003,10.100000000000001,53.94,1011,0
2024,8,28,12,0,19.5,9.9,53.71,1011,0
2024,8,28,12,30,19.400000000000002,9.9,54.04,1011,0
2024,8,28,13,0,19.200000000000003,9.5,53.24,1011,0
2024,8,28,13,30,20.5,9.5,49.18,1012,0
2024,8,28,14,0,21.700000000000003,8.9,44.09,1012,0
2024,8,28,14,30,23.3,9,40.02,1012,0
2024,8,28,15,0,24.900000000000002,8.6,35.49,1012,0
2024,8,28,15,30,27,8.6,31.36,1012,0
2024,8,28,16,0,29,7,25.060000000000002,1012,0
2024,8,28,16,30,31,7,22.35,1012,0
2024,8,28,17,0,32.9,3.8000000000000003,16.06,1012,0
2024,8,28,17,30,34.4,3.8000000000000003,14.77,1012,0
2024,8,28,18,0,36,0.9,11,1012,0
2024,8,28,18,30,37.1,0.9,10.36,1012,0
2024,8,28,19,0,38.2,-0.4,8.89,1011,0
2024,8,28,19,30,38.800000000000004,-0.4,8.61,1011,0
2024,8,28,20,0,39.400000000000006,-0.5,8.25,1011,0
2024,8,28,20,30,39.7,-0.5,8.11,1010,0
2024,8,28,21,0,40,-0.30000000000000004,8.09,1010,0
2024,8,28,21,30,39.900000000000006,-0.30000000000000004,8.14,1010,0
2024,8,28,22,0,39.800000000000004,-0.2,8.24,1009,0
2024,8,28,22,30,39.2,-0.2,8.5,1009,0
2024,8,28,23,0,38.7,0,8.85,1009,0
2024,8,28,23,30,37.800000000000004,0,9.290000000000001,1009,0
2024,8,29,0,0,36.9,0.4,10.07,1009,0
2024,8,29,0,30,35.4,0.4,10.93,1009,0
2024,8,29,1,0,33.9,1.3,12.67,1010,0
2024,8,29,1,30,31.5,1.3,14.49,1010,0
2024,8,29,2,0,29.1,2.7,18.46,1010,0
2024,8,29,2,30,27.5,2.7,20.25,1010,0
2024,8,29,3,0,25.8,4.5,25.34,1011,0
2024,8,29,3,30,24.8,4.5,26.89,1011,0
2024,8,29,4,0,23.900000000000002,6.1000000000000005,31.810000000000002,1011,0
2024,8,29,4,30,23,6.1000000000000005,33.57,1011,0
2024,8,29,5,0,22.200000000000003,7.7,39.29,1012,0
2024,8,29,5,30,21.5,7.7,41,1012,0
2024,8,29,6,0,20.8,9.200000000000001,47.480000000000004,1012,0
2024,8,29,6,30,20.200000000000003,9.200000000000001,49.26,1012,0
2024,8,29,7,0,19.6,10.5,55.78,1012,0
2024,8,29,7,30,19.1,10.5,57.54,1012,0
2024,8,29,8,0,18.7,11.4,62.33,1012,0
2024,8,29,8,30,18.400000000000002,11.4,63.51,1012,0
2024,8,29,9,0,18,11.8,67.19,1012,0
2024,8,29,9,30,17.7,11.8,68.47,1012,0
2024,8,29,10,0,17.400000000000002,12.100000000000001,71.01,1012,0
2024,8,29,10,30,17.2,12.100000000000001,71.91,1012,0
2024,8,29,11,0,16.900000000000002,12.200000000000001,73.84,1012,0
2024,8,29,11,30,16.7,12.200000000000001,74.78,1012,0
2024,8,29,12,0,16.5,12.3,76.05,1012,0
2024,8,29,12,30,16.3,12.3,77.02,1012,0
2024,8,29,13,0,16.1,12.4,78.5,1013,0
2024,8,29,13,30,16.8,12.4,75.09,1013,0
2024,8,29,14,0,17.6,12.4,71.38,1013,0
2024,8,29,14,30,19.1,12.4,64.99,1013,0
2024,8,29,15,0,20.5,11.8,57.29,1013,0
2024,8,29,15,30,22.3,11.8,51.38,1014,0
2024,8,29,16,0,24,10.8,43.35,1014,0
2024,8,29,16,30,25.8,10.8,38.96,1014,0
2024,8,29,17,0,27.5,9.200000000000001,31.66,1014,0
2024,8,29,17,30,29.200000000000003,9.200000000000001,28.69,1014,0
2024,8,29,18,0,30.8,7.800000000000001,23.88,1014,0
2024,8,29,18,30,32.1,7.800000000000001,22.17,1013,0
2024,8,29,19,0,33.5,6.6000000000000005,18.78,1013,0
2024,8,29,19,30,34.4,6.6000000000000005,17.87,1013,0
2024,8,29,20,0,35.300000000000004,5.800000000000001,16.11,1013,0
2024,8,29,20,30,35.6,5.800000000000001,15.85,1013,0
2024,8,29,21,0,36,5,14.700000000000001,1012,0
2024,8,29,21,30,35.9,5,14.780000000000001,1012,0
2024,8,29,22,0,35.800000000000004,4.4,14.280000000000001,1012,0
2024,8,29,22,30,35.2,4.4,14.76,1012,0
2024,8,29,23,0,34.6,4.6000000000000005,15.42,1012,0
2024,8,29,23,30,33.5,4.6000000000000005,16.39,1012,0
2024,8,30,0,0,32.4,5.2,18.2,1012,0
2024,8,30,0,30,30.900000000000002,5.2,19.81,1012,0
2024,8,30,1,0,29.3,6.1000000000000005,23.12,1012,0
2024,8,30,1,30,27.3,6.1000000000000005,25.96,1012,0
2024,8,30,2,0,25.3,7.1000000000000005,31.23,1012,0
2024,8,30,2,30,23.900000000000002,7.1000000000000005,33.97,1013,0
2024,8,30,3,0,22.5,7.9,39.2,1013,0
2024,8,30,3,30,21.8,7.9,40.9,1013,0
2024,8,30,4,0,21.1,8.700000000000001,45.12,1013,0
2024,8,30,4,30,20.5,8.700000000000001,46.81,1013,0
2024,8,30,5,0,19.900000000000002,9.8,52.01,1013,0
2024,8,30,5,30,19.400000000000002,9.8,53.64,1013,0
2024,8,30,6,0,18.900000000000002,10.600000000000001,58.38,1013,0
2024,8,30,6,30,18.5,10.600000000000001,59.85,1013,0
2024,8,30,7,0,18.2,10.9,62.34,1013,0
2024,8,30,7,30,17.900000000000002,10.9,63.53,1013,0
2024,8,30,8,0,17.6,10.9,64.65,1013,0
2024,8,30,8,30,17.3,10.9,65.88,1013,0
2024,8,30,9,0,17,11,67.57000000000001,1013,0
2024,8,30,9,30,16.6,11,69.31,1013,0
2024,8,30,10,0,16.2,11.200000000000001,72.25,1013,0
2024,8,30,10,30,15.9,11.200000000000001,73.71000000000001,1014,0
2024,8,30,11,0,15.600000000000001,11.4,75.88,1014,0
2024,8,30,11,30,15.4,11.4,76.86,1014,0
2024,8,30,12,0,15.200000000000001,11.5,78.55,1014,0
2024,8,30,12,30,15,11.5,79.56,1014,0
2024,8,30,13,0,14.8,11.600000000000001,81.29,1014,0
2024,8,30,13,30,15.5,11.600000000000001,77.73,1014,0
2024,8,30,14,0,16.1,11.700000000000001,74.99,1015,0
2024,8,30,14,30,17.5,11.700000000000001,68.64,1015,0
2024,8,30,15,0,18.900000000000002,11.3,61.24,1015,0
2024,8,30,15,30,21,11.3,53.800000000000004,1015,0
2024,8,30,16,0,23.1,9.9,43.160000000000004,1015,0
2024,8,30,16,30,25.1,9.9,38.300000000000004,1015,0
2024,8,30,17,0,27,8.1,30.39,1015,0
2024,8,30,17,30,28.8,8.1,27.38,1015,0
2024,8,30,18,0,30.5,6.800000000000001,22.6,1015,0
2024,8,30,18,30,32.1,6.800000000000001,20.64,1015,0
2024,8,30,19,0,33.6,5.4,17.23,1015,0
2024,8,30,19,30,34.6,5.4,16.29,1014,0
2024,8,30,20,0,35.5,5,15.06,1014,0
2024,8,30,20,30,36,5,14.66,1014,0
2024,8,30,21,0,36.4,4.9,14.290000000000001,1014,0
2024,8,30,21,30,36.5,4.9,14.200000000000001,1013,0
2024,8,30,22,0,36.5,4.6000000000000005,13.89,1013,0
2024,8,30,22,30,36,4.6000000000000005,14.27,1013,0
2024,8,30,23,0,35.6,4.6000000000000005,14.55,1013,0
2024,8,30,23,30,34.6,4.6000000000000005,15.38,1013,0
2024,8,31,0,0,33.7,4.7,16.35,1013,0
2024,8,31,0,30,32.2,4.7,17.78,1013,0
2024,8,31,1,0,30.6,5.5,20.6,1013,0
2024,8,31,1,30,28.400000000000002,5.5,23.39,1014,0
2024,8,31,2,0,26.200000000000003,7.1000000000000005,29.78,1014,0
2024,8,31,2,30,24.6,7.1000000000000005,32.730000000000004,1014,0
2024,8,31,3,0,23.1,8.700000000000001,39.72,1014,0
2024,8,31,3,30,22.3,8.700000000000001,41.69,1014,0
2024,8,31,4,0,21.400000000000002,9.700000000000001,47.24,1014,0
2024,8,31,4,30,20.8,9.700000000000001,49,1014,0
2024,8,31,5,0,20.1,10.600000000000001,54.46,1014,0
2024,8,31,5,30,19.6,10.600000000000001,56.17,1014,0
2024,8,31,6,0,19.1,11.4,60.93,1014,0
2024,8,31,6,30,18.7,11.4,62.47,1014,0
2024,8,31,7,0,18.400000000000002,11.8,65.47,1014,0
2024,8,31,7,30,18.2,11.8,66.29,1014,0
2024,8,31,8,0,17.900000000000002,11.8,67.68,1013,0
2024,8,31,8,30,17.7,11.8,68.54,1013,0
2024,8,31,9,0,17.400000000000002,12,70.39,1013,0
2024,8,31,9,30,17.1,12,71.74,1013,0
2024,8,31,10,0,16.8,12.200000000000001,74.29,1013,0
2024,8,31,10,30,16.6,12.200000000000001,75.24,1013,0
2024,8,31,11,0,16.3,12.4,77.51,1013,0
2024,8,31,11,30,16.1,12.4,78.5,1013,0
2024,8,31,12,0,15.9,12.600000000000001,80.53,1014,0
2024,8,31,12,30,15.700000000000001,12.600000000000001,81.56,1014,0
2024,8,31,13,0,15.600000000000001,12.700000000000001,82.95,1014,0
2024,8,31,13,30,16.1,12.700000000000001,80.35000000000001,1014,0
2024,8,31,14,0,16.6,12.8,78.44,1014,0
2024,8,31,14,30,18,12.8,71.82000000000001,1014,0
2024,8,31,15,0,19.400000000000002,12.600000000000001,64.91,1014,0
2024,8,31,15,30,21.5,12.600000000000001,57.050000000000004,1014,0
2024,8,31,16,0,23.700000000000003,11.3,45.660000000000004,1014,0
2024,8,31,16,30,25.700000000000003,11.3,40.53,1014,0
2024,8,31,17,0,27.6,9.600000000000001,32.38,1014,0
2024,8,31,17,30,29.400000000000002,9.600000000000001,29.18,1014,0
2024,8,31,18,0,31.1,8.200000000000001,24.11,1014,0
2024,8,31,18,30,32.5,8.200000000000001,22.28,1014,0
2024,8,31,19,0,33.9,7.1000000000000005,19.09,1013,0
2024,8,31,19,30,34.7,7.1000000000000005,18.26,1013,0
2024,8,31,20,0,35.5,7,17.29,1013,0
2024,8,31,20,30,35.7,7,17.080000000000002,1012,0
2024,8,31,21,0,35.800000000000004,7.6000000000000005,17.73,1012,0
2024,8,31,21,30,35.6,7.6000000000000005,17.93,1012,0
2024,8,31,22,0,35.300000000000004,8,18.76,1012,0
2024,8,31,22,30,34.6,8,19.5,1012,0
2024,8,31,23,0,33.9,8.200000000000001,20.59,1011,0
2024,8,31,23,30,32.9,8.200000000000001,21.78,1011,0
2024,9,1,0,0,31.8,8.6,23.740000000000002,1011,0
2024,9,1,0,30,30.3,8.6,25.85,1011,0
2024,9,1,1,0,28.900000000000002,9,28.85,1012,0
2024,9,1,1,30,27.1,9,32.03,1012,0
2024,9,1,2,0,25.3,9.600000000000001,37.1,1012,0
2024,9,1,2,30,23.900000000000002,9.600000000000001,40.33,1012,0
2024,9,1,3,0,22.6,10.4,45.95,1012,0
2024,9,1,3,30,21.700000000000003,10.4,48.53,1012,0
2024,9,1,4,0,20.900000000000002,11.100000000000001,53.59,1012,0
2024,9,1,4,30,20.200000000000003,11.100000000000001,55.94,1012,0
2024,9,1,5,0,19.5,11.9,61.39,1012,0
2024,9,1,5,30,18.900000000000002,11.9,63.72,1012,0
2024,9,1,6,0,18.400000000000002,12.5,68.34,1012,0
2024,9,1,6,30,17.900000000000002,12.5,70.52,1012,0
2024,9,1,7,0,17.5,12.8,73.74,1012,0
2024,9,1,7,30,17.2,12.8,75.14,1012,0
2024,9,1,8,0,16.8,12.9,77.65,1012,0
2024,9,1,8,30,16.5,12.9,79.14,1012,0
2024,9,1,9,0,16.2,12.9,80.96000000000001,1012,0
2024,9,1,9,30,16,12.9,82,1012,0
2024,9,1,10,0,15.700000000000001,13,83.97,1012,0
2024,9,1,10,30,15.5,13,85.05,1012,0
2024,9,1,11,0,15.200000000000001,13.100000000000001,87.29,1012,0
2024,9,1,11,30,15,13.100000000000001,88.41,1012,0
2024,9,1,12,0,14.8,13.200000000000001,89.99,1012,0
2024,9,1,12,30,14.600000000000001,13.200000000000001,91.15,1012,0
2024,9,1,13,0,14.4,13.200000000000001,92.24,1012,0
2024,9,1,13,30,15,13.200000000000001,88.75,1012,0
2024,9,1,14,0,15.600000000000001,13,84.71000000000001,1012,0
2024,9,1,14,30,17.1,13,77.02,1012,0
2024,9,1,15,0,18.7,12.5,67.17,1012,0
2024,9,1,15,30,21,12.5,58.28,1012,0
2024,9,1,16,0,23.200000000000003,10.700000000000001,45.15,1013,0
2024,9,1,16,30,25.1,10.700000000000001,40.31,1013,0
2024,9,1,17,0,26.900000000000002,8.8,31.96,1013,0
2024,9,1,17,30,28.5,8.8,29.12,1013,0
2024,9,1,18,0,30.1,6.800000000000001,23.23,1012,0
2024,9,1,18,30,31.200000000000003,6.800000000000001,21.830000000000002,1012,0
2024,9,1,19,0,32.4,5.6000000000000005,18.66,1012,0
2024,9,1,19,30,33,5.6000000000000005,18.04,1012,0
2024,9,1,20,0,33.6,5.2,16.97,1012,0
2024,9,1,20,30,33.7,5.2,16.86,1011,0
2024,9,1,21,0,33.800000000000004,5.300000000000001,16.96,1011,0
2024,9,1,21,30,33.5,5.300000000000001,17.25,1011,0
2024,9,1,22,0,33.1,5.7,18.09,1011,0
2024,9,1,22,30,32.6,5.7,18.59,1010,0
2024,9,1,23,0,32,5.800000000000001,19.43,1010,0
2024,9,1,23,30,31.1,5.800000000000001,20.44,1010,0
2024,9,2,0,0,30.3,5.800000000000001,21.44,1010,0
2024,9,2,0,30,29,5.800000000000001,23.1,1010,0
2024,9,2,1,0,27.8,6.4,25.68,1010,0
2024,9,2,1,30,26,6.4,28.53,1010,0
2024,9,2,2,0,24.3,7.9,35.13,1010,0
2024,9,2,2,30,23,7.9,38.01,1011,0
2024,9,2,3,0,21.700000000000003,9.8,46.56,1011,0
2024,9,2,3,30,20.900000000000002,9.8,48.89,1011,0
2024,9,2,4,0,20.1,11.200000000000001,56.61,1011,0
2024,9,2,4,30,19.5,11.200000000000001,58.75,1011,0
2024,9,2,5,0,18.900000000000002,12.200000000000001,65.28,1012,0
2024,9,2,5,30,18.400000000000002,12.200000000000001,67.34,1012,0
2024,9,2,6,0,17.900000000000002,12.8,71.97,1012,0
2024,9,2,6,30,17.5,12.8,73.8,1012,0
2024,9,2,7,0,17.1,13,76.68,1012,0
2024,9,2,7,30,16.8,13,78.15,1012,0
2024,9,2,8,0,16.5,12.9,79.4,1012,0
2024,9,2,8,30,16.1,12.9,81.44,1012,0
2024,9,2,9,0,15.8,12.9,82.92,1012,0
2024,9,2,9,30,15.5,12.9,84.44,1011,0
2024,9,2,10,0,15.100000000000001,12.9,86.94,1011,0
2024,9,2,10,30,14.8,12.9,88.62,1011,0
2024,9,2,11,0,14.5,13,90.60000000000001,1011,0
2024,9,2,11,30,14.3,13,91.87,1012,0
2024,9,2,12,0,14,13.100000000000001,94.06,1012,0
2024,9,2,12,30,13.8,13.100000000000001,95.29,1012,0
2024,9,2,13,0,13.600000000000001,13.100000000000001,96.76,1012,0
2024,9,2,13,30,14.5,13.100000000000001,91.29,1012,0
2024,9,2,14,0,15.3,13.100000000000001,86.96000000000001,1012,0
2024,9,2,14,30,16.900000000000002,13.200000000000001,78.63,1013,0
2024,9,2,15,0,18.5,12.9,69.73,1013,0
2024,9,2,15,30,20.6,12.9,61.230000000000004,1013,0
2024,9,2,16,0,22.700000000000003,11.100000000000001,47.82,1013,0
2024,9,2,16,30,24.400000000000002,11.100000000000001,43.18,1013,0
2024,9,2,17,0,26.1,9.3,34.74,1013,0
2024,9,2,17,30,27.5,9.3,32,1013,0
2024,9,2,18,0,28.900000000000002,7.800000000000001,26.61,1013,0
2024,9,2,18,30,30.1,7.800000000000001,24.84,1013,0
2024,9,2,19,0,31.3,6.300000000000001,20.92,1013,0
2024,9,2,19,30,32.1,6.300000000000001,19.98,1012,0
2024,9,2,20,0,33,5,17.34,1012,0
2024,9,2,20,30,33.4,5,16.96,1012,0
2024,9,2,21,0,33.9,4.3,15.69,1011,0
2024,9,2,21,30,33.800000000000004,4.3,15.780000000000001,1011,0
2024,9,2,22,0,33.800000000000004,4.4,15.950000000000001,1011,0
2024,9,2,22,30,33.4,4.4,16.31,1011,0
2024,9,2,23,0,33,4.800000000000001,17.06,1011,0
2024,9,2,23,30,32.2,4.800000000000001,17.84,1011,0
2024,9,3,0,0,31.400000000000002,5.300000000000001,19.41,1011,0
2024,9,3,0,30,30.1,5.300000000000001,20.900000000000002,1011,0
2024,9,3,1,0,28.900000000000002,6.300000000000001,24,1011,0
2024,9,3,1,30,26.900000000000002,6.300000000000001,26.95,1011,0
2024,9,3,2,0,24.900000000000002,7.800000000000001,33.74,1011,0
2024,9,3,2,30,23.5,7.800000000000001,36.68,1011,0
2024,9,3,3,0,22.1,9.200000000000001,43.800000000000004,1011,0
2024,9,3,3,30,21.1,9.200000000000001,46.6,1012,0
2024,9,3,4,0,20.200000000000003,10.3,52.81,1012,0
2024,9,3,4,30,19.400000000000002,10.3,55.480000000000004,1012,0
2024,9,3,5,0,18.6,11.100000000000001,61.800000000000004,1012,0
2024,9,3,5,30,17.900000000000002,11.100000000000001,64.57000000000001,1012,0
2024,9,3,6,0,17.3,11.9,70.47,1012,0
2024,9,3,6,30,16.8,11.9,72.73,1012,0
2024,9,3,7,0,16.3,12.4,77.65,1012,0
2024,9,3,7,30,15.9,12.4,79.65,1012,0
2024,9,3,8,0,15.5,12.600000000000001,82.65,1012,0
2024,9,3,8,30,15.200000000000001,12.5,84.16,1011,0
2024,9,3,9,0,15,12.4,84.61,1011,0
2024,9,3,9,30,14.9,12.4,85.16,1011,0
2024,9,3,10,0,14.8,11.9,83.05,1011,0
2024,9,3,10,30,14.8,12,83.13,1012,0
2024,9,3,11,0,14.9,11.3,78.8,1012,0
2024,9,3,11,30,14.8,11.3,79.3,1012,0
2024,9,3,12,0,14.700000000000001,10.4,75.46000000000001,1012,0
2024,9,3,12,30,14.600000000000001,10.4,75.95,1012,0
2024,9,3,13,0,14.5,9.3,71.02,1012,0
2024,9,3,13,30,15.9,9.3,64.93,1012,0
2024,9,3,14,0,17.3,7.800000000000001,53.74,1013,0
2024,9,3,14,30,19.6,7.800000000000001,46.550000000000004,1013,0
2024,9,3,15,0,22,6.6000000000000005,36.86,1013,0
2024,9,3,15,30,24,6.6000000000000005,32.67,1013,0
2024,9,3,16,0,26,5.6000000000000005,27.1,1013,0
2024,9,3,16,30,27.900000000000002,5.6000000000000005,24.25,1013,0
2024,9,3,17,0,29.8,4.4,19.97,1013,0
2024,9,3,17,30,31.8,4.4,17.82,1013,0
2024,9,3,18,0,33.800000000000004,1.8,13.21,1013,0
2024,9,3,18,30,35.5,1.8,12.02,1012,0
2024,9,3,19,0,37.1,-2.1,8.33,1012,0
2024,9,3,19,30,37.9,-2.1,7.98,1012,0
2024,9,3,20,0,38.7,-3.8000000000000003,6.73,1012,0
2024,9,3,20,30,39.1,-3.8000000000000003,6.58,1011,0
2024,9,3,21,0,39.5,-4.800000000000001,5.98,1011,0
2024,9,3,21,30,39.7,-4.800000000000001,5.92,1011,0
2024,9,3,22,0,39.800000000000004,-5.2,5.67,1010,0
2024,9,3,22,30,39.7,-5.2,5.7,1010,0
2024,9,3,23,0,39.5,-5.5,5.68,1010,0
2024,9,3,23,30,39.1,-5.5,5.8,1010,0
2024,9,4,0,0,38.7,-5.4,5.97,1010,0
2024,9,4,0,30,37.2,-5.4,6.47,1010,0
2024,9,4,1,0,35.800000000000004,-1.9000000000000001,9.08,1010,0
2024,9,4,1,30,33.4,-1.9000000000000001,10.370000000000001,1010,0
2024,9,4,2,0,31.1,-2.6,11.21,1010,0
2024,9,4,2,30,29.700000000000003,-2.6,12.14,1010,0
2024,9,4,3,0,28.3,-2.3000000000000003,13.49,1010,0
2024,9,4,3,30,27.5,-2.2,14.15,1011,0
2024,9,4,4,0,26.700000000000003,-1.1,16.17,1011,0
2024,9,4,4,30,26.1,-1.1,16.75,1011,0
2024,9,4,5,0,25.5,0.30000000000000004,19.12,1011,0
2024,9,4,5,30,25,0.30000000000000004,19.69,1011,0
2024,9,4,6,0,24.5,1.4000000000000001,22.07,1011,0
2024,9,4,6,30,24.1,1.4000000000000001,22.6,1011,0
2024,9,4,7,0,23.8,2.4000000000000004,24.63,1011,0
2024,9,4,7,30,23.5,2.4000000000000004,25.080000000000002,1011,0
2024,9,4,8,0,23.1,3.1,27.060000000000002,1011,0
2024,9,4,8,30,22.8,3.1,27.560000000000002,1011,0
2024,9,4,9,0,22.5,3.6,29.060000000000002,1011,0
2024,9,4,9,30,22.3,3.6,29.42,1011,0
2024,9,4,10,0,22,3.7,30.060000000000002,1011,0
2024,9,4,10,30,21.8,3.7,30.42,1011,0
2024,9,4,11,0,21.5,3,29.68,1011,0
2024,9,4,11,30,21.200000000000003,3,30.22,1011,0
2024,9,4,12,0,20.900000000000002,2.1,28.900000000000002,1012,0
2024,9,4,12,30,20.5,2.1,29.62,1012,0
2024,9,4,13,0,20.200000000000003,1.3,28.38,1012,0
2024,9,4,13,30,21,1.3,27.02,1012,0
2024,9,4,14,0,21.8,0.8,24.86,1013,0
2024,9,4,14,30,23.900000000000002,0.8,21.900000000000002,1013,0
2024,9,4,15,0,26,1,19.61,1013,0
2024,9,4,15,30,27.6,1,17.85,1013,0
2024,9,4,16,0,29.200000000000003,1.6,16.990000000000002,1014,0
2024,9,4,16,30,30.8,1.6,15.51,1014,0
2024,9,4,17,0,32.300000000000004,2,14.63,1014,0
2024,9,4,17,30,33.800000000000004,2,13.46,1014,0
2024,9,4,18,0,35.300000000000004,2,12.31,1014,0
2024,9,4,18,30,36.9,2,11.27,1013,0
2024,9,4,19,0,38.5,2.1,10.41,1013,0
2024,9,4,19,30,39.6,2.1,9.82,1013,0
2024,9,4,20,0,40.6,2,9.24,1013,0
2024,9,4,20,30,41,1.9000000000000001,9.03,1012,0
2024,9,4,21,0,41.400000000000006,1.5,8.6,1012,0
2024,9,4,21,30,41.5,1.5,8.55,1012,0
2024,9,4,22,0,41.5,1.4000000000000001,8.48,1012,0
2024,9,4,22,30,41.2,1.4000000000000001,8.61,1012,0
2024,9,4,23,0,41,1.4000000000000001,8.67,1011,0
2024,9,4,23,30,40.300000000000004,1.4000000000000001,9,1012,0
2024,9,5,0,0,39.7,1.3,9.25,1012,0
2024,9,5,0,30,38.1,1.3,10.08,1012,0
2024,9,5,1,0,36.6,1.8,11.34,1012,0
2024,9,5,1,30,33.800000000000004,1.8,13.23,1012,0
2024,9,5,2,0,31.1,3,16.740000000000002,1013,0
2024,9,5,2,30,29.6,3,18.240000000000002,1013,0
2024,9,5,3,0,28,5.300000000000001,23.56,1013,0
2024,9,5,3,30,26.8,5.300000000000001,25.29,1014,0
2024,9,5,4,0,25.700000000000003,7.9,32.37,1014,0
2024,9,5,4,30,24.8,7.9,34.14,1014,0
2024,9,5,5,0,23.900000000000002,9.9,41.03,1014,0
2024,9,5,5,30,23.200000000000003,9.9,42.79,1014,0
2024,9,5,6,0,22.5,11,48.02,1014,0
2024,9,5,6,30,21.900000000000002,10.9,49.800000000000004,1014,0
2024,9,5,7,0,21.3,11.700000000000001,54.44,1014,0
2024,9,5,7,30,20.900000000000002,11.700000000000001,55.79,1014,0
2024,9,5,8,0,20.5,12.200000000000001,58.76,1014,0
2024,9,5,8,30,20.200000000000003,12.200000000000001,59.86,1014,0
2024,9,5,9,0,19.900000000000002,11.9,59.980000000000004,1014,0
2024,9,5,9,30,19.700000000000003,11.9,60.72,1014,0
2024,9,5,10,0,19.5,11.3,58.93,1014,0
2024,9,5,10,30,19.3,11.3,59.660000000000004,1014,0
2024,9,5,11,0,19.1,10.700000000000001,58.06,1014,0
2024,9,5,11,30,18.900000000000002,10.700000000000001,58.79,1014,0
2024,9,5,12,0,18.7,10.100000000000001,57.46,1014,0
2024,9,5,12,30,18.5,10.100000000000001,58.19,1014,0
2024,9,5,13,0,18.3,9.600000000000001,56.9,1014,0
2024,9,5,13,30,19.1,9.600000000000001,54.13,1014,0
2024,9,5,14,0,19.8,9,49.79,1015,0
2024,9,5,14,30,21.3,9,45.410000000000004,1015,0
2024,9,5,15,0,22.8,8.6,40.39,1015,0
2024,9,5,15,30,25,8.6,35.4,1015,0
2024,9,5,16,0,27.200000000000003,8.200000000000001,30.16,1015,0
2024,9,5,16,30,29.900000000000002,8.200000000000001,25.8,1015,0
2024,9,5,17,0,32.6,5.4,18.27,1015,0
2024,9,5,17,30,34.800000000000004,5.4,16.17,1015,0
2024,9,5,18,0,37.1,1.6,10.86,1015,0
2024,9,5,18,30,38.5,1.6,10.06,1014,0
2024,9,5,19,0,39.800000000000004,2.1,9.71,1014,0
2024,9,5,19,30,40.400000000000006,2.1,9.4,1014,0
2024,9,5,20,0,41,3.2,9.85,1014,0
2024,9,5,20,30,41.2,3.2,9.74,1013,0
2024,9,5,21,0,41.400000000000006,3.9000000000000004,10.17,1013,0
2024,9,5,21,30,41.2,3.9000000000000004,10.28,1013,0
2024,9,5,22,0,41,4.2,10.59,1013,0
2024,9,5,22,30,40.5,4.2,10.870000000000001,1013,0
2024,9,5,23,0,39.900000000000006,4.1000000000000005,11.17,1012,0
2024,9,5,23,30,39.1,4.1000000000000005,11.65,1012,0
2024,9,6,0,0,38.2,3.9000000000000004,12.07,1012,0
2024,9,6,0,30,36.800000000000004,3.9000000000000004,13.02,1012,0
2024,9,6,1,0,35.4,3.7,13.82,1012,0
2024,9,6,1,30,32.9,3.7,15.89,1013,0
2024,9,6,2,0,30.400000000000002,3.8000000000000003,18.490000000000002,1013,0
2024,9,6,2,30,29.1,3.8000000000000003,19.92,1013,0
2024,9,6,3,0,27.900000000000002,4,21.62,1013,0
2024,9,6,3,30,27.1,4,22.650000000000002,1013,0
2024,9,6,4,0,26.400000000000002,4.2,23.98,1013,0
2024,9,6,4,30,25.700000000000003,4.2,24.990000000000002,1013,0
2024,9,6,5,0,25.1,5,27.34,1013,0
2024,9,6,5,30,24.6,5,28.17,1013,0
2024,9,6,6,0,24.1,5.800000000000001,30.84,1013,0
2024,9,6,6,30,23.700000000000003,5.800000000000001,31.59,1013,0
2024,9,6,7,0,23.3,6.4,33.69,1013,0
2024,9,6,7,30,23,6.4,34.300000000000004,1013,0
2024,9,6,8,0,22.700000000000003,6.1000000000000005,34.26,1013,0
2024,9,6,8,30,22.5,6.1000000000000005,34.67,1013,0
2024,9,6,9,0,22.3,5.2,32.82,1013,0
2024,9,6,9,30,22.1,5.2,33.22,1013,0
2024,9,6,10,0,21.900000000000002,4.2,31.43,1012,0
2024,9,6,10,30,21.700000000000003,4.2,31.810000000000002,1012,0
2024,9,6,11,0,21.5,3.5,30.69,1013,0
2024,9,6,11,30,21.200000000000003,3.5,31.26,1013,0
2024,9,6,12,0,21,3.2,30.970000000000002,1013,0
2024,9,6,12,30,20.8,3.2,31.36,1013,0
2024,9,6,13,0,20.5,3.1,31.73,1013,0
2024,9,6,13,30,21.6,3.1,29.66,1013,0
2024,9,6,14,0,22.6,3,27.76,1013,0
2024,9,6,14,30,24.200000000000003,3,25.22,1013,0
2024,9,6,15,0,25.700000000000003,3.3000000000000003,23.43,1013,0
2024,9,6,15,30,27.3,3.3000000000000003,21.330000000000002,1013,0
2024,9,6,16,0,28.900000000000002,3.8000000000000003,20.1,1014,0
2024,9,6,16,30,31.3,3.8000000000000003,17.52,1014,0
2024,9,6,17,0,33.6,1.1,12.73,1014,0
2024,9,6,17,30,35.800000000000004,1.1,11.27,1013,0
2024,9,6,18,0,38,0.9,9.88,1013,0
2024,9,6,18,30,39.400000000000006,1,9.17,1013,0
2024,9,6,19,0,40.800000000000004,1.8,9.02,1013,0
2024,9,6,19,30,41.400000000000006,1.8,8.73,1012,0
2024,9,6,20,0,42,2.3000000000000003,8.81,1012,0
2024,9,6,20,30,42.2,2.3000000000000003,8.72,1012,0
2024,9,6,21,0,42.400000000000006,3.1,9.09,1011,0
2024,9,6,21,30,42.2,3.1,9.18,1011,0
2024,9,6,22,0,42,3.9000000000000004,9.82,1011,0
2024,9,6,22,30,41.400000000000006,3.9000000000000004,10.120000000000001,1010,0
2024,9,6,23,0,40.900000000000006,4.5,10.89,1010,0
2024,9,6,23,30,40.1,4.5,11.36,1010,0
2024,9,7,0,0,39.300000000000004,4.9,12.14,1010,0
2024,9,7,0,30,38,4.800000000000001,13.02,1010,0
2024,9,7,1,0,36.7,5,14.1,1010,0
2024,9,7,1,30,34.1,5,16.26,1010,0
2024,9,7,2,0,31.400000000000002,5.2,19.31,1011,0
2024,9,7,2,30,30.1,5.2,20.79,1011,0
2024,9,7,3,0,28.8,5.300000000000001,22.51,1011,0
2024,9,7,3,30,28.1,5.300000000000001,23.44,1011,0
2024,9,7,4,0,27.3,5.2,24.400000000000002,1011,0
2024,9,7,4,30,26.6,5.2,25.42,1011,0
2024,9,7,5,0,26,5.4,26.63,1011,0
2024,9,7,5,30,25.5,5.4,27.43,1011,0
2024,9,7,6,0,24.900000000000002,5.9,29.490000000000002,1011,0
2024,9,7,6,30,24.400000000000002,5.9,30.38,1011,0
2024,9,7,7,0,23.900000000000002,6.5,32.67,1011,0
2024,9,7,7,30,23.5,6.5,33.47,1011,0
2024,9,7,8,0,23.1,7,35.49,1011,0
2024,9,7,8,30,22.8,7,36.1,1010,0
2024,9,7,9,0,22.400000000000002,7.4,38.09,1010,0
2024,9,7,9,30,22.1,7.4,38.79,1010,0
2024,9,7,10,0,21.8,7.7,40.21,1010,0
2024,9,7,10,30,21.5,7.7,40.95,1010,0
2024,9,7,11,0,21.1,8,42.85,1010,0
2024,9,7,11,30,20.6,8,44.18,1010,0
2024,9,7,12,0,20.1,8.6,47.4,1010,0
2024,9,7,12,30,19.5,8.6,49.19,1010,0
2024,9,7,13,0,19,9.3,53.370000000000005,1011,0
2024,9,7,13,30,19.200000000000003,9.3,52.72,1011,0
2024,9,7,14,0,19.5,9.8,53.45,1011,0
2024,9,7,14,30,20.8,9.8,49.33,1011,0
2024,9,7,15,0,22,9.700000000000001,45.44,1011,0
2024,9,7,15,30,24.1,9.700000000000001,40.04,1011,0
2024,9,7,16,0,26.200000000000003,7.800000000000001,31.21,1011,0
2024,9,7,16,30,28.1,7.800000000000001,27.93,1011,0
2024,9,7,17,0,30,5.9,21.97,1011,0
2024,9,7,17,30,31.6,6,20.06,1011,0
2024,9,7,18,0,33.2,4.5,16.53,1011,0
2024,9,7,18,30,34.4,4.5,15.46,1011,0
2024,9,7,19,0,35.6,2.9000000000000004,12.98,1011,0
2024,9,7,19,30,36.5,2.9000000000000004,12.35,1010,0
2024,9,7,20,0,37.5,1,10.21,1010,0
2024,9,7,20,30,37.800000000000004,1,10.05,1010,0
2024,9,7,21,0,38,0,9.25,1009,0
2024,9,7,21,30,37.9,0,9.3,1009,0
2024,9,7,22,0,37.7,-0.2,9.23,1009,0
2024,9,7,22,30,37.300000000000004,-0.2,9.43,1009,0
2024,9,7,23,0,36.800000000000004,0.2,10.02,1008,0
2024,9,7,23,30,36,0.2,10.46,1008,0
2024,9,8,0,0,35.2,0.8,11.43,1008,0
2024,9,8,0,30,33.800000000000004,0.8,12.35,1008,0
2024,9,8,1,0,32.4,1.9000000000000001,14.44,1008,0
2024,9,8,1,30,29.900000000000002,1.9000000000000001,16.65,1009,0
2024,9,8,2,0,27.5,4.1000000000000005,22.330000000000002,1009,0
2024,9,8,2,30,26.1,4.1000000000000005,24.240000000000002,1009,0
2024,9,8,3,0,24.700000000000003,6.7,31.5,1009,0
2024,9,8,3,30,23.700000000000003,6.7,33.44,1009,0
2024,9,8,4,0,22.8,8.700000000000001,40.480000000000004,1009,0
2024,9,8,4,30,22.1,8.700000000000001,42.24,1009,0
2024,9,8,5,0,21.400000000000002,9.700000000000001,47.15,1009,0
2024,9,8,5,30,20.8,9.700000000000001,48.910000000000004,1009,0
2024,9,8,6,0,20.200000000000003,10.100000000000001,52.28,1009,0
2024,9,8,6,30,19.700000000000003,10.100000000000001,53.92,1009,0
2024,9,8,7,0,19.200000000000003,10.4,56.81,1009,0
2024,9,8,7,30,18.8,10.4,58.24,1009,0
2024,9,8,8,0,18.400000000000002,10.5,59.99,1009,0
2024,9,8,8,30,18.1,10.5,61.13,1009,0
2024,9,8,9,0,17.8,10.100000000000001,60.81,1009,0
2024,9,8,9,30,17.5,10.100000000000001,61.97,1009,0
2024,9,8,10,0,17.1,9.600000000000001,61.29,1009,0
2024,9,8,10,30,16.8,9.600000000000001,62.46,1009,0
2024,9,8,11,0,16.5,9.200000000000001,62.06,1009,0
2024,9,8,11,30,16.2,9.200000000000001,63.25,1009,0
2024,9,8,12,0,16,8.8,62.5,1009,0
2024,9,8,12,30,15.700000000000001,8.8,63.71,1009,0
2024,9,8,13,0,15.5,8.3,62.08,1010,0
2024,9,8,13,30,16.400000000000002,8.3,58.620000000000005,1010,0
2024,9,8,14,0,17.3,7.4,52.36,1010,0
2024,9,8,14,30,18.8,7.5,47.67,1010,0
2024,9,8,15,0,20.3,6.800000000000001,41.53,1011,0
2024,9,8,15,30,22.400000000000002,6.800000000000001,36.53,1011,0
2024,9,8,16,0,24.6,5.4,29.04,1011,0
2024,9,8,16,30,26.900000000000002,5.4,25.35,1011,0
2024,9,8,17,0,29.200000000000003,1.9000000000000001,17.34,1011,0
2024,9,8,17,30,31.1,1.9000000000000001,15.56,1011,0
2024,9,8,18,0,33,0,12.19,1011,0
2024,9,8,18,30,34.5,0,11.21,1011,0
2024,9,8,19,0,36.1,0.8,10.85,1011,0
2024,9,8,19,30,37,0.8,10.32,1010,0
2024,9,8,20,0,38,1,9.88,1010,0
2024,9,8,20,30,38.5,0.9,9.61,1009,0
2024,9,8,21,0,39,0.7000000000000001,9.21,1009,0
2024,9,8,21,30,39.1,0.7000000000000001,9.17,1009,0
2024,9,8,22,0,39.300000000000004,0.5,8.89,1008,0
2024,9,8,22,30,39.1,0.4,8.98,1008,0
2024,9,8,23,0,39,0.30000000000000004,8.92,1008,0
2024,9,8,23,30,38.400000000000006,0.30000000000000004,9.22,1008,0
2024,9,9,0,0,37.9,0.4,9.56,1007,0
2024,9,9,0,30,36.300000000000004,0.4,10.43,1008,0
2024,9,9,1,0,34.6,1.4000000000000001,12.34,1008,0
2024,9,9,1,30,31.900000000000002,1.4000000000000001,14.35,1008,0
2024,9,9,2,0,29.1,2.7,18.38,1008,0
2024,9,9,2,30,28,2.7,19.59,1008,0
2024,9,9,3,0,27,3.7,22.3,1008,0
2024,9,9,3,30,26.3,3.7,23.25,1009,0
2024,9,9,4,0,25.6,4.2,25.22,1009,0
2024,9,9,4,30,25,4.2,26.14,1009,0
2024,9,9,5,0,24.5,4.6000000000000005,27.69,1009,0
2024,9,9,5,30,24,4.6000000000000005,28.53,1009,0
2024,9,9,6,0,23.6,5.1000000000000005,30.080000000000002,1010,0
2024,9,9,6,30,23.1,5,31,1010,0
2024,9,9,7,0,22.6,5.7,33.34,1010,0
2024,9,9,7,30,22.1,5.7,34.37,1010,0
2024,9,9,8,0,21.700000000000003,6.2,36.64,1010,0
2024,9,9,8,30,21.400000000000002,6.2,37.28,1009,0
2024,9,9,9,0,21.1,6.5,38.63,1009,0
2024,9,9,9,30,20.8,6.5,39.35,1009,0
2024,9,9,10,0,20.5,6.300000000000001,39.54,1009,0
2024,9,9,10,30,20.200000000000003,6.300000000000001,40.28,1009,0
2024,9,9,11,0,19.8,5.9,40.32,1009,0
2024,9,9,11,30,19.5,5.9,41.07,1009,0
2024,9,9,12,0,19.200000000000003,5.6000000000000005,40.95,1010,0
2024,9,9,12,30,18.900000000000002,5.6000000000000005,41.72,1010,0
2024,9,9,13,0,18.6,5.4,41.97,1010,0
2024,9,9,13,30,19.3,5.4,40.18,1010,0
2024,9,9,14,0,19.900000000000002,5.5,38.81,1010,0
2024,9,9,14,30,21.3,5.5,35.61,1010,0
2024,9,9,15,0,22.6,5.800000000000001,33.74,1011,0
2024,9,9,15,30,24.400000000000002,5.800000000000001,30.29,1011,0
2024,9,9,16,0,26.200000000000003,6.300000000000001,28.11,1011,0
2024,9,9,16,30,28.5,6.300000000000001,24.580000000000002,1011,0
2024,9,9,17,0,30.700000000000003,5.1000000000000005,19.89,1011,0
2024,9,9,17,30,32.300000000000004,5.1000000000000005,18.17,1011,0
2024,9,9,18,0,33.9,2.9000000000000004,14.24,1011,0
2024,9,9,18,30,35.1,2.9000000000000004,13.32,1011,0
2024,9,9,19,0,36.300000000000004,1,10.85,1011,0
2024,9,9,19,30,37,0.9,10.43,1010,0
2024,9,9,20,0,37.7,0.2,9.52,1010,0
2024,9,9,20,30,37.800000000000004,0.2,9.47,1010,0
2024,9,9,21,0,37.9,0.8,9.83,1010,0
2024,9,9,21,30,37.5,0.8,10.040000000000001,1010,0
2024,9,9,22,0,37.2,1.8,10.98,1009,0
2024,9,9,22,30,36.4,1.8,11.47,1009,0
2024,9,9,23,0,35.6,3.1,13.16,1009,0
2024,9,9,23,30,34.300000000000004,3.1,14.14,1009,0
2024,9,10,0,0,33.1,4.6000000000000005,16.740000000000002,1009,0
2024,9,10,0,30,31.200000000000003,4.6000000000000005,18.63,1009,0
2024,9,10,1,0,29.3,6.300000000000001,23.51,1009,0
2024,9,10,1,30,27.1,6.300000000000001,26.71,1009,0
2024,9,10,2,0,24.8,8.1,34.62,1009,0
2024,9,10,2,30,23.5,8.1,37.42,1009,0
2024,9,10,3,0,22.200000000000003,9.5,44.29,1010,0
2024,9,10,3,30,21.6,9.5,45.93,1010,0
2024,9,10,4,0,20.900000000000002,10.3,50.72,1010,0
2024,9,10,4,30,20.400000000000002,10.3,52.300000000000004,1010,0
2024,9,10,5,0,19.900000000000002,11,56.64,1010,0
2024,9,10,5,30,19.400000000000002,11,58.42,1010,0
2024,9,10,6,0,19,11.600000000000001,62.32,1009,0
2024,9,10,6,30,18.6,11.600000000000001,63.89,1009,0
2024,9,10,7,0,18.1,12,67.33,1009,0
2024,9,10,7,30,17.7,11.9,69.04,1009,0
2024,9,10,8,0,17.3,12,71.15,1009,0
2024,9,10,8,30,16.900000000000002,12,72.97,1009,0
2024,9,10,9,0,16.400000000000002,12.100000000000001,75.77,1009,0
2024,9,10,9,30,16,12.100000000000001,77.72,1009,0
2024,9,10,10,0,15.600000000000001,12.200000000000001,80.32000000000001,1009,0
2024,9,10,10,30,15.3,12.200000000000001,81.87,1009,0
2024,9,10,11,0,15,12.3,83.65,1009,0
2024,9,10,11,30,14.8,12.3,84.82000000000001,1010,0
2024,9,10,12,0,14.600000000000001,12.3,86.02,1010,0
2024,9,10,12,30,14.600000000000001,12.3,86.02,1010,0
2024,9,10,13,0,14.600000000000001,12.3,85.95,1010,0
2024,9,10,13,30,15,12.3,83.77,1010,0
2024,9,10,14,0,15.4,12.200000000000001,81.18,1011,0
2024,9,10,14,30,16.3,12.200000000000001,76.65,1011,0
2024,9,10,15,0,17.3,11.8,69.99,1011,0
2024,9,10,15,30,18.3,11.8,65.73,1011,0
2024,9,10,16,0,19.400000000000002,11.100000000000001,58.64,1011,0
2024,9,10,16,30,20.8,11.100000000000001,53.79,1011,0
2024,9,10,17,0,22.200000000000003,10.5,47.56,1011,0
2024,9,10,17,30,23.8,10.5,43.19,1011,0
2024,9,10,18,0,25.400000000000002,9.4,36.29,1011,0
2024,9,10,18,30,26.8,9.4,33.38,1010,0
2024,9,10,19,0,28.200000000000003,8.200000000000001,28.54,1010,0
2024,9,10,19,30,29.200000000000003,8.3,26.94,1010,0
2024,9,10,20,0,30.200000000000003,7.5,24.1,1009,0
2024,9,10,20,30,30.700000000000003,7.5,23.42,1009,0
2024,9,10,21,0,31.200000000000003,7.1000000000000005,22.150000000000002,1009,0
2024,9,10,21,30,31,7.1000000000000005,22.38,1008,0
2024,9,10,22,0,30.900000000000002,7.300000000000001,22.88,1008,0
2024,9,10,22,30,30.3,7.300000000000001,23.68,1008,0
2024,9,10,23,0,29.700000000000003,7.9,25.61,1008,0
2024,9,10,23,30,28.8,7.9,26.97,1008,0
2024,9,11,0,0,27.900000000000002,8.700000000000001,29.900000000000002,1008,0
2024,9,11,0,30,26.6,8.700000000000001,32.26,1008,0
2024,9,11,1,0,25.3,9.4,36.660000000000004,1008,0
2024,9,11,1,30,23.6,9.4,40.57,1008,0
2024,9,11,2,0,21.8,10.5,48.64,1008,0
2024,9,11,2,30,20.6,10.5,52.34,1008,0
2024,9,11,3,0,19.3,11.5,60.52,1008,0
2024,9,11,3,30,18.6,11.5,63.22,1008,0
2024,9,11,4,0,17.8,12.100000000000001,69.12,1008,0
2024,9,11,4,30,17.3,12.100000000000001,71.33,1008,0
2024,9,11,5,0,16.8,12.5,75.76,1008,0
2024,9,11,5,30,16.400000000000002,12.5,77.7,1008,0
2024,9,11,6,0,16,12.700000000000001,81.04,1007,0
2024,9,11,6,30,15.700000000000001,12.700000000000001,82.60000000000001,1007,0
2024,9,11,7,0,15.5,12.8,84.12,1007,0
2024,9,11,7,30,15.200000000000001,12.8,85.75,1007,0
2024,9,11,8,0,15,12.700000000000001,86.11,1007,0
2024,9,11,8,30,14.8,12.700000000000001,87.22,1007,0
2024,9,11,9,0,14.5,12.4,87.37,1007,0
2024,9,11,9,30,14.200000000000001,12.4,89.08,1007,0
2024,9,11,10,0,13.9,12.100000000000001,88.69,1007,0
2024,9,11,10,30,13.700000000000001,12.100000000000001,89.84,1007,0
2024,9,11,11,0,13.5,11.700000000000001,88.81,1007,0
2024,9,11,11,30,13.3,11.700000000000001,89.97,1007,0
2024,9,11,12,0,13.200000000000001,11.5,89.56,1007,0
2024,9,11,12,30,13,11.5,90.82000000000001,1008,0
2024,9,11,13,0,12.9,11.5,91.25,1008,0
2024,9,11,13,30,13.5,11.5,87.76,1008,0
2024,9,11,14,0,14.200000000000001,11.600000000000001,84.22,1008,0
2024,9,11,14,30,15.4,11.600000000000001,77.97,1008,0
2024,9,11,15,0,16.6,11.700000000000001,72.85000000000001,1009,0
2024,9,11,15,30,18.5,11.700000000000001,64.64,1009,0
2024,9,11,16,0,20.400000000000002,10.3,52.45,1009,0
2024,9,11,16,30,22.5,10.4,46.14,1009,0
2024,9,11,17,0,24.6,8.3,35.39,1010,0
2024,9,11,17,30,26.3,8.3,32.01,1010,0
2024,9,11,18,0,27.900000000000002,7.2,27.060000000000002,1010,0
2024,9,11,18,30,29.3,7.2,24.93,1009,0
2024,9,11,19,0,30.6,6.5,22.02,1009,0
2024,9,11,19,30,31.5,6.5,20.93,1009,0
2024,9,11,20,0,32.5,6.300000000000001,19.48,1008,0
2024,9,11,20,30,33.1,6.300000000000001,18.84,1008,0
2024,9,11,21,0,33.7,6.6000000000000005,18.63,1007,0
2024,9,11,21,30,33.800000000000004,6.6000000000000005,18.53,1007,0
2024,9,11,22,0,33.800000000000004,7.6000000000000005,19.79,1006,0
2024,9,11,22,30,33.300000000000004,7.6000000000000005,20.35,1006,0
2024,9,11,23,0,32.800000000000004,8.700000000000001,22.54,1006,0
2024,9,11,23,30,31.6,8.6,24.11,1006,0
2024,9,12,0,0,30.5,9.200000000000001,26.69,1006,0
2024,9,12,0,30,28.8,9.200000000000001,29.45,1007,0
2024,9,12,1,0,27.1,9.3,32.68,1007,0
2024,9,12,1,30,25.400000000000002,9.3,36.160000000000004,1008,0
2024,9,12,2,0,23.6,9.200000000000001,40.01,1008,0
2024,9,12,2,30,22.6,9.200000000000001,42.49,1008,0
2024,9,12,3,0,21.5,9.600000000000001,46.49,1008,0
2024,9,12,3,30,20.900000000000002,9.5,48.230000000000004,1008,0
2024,9,12,4,0,20.3,10.4,52.800000000000004,1009,0
2024,9,12,4,30,19.8,10.3,54.4,1008,0
2024,9,12,5,0,19.3,11.200000000000001,59.25,1008,0
2024,9,12,5,30,18.8,11.200000000000001,61.120000000000005,1008,0
2024,9,12,6,0,18.3,11.8,65.63,1008,0
2024,9,12,6,30,17.900000000000002,11.8,67.29,1008,0
2024,9,12,7,0,17.5,12,70.29,1008,0
2024,9,12,7,30,17.1,12,72.09,1008,0
2024,9,12,8,0,16.7,11.9,73.49,1008,0
2024,9,12,8,30,16.400000000000002,11.9,74.9,1008,0
2024,9,12,9,0,16.1,11.700000000000001,75,1008,0
2024,9,12,9,30,15.8,11.700000000000001,76.45,1008,0
2024,9,12,10,0,15.600000000000001,11.200000000000001,75.24,1008,0
2024,9,12,10,30,15.4,11.200000000000001,76.21000000000001,1008,0
2024,9,12,11,0,15.200000000000001,10.600000000000001,73.97,1008,0
2024,9,12,11,30,15.100000000000001,10.600000000000001,74.44,1008,0
2024,9,12,12,0,15,9.700000000000001,70.82000000000001,1008,0
2024,9,12,12,30,14.9,9.700000000000001,71.28,1008,0
2024,9,12,13,0,14.8,9.1,68.66,1008,0
2024,9,12,13,30,15.8,9.1,64.4,1008,0
2024,9,12,14,0,16.7,8.8,59.43,1008,0
2024,9,12,14,30,18.400000000000002,8.8,53.410000000000004,1008,0
2024,9,12,15,0,20.1,8.700000000000001,47.92,1008,0
2024,9,12,15,30,21.6,8.700000000000001,43.71,1008,0
2024,9,12,16,0,23.1,8.6,39.59,1009,0
2024,9,12,16,30,24.5,8.6,36.410000000000004,1009,0
2024,9,12,17,0,25.900000000000002,8.3,32.69,1009,0
2024,9,12,17,30,27.200000000000003,8.200000000000001,30.26,1008,0
2024,9,12,18,0,28.5,7.2,26.18,1008,0
2024,9,12,18,30,29.5,7.2,24.72,1008,0
2024,9,12,19,0,30.5,6.1000000000000005,21.64,1008,0
2024,9,12,19,30,31.200000000000003,6.1000000000000005,20.78,1007,0
2024,9,12,20,0,32,5.1000000000000005,18.45,1007,0
2024,9,12,20,30,32.4,5.1000000000000005,18.04,1007,0
2024,9,12,21,0,32.9,4,16.29,1006,0
2024,9,12,21,30,33.1,4,16.11,1006,0
2024,9,12,22,0,33.300000000000004,3,14.81,1006,0
2024,9,12,22,30,33.2,3,14.89,1006,0
2024,9,12,23,0,33.1,2.1,14.07,1005,0
2024,9,12,23,30,32.7,2.1,14.39,1005,0
2024,9,13,0,0,32.300000000000004,1.5,14.120000000000001,1005,0
2024,9,13,0,30,31,1.5,15.200000000000001,1005,0
2024,9,13,1,0,29.8,1.7000000000000002,16.52,1005,0
2024,9,13,1,30,27.6,1.7000000000000002,18.76,1005,0
2024,9,13,2,0,25.5,2.3000000000000003,22.18,1005,0
2024,9,13,2,30,24.3,2.3000000000000003,23.82,1005,0
2024,9,13,3,0,23.1,4.1000000000000005,29.080000000000002,1006,0
2024,9,13,3,30,22.200000000000003,4.1000000000000005,30.71,1006,0
2024,9,13,4,0,21.400000000000002,6.5,38.04,1006,0
2024,9,13,4,30,20.6,6.5,39.95,1006,0
2024,9,13,5,0,19.8,8.3,47.31,1006,0
2024,9,13,5,30,19.200000000000003,8.3,49.1,1006,0
2024,9,13,6,0,18.7,8.9,52.910000000000004,1006,0
2024,9,13,6,30,18.3,8.9,54.25,1006,0
2024,9,13,7,0,17.900000000000002,9,55.870000000000005,1006,0
2024,9,13,7,30,17.8,9,56.22,1006,0
2024,9,13,8,0,17.6,8.5,55.03,1006,0
2024,9,13,8,30,17.5,8.5,55.38,1006,0
2024,9,13,9,0,17.5,7.9,53.18,1006,0
2024,9,13,9,30,17.3,7.9,53.85,1006,0
2024,9,13,10,0,17.2,7.300000000000001,52.33,1006,0
2024,9,13,10,30,17.2,7.300000000000001,52.33,1006,0
2024,9,13,11,0,17.2,6.7,49.9,1006,0
2024,9,13,11,30,17.1,6.7,50.27,1007,0
2024,9,13,12,0,17.1,5.9,47.57,1007,0
2024,9,13,12,30,17,5.9,47.870000000000005,1007,0
2024,9,13,13,0,16.900000000000002,5.2,46.09,1007,0
2024,9,13,13,30,17.5,5.2,44.37,1007,0
2024,9,13,14,0,18,4.9,41.980000000000004,1008,0
2024,9,13,14,30,20,4.9,37.07,1008,0
2024,9,13,15,0,21.900000000000002,4.800000000000001,32.88,1008,0
2024,9,13,15,30,23.3,4.9,30.22,1008,0
2024,9,13,16,0,24.700000000000003,5.1000000000000005,28.21,1009,0
2024,9,13,16,30,26.1,5.1000000000000005,25.97,1009,0
2024,9,13,17,0,27.5,4.5,22.98,1009,0
2024,9,13,17,30,29.200000000000003,4.5,20.830000000000002,1009,0
2024,9,13,18,0,30.8,3,17.080000000000002,1008,0
2024,9,13,18,30,32.1,3,15.870000000000001,1008,0
2024,9,13,19,0,33.4,1.5,13.290000000000001,1008,0
2024,9,13,19,30,34.2,1.5,12.700000000000001,1007,0
2024,9,13,20,0,35,0.4,11.22,1007,0
2024,9,13,20,30,35.4,0.4,10.98,1007,0
2024,9,13,21,0,35.9,-0.5,9.97,1006,0
2024,9,13,21,30,36.1,-0.5,9.86,1006,0
2024,9,13,22,0,36.300000000000004,-1.2000000000000002,9.290000000000001,1006,0
2024,9,13,22,30,36.2,-1.2000000000000002,9.34,1006,0
2024,9,13,23,0,36.1,-1.5,9.17,1006,0
2024,9,13,23,30,35.6,-1.5,9.43,1006,0
2024,9,14,0,0,35.1,-1.4000000000000001,9.77,1006,0
2024,9,14,0,30,33.6,-1.4000000000000001,10.61,1006,0
2024,9,14,1,0,32.1,-0.30000000000000004,12.51,1006,0
2024,9,14,1,30,29.700000000000003,-0.30000000000000004,14.33,1006,0
2024,9,14,2,0,27.200000000000003,1.3,18.6,1007,0
2024,9,14,2,30,26.1,1.3,19.84,1007,0
2024,9,14,3,0,25.1,3.7,24.97,1007,0
2024,9,14,3,30,24,3.7,26.66,1007,0
2024,9,14,4,0,23,5.7,32.63,1008,0
2024,9,14,4,30,22.200000000000003,5.7,34.24,1008,0
2024,9,14,5,0,21.5,6.7,38.35,1008,0
2024,9,14,5,30,20.900000000000002,6.7,39.79,1008,0
2024,9,14,6,0,20.3,7.4,43.13,1008,0
2024,9,14,6,30,19.8,7.4,44.480000000000004,1008,0
2024,9,14,7,0,19.3,8,47.81,1008,0
2024,9,14,7,30,18.8,8,49.32,1008,0
2024,9,14,8,0,18.400000000000002,8.5,52.47,1008,0
2024,9,14,8,30,18,8.5,53.800000000000004,1008,0
2024,9,14,9,0,17.6,9.1,57.31,1008,0
2024,9,14,9,30,17.2,9.1,58.77,1008,0
2024,9,14,10,0,16.8,9.5,62.17,1008,0
2024,9,14,10,30,16.3,9.5,64.18,1008,0
2024,9,14,11,0,15.9,9.8,67.03,1008,0
2024,9,14,11,30,15.5,9.8,68.77,1008,0
2024,9,14,12,0,15.100000000000001,10,71.5,1008,0
2024,9,14,12,30,14.8,10,72.96000000000001,1009,0
2024,9,14,13,0,14.5,10.200000000000001,75.21000000000001,1009,0
2024,9,14,13,30,14.9,10.200000000000001,73.3,1009,0
2024,9,14,14,0,15.3,10.200000000000001,71.60000000000001,1009,0
2024,9,14,14,30,16.6,10.200000000000001,65.91,1009,0
2024,9,14,15,0,17.900000000000002,10.100000000000001,60.34,1010,0
2024,9,14,15,30,19.8,10.100000000000001,53.61,1010,0
2024,9,14,16,0,21.8,9.4,45.14,1010,0
2024,9,14,16,30,23.8,9.4,40.01,1010,0
2024,9,14,17,0,25.8,8.3,32.97,1010,0
2024,9,14,17,30,27.6,8.3,29.67,1010,0
2024,9,14,18,0,29.400000000000002,6.6000000000000005,23.81,1010,0
2024,9,14,18,30,31.200000000000003,6.6000000000000005,21.490000000000002,1010,0
2024,9,14,19,0,32.9,3.4000000000000004,15.6,1009,0
2024,9,14,19,30,33.7,3.4000000000000004,14.92,1009,0
2024,9,14,20,0,34.6,2,12.82,1009,0
2024,9,14,20,30,34.9,2,12.6,1008,0
2024,9,14,21,0,35.2,1.7000000000000002,12.120000000000001,1008,0
2024,9,14,21,30,35,1.7000000000000002,12.25,1008,0
2024,9,14,22,0,34.9,2.1,12.69,1008,0
2024,9,14,22,30,34.4,2,13.030000000000001,1007,0
2024,9,14,23,0,33.9,2.9000000000000004,14.26,1007,0
2024,9,14,23,30,33,2.9000000000000004,15,1007,0
2024,9,15,0,0,32.1,4.2,17.23,1007,0
2024,9,15,0,30,30.6,4.2,18.75,1007,0
2024,9,15,1,0,29.1,6,23.16,1007,0
2024,9,15,1,30,27.1,6,26.01,1007,0
2024,9,15,2,0,25,8.1,34.2,1007,0
2024,9,15,2,30,23.5,8.1,37.410000000000004,1007,0
2024,9,15,3,0,22.1,9.8,45.550000000000004,1007,0
2024,9,15,3,30,21.1,9.8,48.410000000000004,1007,0
2024,9,15,4,0,20.1,10.700000000000001,54.870000000000005,1007,0
2024,9,15,4,30,19.3,10.700000000000001,57.65,1007,0
2024,9,15,5,0,18.6,11.3,62.5,1007,0
2024,9,15,5,30,18,11.3,64.89,1007,0
2024,9,15,6,0,17.400000000000002,11.5,68.53,1007,0
2024,9,15,6,30,16.900000000000002,11.5,70.72,1007,0
2024,9,15,7,0,16.5,11.700000000000001,73.07000000000001,1007,0
2024,9,15,7,30,16.1,11.700000000000001,75.03,1008,0
2024,9,15,8,0,15.700000000000001,11.700000000000001,77.17,1008,0
2024,9,15,8,30,15.3,11.700000000000001,79.09,1007,0
2024,9,15,9,0,15,11.700000000000001,80.64,1007,0
2024,9,15,9,30,14.700000000000001,11.700000000000001,82.2,1007,0
2024,9,15,10,0,14.5,11.700000000000001,83.14,1007,0
2024,9,15,10,30,14.4,11.700000000000001,83.67,1007,0
2024,9,15,11,0,14.3,11.600000000000001,83.95,1007,0
2024,9,15,11,30,14.3,11.600000000000001,83.95,1007,0
2024,9,15,12,0,14.200000000000001,11.600000000000001,84.63,1007,0
2024,9,15,12,30,14,11.600000000000001,85.73,1007,0
2024,9,15,13,0,13.8,11.9,88.10000000000001,1007,0
2024,9,15,13,30,14,11.9,86.97,1007,0
2024,9,15,14,0,14.3,12.100000000000001,86.64,1007,0
2024,9,15,14,30,15.5,12.100000000000001,80.3,1008,0
2024,9,15,15,0,16.7,12.100000000000001,74.28,1008,0
2024,9,15,15,30,18.1,12.100000000000001,68.01,1008,0
2024,9,15,16,0,19.5,11.600000000000001,60.35,1008,0
2024,9,15,16,30,20.8,11.600000000000001,55.7,1008,0
2024,9,15,17,0,22.1,10.9,48.93,1008,0
2024,9,15,17,30,23.400000000000002,10.9,45.24,1008,0
2024,9,15,18,0,24.700000000000003,9.700000000000001,38.68,1008,0
2024,9,15,18,30,25.900000000000002,9.700000000000001,36.02,1008,0
2024,9,15,19,0,27.1,8.1,30.11,1007,0
2024,9,15,19,30,27.900000000000002,8.1,28.740000000000002,1007,0
2024,9,15,20,0,28.8,6.5,24.43,1007,0
2024,9,15,20,30,29.1,6.5,23.98,1006,0
2024,9,15,21,0,29.400000000000002,5.6000000000000005,22.240000000000002,1006,0
2024,9,15,21,30,28.700000000000003,5.6000000000000005,23.16,1006,0
2024,9,15,22,0,28.1,5.800000000000001,24.23,1005,0
2024,9,15,22,30,26.900000000000002,5.800000000000001,25.98,1005,0
2024,9,15,23,0,25.700000000000003,6.800000000000001,29.91,1005,0
2024,9,15,23,30,24.700000000000003,6.800000000000001,31.740000000000002,1005,0
2024,9,16,0,0,23.700000000000003,7.9,36.480000000000004,1006,0
2024,9,16,0,30,22.700000000000003,7.9,38.75,1006,0
2024,9,16,1,0,21.8,8.8,43.37,1006,0
2024,9,16,1,30,20.700000000000003,8.8,46.38,1006,0
2024,9,16,2,0,19.6,9.700000000000001,52.78,1006,0
2024,9,16,2,30,18.900000000000002,9.700000000000001,55.120000000000005,1006,0
2024,9,16,3,0,18.1,10.5,61.33,1006,0
2024,9,16,3,30,17.6,10.5,63.28,1006,0
2024,9,16,4,0,17.1,11.100000000000001,67.73,1006,0
2024,9,16,4,30,16.7,11.100000000000001,69.47,1006,0
2024,9,16,5,0,16.2,11.5,73.69,1006,0
2024,9,16,5,30,15.700000000000001,11.5,76.07000000000001,1006,0
2024,9,16,6,0,15.200000000000001,11.8,79.95,1005,0
2024,9,16,6,30,14.9,11.8,81.51,1005,0
2024,9,16,7,0,14.5,11.9,84.5,1005,0
2024,9,16,7,30,14.200000000000001,11.9,86.15,1005,0
2024,9,16,8,0,13.9,12,88.11,1005,0
2024,9,16,8,30,13.700000000000001,12,89.26,1005,0
2024,9,16,9,0,13.4,12,91.07000000000001,1006,0
2024,9,16,9,30,13.200000000000001,12,92.27,1006,0
2024,9,16,10,0,13,11.9,93.31,1006,0
2024,9,16,10,30,12.9,11.9,93.92,1006,0
2024,9,16,11,0,12.700000000000001,11.9,95,1006,0
2024,9,16,11,30,12.8,11.9,94.39,1006,0
2024,9,16,12,0,12.9,11.9,93.71000000000001,1007,0
2024,9,16,12,30,13.100000000000001,11.9,92.5,1007,0
2024,9,16,13,0,13.4,11.9,90.9,1007,0
2024,9,16,13,30,13.700000000000001,12,89.24,1008,0
2024,9,16,14,0,13.9,11.9,88.02,1008,0
2024,9,16,14,30,14.5,11.9,84.67,1008,0
2024,9,16,15,0,15.200000000000001,11.600000000000001,78.97,1009,0
2024,9,16,15,30,15.8,11.600000000000001,76,1009,0
2024,9,16,16,0,16.400000000000002,11.3,71.76,1010,0
2024,9,16,16,30,17.2,11.3,68.22,1010,0
2024,9,16,17,0,18,11.100000000000001,63.92,1010,0
2024,9,16,17,30,19,11.100000000000001,60.050000000000004,1010,0
2024,9,16,18,0,20.1,10.700000000000001,54.800000000000004,1010,0
2024,9,16,18,30,21.1,10.700000000000001,51.54,1010,0
2024,9,16,19,0,22.1,10,46.300000000000004,1010,0
2024,9,16,19,30,22.700000000000003,10,44.64,1010,0
2024,9,16,20,0,23.200000000000003,9.1,40.74,1010,0
2024,9,16,20,30,23.6,9.1,39.78,1010,0
2024,9,16,21,0,24,8.5,37.15,1010,0
2024,9,16,21,30,24.200000000000003,8.5,36.71,1010,0
2024,9,16,22,0,24.400000000000002,8.1,35.35,1010,0
2024,9,16,22,30,24.400000000000002,8.1,35.35,1010,0
2024,9,16,23,0,24.400000000000002,7.9,34.93,1010,0
2024,9,16,23,30,24,7.9,35.78,1010,0
2024,9,17,0,0,23.700000000000003,7.7,35.89,1010,0
2024,9,17,0,30,23,7.7,37.43,1010,0
2024,9,17,1,0,22.3,7.6000000000000005,38.910000000000004,1010,0
2024,9,17,1,30,20.700000000000003,7.6000000000000005,42.9,1010,0
2024,9,17,2,0,19.1,8,48.54,1011,0
2024,9,17,2,30,18.5,8,50.39,1011,0
2024,9,17,3,0,17.8,8.4,54.29,1011,0
2024,9,17,3,30,17.5,8.4,55.32,1011,0
2024,9,17,4,0,17.2,9,58.7,1012,0
2024,9,17,4,30,16.8,9,60.2,1012,0
2024,9,17,5,0,16.400000000000002,9.8,64.94,1012,0
2024,9,17,5,30,15.8,9.8,67.47,1012,0
2024,9,17,6,0,15.200000000000001,10.5,73.38,1012,0
2024,9,17,6,30,14.8,10.5,75.29,1012,0
2024,9,17,7,0,14.4,11,80.21000000000001,1012,0
2024,9,17,7,30,14.100000000000001,11,81.77,1012,0
2024,9,17,8,0,13.8,11.5,85.92,1012,0
2024,9,17,8,30,13.5,11.5,87.61,1012,0
2024,9,17,9,0,13.3,11.8,90.54,1012,0
2024,9,17,9,30,13.100000000000001,11.8,91.72,1012,0
2024,9,17,10,0,12.9,11.9,93.89,1012,0
2024,9,17,10,30,12.8,11.9,94.5,1012,0
2024,9,17,11,0,12.600000000000001,12,96.22,1013,0
2024,9,17,11,30,12.5,12,96.85000000000001,1013,0
2024,9,17,12,0,12.4,12.100000000000001,97.8,1013,0
2024,9,17,12,30,12.3,12.100000000000001,98.44,1013,0
2024,9,17,13,0,12.200000000000001,12.100000000000001,99.5,1013,0
2024,9,17,13,30,12.8,12.100000000000001,95.77,1014,0
2024,9,17,14,0,13.3,12.200000000000001,93,1014,0
2024,9,17,14,30,14.600000000000001,12.200000000000001,85.5,1014,0
2024,9,17,15,0,15.9,11.8,76.43,1014,0
2024,9,17,15,30,17.2,11.8,70.39,1014,0
2024,9,17,16,0,18.5,10.600000000000001,60.14,1015,0
2024,9,17,16,30,19.6,10.600000000000001,56.17,1015,0
2024,9,17,17,0,20.700000000000003,9.8,49.58,1015,0
2024,9,17,17,30,21.8,9.8,46.36,1015,0
2024,9,17,18,0,22.900000000000002,9,41.19,1015,0
2024,9,17,18,30,23.8,9,38.980000000000004,1014,0
2024,9,17,19,0,24.8,8.200000000000001,34.83,1014,0
2024,9,17,19,30,25.5,8.200000000000001,33.42,1014,0
2024,9,17,20,0,26.200000000000003,7.7,30.86,1013,0
2024,9,17,20,30,26.3,7.7,30.68,1013,0
2024,9,17,21,0,26.3,7.7,30.68,1013,0
2024,9,17,21,30,26.3,7.7,30.68,1013,0
2024,9,17,22,0,26.3,8.3,32.04,1013,0
2024,9,17,22,30,25.8,8.3,33,1013,0
2024,9,17,23,0,25.400000000000002,9.1,35.660000000000004,1012,0
2024,9,17,23,30,24.5,9.1,37.61,1012,0
2024,9,18,0,0,23.6,9.9,41.78,1013,0
2024,9,18,0,30,22.6,9.9,44.38,1013,0
2024,9,18,1,0,21.6,10.600000000000001,49.54,1013,0
2024,9,18,1,30,20.6,10.600000000000001,52.67,1013,0
2024,9,18,2,0,19.6,11.200000000000001,58.34,1013,0
2024,9,18,2,30,19,11.200000000000001,60.56,1013,0
2024,9,18,3,0,18.5,11.5,63.7,1013,0
2024,9,18,3,30,18.2,11.5,64.9,1013,0
2024,9,18,4,0,18,11.5,65.98,1013,0
2024,9,18,4,30,17.7,11.5,67.16,1012,0
2024,9,18,5,0,17.5,11.600000000000001,68.23,1012,0
2024,9,18,5,30,17.2,11.600000000000001,69.53,1012,0
2024,9,18,6,0,16.900000000000002,11.700000000000001,71.3,1012,0
2024,9,18,6,30,16.6,11.700000000000001,72.60000000000001,1011,0
2024,9,18,7,0,16.3,11.8,74.66,1011,0
2024,9,18,7,30,16,11.8,76.10000000000001,1011,0
2024,9,18,8,0,15.700000000000001,12,78.47,1011,0
2024,9,18,8,30,15.3,12,80.5,1011,0
2024,9,18,9,0,15,12.200000000000001,83.45,1011,0
2024,9,18,9,30,14.9,12.200000000000001,83.9,1010,0
2024,9,18,10,0,14.8,12.5,85.94,1010,0
2024,9,18,10,30,14.700000000000001,12.5,86.49,1010,0
2024,9,18,11,0,14.600000000000001,12.700000000000001,88.16,1010,0
2024,9,18,11,30,14.600000000000001,12.700000000000001,88.16,1010,0
2024,9,18,12,0,14.5,12.8,89.49,1010,0
2024,9,18,12,30,14.4,12.8,90.07000000000001,1010,0
2024,9,18,13,0,14.4,12.9,90.82000000000001,1010,0
2024,9,18,13,30,14.5,12.9,90.24,1010,0
2024,9,18,14,0,14.600000000000001,13.100000000000001,90.44,1010,0
2024,9,18,14,30,15.100000000000001,13.100000000000001,87.58,1010,0
2024,9,18,15,0,15.600000000000001,13.3,86.11,1010,0
2024,9,18,15,30,16.400000000000002,13.3,81.84,1010,0
2024,9,18,16,0,17.2,13.200000000000001,77.29,1011,0
2024,9,18,16,30,18.2,13.200000000000001,72.58,1011,0
2024,9,18,17,0,19.3,12.700000000000001,65.67,1011,0
2024,9,18,17,30,20.400000000000002,12.700000000000001,61.36,1011,0
2024,9,18,18,0,21.5,12.200000000000001,55.57,1011,0
2024,9,18,18,30,22.400000000000002,12.200000000000001,52.56,1010,0
2024,9,18,19,0,23.3,11.8,48.38,1010,0
2024,9,18,19,30,24,11.8,46.39,1010,0
2024,9,18,20,0,24.700000000000003,11.200000000000001,42.800000000000004,1010,0
2024,9,18,20,30,25.1,11.200000000000001,41.75,1009,0
2024,9,18,21,0,25.5,10.8,39.78,1009,0
2024,9,18,21,30,25.700000000000003,10.8,39.31,1009,0
2024,9,18,22,0,25.8,10.600000000000001,38.42,1009,0
2024,9,18,22,30,25.700000000000003,10.600000000000001,38.6,1008,0
2024,9,18,23,0,25.6,10.4,38.45,1008,0
2024,9,18,23,30,25.3,10.4,39.14,1008,0
2024,9,19,0,0,25,10.5,40.01,1008,0
2024,9,19,0,30,24.1,10.5,42.26,1009,0
2024,9,19,1,0,23.200000000000003,10.9,45.86,1009,0
2024,9,19,1,30,22.1,10.9,49.01,1009,0
2024,9,19,2,0,21.1,11.600000000000001,54.47,1009,0
2024,9,19,2,30,20.700000000000003,11.600000000000001,55.82,1009,0
2024,9,19,3,0,20.400000000000002,12.100000000000001,58.95,1009,0
2024,9,19,3,30,19.900000000000002,12.100000000000001,60.86,1010,0
2024,9,19,4,0,19.400000000000002,12.5,64.15,1010,0
2024,9,19,4,30,18.8,12.4,66.59,1010,0
2024,9,19,5,0,18.2,12.700000000000001,70.10000000000001,1010,0
2024,9,19,5,30,17.8,12.700000000000001,71.88,1010,0
2024,9,19,6,0,17.5,12.700000000000001,73.42,1009,0
2024,9,19,6,30,17.6,12.700000000000001,72.96000000000001,1009,0
2024,9,19,7,0,17.6,12.600000000000001,72.74,1009,0
2024,9,19,7,30,17.6,12.600000000000001,72.74,1009,0
2024,9,19,8,0,17.6,12.5,71.81,1009,0
2024,9,19,8,30,17.400000000000002,12.5,72.72,1009,0
2024,9,19,9,0,17.3,12,71.15,1009,0
2024,9,19,9,30,17.2,12,71.60000000000001,1009,0
2024,9,19,10,0,17.2,11.5,69,1009,0
2024,9,19,10,30,17.1,11.5,69.43,1009,0
2024,9,19,11,0,17,10.9,67.35,1009,0
2024,9,19,11,30,16.8,10.9,68.21000000000001,1009,0
2024,9,19,12,0,16.6,10.4,66.79,1009,0
2024,9,19,12,30,16.400000000000002,10.4,67.64,1009,0
2024,9,19,13,0,16.2,10,66.6,1009,0
2024,9,19,13,30,16.5,10,65.41,1010,0
2024,9,19,14,0,16.900000000000002,9.700000000000001,62.4,1010,0
2024,9,19,14,30,18.3,9.700000000000001,57.14,1010,0
2024,9,19,15,0,19.700000000000003,9.5,51.86,1010,0
2024,9,19,15,30,21.400000000000002,9.5,46.72,1010,0
2024,9,19,16,0,23.1,9.1,40.980000000000004,1011,0
2024,9,19,16,30,24.700000000000003,9.1,37.24,1011,0
2024,9,19,17,0,26.3,8.200000000000001,31.79,1011,0
2024,9,19,17,30,27.6,8.200000000000001,29.43,1010,0
2024,9,19,18,0,28.900000000000002,7,25.19,1010,0
2024,9,19,18,30,29.900000000000002,7,23.78,1010,0
2024,9,19,19,0,30.900000000000002,5.7,20.580000000000002,1010,0
2024,9,19,19,30,31.5,5.7,19.87,1009,0
2024,9,19,20,0,32.2,4.7,17.72,1009,0
2024,9,19,20,30,32.5,4.6000000000000005,17.41,1008,0
2024,9,19,21,0,32.800000000000004,3.8000000000000003,16.09,1008,0
2024,9,19,21,30,32.9,3.8000000000000003,16,1008,0
2024,9,19,22,0,32.9,3.3000000000000003,15.530000000000001,1008,0
2024,9,19,22,30,32.7,3.3000000000000003,15.69,1007,0
2024,9,19,23,0,32.4,3.4000000000000004,16.02,1007,0
2024,9,19,23,30,31.8,3.4000000000000004,16.580000000000002,1008,0
2024,9,20,0,0,31.200000000000003,4,17.95,1008,0
2024,9,20,0,30,29.700000000000003,4,19.55,1008,0
2024,9,20,1,0,28.200000000000003,5.7,23.92,1008,0
2024,9,20,1,30,25.900000000000002,5.7,27.38,1009,0
2024,9,20,2,0,23.5,8.200000000000001,37.53,1009,0
2024,9,20,2,30,22,8.200000000000001,41.13,1010,0
2024,9,20,3,0,20.6,9.700000000000001,49.730000000000004,1010,0
2024,9,20,3,30,19.8,9.700000000000001,52.24,1010,0
2024,9,20,4,0,19,10.4,57.42,1010,0
2024,9,20,4,30,18.5,10.4,59.230000000000004,1010,0
2024,9,20,5,0,18,10.700000000000001,62.21,1011,0
2024,9,20,5,30,17.5,10.600000000000001,64.13,1010,0
2024,9,20,6,0,17,10.9,67.3,1010,0
2024,9,20,6,30,16.5,10.9,69.47,1010,0
2024,9,20,7,0,16.1,11.200000000000001,72.76,1010,0
2024,9,20,7,30,15.700000000000001,11.200000000000001,74.64,1010,0
2024,9,20,8,0,15.3,11.5,77.98,1010,0
2024,9,20,8,30,15,11.5,79.5,1010,0
2024,9,20,9,0,14.700000000000001,11.9,83.12,1010,0
2024,9,20,9,30,14.5,11.9,84.2,1010,0
2024,9,20,10,0,14.4,12.100000000000001,86.19,1010,0
2024,9,20,10,30,14.3,12.100000000000001,86.74,1010,0
2024,9,20,11,0,14.200000000000001,12.100000000000001,87.29,1010,0
2024,9,20,11,30,14.4,12.100000000000001,86.17,1010,0
2024,9,20,12,0,14.600000000000001,12.100000000000001,85.03,1010,0
2024,9,20,12,30,14.4,12.100000000000001,86.14,1010,0
2024,9,20,13,0,14.200000000000001,12.200000000000001,87.58,1010,0
2024,9,20,13,30,14.4,12.200000000000001,86.46000000000001,1010,0
2024,9,20,14,0,14.700000000000001,12.200000000000001,85.11,1010,0
2024,9,20,14,30,15.700000000000001,12.200000000000001,79.91,1011,0
2024,9,20,15,0,16.7,12.3,75.51,1011,0
2024,9,20,15,30,18.5,12.4,67.43,1011,0
2024,9,20,16,0,20.3,12.200000000000001,59.67,1011,0
2024,9,20,16,30,22.5,12.200000000000001,52.17,1011,0
2024,9,20,17,0,24.6,11.4,43.51,1011,0
2024,9,20,17,30,26.200000000000003,11.4,39.58,1011,0
2024,9,20,18,0,27.900000000000002,9.8,32.33,1011,0
2024,9,20,18,30,29.400000000000002,9.8,29.64,1011,0
2024,9,20,19,0,30.900000000000002,7.7,23.45,1010,0
2024,9,20,19,30,32.300000000000004,7.7,21.67,1010,0
2024,9,20,20,0,33.7,5.6000000000000005,17.35,1009,0
2024,9,20,20,30,34.5,5.6000000000000005,16.6,1009,0
2024,9,20,21,0,35.300000000000004,4.5,14.71,1008,0
2024,9,20,21,30,35.6,4.5,14.47,1008,0
2024,9,20,22,0,36,4.1000000000000005,13.75,1008,0
2024,9,20,22,30,35.800000000000004,4.1000000000000005,13.9,1008,0
2024,9,20,23,0,35.6,4.1000000000000005,14.07,1007,0
2024,9,20,23,30,34.800000000000004,4.1000000000000005,14.700000000000001,1007,0
2024,9,21,0,0,34,4.9,16.240000000000002,1007,0
2024,9,21,0,30,31.700000000000003,4.9,18.490000000000002,1008,0
2024,9,21,1,0,29.400000000000002,7,24.5,1008,0
2024,9,21,1,30,26.400000000000002,7,29.19,1009,0
2024,9,21,2,0,23.400000000000002,9.600000000000001,41.47,1009,0
2024,9,21,2,30,21.900000000000002,9.600000000000001,45.410000000000004,1009,0
2024,9,21,3,0,20.400000000000002,10.8,54.21,1009,0
2024,9,21,3,30,19.700000000000003,10.9,56.660000000000004,1010,0
2024,9,21,4,0,19,11.4,61.26,1010,0
2024,9,21,4,30,18.5,11.4,63.2,1010,0
2024,9,21,5,0,18,11.700000000000001,66.84,1010,0
2024,9,21,5,30,17.6,11.700000000000001,68.54,1010,0
2024,9,21,6,0,17.2,12,71.68,1010,0
2024,9,21,6,30,16.8,12,73.52,1010,0
2024,9,21,7,0,16.5,12.3,76.04,1010,0
2024,9,21,7,30,16.2,12.3,77.5,1010,0
2024,9,21,8,0,15.9,12.4,79.64,1010,0
2024,9,21,8,30,15.700000000000001,12.4,80.67,1010,0
2024,9,21,9,0,15.4,12.600000000000001,83.25,1010,0
2024,9,21,9,30,15.100000000000001,12.600000000000001,84.87,1010,0
2024,9,21,10,0,14.8,12.600000000000001,86.95,1010,0
2024,9,21,10,30,14.700000000000001,12.600000000000001,87.51,1010,0
2024,9,21,11,0,14.600000000000001,12.4,86.88,1010,0
2024,9,21,11,30,14.5,12.4,87.44,1010,0
2024,9,21,12,0,14.4,12.200000000000001,86.49,1010,0
2024,9,21,12,30,14.3,12.200000000000001,87.05,1010,0
2024,9,21,13,0,14.200000000000001,12,86.55,1010,0
2024,9,21,13,30,14.700000000000001,12,83.81,1010,0
2024,9,21,14,0,15.100000000000001,11.8,80.63,1010,0
2024,9,21,14,30,16.5,11.8,73.82000000000001,1011,0
2024,9,21,15,0,17.8,11.700000000000001,67.44,1011,0
2024,9,21,15,30,19.5,11.700000000000001,60.660000000000004,1011,0
2024,9,21,16,0,21.200000000000003,11.3,53.25,1011,0
2024,9,21,16,30,22.900000000000002,11.3,48.03,1011,0
2024,9,21,17,0,24.700000000000003,10.5,40.77,1011,0
2024,9,21,17,30,26.3,10.5,37.09,1011,0
2024,9,21,18,0,27.900000000000002,9.3,31.150000000000002,1011,0
2024,9,21,18,30,29.400000000000002,9.3,28.560000000000002,1011,0
2024,9,21,19,0,31,7.6000000000000005,23.17,1011,0
2024,9,21,19,30,32.300000000000004,7.6000000000000005,21.53,1011,0
2024,9,21,20,0,33.6,5.7,17.650000000000002,1010,0
2024,9,21,20,30,34.4,5.7,16.88,1010,0
2024,9,21,21,0,35.2,4.7,15,1010,0
2024,9,21,21,30,35.5,4.7,14.74,1009,0
2024,9,21,22,0,35.7,4.3,14.23,1009,0
2024,9,21,22,30,35.6,4.3,14.3,1009,0
2024,9,21,23,0,35.5,4.2,14.23,1009,0
2024,9,21,23,30,35,4.2,14.63,1009,0
2024,9,22,0,0,34.5,4.2,15.11,1009,0
2024,9,22,0,30,32.7,4.2,16.7,1009,0
2024,9,22,1,0,30.900000000000002,5,19.6,1009,0
2024,9,22,1,30,28.6,5,22.36,1009,0
2024,9,22,2,0,26.400000000000002,6.800000000000001,28.67,1009,0
2024,9,22,2,30,25.1,6.800000000000001,30.96,1009,0
2024,9,22,3,0,23.900000000000002,8.8,38.29,1010,0
2024,9,22,3,30,22.8,8.8,40.910000000000004,1010,0
2024,9,22,4,0,21.700000000000003,10.200000000000001,48.07,1011,0
2024,9,22,4,30,21,10.200000000000001,50.17,1011,0
2024,9,22,5,0,20.3,11,55.15,1011,0
2024,9,22,5,30,19.700000000000003,11,57.230000000000004,1011,0
2024,9,22,6,0,19.1,11.5,61.44,1011,0
2024,9,22,6,30,18.6,11.5,63.38,1011,0
2024,9,22,7,0,18.1,11.9,67.27,1011,0
2024,9,22,7,30,17.6,11.9,69.41,1011,0
2024,9,22,8,0,17.2,12.3,72.82000000000001,1011,0
2024,9,22,8,30,16.8,12.3,74.69,1011,0
2024,9,22,9,0,16.5,12.4,76.61,1011,0
2024,9,22,9,30,16.2,12.4,78.08,1011,0
2024,9,22,10,0,16,12.200000000000001,78.41,1011,0
2024,9,22,10,30,15.8,12.200000000000001,79.41,1011,0
2024,9,22,11,0,15.700000000000001,12,78.86,1012,0
2024,9,22,11,30,15.5,12,79.87,1012,0
2024,9,22,12,0,15.3,11.8,79.46000000000001,1012,0
2024,9,22,12,30,15.200000000000001,11.8,79.97,1012,0
2024,9,22,13,0,15,11.4,79.26,1012,0
2024,9,22,13,30,15.4,11.4,77.26,1012,0
2024,9,22,14,0,15.700000000000001,11,73.67,1012,0
2024,9,22,14,30,17.1,11,67.48,1013,0
2024,9,22,15,0,18.400000000000002,10.600000000000001,60.6,1013,0
2024,9,22,15,30,20.3,10.700000000000001,53.870000000000005,1013,0
2024,9,22,16,0,22.1,10.100000000000001,46.49,1013,0
2024,9,22,16,30,24.400000000000002,10.100000000000001,40.480000000000004,1013,0
2024,9,22,17,0,26.700000000000003,8.200000000000001,31.16,1012,0
2024,9,22,17,30,28.900000000000002,8.3,27.42,1012,0
2024,9,22,18,0,31.1,6.2,21.01,1012,0
2024,9,22,18,30,32.5,6.2,19.41,1012,0
2024,9,22,19,0,33.800000000000004,5.1000000000000005,16.740000000000002,1012,0
2024,9,22,19,30,34.7,5.1000000000000005,15.91,1011,0
2024,9,22,20,0,35.7,3.9000000000000004,13.790000000000001,1011,0
2024,9,22,20,30,36.300000000000004,3.9000000000000004,13.35,1011,0
2024,9,22,21,0,36.9,2.6,11.78,1010,0
2024,9,22,21,30,37.2,2.6,11.59,1010,0
2024,9,22,22,0,37.4,1.5,10.61,1009,0
2024,9,22,22,30,37.300000000000004,1.5,10.66,1009,0
2024,9,22,23,0,37.2,0.8,10.200000000000001,1009,0
2024,9,22,23,30,36.7,0.8,10.48,1009,0
2024,9,23,0,0,36.2,0.5,10.57,1009,0
2024,9,23,0,30,34.1,0.5,11.870000000000001,1009,0
2024,9,23,1,0,32,1.8,14.620000000000001,1009,0
2024,9,23,1,30,29.6,1.8,16.75,1009,0
2024,9,23,2,0,27.3,3.9000000000000004,22.35,1009,0
2024,9,23,2,30,26,3.9000000000000004,24.12,1009,0
2024,9,23,3,0,24.8,7,32.03,1010,0
2024,9,23,3,30,23.5,7,34.62,1010,0
2024,9,23,4,0,22.3,8.8,42.18,1010,0
2024,9,23,4,30,21.6,8.8,44.01,1010,0
2024,9,23,5,0,20.900000000000002,9.5,48.14,1010,0
2024,9,23,5,30,20.5,9.5,49.33,1010,0
2024,9,23,6,0,20,9.8,51.72,1010,0
2024,9,23,6,30,19.700000000000003,9.8,52.69,1010,0
2024,9,23,7,0,19.3,9.700000000000001,53.89,1010,0
2024,9,23,7,30,19,9.700000000000001,54.9,1010,0
2024,9,23,8,0,18.8,9.4,54.39,1010,0
2024,9,23,8,30,18.6,9.4,55.08,1010,0
2024,9,23,9,0,18.5,9.1,54.29,1010,0
2024,9,23,9,30,18.3,9.1,54.980000000000004,1010,0
2024,9,23,10,0,18.1,8.8,54.53,1010,0
2024,9,23,10,30,17.8,8.8,55.56,1010,0
2024,9,23,11,0,17.6,8,53.51,1010,0
2024,9,23,11,30,17.5,8,53.85,1010,0
2024,9,23,12,0,17.400000000000002,7.1000000000000005,50.65,1010,0
2024,9,23,12,30,17.400000000000002,7.1000000000000005,50.65,1010,0
2024,9,23,13,0,17.400000000000002,6,47.09,1011,0
2024,9,23,13,30,17.900000000000002,6,45.63,1011,0
2024,9,23,14,0,18.3,5.2,42.07,1011,0
2024,9,23,14,30,20.3,5.2,37.160000000000004,1011,0
2024,9,23,15,0,22.3,5,32.410000000000004,1011,0
2024,9,23,15,30,23.900000000000002,5,29.46,1012,0
2024,9,23,16,0,25.5,4.9,26.59,1012,0
2024,9,23,16,30,27.5,4.9,23.64,1012,0
2024,9,23,17,0,29.5,4.2,19.98,1012,0
2024,9,23,17,30,31,4.2,18.32,1011,0
2024,9,23,18,0,32.5,3.5,16.02,1011,0
2024,9,23,18,30,33.9,3.5,14.82,1011,0
2024,9,23,19,0,35.4,2.2,12.46,1010,0
2024,9,23,19,30,36.6,2.2,11.67,1010,0
2024,9,23,20,0,37.800000000000004,0.7000000000000001,9.81,1009,0
2024,9,23,20,30,38.400000000000006,0.7000000000000001,9.49,1009,0
2024,9,23,21,0,39,-0.5,8.42,1008,0
2024,9,23,21,30,39.2,-0.5,8.33,1008,0
2024,9,23,22,0,39.5,-1.3,7.74,1007,0
2024,9,23,22,30,39.400000000000006,-1.3,7.78,1007,0
2024,9,23,23,0,39.2,-1.9000000000000001,7.55,1007,0
2024,9,23,23,30,38.7,-1.9000000000000001,7.75,1007,0
2024,9,24,0,0,38.1,-1.7000000000000002,8.1,1007,0
2024,9,24,0,30,36.300000000000004,-1.7000000000000002,8.93,1007,0
2024,9,24,1,0,34.5,0.1,11.25,1007,0
2024,9,24,1,30,32.7,0.1,12.43,1007,0
2024,9,24,2,0,30.8,0.2,13.94,1007,0
2024,9,24,2,30,29.900000000000002,0.2,14.67,1007,0
2024,9,24,3,0,29,1.1,16.55,1008,0
2024,9,24,3,30,28.700000000000003,1.1,16.84,1008,0
2024,9,24,4,0,28.3,2.1,18.490000000000002,1008,0
2024,9,24,4,30,28,2.1,18.82,1008,0
2024,9,24,5,0,27.700000000000003,2.8000000000000003,20.1,1008,0
2024,9,24,5,30,27.5,2.8000000000000003,20.34,1008,0
2024,9,24,6,0,27.3,3.2,21.16,1008,0
2024,9,24,6,30,27.1,3.2,21.41,1008,0
2024,9,24,7,0,26.8,3.4000000000000004,22.12,1008,0
2024,9,24,7,30,26.5,3.4000000000000004,22.490000000000002,1007,0
2024,9,24,8,0,26.200000000000003,3.4000000000000004,23.01,1007,0
2024,9,24,8,30,25.700000000000003,3.4000000000000004,23.7,1007,0
2024,9,24,9,0,25.3,3.6,24.560000000000002,1007,0
2024,9,24,9,30,25,3.6,25,1007,0
2024,9,24,10,0,24.700000000000003,4,26.080000000000002,1007,0
2024,9,24,10,30,24.6,4,26.240000000000002,1007,0
2024,9,24,11,0,24.400000000000002,4.3,27.12,1007,0
2024,9,24,11,30,24.1,4.3,27.61,1007,0
2024,9,24,12,0,23.8,4.5,28.580000000000002,1007,0
2024,9,24,12,30,23.3,4.5,29.45,1007,0
2024,9,24,13,0,22.900000000000002,4.800000000000001,30.740000000000002,1007,0
2024,9,24,13,30,22.8,4.800000000000001,30.96,1008,0
2024,9,24,14,0,22.700000000000003,5.1000000000000005,31.88,1008,0
2024,9,24,14,30,23.8,5.1000000000000005,29.830000000000002,1008,0
2024,9,24,15,0,25,5.6000000000000005,28.77,1008,0
2024,9,24,15,30,26.3,5.6000000000000005,26.64,1008,0
2024,9,24,16,0,27.6,6,25.38,1008,0
2024,9,24,16,30,29.200000000000003,6,23.13,1008,0
2024,9,24,17,0,30.700000000000003,5.6000000000000005,20.67,1008,0
2024,9,24,17,30,32.1,5.7,19.1,1008,0
2024,9,24,18,0,33.6,5.2,17,1008,0
2024,9,24,18,30,35,5.2,15.73,1008,0
2024,9,24,19,0,36.5,3.7,13.09,1008,0
2024,9,24,19,30,37.800000000000004,3.7,12.18,1007,0
2024,9,24,20,0,39,2,10.09,1007,0
2024,9,24,20,30,39.6,2,9.76,1006,0
2024,9,24,21,0,40.300000000000004,1.3,8.96,1006,0
2024,9,24,21,30,40.400000000000006,1.3,8.91,1006,0
2024,9,24,22,0,40.5,1.2000000000000002,8.790000000000001,1005,0
2024,9,24,22,30,40.300000000000004,1.2000000000000002,8.88,1005,0
2024,9,24,23,0,40,1.4000000000000001,9.16,1005,0
2024,9,24,23,30,39.2,1.4000000000000001,9.56,1005,0
2024,9,25,0,0,38.5,2,10.39,1004,0
2024,9,25,0,30,36.300000000000004,2,11.72,1005,0
2024,9,25,1,0,34,3.9000000000000004,15.22,1005,0
2024,9,25,1,30,31.6,3.9000000000000004,17.41,1005,0
2024,9,25,2,0,29.200000000000003,6.5,23.84,1005,0
2024,9,25,2,30,27.6,6.5,26.150000000000002,1005,0
2024,9,25,3,0,26,8.9,33.94,1006,0
2024,9,25,3,30,24.900000000000002,8.9,36.22,1006,0
2024,9,25,4,0,23.8,10.4,42.77,1006,0
2024,9,25,4,30,23.1,10.4,44.6,1006,0
2024,9,25,5,0,22.3,11.200000000000001,49.51,1006,0
2024,9,25,5,30,21.700000000000003,11.200000000000001,51.35,1006,0
2024,9,25,6,0,21,11.8,55.61,1006,0
2024,9,25,6,30,20.5,11.8,57.34,1006,0
2024,9,25,7,0,19.900000000000002,12.200000000000001,61.01,1006,0
2024,9,25,7,30,19.5,12.200000000000001,62.6,1007,0
2024,9,25,8,0,19,12.5,65.91,1007,0
2024,9,25,8,30,18.6,12.5,67.57000000000001,1007,0
2024,9,25,9,0,18.3,12.5,69.07000000000001,1007,0
2024,9,25,9,30,18,12.5,70.38,1007,0
2024,9,25,10,0,17.8,12.4,70.71000000000001,1007,0
2024,9,25,10,30,17.5,12.4,72.06,1007,0
2024,9,25,11,0,17.3,12.3,72.57000000000001,1007,0
2024,9,25,11,30,17.1,12.3,73.49,1007,0
2024,9,25,12,0,16.8,12.3,74.91,1007,0
2024,9,25,12,30,16.6,12.3,75.87,1007,0
2024,9,25,13,0,16.400000000000002,12.4,77.2,1007,0
2024,9,25,13,30,16.400000000000002,12.4,77.2,1007,0
2024,9,25,14,0,16.400000000000002,12.5,77.53,1008,0
2024,9,25,14,30,17.3,12.5,73.24,1008,0
2024,9,25,15,0,18.2,12.200000000000001,68.21000000000001,1008,0
2024,9,25,15,30,19.6,12.200000000000001,62.52,1008,0
2024,9,25,16,0,20.900000000000002,11.600000000000001,55.21,1009,0
2024,9,25,16,30,22.3,11.600000000000001,50.69,1009,0
2024,9,25,17,0,23.700000000000003,10.8,44.13,1009,0
2024,9,25,17,30,25.1,10.8,40.6,1009,0
2024,9,25,18,0,26.5,9.600000000000001,34.44,1009,0
2024,9,25,18,30,27.6,9.600000000000001,32.29,1009,0
2024,9,25,19,0,28.8,8,27.17,1008,0
2024,9,25,19,30,29.6,8,25.95,1008,0
2024,9,25,20,0,30.3,6.9,23.06,1008,0
2024,9,25,20,30,30.6,6.9,22.67,1008,0
2024,9,25,21,0,30.8,6.4,21.61,1007,0
2024,9,25,21,30,30.6,6.4,21.86,1007,0
2024,9,25,22,0,30.400000000000002,6.300000000000001,21.98,1007,0
2024,9,25,22,30,29.700000000000003,6.300000000000001,22.88,1007,0
2024,9,25,23,0,29,6.6000000000000005,24.34,1007,0
2024,9,25,23,30,28,6.6000000000000005,25.78,1007,0
2024,9,26,0,0,27,7.1000000000000005,28.22,1007,0
2024,9,26,0,30,25.5,7,30.82,1007,0
2024,9,26,1,0,24,8,35.89,1007,0
2024,9,26,1,30,22.400000000000002,8,39.550000000000004,1008,0
2024,9,26,2,0,20.700000000000003,9.4,48.18,1008,0
2024,9,26,2,30,19.700000000000003,9.3,51.24,1008,0
2024,9,26,3,0,18.7,10.4,58.68,1009,0
2024,9,26,3,30,18.1,10.4,60.92,1009,0
2024,9,26,4,0,17.5,11.200000000000001,66.51,1009,0
2024,9,26,4,30,17,11.200000000000001,68.64,1009,0
2024,9,26,5,0,16.5,11.8,73.57000000000001,1009,0
2024,9,26,5,30,16.2,11.8,74.98,1009,0
2024,9,26,6,0,15.8,12.200000000000001,79,1009,0
2024,9,26,6,30,15.600000000000001,12.200000000000001,80.01,1009,0
2024,9,26,7,0,15.3,12.4,82.97,1009,0
2024,9,26,7,30,15.200000000000001,12.4,83.51,1009,0
2024,9,26,8,0,15,12.600000000000001,85.44,1009,0
2024,9,26,8,30,14.8,12.600000000000001,86.54,1009,0
2024,9,26,9,0,14.600000000000001,12.8,88.96000000000001,1009,0
2024,9,26,9,30,14.200000000000001,12.8,91.29,1009,0
2024,9,26,10,0,13.8,13,94.65,1009,0
2024,9,26,10,30,13.5,13,96.51,1009,0
2024,9,26,11,0,13.200000000000001,12.9,98.01,1009,0
2024,9,26,11,30,13,12.9,99.29,1009,0
2024,9,26,12,0,12.8,12.8,99.91,1009,0
2024,9,26,12,30,12.600000000000001,12.600000000000001,100,1010,0
2024,9,26,13,0,12.5,12.5,100,1010,0
2024,9,26,13,30,12.8,12.700000000000001,99.47,1010,0
2024,9,26,14,0,13.200000000000001,12.600000000000001,96.41,1010,0
2024,9,26,14,30,14.5,12.600000000000001,88.63,1010,0
2024,9,26,15,0,15.8,12.700000000000001,81.99,1011,0
2024,9,26,15,30,17.3,12.700000000000001,74.56,1011,0
2024,9,26,16,0,18.8,12.9,68.41,1011,0
2024,9,26,16,30,20.5,12.9,61.59,1011,0
2024,9,26,17,0,22.200000000000003,12.5,54.04,1012,0
2024,9,26,17,30,23.8,12.5,49.07,1012,0
2024,9,26,18,0,25.5,11.200000000000001,40.74,1012,0
2024,9,26,18,30,27,11.200000000000001,37.26,1011,0
2024,9,26,19,0,28.5,9.5,30.490000000000002,1011,0
2024,9,26,19,30,29.700000000000003,9.5,28.45,1011,0
2024,9,26,20,0,31,7.6000000000000005,23.17,1011,0
2024,9,26,20,30,32.1,7.6000000000000005,21.77,1011,0
2024,9,26,21,0,33.300000000000004,5,17,1010,0
2024,9,26,21,30,33.800000000000004,5,16.54,1010,0
2024,9,26,22,0,34.4,3.2,14.14,1010,0
2024,9,26,22,30,34.300000000000004,3.2,14.22,1010,0
2024,9,26,23,0,34.300000000000004,2.5,13.49,1009,0
2024,9,26,23,30,33.800000000000004,2.5,13.870000000000001,1009,0
2024,9,27,0,0,33.2,2.4000000000000004,14.280000000000001,1009,0
2024,9,27,0,30,31.1,2.4000000000000004,16.080000000000002,1009,0
2024,9,27,1,0,29,3.8000000000000003,19.990000000000002,1009,0
2024,9,27,1,30,26.8,3.8000000000000003,22.72,1009,0
2024,9,27,2,0,24.6,6.4,31.21,1010,0
2024,9,27,2,30,23.700000000000003,6.4,32.94,1010,0
2024,9,27,3,0,22.700000000000003,9.1,41.95,1010,0
2024,9,27,3,30,21.900000000000002,9.1,44.08,1011,0
2024,9,27,4,0,21.1,10.3,50.11,1011,0
2024,9,27,4,30,20.5,10.3,51.980000000000004,1011,0
2024,9,27,5,0,19.900000000000002,10.600000000000001,55.2,1011,0
2024,9,27,5,30,19.400000000000002,10.600000000000001,56.93,1011,0
2024,9,27,6,0,19,10.600000000000001,58.300000000000004,1011,0
2024,9,27,6,30,18.7,10.600000000000001,59.4,1011,0
2024,9,27,7,0,18.5,10.5,59.57,1011,0
2024,9,27,7,30,18.5,10.5,59.57,1011,0
2024,9,27,8,0,18.5,10.200000000000001,58.57,1011,0
2024,9,27,8,30,18.7,10.200000000000001,57.78,1010,0
2024,9,27,9,0,18.8,9.9,56.1,1010,0
2024,9,27,9,30,18.900000000000002,9.9,55.75,1010,0
2024,9,27,10,0,19,9.5,53.9,1010,0
2024,9,27,10,30,19,9.5,53.9,1010,0
2024,9,27,11,0,18.900000000000002,8.9,52.13,1010,0
2024,9,27,11,30,18.7,8.9,52.78,1010,0
2024,9,27,12,0,18.5,8.1,50.74,1010,0
2024,9,27,12,30,18,8.1,52.35,1010,0
2024,9,27,13,0,17.6,7.1000000000000005,50.230000000000004,1010,0
2024,9,27,13,30,17.400000000000002,7.1000000000000005,50.92,1011,0
2024,9,27,14,0,17.2,6,47.79,1011,0
2024,9,27,14,30,19.200000000000003,6,42.17,1011,0
2024,9,27,15,0,21.1,5.2,35.42,1011,0
2024,9,27,15,30,22.6,5.2,32.34,1011,0
2024,9,27,16,0,24.1,4.800000000000001,28.7,1011,0
2024,9,27,16,30,26,4.800000000000001,25.64,1011,0
2024,9,27,17,0,27.900000000000002,4,21.71,1011,0
2024,9,27,17,30,29.5,4,19.8,1011,0
2024,9,27,18,0,31.200000000000003,2.8000000000000003,16.5,1011,0
2024,9,27,18,30,32.800000000000004,2.8000000000000003,15.07,1010,0
2024,9,27,19,0,34.4,1.2000000000000002,12.24,1010,0
2024,9,27,19,30,35.4,1.2000000000000002,11.57,1009,0
2024,9,27,20,0,36.4,-0.1,9.99,1009,0
2024,9,27,20,30,37.1,-0.1,9.61,1009,0
2024,9,27,21,0,37.7,-1.8,8.21,1008,0
2024,9,27,21,30,38,-1.8,8.08,1008,0
2024,9,27,22,0,38.300000000000004,-3.3000000000000003,7.1000000000000005,1007,0
2024,9,27,22,30,38.2,-3.3000000000000003,7.140000000000001,1007,0
2024,9,27,23,0,38.1,-4.2,6.72,1007,0
2024,9,27,23,30,37.4,-4.2,6.98,1007,0
2024,9,28,0,0,36.7,-4.3,7.22,1006,0
2024,9,28,0,30,34.1,-4.3,8.33,1006,0
2024,9,28,1,0,31.6,-2.9000000000000004,10.63,1006,0
2024,9,28,1,30,29.5,-2.9000000000000004,11.99,1007,0
2024,9,28,2,0,27.400000000000002,-2.2,14.26,1007,0
2024,9,28,2,30,26.5,-2.2,15.030000000000001,1007,0
2024,9,28,3,0,25.6,-0.4,18.1,1007,0
2024,9,28,3,30,25,-0.4,18.75,1007,0
2024,9,28,4,0,24.3,1.6,22.59,1007,0
2024,9,28,4,30,23.700000000000003,1.6,23.42,1007,0
2024,9,28,5,0,23.200000000000003,3.2,27.13,1007,0
2024,9,28,5,30,22.700000000000003,3.2,27.96,1007,0
2024,9,28,6,0,22.200000000000003,4.3,31.09,1007,0
2024,9,28,6,30,21.8,4.3,31.85,1007,0
2024,9,28,7,0,21.400000000000002,4.9,34,1007,0
2024,9,28,7,30,21.1,4.9,34.63,1007,0
2024,9,28,8,0,20.8,5.1000000000000005,35.86,1007,0
2024,9,28,8,30,20.400000000000002,5.1000000000000005,36.76,1007,0
2024,9,28,9,0,20.1,5.4,38.26,1007,0
2024,9,28,9,30,19.700000000000003,5.4,39.22,1007,0
2024,9,28,10,0,19.400000000000002,5.800000000000001,40.95,1007,0
2024,9,28,10,30,19,5.800000000000001,41.980000000000004,1007,0
2024,9,28,11,0,18.7,6.1000000000000005,43.76,1007,0
2024,9,28,11,30,18.3,6.1000000000000005,44.86,1007,0
2024,9,28,12,0,17.900000000000002,6.300000000000001,46.7,1007,0
2024,9,28,12,30,17.6,6.300000000000001,47.59,1007,0
2024,9,28,13,0,17.3,6.4,48.84,1008,0
2024,9,28,13,30,17.3,6.4,48.84,1008,0
2024,9,28,14,0,17.3,6.4,48.660000000000004,1008,0
2024,9,28,14,30,19.200000000000003,6.4,43.21,1008,0
2024,9,28,15,0,21.1,6.2,37.96,1008,0
2024,9,28,15,30,22.6,6.2,34.65,1008,0
2024,9,28,16,0,24.1,6.1000000000000005,31.38,1009,0
2024,9,28,16,30,26.200000000000003,6.1000000000000005,27.71,1009,0
2024,9,28,17,0,28.400000000000002,5.4,23.28,1009,0
2024,9,28,17,30,30.400000000000002,5.5,20.75,1009,0
2024,9,28,18,0,32.4,2.1,14.61,1009,0
2024,9,28,18,30,33.800000000000004,2.1,13.51,1009,0
2024,9,28,19,0,35.1,-0.4,10.53,1009,0
2024,9,28,19,30,35.9,-0.4,10.07,1008,0
2024,9,28,20,0,36.7,-1.5,8.870000000000001,1008,0
2024,9,28,20,30,37,-1.5,8.73,1008,0
2024,9,28,21,0,37.300000000000004,-1.5,8.61,1008,0
2024,9,28,21,30,37.1,-1.5,8.700000000000001,1007,0
2024,9,28,22,0,36.9,-0.5,9.47,1007,0
2024,9,28,22,30,36.1,-0.5,9.89,1007,0
2024,9,28,23,0,35.4,1.2000000000000002,11.58,1007,0
2024,9,28,23,30,34.1,1.2000000000000002,12.450000000000001,1007,0
2024,9,29,0,0,32.7,3.4000000000000004,15.780000000000001,1007,0
2024,9,29,0,30,30.400000000000002,3.4000000000000004,17.990000000000002,1008,0
2024,9,29,1,0,28,6,24.75,1008,0
2024,9,29,1,30,25.700000000000003,6,28.32,1008,0
2024,9,29,2,0,23.3,8.3,38.2,1008,0
2024,9,29,2,30,21.900000000000002,8.3,41.62,1009,0
2024,9,29,3,0,20.5,9.700000000000001,49.96,1009,0
2024,9,29,3,30,19.6,9.700000000000001,52.81,1009,0
2024,9,29,4,0,18.8,10.5,58.47,1009,0
2024,9,29,4,30,18.1,10.5,61.08,1009,0
2024,9,29,5,0,17.5,11.200000000000001,66.37,1010,0
2024,9,29,5,30,16.900000000000002,11.200000000000001,68.92,1010,0
2024,9,29,6,0,16.3,11.700000000000001,74.43,1010,0
2024,9,29,6,30,15.9,11.700000000000001,76.35000000000001,1010,0
2024,9,29,7,0,15.4,12.100000000000001,80.9,1010,0
2024,9,29,7,30,15,12.100000000000001,83,1010,0
2024,9,29,8,0,14.600000000000001,12.4,86.57000000000001,1011,0
2024,9,29,8,30,14.4,12.4,87.7,1011,0
2024,9,29,9,0,14.100000000000001,12.4,89.5,1011,0
2024,9,29,9,30,13.9,12.4,90.67,1011,0
2024,9,29,10,0,13.700000000000001,12.3,91.43,1011,0
2024,9,29,10,30,13.5,12.3,92.63,1011,0
2024,9,29,11,0,13.3,12.200000000000001,93.21000000000001,1011,0
2024,9,29,11,30,13.200000000000001,12.200000000000001,93.82000000000001,1011,0
2024,9,29,12,0,13,12.100000000000001,94.07000000000001,1011,0
2024,9,29,12,30,12.9,12.100000000000001,94.68,1011,0
2024,9,29,13,0,12.700000000000001,11.9,95.18,1012,0
2024,9,29,13,30,12.9,11.9,93.95,1012,0
2024,9,29,14,0,13,11.9,92.93,1012,0
2024,9,29,14,30,14.200000000000001,11.9,85.97,1012,0
2024,9,29,15,0,15.3,12,80.46000000000001,1013,0
2024,9,29,15,30,16.900000000000002,12,72.67,1013,0
2024,9,29,16,0,18.5,11.9,65.43,1013,0
2024,9,29,16,30,20.200000000000003,11.9,58.89,1013,0
2024,9,29,17,0,21.900000000000002,11.600000000000001,51.870000000000005,1013,0
2024,9,29,17,30,23.6,11.600000000000001,46.81,1013,0
2024,9,29,18,0,25.3,10.600000000000001,39.730000000000004,1013,0
2024,9,29,18,30,27,10.600000000000001,35.95,1013,0
2024,9,29,19,0,28.6,8.8,28.93,1012,0
2024,9,29,19,30,30,8.8,26.7,1012,0
2024,9,29,20,0,31.400000000000002,6.4,20.95,1012,0
2024,9,29,20,30,32.4,6.4,19.79,1011,0
2024,9,29,21,0,33.4,3.8000000000000003,15.64,1011,0
2024,9,29,21,30,33.9,3.8000000000000003,15.21,1011,0
2024,9,29,22,0,34.5,1.8,12.700000000000001,1010,0
2024,9,29,22,30,34.5,1.8,12.700000000000001,1010,0
2024,9,29,23,0,34.4,0.7000000000000001,11.82,1010,0
2024,9,29,23,30,33.9,0.7000000000000001,12.14,1009,0
2024,9,30,0,0,33.4,0.4,12.23,1009,0
2024,9,30,0,30,31.3,0.4,13.76,1009,0
2024,9,30,1,0,29.200000000000003,1.4000000000000001,16.73,1009,0
2024,9,30,1,30,27.1,1.4000000000000001,18.91,1010,0
2024,9,30,2,0,25,2.7,23.47,1010,0
2024,9,30,2,30,24,2.7,24.91,1010,0
2024,9,30,3,0,23,4.9,30.85,1011,0
2024,9,30,3,30,22.200000000000003,4.9,32.38,1011,0
2024,9,30,4,0,21.3,6.9,39.32,1011,0
2024,9,30,4,30,20.6,6.9,41.04,1011,0
2024,9,30,5,0,19.900000000000002,8.3,47.13,1011,0
2024,9,30,5,30,19.400000000000002,8.3,48.61,1011,0
2024,9,30,6,0,18.900000000000002,8.9,52.410000000000004,1011,0
2024,9,30,6,30,18.6,8.9,53.4,1011,0
2024,9,30,7,0,18.3,8.9,54.31,1011,0
2024,9,30,7,30,18.3,8.9,54.31,1011,0
2024,9,30,8,0,18.2,8,51.42,1011,0
2024,9,30,8,30,18.3,8,51.1,1011,0
2024,9,30,9,0,18.400000000000002,6,44.17,1011,0
2024,9,30,9,30,18.3,6,44.44,1011,0
2024,9,30,10,0,18.2,2.5,35.12,1011,0
2024,9,30,10,30,18,2.5,35.56,1011,0
2024,9,30,11,0,17.8,-0.6000000000000001,28.7,1011,0
2024,9,30,11,30,17.6,-0.6000000000000001,29.060000000000002,1011,0
2024,9,30,12,0,17.400000000000002,-2.3000000000000003,26.04,1011,0
2024,9,30,12,30,17.2,-2.3000000000000003,26.37,1011,0
2024,9,30,13,0,17,-2.8000000000000003,25.650000000000002,1012,0
2024,9,30,13,30,17,-2.8000000000000003,25.650000000000002,1012,0
2024,9,30,14,0,17,-2.6,26.17,1012,0
2024,9,30,14,30,18.400000000000002,-2.6,23.96,1012,0
2024,9,30,15,0,19.700000000000003,-1.6,23.66,1012,0
2024,9,30,15,30,21.400000000000002,-1.6,21.330000000000002,1013,0
2024,9,30,16,0,23.1,0,21.61,1013,0
2024,9,30,16,30,25,0,19.29,1013,0
2024,9,30,17,0,27,1.3,18.92,1013,0
2024,9,30,17,30,28.8,1.4000000000000001,17.04,1013,0
2024,9,30,18,0,30.6,2,16.1,1013,0
2024,9,30,18,30,31.8,2,15.040000000000001,1013,0
2024,9,30,19,0,33,2.1,14.120000000000001,1012,0
2024,9,30,19,30,33.9,2.1,13.43,1012,0
2024,9,30,20,0,34.800000000000004,1.9000000000000001,12.65,1012,0
2024,9,30,20,30,35.5,1.9000000000000001,12.16,1011,0
2024,9,30,21,0,36.2,1.3,11.200000000000001,1011,0
2024,9,30,21,30,36.6,1.3,10.950000000000001,1010,0
2024,9,30,22,0,37,0.4,10,1010,0
2024,9,30,22,30,36.9,0.4,10.06,1010,0
2024,9,30,23,0,36.800000000000004,-0.30000000000000004,9.63,1010,0
2024,9,30,23,30,36.2,-0.30000000000000004,9.950000000000001,1010,0
2024,10,1,0,0,35.5,-0.2,10.4,1010,0
2024,10,1,0,30,33.6,-0.2,11.55,1010,0
2024,10,1,1,0,31.8,0.4,13.43,1010,0
2024,10,1,1,30,30.400000000000002,0.4,14.540000000000001,1010,0
2024,10,1,2,0,29,0.30000000000000004,15.610000000000001,1010,0
2024,10,1,2,30,28.3,0.30000000000000004,16.27,1011,0
2024,10,1,3,0,27.5,0.5,17.26,1011,0
2024,10,1,3,30,27.1,0.5,17.66,1011,0
2024,10,1,4,0,26.6,0.6000000000000001,18.34,1011,0
2024,10,1,4,30,26.3,0.6000000000000001,18.69,1012,0
2024,10,1,5,0,26,0.9,19.400000000000002,1012,0
2024,10,1,5,30,25.700000000000003,0.9,19.75,1012,0
2024,10,1,6,0,25.400000000000002,1.1,20.47,1012,0
2024,10,1,6,30,24.8,1.1,21.21,1012,0
2024,10,1,7,0,24.200000000000003,1.3,22.22,1012,0
2024,10,1,7,30,23.400000000000002,1.3,23.31,1012,0
2024,10,1,8,0,22.5,1.4000000000000001,24.77,1012,0
2024,10,1,8,30,21.8,1.4000000000000001,25.85,1012,0
2024,10,1,9,0,21.1,1.6,27.42,1012,0
2024,10,1,9,30,20.700000000000003,1.6,28.1,1012,0
2024,10,1,10,0,20.200000000000003,1.9000000000000001,29.71,1013,0
2024,10,1,10,30,19.900000000000002,1.9000000000000001,30.26,1013,0
2024,10,1,11,0,19.6,2.2,31.42,1013,0
2024,10,1,11,30,19.3,2.2,32.01,1013,0
2024,10,1,12,0,19.1,2.4000000000000004,32.96,1013,0
2024,10,1,12,30,18.8,2.4000000000000004,33.58,1013,0
2024,10,1,13,0,18.6,2.7,34.550000000000004,1014,0
2024,10,1,13,30,18.8,2.7,34.13,1014,0
2024,10,1,14,0,18.900000000000002,2.8000000000000003,34.32,1014,0
2024,10,1,14,30,20.900000000000002,2.8000000000000003,30.34,1014,0
2024,10,1,15,0,23,3,26.990000000000002,1014,0
2024,10,1,15,30,24.6,3,24.52,1014,0
2024,10,1,16,0,26.200000000000003,3.1,22.5,1015,0
2024,10,1,16,30,28.200000000000003,3.1,20.02,1015,0
2024,10,1,17,0,30.1,2.9000000000000004,17.650000000000002,1015,0
2024,10,1,17,30,31.700000000000003,2.9000000000000004,16.11,1015,0
2024,10,1,18,0,33.300000000000004,2.7,14.48,1015,0
2024,10,1,18,30,34.6,2.7,13.46,1014,0
2024,10,1,19,0,35.9,2.6,12.44,1014,0
2024,10,1,19,30,37,2.6,11.72,1014,0
2024,10,1,20,0,38.1,2.3000000000000003,10.81,1014,0
2024,10,1,20,30,39,2.3000000000000003,10.290000000000001,1013,0
2024,10,1,21,0,40,1.3,9.08,1013,0
2024,10,1,21,30,40.800000000000004,1.3,8.69,1012,0
2024,10,1,22,0,41.6,-0.8,7.2,1012,0
2024,10,1,22,30,41.6,-0.8,7.2,1012,0
2024,10,1,23,0,41.6,-1.3,6.94,1011,0
2024,10,1,23,30,40.900000000000006,-1.3,7.2,1011,0
2024,10,2,0,0,40.1,0.8,8.71,1011,0
2024,10,2,0,30,38.6,0.8,9.44,1011,0
2024,10,2,1,0,37.1,1,10.42,1011,0
2024,10,2,1,30,35.4,1,11.43,1011,0
2024,10,2,2,0,33.7,1,12.57,1011,0
2024,10,2,2,30,33.1,1,13,1011,0
2024,10,2,3,0,32.5,1.4000000000000001,13.86,1011,0
2024,10,2,3,30,31.900000000000002,1.4000000000000001,14.34,1011,0
2024,10,2,4,0,31.3,1.7000000000000002,15.11,1011,0
2024,10,2,4,30,30.6,1.7000000000000002,15.74,1012,0
2024,10,2,5,0,29.900000000000002,2,16.77,1012,0
2024,10,2,5,30,29.400000000000002,2,17.25,1012,0
2024,10,2,6,0,28.8,2.6,18.56,1012,0
2024,10,2,6,30,28.200000000000003,2.6,19.22,1012,0
2024,10,2,7,0,27.5,3.3000000000000003,21.1,1012,0
2024,10,2,7,30,26.900000000000002,3.3000000000000003,21.85,1012,0
2024,10,2,8,0,26.200000000000003,4,23.86,1012,0
2024,10,2,8,30,25.700000000000003,4,24.580000000000002,1012,0
2024,10,2,9,0,25.1,4.2,26,1012,0
2024,10,2,9,30,24.700000000000003,4.2,26.6,1011,0
2024,10,2,10,0,24.3,4,26.900000000000002,1011,0
2024,10,2,10,30,23.900000000000002,4,27.55,1011,0
2024,10,2,11,0,23.400000000000002,3.4000000000000004,27.22,1011,0
2024,10,2,11,30,23,3.4000000000000004,27.88,1011,0
2024,10,2,12,0,22.5,2.6,27.060000000000002,1011,0
2024,10,2,12,30,22.3,2.6,27.39,1011,0
2024,10,2,13,0,22.1,1.9000000000000001,26.34,1011,0
2024,10,2,13,30,22.200000000000003,1.9000000000000001,26.18,1011,0
2024,10,2,14,0,22.3,1.4000000000000001,25.07,1011,0
2024,10,2,14,30,24,1.4000000000000001,22.650000000000002,1012,0
2024,10,2,15,0,25.8,1.3,20.18,1012,0
2024,10,2,15,30,27.6,1.3,18.16,1012,0
2024,10,2,16,0,29.5,1.6,16.67,1012,0
2024,10,2,16,30,31.1,1.6,15.21,1012,0
2024,10,2,17,0,32.800000000000004,1.9000000000000001,14.120000000000001,1012,0
2024,10,2,17,30,34.300000000000004,1.9000000000000001,12.99,1012,0
2024,10,2,18,0,35.800000000000004,1.5,11.58,1012,0
2024,10,2,18,30,37.2,1.5,10.71,1011,0
2024,10,2,19,0,38.6,0.6000000000000001,9.34,1011,0
2024,10,2,19,30,39.900000000000006,0.6000000000000001,8.71,1010,0
2024,10,2,20,0,41.2,-0.2,7.66,1010,0
2024,10,2,20,30,41.800000000000004,-0.2,7.41,1009,0
2024,10,2,21,0,42.400000000000006,-0.2,7.17,1009,0
2024,10,2,21,30,42.5,-0.30000000000000004,7.12,1008,0
2024,10,2,22,0,42.6,0,7.23,1008,0
2024,10,2,22,30,42.300000000000004,0,7.34,1008,0
2024,10,2,23,0,42.1,0.30000000000000004,7.58,1007,0
2024,10,2,23,30,41.2,0.30000000000000004,7.95,1007,0
2024,10,3,0,0,40.300000000000004,0.9,8.72,1007,0
2024,10,3,0,30,37.4,0.9,10.18,1007,0
2024,10,3,1,0,34.6,1.9000000000000001,12.74,1007,0
2024,10,3,1,30,32.7,1.9000000000000001,14.16,1007,0
2024,10,3,2,0,30.700000000000003,2.5,16.61,1007,0
2024,10,3,2,30,29.8,2.5,17.490000000000002,1007,0
2024,10,3,3,0,28.900000000000002,2.9000000000000004,18.900000000000002,1007,0
2024,10,3,3,30,28.1,2.9000000000000004,19.81,1008,0
2024,10,3,4,0,27.400000000000002,2.6,20.16,1008,0
2024,10,3,4,30,26.8,2.6,20.88,1008,0
2024,10,3,5,0,26.200000000000003,2.1,20.88,1008,0
2024,10,3,5,30,25.900000000000002,2.1,21.26,1008,0
2024,10,3,6,0,25.5,1.7000000000000002,21.240000000000002,1008,0
2024,10,3,6,30,25.200000000000003,1.7000000000000002,21.62,1008,0
2024,10,3,7,0,24.900000000000002,1.7000000000000002,22.04,1008,0
2024,10,3,7,30,24.6,1.7000000000000002,22.44,1008,0
2024,10,3,8,0,24.3,2.1,23.43,1008,0
2024,10,3,8,30,23.8,2.1,24.14,1008,0
2024,10,3,9,0,23.3,2.6,25.84,1007,0
2024,10,3,9,30,22.900000000000002,2.6,26.47,1007,0
2024,10,3,10,0,22.400000000000002,3.2,28.42,1007,0
2024,10,3,10,30,22.1,3.2,28.94,1007,0
2024,10,3,11,0,21.700000000000003,3.7,30.740000000000002,1007,0
2024,10,3,11,30,21.5,3.7,31.12,1007,0
2024,10,3,12,0,21.200000000000003,4.1000000000000005,32.65,1007,0
2024,10,3,12,30,20.900000000000002,4.1000000000000005,33.25,1007,0
2024,10,3,13,0,20.6,4.4,34.53,1007,0
2024,10,3,13,30,20.5,4.4,34.75,1007,0
2024,10,3,14,0,20.400000000000002,4.5,35.18,1007,0
2024,10,3,14,30,22.1,4.5,31.740000000000002,1008,0
2024,10,3,15,0,23.700000000000003,4.6000000000000005,29,1008,0
2024,10,3,15,30,25.200000000000003,4.6000000000000005,26.52,1008,0
2024,10,3,16,0,26.6,4.800000000000001,24.73,1008,0
2024,10,3,16,30,28.6,4.800000000000001,22.01,1008,0
2024,10,3,17,0,30.6,4.800000000000001,19.66,1008,0
2024,10,3,17,30,32.7,4.9,17.46,1008,0
2024,10,3,18,0,34.800000000000004,3.2,13.780000000000001,1008,0
2024,10,3,18,30,36.6,3.2,12.49,1008,0
2024,10,3,19,0,38.5,-0.2,8.85,1008,0
2024,10,3,19,30,39.5,-0.2,8.38,1008,0
2024,10,3,20,0,40.5,-2.6,6.66,1007,0
2024,10,3,20,30,40.800000000000004,-2.6,6.5600000000000005,1007,0
2024,10,3,21,0,41.2,-4,5.8,1006,0
2024,10,3,21,30,41.1,-4,5.83,1006,0
2024,10,3,22,0,41,-4.7,5.5600000000000005,1006,0
2024,10,3,22,30,40.400000000000006,-4.7,5.74,1006,0
2024,10,3,23,0,39.900000000000006,-5.2,5.67,1006,0
2024,10,3,23,30,38.900000000000006,-5.2,5.98,1006,0
2024,10,4,0,0,37.800000000000004,-5.300000000000001,6.3100000000000005,1006,0
2024,10,4,0,30,34.9,-5.300000000000001,7.390000000000001,1006,0
2024,10,4,1,0,32,-4.2,9.46,1006,0
2024,10,4,1,30,29.900000000000002,-4.2,10.67,1007,0
2024,10,4,2,0,27.700000000000003,-2.2,13.98,1007,0
2024,10,4,2,30,26.8,-2.2,14.74,1007,0
2024,10,4,3,0,26,0.30000000000000004,18.66,1007,0
2024,10,4,3,30,25.3,0.30000000000000004,19.44,1007,0
2024,10,4,4,0,24.6,2.4000000000000004,23.580000000000002,1008,0
2024,10,4,4,30,24,2.4000000000000004,24.44,1008,0
2024,10,4,5,0,23.400000000000002,3.5,27.34,1008,0
2024,10,4,5,30,22.900000000000002,3.5,28.17,1008,0
2024,10,4,6,0,22.5,4,29.89,1008,0
2024,10,4,6,30,22.1,4,30.62,1008,0
2024,10,4,7,0,21.700000000000003,3.9000000000000004,31.12,1008,0
2024,10,4,7,30,21.3,3.9000000000000004,31.89,1008,0
2024,10,4,8,0,21,3.4000000000000004,31.36,1008,0
2024,10,4,8,30,20.700000000000003,3.4000000000000004,31.94,1008,0
2024,10,4,9,0,20.5,2.7,30.85,1009,0
2024,10,4,9,30,20.200000000000003,2.7,31.42,1009,0
2024,10,4,10,0,20,1.8,29.86,1008,0
2024,10,4,10,30,19.8,1.8,30.26,1009,0
2024,10,4,11,0,19.6,1.1,29.1,1009,0
2024,10,4,11,30,19.400000000000002,1.1,29.46,1009,0
2024,10,4,12,0,19.200000000000003,1,29.62,1009,0
2024,10,4,12,30,19,1,29.990000000000002,1009,0
2024,10,4,13,0,18.8,2.1,32.82,1010,0
2024,10,4,13,30,18.900000000000002,2.1,32.61,1010,0
2024,10,4,14,0,19,3.8000000000000003,36.49,1010,0
2024,10,4,14,30,20.5,3.8000000000000003,33.29,1011,0
2024,10,4,15,0,21.900000000000002,5.2,33.660000000000004,1011,0
2024,10,4,15,30,23.400000000000002,5.2,30.75,1011,0
2024,10,4,16,0,24.900000000000002,5.4,28.59,1012,0
2024,10,4,16,30,27.1,5.4,25.12,1012,0
2024,10,4,17,0,29.200000000000003,1.8,17.240000000000002,1012,0
2024,10,4,17,30,31.200000000000003,1.8,15.38,1012,0
2024,10,4,18,0,33.1,-0.7000000000000001,11.450000000000001,1012,0
2024,10,4,18,30,34.9,-0.7000000000000001,10.36,1012,0
2024,10,4,19,0,36.7,-4.6000000000000005,7.05,1012,0
2024,10,4,19,30,37.800000000000004,-4.6000000000000005,6.640000000000001,1012,0
2024,10,4,20,0,39,-5.7,5.74,1012,0
2024,10,4,20,30,39.5,-5.7,5.58,1012,0
2024,10,4,21,0,40,-4.2,6.07,1011,0
2024,10,4,21,30,40.1,-4.2,6.04,1011,0
2024,10,4,22,0,40.2,-2.5,6.82,1011,0
2024,10,4,22,30,39.800000000000004,-2.5,6.97,1011,0
2024,10,4,23,0,39.5,-1.2000000000000002,7.78,1011,0
2024,10,4,23,30,38.7,-1.2000000000000002,8.120000000000001,1011,0
2024,10,5,0,0,37.800000000000004,-0.1,9.24,1011,0
2024,10,5,0,30,35.1,-0.1,10.71,1011,0
2024,10,5,1,0,32.5,0.9,13.3,1011,0
2024,10,5,1,30,30.6,0.8,14.81,1011,0
2024,10,5,2,0,28.8,1.5,17.240000000000002,1011,0
2024,10,5,2,30,28.1,1.5,17.95,1011,0
2024,10,5,3,0,27.3,2.1,19.61,1011,0
2024,10,5,3,30,26.700000000000003,2.1,20.330000000000002,1012,0
2024,10,5,4,0,26.200000000000003,2.5,21.5,1012,0
2024,10,5,4,30,25.8,2.5,22.01,1012,0
2024,10,5,5,0,25.400000000000002,2.7,22.95,1012,0
2024,10,5,5,30,25.1,2.7,23.37,1012,0
2024,10,5,6,0,24.900000000000002,2.8000000000000003,23.81,1013,0
2024,10,5,6,30,24.700000000000003,2.8000000000000003,24.09,1013,0
2024,10,5,7,0,24.6,2.6,23.900000000000002,1013,0
2024,10,5,7,30,24.3,2.6,24.330000000000002,1013,0
2024,10,5,8,0,24.1,2.1,23.73,1013,0
2024,10,5,8,30,23.8,2.1,24.16,1013,0
2024,10,5,9,0,23.400000000000002,1.4000000000000001,23.57,1013,0
2024,10,5,9,30,23.1,1.4000000000000001,24,1013,0
2024,10,5,10,0,22.700000000000003,0.5,23.09,1013,0
2024,10,5,10,30,22.400000000000002,0.5,23.51,1013,0
2024,10,5,11,0,22.1,-0.6000000000000001,22.07,1013,0
2024,10,5,11,30,22,-0.6000000000000001,22.2,1013,0
2024,10,5,12,0,21.8,-1.7000000000000002,20.77,1013,0
2024,10,5,12,30,21.700000000000003,-1.6,20.91,1014,0
2024,10,5,13,0,21.6,-2.2,20.19,1014,0
2024,10,5,13,30,21.5,-2.2,20.31,1014,0
2024,10,5,14,0,21.400000000000002,-2,20.82,1014,0
2024,10,5,14,30,22.8,-1.9000000000000001,19.150000000000002,1015,0
2024,10,5,15,0,24.1,-0.9,19.06,1015,0
2024,10,5,15,30,25.900000000000002,-0.9,17.13,1015,0
2024,10,5,16,0,27.6,1.1,17.91,1015,0
2024,10,5,16,30,29.5,1.1,16.05,1015,0
2024,10,5,17,0,31.3,3.4000000000000004,17.05,1015,0
2024,10,5,17,30,32.9,3.4000000000000004,15.58,1015,0
2024,10,5,18,0,34.5,4.2,15.09,1015,0
2024,10,5,18,30,36,4.2,13.9,1015,0
2024,10,5,19,0,37.6,3,11.700000000000001,1014,0
2024,10,5,19,30,38.5,3,11.14,1014,0
2024,10,5,20,0,39.300000000000004,2.1,9.98,1014,0
2024,10,5,20,30,39.7,2.1,9.77,1014,0
2024,10,5,21,0,40.1,1.3,9.06,1013,0
2024,10,5,21,30,40.2,1.3,9.01,1013,0
2024,10,5,22,0,40.300000000000004,0.8,8.61,1013,0
2024,10,5,22,30,40,0.8,8.75,1013,0
2024,10,5,23,0,39.800000000000004,0.4,8.65,1012,0
2024,10,5,23,30,39,0.4,9.03,1012,0
2024,10,6,0,0,38.2,0.8,9.65,1012,0
2024,10,6,0,30,36.300000000000004,0.8,10.700000000000001,1012,0
2024,10,6,1,0,34.300000000000004,1.6,12.72,1012,0
2024,10,6,1,30,33.6,1.6,13.23,1012,0
2024,10,6,2,0,32.800000000000004,2,14.15,1012,0
2024,10,6,2,30,32.1,1.9000000000000001,14.72,1012,0
2024,10,6,3,0,31.5,2.5,15.790000000000001,1013,0
2024,10,6,3,30,30.6,2.5,16.62,1013,0
2024,10,6,4,0,29.700000000000003,2.8000000000000003,17.97,1013,0
2024,10,6,4,30,29.1,2.8000000000000003,18.6,1013,0
2024,10,6,5,0,28.400000000000002,3.2,19.830000000000002,1013,0
2024,10,6,5,30,28.1,3.2,20.18,1013,0
2024,10,6,6,0,27.8,3.4000000000000004,20.84,1013,0
2024,10,6,6,30,27.3,3.4000000000000004,21.45,1013,0
2024,10,6,7,0,26.8,3.5,22.240000000000002,1013,0
2024,10,6,7,30,26.200000000000003,3.5,23.04,1013,0
2024,10,6,8,0,25.6,3.5,23.95,1013,0
2024,10,6,8,30,24.8,3.5,25.11,1013,0
2024,10,6,9,0,24,3.6,26.57,1013,0
2024,10,6,9,30,23.400000000000002,3.6,27.55,1013,0
2024,10,6,10,0,22.700000000000003,3.8000000000000003,29.2,1013,0
2024,10,6,10,30,22.400000000000002,3.8000000000000003,29.73,1013,0
2024,10,6,11,0,22.200000000000003,4,30.490000000000002,1013,0
2024,10,6,11,30,21.900000000000002,4,31.05,1013,0
2024,10,6,12,0,21.6,4,31.51,1013,0
2024,10,6,12,30,21.3,4,32.09,1013,0
2024,10,6,13,0,21.1,3.8000000000000003,32.08,1013,0
2024,10,6,13,30,21,3.8000000000000003,32.28,1013,0
2024,10,6,14,0,21,3.6,31.830000000000002,1013,0
2024,10,6,14,30,22.700000000000003,3.6,28.7,1013,0
2024,10,6,15,0,24.400000000000002,3.5,25.79,1014,0
2024,10,6,15,30,26,3.5,23.46,1014,0
2024,10,6,16,0,27.5,3.6,21.57,1014,0
2024,10,6,16,30,29.3,3.6,19.43,1014,0
2024,10,6,17,0,31,3.4000000000000004,17.39,1014,0
2024,10,6,17,30,32.5,3.4000000000000004,15.98,1014,0
2024,10,6,18,0,34,3.1,14.35,1014,0
2024,10,6,18,30,35.4,3.1,13.280000000000001,1014,0
2024,10,6,19,0,36.7,2.5,11.84,1014,0
2024,10,6,19,30,38.1,2.5,10.97,1013,0
2024,10,6,20,0,39.5,1,9.120000000000001,1013,0
2024,10,6,20,30,40.1,0.9,8.82,1012,0
2024,10,6,21,0,40.7,0.2,8.08,1012,0
2024,10,6,21,30,40.800000000000004,0.2,8.03,1012,0
2024,10,6,22,0,40.900000000000006,-0.2,7.76,1011,0
2024,10,6,22,30,40.6,-0.2,7.88,1011,0
2024,10,6,23,0,40.300000000000004,-0.4,7.9,1011,0
2024,10,6,23,30,39.300000000000004,-0.4,8.33,1011,0
2024,10,7,0,0,38.2,0,9.13,1011,0
2024,10,7,0,30,35.9,0,10.34,1011,0
2024,10,7,1,0,33.6,0.9,12.540000000000001,1011,0
2024,10,7,1,30,32.5,0.9,13.33,1011,0
2024,10,7,2,0,31.400000000000002,1.3,14.66,1011,0
2024,10,7,2,30,30.900000000000002,1.3,15.08,1011,0
2024,10,7,3,0,30.400000000000002,1.6,15.84,1011,0
2024,10,7,3,30,30.200000000000003,1.6,16.04,1012,0
2024,10,7,4,0,29.900000000000002,1.7000000000000002,16.34,1012,0
2024,10,7,4,30,29.8,1.7000000000000002,16.43,1012,0
2024,10,7,5,0,29.700000000000003,1.7000000000000002,16.61,1012,0
2024,10,7,5,30,29.6,1.7000000000000002,16.71,1012,0
2024,10,7,6,0,29.5,1.8,16.93,1012,0
2024,10,7,6,30,29.400000000000002,1.8,17.01,1011,0
2024,10,7,7,0,29.200000000000003,1.9000000000000001,17.3,1011,0
2024,10,7,7,30,28.6,1.9000000000000001,17.91,1011,0
2024,10,7,8,0,27.900000000000002,2,18.77,1011,0
2024,10,7,8,30,27,2,19.78,1011,0
2024,10,7,9,0,26.1,2.2,21.240000000000002,1011,0
2024,10,7,9,30,25.1,2.2,22.54,1011,0
2024,10,7,10,0,24.200000000000003,2.7,24.55,1011,0
2024,10,7,10,30,23.8,2.7,25.14,1011,0
2024,10,7,11,0,23.3,3.3000000000000003,27.150000000000002,1011,0
2024,10,7,11,30,23,3.3000000000000003,27.650000000000002,1011,0
2024,10,7,12,0,22.700000000000003,4.1000000000000005,29.72,1011,0
2024,10,7,12,30,22.400000000000002,4.1000000000000005,30.26,1011,0
2024,10,7,13,0,22.1,4.7,32.21,1011,0
2024,10,7,13,30,22,4.7,32.410000000000004,1011,0
2024,10,7,14,0,21.900000000000002,5.300000000000001,34.03,1011,0
2024,10,7,14,30,23.200000000000003,5.300000000000001,31.46,1011,0
2024,10,7,15,0,24.5,5.9,30.29,1012,0
2024,10,7,15,30,26.1,5.9,27.55,1012,0
2024,10,7,16,0,27.700000000000003,6,25.26,1012,0
2024,10,7,16,30,29.6,6,22.64,1012,0
2024,10,7,17,0,31.5,5.4,19.36,1012,0
2024,10,7,17,30,33.2,5.4,17.6,1012,0
2024,10,7,18,0,34.9,4.4,14.98,1012,0
2024,10,7,18,30,36.4,4.4,13.780000000000001,1011,0
2024,10,7,19,0,37.800000000000004,3.1,11.68,1011,0
2024,10,7,19,30,38.900000000000006,3.1,11,1010,0
2024,10,7,20,0,39.900000000000006,2.5,9.94,1010,0
2024,10,7,20,30,40.2,2.5,9.78,1010,0
2024,10,7,21,0,40.6,2.4000000000000004,9.55,1009,0
2024,10,7,21,30,40.6,2.4000000000000004,9.55,1009,0
2024,10,7,22,0,40.6,2.5,9.58,1008,0
2024,10,7,22,30,40.2,2.5,9.790000000000001,1008,0
2024,10,7,23,0,39.900000000000006,2.5,9.950000000000001,1008,0
2024,10,7,23,30,39.1,2.5,10.38,1008,0
2024,10,8,0,0,38.300000000000004,2.7,11.040000000000001,1007,0
2024,10,8,0,30,36.2,2.7,12.370000000000001,1007,0
2024,10,8,1,0,34,3.3000000000000003,14.58,1007,0
2024,10,8,1,30,32.7,3.3000000000000003,15.700000000000001,1008,0
2024,10,8,2,0,31.3,3.6,17.36,1008,0
2024,10,8,2,30,30.5,3.6,18.17,1008,0
2024,10,8,3,0,29.8,4,19.34,1008,0
2024,10,8,3,30,29.400000000000002,4,19.79,1008,0
2024,10,8,4,0,29,4.1000000000000005,20.45,1008,0
2024,10,8,4,30,28.8,4.1000000000000005,20.69,1008,0
2024,10,8,5,0,28.5,4.2,21.18,1008,0
2024,10,8,5,30,28.3,4.2,21.43,1008,0
2024,10,8,6,0,28.1,4.2,21.7,1008,0
2024,10,8,6,30,27.8,4.2,22.080000000000002,1008,0
2024,10,8,7,0,27.5,4.2,22.42,1008,0
2024,10,8,7,30,27,4.2,23.09,1008,0
2024,10,8,8,0,26.6,4.2,23.64,1008,0
2024,10,8,8,30,26,4.2,24.490000000000002,1008,0
2024,10,8,9,0,25.3,4.4,25.91,1008,0
2024,10,8,9,30,24.700000000000003,4.4,26.85,1008,0
2024,10,8,10,0,24.1,4.6000000000000005,28.310000000000002,1008,0
2024,10,8,10,30,23.6,4.6000000000000005,29.17,1008,0
2024,10,8,11,0,23.1,4.6000000000000005,30.080000000000002,1008,0
2024,10,8,11,30,22.6,4.6000000000000005,31,1008,0
2024,10,8,12,0,22.200000000000003,4.4,31.240000000000002,1008,0
2024,10,8,12,30,21.900000000000002,4.4,31.82,1008,0
2024,10,8,13,0,21.5,4,31.73,1008,0
2024,10,8,13,30,21.3,4,32.15,1009,0
2024,10,8,14,0,21.1,3.6,31.66,1009,0
2024,10,8,14,30,22.6,3.6,28.900000000000002,1009,0
2024,10,8,15,0,24.200000000000003,3.4000000000000004,25.92,1009,0
2024,10,8,15,30,25.700000000000003,3.5,23.73,1010,0
2024,10,8,16,0,27.200000000000003,3.6,21.89,1010,0
2024,10,8,16,30,29,3.6,19.72,1010,0
2024,10,8,17,0,30.700000000000003,3.4000000000000004,17.7,1010,0
2024,10,8,17,30,32.4,3.4000000000000004,16.07,1010,0
2024,10,8,18,0,34,2.7,13.98,1010,0
2024,10,8,18,30,35.7,2.7,12.72,1009,0
2024,10,8,19,0,37.5,1.4000000000000001,10.52,1009,0
2024,10,8,19,30,38.300000000000004,1.4000000000000001,10.07,1009,0
2024,10,8,20,0,39.2,0.8,9.19,1008,0
2024,10,8,20,30,39.5,0.8,9.040000000000001,1008,0
2024,10,8,21,0,39.800000000000004,0.6000000000000001,8.77,1008,0
2024,10,8,21,30,39.7,0.6000000000000001,8.8,1007,0
2024,10,8,22,0,39.5,0.8,9,1007,0
2024,10,8,22,30,39,0.8,9.24,1007,0
2024,10,8,23,0,38.5,1.1,9.75,1007,0
2024,10,8,23,30,37.5,1.1,10.290000000000001,1007,0
2024,10,9,0,0,36.5,1.7000000000000002,11.3,1007,0
2024,10,9,0,30,34.1,1.7000000000000002,12.89,1007,0
2024,10,9,1,0,31.700000000000003,2.7,15.860000000000001,1008,0
2024,10,9,1,30,29.8,2.7,17.67,1008,0
2024,10,9,2,0,27.900000000000002,4.1000000000000005,21.82,1008,0
2024,10,9,2,30,26.900000000000002,4.1000000000000005,23.13,1008,0
2024,10,9,3,0,25.900000000000002,5.2,26.580000000000002,1008,0
2024,10,9,3,30,25.1,5.300000000000001,27.900000000000002,1009,0
2024,10,9,4,0,24.3,6.2,31.3,1009,0
2024,10,9,4,30,23.5,6.2,32.83,1009,0
2024,10,9,5,0,22.700000000000003,7.6000000000000005,37.79,1009,0
2024,10,9,5,30,21.900000000000002,7.6000000000000005,39.67,1009,0
2024,10,9,6,0,21.1,9.1,46.09,1010,0
2024,10,9,6,30,20.400000000000002,9.1,48.120000000000005,1010,0
2024,10,9,7,0,19.700000000000003,10.200000000000001,54.08,1010,0
2024,10,9,7,30,19.1,10.200000000000001,56.13,1010,0
2024,10,9,8,0,18.6,10.9,60.84,1010,0
2024,10,9,8,30,18.1,10.9,62.77,1010,0
2024,10,9,9,0,17.6,11.700000000000001,68.48,1010,0
2024,10,9,9,30,17.1,11.700000000000001,70.67,1010,0
2024,10,9,10,0,16.7,12.5,76.41,1010,0
2024,10,9,10,30,16.400000000000002,12.5,77.87,1010,0
2024,10,9,11,0,16.1,12.9,81.42,1010,0
2024,10,9,11,30,15.9,12.9,82.47,1010,0
2024,10,9,12,0,15.700000000000001,13.100000000000001,84.48,1011,0
2024,10,9,12,30,15.600000000000001,13.100000000000001,85.02,1011,0
2024,10,9,13,0,15.4,13.200000000000001,86.66,1011,0
2024,10,9,13,30,15.4,13.200000000000001,86.66,1011,0
2024,10,9,14,0,15.4,13.200000000000001,86.66,1011,0
2024,10,9,14,30,16.2,13.200000000000001,82.43,1012,0
2024,10,9,15,0,17.1,13.200000000000001,77.74,1012,0
2024,10,9,15,30,18.3,13.200000000000001,72.17,1013,0
2024,10,9,16,0,19.6,13.100000000000001,66.23,1013,0
2024,10,9,16,30,21.5,13.100000000000001,58.94,1013,0
2024,10,9,17,0,23.400000000000002,11.8,48.19,1013,0
2024,10,9,17,30,25.3,11.8,43.03,1013,0
2024,10,9,18,0,27.1,9.4,33,1013,0
2024,10,9,18,30,28.6,9.5,30.25,1013,0
2024,10,9,19,0,30,7.7,24.73,1013,0
2024,10,9,19,30,31.200000000000003,7.7,23.1,1013,0
2024,10,9,20,0,32.4,6.300000000000001,19.66,1012,0
2024,10,9,20,30,33.5,6.300000000000001,18.490000000000002,1012,0
2024,10,9,21,0,34.5,4.6000000000000005,15.51,1011,0
2024,10,9,21,30,34.800000000000004,4.6000000000000005,15.25,1011,0
2024,10,9,22,0,35.1,3.4000000000000004,13.780000000000001,1011,0
2024,10,9,22,30,34.800000000000004,3.4000000000000004,14.01,1011,0
2024,10,9,23,0,34.5,2.9000000000000004,13.780000000000001,1011,0
2024,10,9,23,30,33.300000000000004,2.9000000000000004,14.73,1011,0
2024,10,10,0,0,32.2,3.7,16.52,1010,0
2024,10,10,0,30,30.200000000000003,3.7,18.52,1011,0
2024,10,10,1,0,28.200000000000003,5.9,24.27,1011,0
2024,10,10,1,30,26.400000000000002,5.9,26.95,1011,0
2024,10,10,2,0,24.5,8.700000000000001,36.59,1011,0
2024,10,10,2,30,23.400000000000002,8.700000000000001,39.11,1012,0
2024,10,10,3,0,22.200000000000003,10.5,47.550000000000004,1012,0
2024,10,10,3,30,21.6,10.5,49.32,1012,0
2024,10,10,4,0,21,11.4,54.13,1012,0
2024,10,10,4,30,20.400000000000002,11.4,56.160000000000004,1012,0
2024,10,10,5,0,19.900000000000002,12,60.28,1012,0
2024,10,10,5,30,19.5,12,61.79,1012,0
2024,10,10,6,0,19,12.5,66.02,1013,0
2024,10,10,6,30,18.8,12.5,66.85,1013,0
2024,10,10,7,0,18.6,12.9,69.49,1013,0
2024,10,10,7,30,18.400000000000002,12.9,70.36,1013,0
2024,10,10,8,0,18.2,13.200000000000001,72.55,1013,0
2024,10,10,8,30,18,13.200000000000001,73.46000000000001,1013,0
2024,10,10,9,0,17.8,13.4,75.53,1013,0
2024,10,10,9,30,17.400000000000002,13.4,77.45,1013,0
2024,10,10,10,0,17,13.600000000000001,80.58,1013,0
2024,10,10,10,30,16.6,13.600000000000001,82.65,1013,0
2024,10,10,11,0,16.2,13.700000000000001,85.29,1013,0
2024,10,10,11,30,16.2,13.700000000000001,85.29,1013,0
2024,10,10,12,0,16.1,13.700000000000001,85.46000000000001,1013,0
2024,10,10,12,30,16.1,13.700000000000001,85.55,1014,0
2024,10,10,13,0,16.1,13.600000000000001,84.92,1014,0
2024,10,10,13,30,15.8,13.600000000000001,86.55,1014,0
2024,10,10,14,0,15.5,13.4,87.15,1014,0
2024,10,10,14,30,16.3,13.4,82.82000000000001,1014,0
2024,10,10,15,0,17.1,13.3,78.09,1014,0
2024,10,10,15,30,18.400000000000002,13.3,72.04,1015,0
2024,10,10,16,0,19.700000000000003,13.200000000000001,65.96000000000001,1015,0
2024,10,10,16,30,21.200000000000003,13.200000000000001,60.15,1015,0
2024,10,10,17,0,22.6,12.9,54.13,1015,0
2024,10,10,17,30,23.8,12.9,50.36,1015,0
2024,10,10,18,0,25,12.4,45.39,1015,0
2024,10,10,18,30,26,12.4,42.79,1015,0
2024,10,10,19,0,27,11.700000000000001,38.59,1015,0
2024,10,10,19,30,27.900000000000002,11.700000000000001,36.62,1015,0
2024,10,10,20,0,28.700000000000003,10.700000000000001,32.730000000000004,1014,0
2024,10,10,20,30,29.400000000000002,10.700000000000001,31.44,1014,0
2024,10,10,21,0,30,9.600000000000001,28.23,1014,0
2024,10,10,21,30,30.5,9.600000000000001,27.43,1014,0
2024,10,10,22,0,30.900000000000002,8.6,24.98,1014,0
2024,10,10,22,30,31,8.6,24.810000000000002,1013,0
2024,10,10,23,0,31.1,7.7,23.3,1013,0
2024,10,10,23,30,30.6,7.7,23.97,1013,0
2024,10,11,0,0,30.200000000000003,7.300000000000001,23.84,1013,0
2024,10,11,0,30,28,7.300000000000001,27.060000000000002,1013,0
2024,10,11,1,0,25.8,7.7,31.73,1013,0
2024,10,11,1,30,24.3,7.7,34.68,1013,0
2024,10,11,2,0,22.900000000000002,8.3,39.34,1013,0
2024,10,11,2,30,21.8,8.3,42.050000000000004,1013,0
2024,10,11,3,0,20.700000000000003,8.6,45.92,1014,0
2024,10,11,3,30,19.8,8.6,48.54,1014,0
2024,10,11,4,0,18.900000000000002,8.700000000000001,51.72,1014,0
2024,10,11,4,30,18.2,8.700000000000001,54.03,1014,0
2024,10,11,5,0,17.6,9.4,58.53,1014,0
2024,10,11,5,30,17.1,9.4,60.4,1014,0
2024,10,11,6,0,16.5,10.4,67.06,1014,0
2024,10,11,6,30,16.1,10.4,68.78,1014,0
2024,10,11,7,0,15.700000000000001,11.3,74.88,1014,0
2024,10,11,7,30,15.3,11.3,76.82000000000001,1014,0
2024,10,11,8,0,14.8,11.9,82.93,1014,0
2024,10,11,8,30,14.5,11.9,84.55,1014,0
2024,10,11,9,0,14.200000000000001,12.100000000000001,87.38,1014,0
2024,10,11,9,30,14,12.100000000000001,88.51,1014,0
2024,10,11,10,0,13.700000000000001,12,89.21000000000001,1014,0
2024,10,11,10,30,13.5,12,90.38,1014,0
2024,10,11,11,0,13.3,11.700000000000001,90.32000000000001,1014,0
2024,10,11,11,30,13.200000000000001,11.700000000000001,90.91,1014,0
2024,10,11,12,0,13.100000000000001,11.600000000000001,90.66,1014,0
2024,10,11,12,30,13.200000000000001,11.600000000000001,90.07000000000001,1014,0
2024,10,11,13,0,13.3,11.5,88.94,1014,0
2024,10,11,13,30,13.4,11.5,88.36,1014,0
2024,10,11,14,0,13.4,11.4,87.79,1014,0
2024,10,11,14,30,14,11.4,84.44,1014,0
2024,10,11,15,0,14.600000000000001,11.3,80.82000000000001,1015,0
2024,10,11,15,30,16.1,11.3,73.43,1015,0
2024,10,11,16,0,17.5,10.4,63.03,1015,0
2024,10,11,16,30,19.5,10.4,55.63,1015,0
2024,10,11,17,0,21.400000000000002,8.200000000000001,42.81,1015,0
2024,10,11,17,30,23.1,8.200000000000001,38.62,1015,0
2024,10,11,18,0,24.8,5.7,29.240000000000002,1016,0
2024,10,11,18,30,26.200000000000003,5.7,26.89,1015,0
2024,10,11,19,0,27.5,3.8000000000000003,21.93,1015,0
2024,10,11,19,30,28.3,3.8000000000000003,20.93,1015,0
2024,10,11,20,0,29.200000000000003,3.2,18.95,1015,0
2024,10,11,20,30,29.700000000000003,3.2,18.41,1015,0
2024,10,11,21,0,30.1,2.8000000000000003,17.47,1014,0
2024,10,11,21,30,30.1,2.8000000000000003,17.47,1014,0
2024,10,11,22,0,30,2.8000000000000003,17.66,1014,0
2024,10,11,22,30,29.400000000000002,2.8000000000000003,18.28,1014,0
2024,10,11,23,0,28.700000000000003,3.5,20,1014,0
2024,10,11,23,30,27.400000000000002,3.5,21.56,1014,0
2024,10,12,0,0,26,5.1000000000000005,26.12,1014,0
2024,10,12,0,30,24.400000000000002,5.1000000000000005,28.75,1015,0
2024,10,12,1,0,22.700000000000003,7.2,36.87,1015,0
2024,10,12,1,30,21.400000000000002,7.2,39.9,1015,0
2024,10,12,2,0,20.1,8.700000000000001,47.78,1015,0
2024,10,12,2,30,19.3,8.700000000000001,50.25,1016,0
2024,10,12,3,0,18.400000000000002,9.3,55.42,1016,0
2024,10,12,3,30,17.900000000000002,9.3,57.18,1016,0
2024,10,12,4,0,17.400000000000002,9.600000000000001,60.03,1016,0
2024,10,12,4,30,17.1,9.600000000000001,61.17,1016,0
2024,10,12,5,0,16.7,9.9,64.36,1016,0
2024,10,12,5,30,16.5,9.9,65.18,1016,0
2024,10,12,6,0,16.3,10.5,68.72,1016,0
2024,10,12,6,30,16.1,10.5,69.60000000000001,1016,0
2024,10,12,7,0,15.9,11.3,74.33,1017,0
2024,10,12,7,30,15.700000000000001,11.3,75.28,1017,0
2024,10,12,8,0,15.5,12,79.58,1017,0
2024,10,12,8,30,15.3,12,80.61,1017,0
2024,10,12,9,0,15.100000000000001,12.5,84.55,1017,0
2024,10,12,9,30,14.8,12.5,86.19,1017,0
2024,10,12,10,0,14.5,12.9,90.33,1017,0
2024,10,12,10,30,14.3,12.9,91.51,1017,0
2024,10,12,11,0,14.100000000000001,13.200000000000001,94.12,1017,0
2024,10,12,11,30,13.9,13.200000000000001,95.43,1018,0
2024,10,12,12,0,13.700000000000001,13.3,97.68,1018,0
2024,10,12,12,30,13.600000000000001,13.3,98.32000000000001,1018,0
2024,10,12,13,0,13.5,13.4,99.39,1018,0
2024,10,12,13,30,13.5,13.4,99.39,1018,0
2024,10,12,14,0,13.600000000000001,13.5,99.31,1018,0
2024,10,12,14,30,14.8,13.5,91.91,1018,0
2024,10,12,15,0,16,14.100000000000001,88.60000000000001,1018,0
2024,10,12,15,30,17.3,14.100000000000001,81.68,1019,0
2024,10,12,16,0,18.7,14.700000000000001,77.77,1019,0
2024,10,12,16,30,20.1,14.700000000000001,71.31,1019,0
2024,10,12,17,0,21.5,14.9,65.87,1019,0
2024,10,12,17,30,22.900000000000002,14.9,60.51,1019,0
2024,10,12,18,0,24.200000000000003,14.9,56.14,1019,0
2024,10,12,18,30,25.3,14.9,52.59,1019,0
2024,10,12,19,0,26.400000000000002,15.100000000000001,49.75,1019,0
2024,10,12,19,30,27,15.100000000000001,47.980000000000004,1018,0
2024,10,12,20,0,27.6,15.200000000000001,46.87,1018,0
2024,10,12,20,30,27.700000000000003,15.200000000000001,46.6,1018,0
2024,10,12,21,0,27.900000000000002,15.600000000000001,47.03,1017,0
2024,10,12,21,30,27.700000000000003,15.600000000000001,47.58,1017,0
2024,10,12,22,0,27.5,15.9,49.17,1017,0
2024,10,12,22,30,27.1,15.9,50.33,1017,0
2024,10,12,23,0,26.700000000000003,16.2,52.410000000000004,1017,0
2024,10,12,23,30,26.1,16.2,54.29,1017,0
2024,10,13,0,0,25.400000000000002,16.3,57.31,1017,0
2024,10,13,0,30,24.3,16.3,61.18,1017,0
2024,10,13,1,0,23.200000000000003,16.7,66.7,1017,0
2024,10,13,1,30,22.1,16.7,71.29,1017,0
2024,10,13,2,0,21,17.1,78.23,1017,0
2024,10,13,2,30,20.5,17.1,80.67,1017,0
2024,10,13,3,0,20,17.1,83.57000000000001,1018,0
2024,10,13,3,30,19.6,17.1,85.66,1018,0
2024,10,13,4,0,19.200000000000003,16.900000000000002,86.8,1018,0
2024,10,13,4,30,18.8,16.900000000000002,88.99,1018,0
2024,10,13,5,0,18.400000000000002,16.8,90.13,1018,0
2024,10,13,5,30,18.1,16.8,91.84,1018,0
2024,10,13,6,0,17.8,16.6,92.46000000000001,1018,0
2024,10,13,6,30,17.5,16.6,94.22,1018,0
2024,10,13,7,0,17.3,16.400000000000002,94.22,1017,0
2024,10,13,7,30,17.1,16.400000000000002,95.42,1017,0
2024,10,13,8,0,16.900000000000002,16.2,95.58,1017,0
2024,10,13,8,30,16.7,16.2,96.8,1017,0
2024,10,13,9,0,16.6,16,96.24000000000001,1017,0
2024,10,13,9,30,16.5,16,96.86,1017,0
2024,10,13,10,0,16.400000000000002,15.8,96.36,1017,0
2024,10,13,10,30,16.3,15.8,96.97,1017,0
2024,10,13,11,0,16.2,15.700000000000001,96.55,1017,0
2024,10,13,11,30,16.1,15.700000000000001,97.17,1017,0
2024,10,13,12,0,16,15.5,96.68,1017,0
2024,10,13,12,30,15.9,15.5,97.3,1017,0
2024,10,13,13,0,15.9,15.3,96.15,1017,0
2024,10,13,13,30,15.9,15.3,96.15,1017,0
2024,10,13,14,0,15.9,15.100000000000001,95.04,1017,0
2024,10,13,14,30,17.1,15.100000000000001,88.07000000000001,1017,0
2024,10,13,15,0,18.400000000000002,15.3,82.3,1017,0
2024,10,13,15,30,19.700000000000003,15.3,75.91,1017,0
2024,10,13,16,0,21.1,15.8,71.9,1017,0
2024,10,13,16,30,22.6,15.8,65.63,1017,0
2024,10,13,17,0,24.1,15.8,59.81,1017,0
2024,10,13,17,30,25.3,15.8,55.69,1017,0
2024,10,13,18,0,26.6,15,49.08,1017,0
2024,10,13,18,30,27.6,15,46.25,1016,0
2024,10,13,19,0,28.6,13.4,39.230000000000004,1016,0
2024,10,13,19,30,29.200000000000003,13.4,37.86,1015,0
2024,10,13,20,0,29.900000000000002,11.8,32.9,1015,0
2024,10,13,20,30,30.200000000000003,11.8,32.34,1015,0
2024,10,13,21,0,30.6,10.8,29.580000000000002,1014,0
2024,10,13,21,30,30.6,10.8,29.580000000000002,1014,0
2024,10,13,22,0,30.700000000000003,10.3,28.42,1014,0
2024,10,13,22,30,30.5,10.3,28.75,1014,0
2024,10,13,23,0,30.400000000000002,10.200000000000001,28.6,1014,0
2024,10,13,23,30,29.8,10.200000000000001,29.6,1014,0
2024,10,14,0,0,29.3,10.4,30.91,1014,0
2024,10,14,0,30,27.6,10.4,34.1,1014,0
2024,10,14,1,0,25.900000000000002,11,39.26,1014,0
2024,10,14,1,30,24.6,11,42.410000000000004,1014,0
2024,10,14,2,0,23.400000000000002,11.9,48.550000000000004,1015,0
2024,10,14,2,30,22.6,11.9,50.95,1015,0
2024,10,14,3,0,21.8,12.9,57,1015,0
2024,10,14,3,30,21,12.9,59.910000000000004,1016,0
2024,10,14,4,0,20.200000000000003,13.4,65.05,1016,0
2024,10,14,4,30,19.700000000000003,13.4,67.08,1016,0
2024,10,14,5,0,19.3,13.700000000000001,69.85000000000001,1016,0
2024,10,14,5,30,18.900000000000002,13.700000000000001,71.60000000000001,1016,0
2024,10,14,6,0,18.6,13.700000000000001,73.32000000000001,1016,0
2024,10,14,6,30,18.3,13.700000000000001,74.7,1016,0
2024,10,14,7,0,18,13.700000000000001,75.76,1016,0
2024,10,14,7,30,17.7,13.700000000000001,77.2,1016,0
2024,10,14,8,0,17.400000000000002,13.5,77.74,1016,0
2024,10,14,8,30,17.1,13.5,79.22,1016,0
2024,10,14,9,0,16.8,13.3,79.73,1016,0
2024,10,14,9,30,16.5,13.3,81.26,1016,0
2024,10,14,10,0,16.2,13.200000000000001,82.19,1016,0
2024,10,14,10,30,15.9,13.200000000000001,83.77,1016,0
2024,10,14,11,0,15.600000000000001,13,84.71000000000001,1016,0
2024,10,14,11,30,15.3,13,86.35000000000001,1016,0
2024,10,14,12,0,15,12.8,86.84,1016,0
2024,10,14,12,30,14.700000000000001,12.8,88.53,1016,0
2024,10,14,13,0,14.5,12.600000000000001,88.28,1016,0
2024,10,14,13,30,14.3,12.600000000000001,89.51,1017,0
2024,10,14,14,0,14.100000000000001,12.4,89.26,1017,0
2024,10,14,14,30,14.9,12.4,84.78,1017,0
2024,10,14,15,0,15.600000000000001,12.100000000000001,79.85000000000001,1017,0
2024,10,14,15,30,17,12.100000000000001,73.06,1017,0
2024,10,14,16,0,18.5,12.100000000000001,66.23,1018,0
2024,10,14,16,30,20.6,12.100000000000001,58.160000000000004,1018,0
2024,10,14,17,0,22.700000000000003,12.200000000000001,51.68,1018,0
2024,10,14,17,30,24.900000000000002,12.200000000000001,45.26,1017,0
2024,10,14,18,0,27.200000000000003,11,36.410000000000004,1017,0
2024,10,14,18,30,28.3,11,34.15,1017,0
2024,10,14,19,0,29.400000000000002,9.5,28.96,1017,0
2024,10,14,19,30,30,9.5,27.95,1016,0
2024,10,14,20,0,30.700000000000003,8.200000000000001,24.580000000000002,1016,0
2024,10,14,20,30,31.1,8.200000000000001,24.01,1015,0
2024,10,14,21,0,31.5,7.2,21.93,1015,0
2024,10,14,21,30,31.6,7.2,21.81,1015,0
2024,10,14,22,0,31.8,6.6000000000000005,20.71,1014,0
2024,10,14,22,30,31.5,6.6000000000000005,21.06,1014,0
2024,10,14,23,0,31.3,6.300000000000001,20.92,1014,0
2024,10,14,23,30,30.6,6.300000000000001,21.77,1014,0
2024,10,15,0,0,29.900000000000002,6.7,23.3,1014,0
2024,10,15,0,30,27.6,6.7,26.6,1014,0
2024,10,15,1,0,25.400000000000002,8.3,33.74,1015,0
2024,10,15,1,30,23.6,8.3,37.56,1015,0
2024,10,15,2,0,21.8,10.600000000000001,48.92,1015,0
2024,10,15,2,30,20.700000000000003,10.600000000000001,52.38,1016,0
2024,10,15,3,0,19.6,11.9,61.26,1016,0
2024,10,15,3,30,19,11.9,63.58,1016,0
2024,10,15,4,0,18.3,12.5,68.98,1016,0
2024,10,15,4,30,17.8,12.5,71.18,1016,0
2024,10,15,5,0,17.3,12.9,75.33,1016,0
2024,10,15,5,30,16.900000000000002,12.9,77.26,1016,0
2024,10,15,6,0,16.5,13.200000000000001,80.71000000000001,1016,0
2024,10,15,6,30,16.1,13.200000000000001,82.78,1016,0
2024,10,15,7,0,15.8,13.3,85.17,1016,0
2024,10,15,7,30,15.4,13.3,87.37,1016,0
2024,10,15,8,0,15.100000000000001,13.3,89.2,1016,0
2024,10,15,8,30,14.8,13.3,90.94,1016,0
2024,10,15,9,0,14.5,13.200000000000001,92.05,1016,0
2024,10,15,9,30,14.200000000000001,13.200000000000001,93.85000000000001,1016,0
2024,10,15,10,0,13.9,13,94.39,1016,0
2024,10,15,10,30,13.700000000000001,13,95.62,1016,0
2024,10,15,11,0,13.5,12.700000000000001,95.19,1016,0
2024,10,15,11,30,13.4,12.700000000000001,95.81,1016,0
2024,10,15,12,0,13.200000000000001,12.5,95.31,1016,0
2024,10,15,12,30,13.100000000000001,12.5,95.93,1016,0
2024,10,15,13,0,13,12.100000000000001,94.44,1016,0
2024,10,15,13,30,13,12.100000000000001,94.44,1016,0
2024,10,15,14,0,13,11.700000000000001,92.03,1016,0
2024,10,15,14,30,14.200000000000001,11.700000000000001,85.14,1016,0
2024,10,15,15,0,15.4,11.3,76.76,1017,0
2024,10,15,15,30,16.900000000000002,11.3,69.78,1017,0
2024,10,15,16,0,18.3,10.9,62.04,1017,0
2024,10,15,16,30,20.200000000000003,10.9,55.14,1017,0
2024,10,15,17,0,22.1,9.9,46.03,1017,0
2024,10,15,17,30,23.900000000000002,10,41.300000000000004,1017,0
2024,10,15,18,0,25.700000000000003,8.8,34.37,1016,0
2024,10,15,18,30,27.8,8.8,30.39,1016,0
2024,10,15,19,0,30,5.2,20.84,1016,0
2024,10,15,19,30,31.1,5.2,19.55,1015,0
2024,10,15,20,0,32.2,3.1,15.88,1015,0
2024,10,15,20,30,32.6,3.1,15.51,1014,0
2024,10,15,21,0,33,2.3000000000000003,14.38,1014,0
2024,10,15,21,30,33.1,2.3000000000000003,14.3,1014,0
2024,10,15,22,0,33.1,2.4000000000000004,14.32,1013,0
2024,10,15,22,30,32.9,2.4000000000000004,14.48,1013,0
2024,10,15,23,0,32.6,3,15.4,1013,0
2024,10,15,23,30,31.8,3,16.11,1013,0
2024,10,16,0,0,30.900000000000002,4.7,19.09,1013,0
2024,10,16,0,30,28.400000000000002,4.7,22.03,1013,0
2024,10,16,1,0,25.900000000000002,7.9,31.91,1013,0
2024,10,16,1,30,24.5,7.9,34.67,1013,0
2024,10,16,2,0,23.1,11.200000000000001,47.230000000000004,1013,0
2024,10,16,2,30,22,11.200000000000001,50.480000000000004,1013,0
2024,10,16,3,0,20.900000000000002,13,60.410000000000004,1013,0
2024,10,16,3,30,20.3,12.9,62.68,1013,0
2024,10,16,4,0,19.700000000000003,13.600000000000001,67.92,1013,0
2024,10,16,4,30,19.3,13.600000000000001,69.62,1013,0
2024,10,16,5,0,18.8,13.9,73.26,1013,0
2024,10,16,5,30,18.5,13.9,74.64,1013,0
2024,10,16,6,0,18.1,14,77.22,1013,0
2024,10,16,6,30,17.900000000000002,14,78.19,1013,0
2024,10,16,7,0,17.6,14.100000000000001,79.83,1013,0
2024,10,16,7,30,17.400000000000002,14.100000000000001,80.84,1013,0
2024,10,16,8,0,17.2,14.100000000000001,81.9,1013,0
2024,10,16,8,30,17,14.100000000000001,82.93,1013,0
2024,10,16,9,0,16.900000000000002,14,83.23,1013,0
2024,10,16,9,30,16.7,14,84.28,1013,0
2024,10,16,10,0,16.6,14,84.81,1013,0
2024,10,16,10,30,16.5,14,85.26,1012,0
2024,10,16,11,0,16.400000000000002,14.100000000000001,86.37,1012,0
2024,10,16,11,30,16.3,14.100000000000001,86.92,1012,0
2024,10,16,12,0,16.3,14.100000000000001,87.05,1012,0
2024,10,16,12,30,16.3,14.100000000000001,87.05,1012,0
2024,10,16,13,0,16.3,14.100000000000001,86.73,1013,0
2024,10,16,13,30,16.3,14.100000000000001,86.73,1013,0
2024,10,16,14,0,16.3,13.9,85.89,1013,0
2024,10,16,14,30,16.400000000000002,13.9,85.35000000000001,1013,0
2024,10,16,15,0,16.5,13.9,84.59,1013,0
2024,10,16,15,30,16.900000000000002,13.9,82.47,1013,0
2024,10,16,16,0,17.400000000000002,13.8,79.56,1013,0
2024,10,16,16,30,19.1,13.8,71.54,1013,0
2024,10,16,17,0,20.900000000000002,13,60.51,1013,0
2024,10,16,17,30,23,13,53.26,1013,0
2024,10,16,18,0,25.1,11.4,42.300000000000004,1013,0
2024,10,16,18,30,26.400000000000002,11.4,39.18,1013,0
2024,10,16,19,0,27.700000000000003,10.5,34.22,1012,0
2024,10,16,19,30,28.3,10.5,33.05,1012,0
2024,10,16,20,0,29,9.9,30.48,1012,0
2024,10,16,20,30,29.200000000000003,9.9,30.1,1011,0
2024,10,16,21,0,29.400000000000002,9.5,28.92,1011,0
2024,10,16,21,30,29.3,9.5,29.080000000000002,1011,0
2024,10,16,22,0,29.200000000000003,9.3,28.89,1010,0
2024,10,16,22,30,28.8,9.3,29.57,1010,0
2024,10,16,23,0,28.400000000000002,9.200000000000001,30.16,1010,0
2024,10,16,23,30,27.700000000000003,9.200000000000001,31.41,1010,0
2024,10,17,0,0,26.900000000000002,9.3,33.05,1010,0
2024,10,17,0,30,25.6,9.3,35.67,1010,0
2024,10,17,1,0,24.3,9.600000000000001,39.37,1011,0
2024,10,17,1,30,23.1,9.600000000000001,42.300000000000004,1011,0
2024,10,17,2,0,21.900000000000002,10.100000000000001,47.04,1011,0
2024,10,17,2,30,20.900000000000002,10.100000000000001,50,1011,0
2024,10,17,3,0,19.900000000000002,10.600000000000001,55.2,1011,0
2024,10,17,3,30,19.3,10.600000000000001,57.28,1011,0
2024,10,17,4,0,18.7,11.200000000000001,61.85,1011,0
2024,10,17,4,30,18.1,11.200000000000001,64.21000000000001,1011,0
2024,10,17,5,0,17.5,11.700000000000001,68.9,1011,0
2024,10,17,5,30,16.900000000000002,11.700000000000001,71.56,1011,0
2024,10,17,6,0,16.400000000000002,12,75.27,1011,0
2024,10,17,6,30,16,12,77.21000000000001,1011,0
2024,10,17,7,0,15.600000000000001,12.100000000000001,79.47,1011,0
2024,10,17,7,30,15.3,12.100000000000001,81.01,1011,0
2024,10,17,8,0,14.9,12,82.73,1010,0
2024,10,17,8,30,14.600000000000001,12,84.34,1010,0
2024,10,17,9,0,14.3,11.9,85.37,1010,0
2024,10,17,9,30,14,11.9,87.04,1010,0
2024,10,17,10,0,13.700000000000001,11.700000000000001,87.99,1010,0
2024,10,17,10,30,13.5,11.700000000000001,89.14,1010,0
2024,10,17,11,0,13.200000000000001,11.5,89.68,1010,0
2024,10,17,11,30,13,11.5,90.86,1010,0
2024,10,17,12,0,12.700000000000001,11.200000000000001,90.53,1010,0
2024,10,17,12,30,12.5,11.200000000000001,91.73,1010,0
2024,10,17,13,0,12.3,10.8,90.61,1010,0
2024,10,17,13,30,12.200000000000001,10.8,91.2,1010,0
2024,10,17,14,0,12.100000000000001,10.4,89.25,1010,0
2024,10,17,14,30,13.100000000000001,10.4,83.60000000000001,1010,0
2024,10,17,15,0,14,10.100000000000001,77.39,1011,0
2024,10,17,15,30,15.700000000000001,10.100000000000001,69.39,1011,0
2024,10,17,16,0,17.400000000000002,8.200000000000001,54.660000000000004,1011,0
2024,10,17,16,30,18.900000000000002,8.200000000000001,49.76,1011,0
2024,10,17,17,0,20.400000000000002,6.5,40.35,1011,0
2024,10,17,17,30,21.5,6.5,37.72,1011,0
2024,10,17,18,0,22.6,5.800000000000001,33.61,1011,0
2024,10,17,18,30,23.5,5.800000000000001,31.830000000000002,1011,0
2024,10,17,19,0,24.3,4.3,27.32,1011,0
2024,10,17,19,30,24.900000000000002,4.3,26.34,1010,0
2024,10,17,20,0,25.400000000000002,2,21.740000000000002,1010,0
2024,10,17,20,30,25.5,2,21.61,1010,0
2024,10,17,21,0,25.6,-0.1,18.47,1010,0
2024,10,17,21,30,25.3,-0.1,18.8,1010,0
2024,10,17,22,0,25,-1.6,17.16,1010,0
2024,10,17,22,30,24.5,-1.6,17.68,1010,0
2024,10,17,23,0,23.900000000000002,-2.6,17.09,1010,0
2024,10,17,23,30,23.3,-2.6,17.73,1011,0
2024,10,18,0,0,22.700000000000003,-3.8000000000000003,16.73,1011,0
2024,10,18,0,30,21.8,-3.8000000000000003,17.67,1011,0
2024,10,18,1,0,21,-5.5,16.32,1011,0
2024,10,18,1,30,20.3,-5.5,17.05,1012,0
2024,10,18,2,0,19.6,-6.1000000000000005,17.04,1012,0
2024,10,18,2,30,19.1,-6.1000000000000005,17.59,1013,0
2024,10,18,3,0,18.6,-5.800000000000001,18.52,1013,0
2024,10,18,3,30,18.1,-5.800000000000001,19.13,1014,0
2024,10,18,4,0,17.7,-5.4,20.330000000000002,1014,0
2024,10,18,4,30,17.1,-5.300000000000001,21.13,1015,0
2024,10,18,5,0,16.6,-4.800000000000001,22.77,1015,0
2024,10,18,5,30,16.1,-4.800000000000001,23.51,1015,0
2024,10,18,6,0,15.600000000000001,-4,25.79,1016,0
2024,10,18,6,30,15.100000000000001,-4,26.63,1016,0
2024,10,18,7,0,14.700000000000001,-2.9000000000000004,29.67,1016,0
2024,10,18,7,30,14.3,-2.9000000000000004,30.44,1016,0
2024,10,18,8,0,14,-1.6,33.99,1016,0
2024,10,18,8,30,13.600000000000001,-1.6,34.88,1016,0
2024,10,18,9,0,13.3,-0.5,38.6,1016,0
2024,10,18,9,30,13,-0.5,39.36,1016,0
2024,10,18,10,0,12.700000000000001,0.2,42.27,1016,0
2024,10,18,10,30,12.600000000000001,0.2,42.54,1016,0
2024,10,18,11,0,12.5,0.5,43.86,1016,0
2024,10,18,11,30,12.3,0.5,44.480000000000004,1017,0
2024,10,18,12,0,12.200000000000001,0.8,45.63,1017,0
2024,10,18,12,30,12,0.8,46.230000000000004,1017,0
2024,10,18,13,0,11.9,1,47.34,1017,0
2024,10,18,13,30,11.8,1,47.660000000000004,1017,0
2024,10,18,14,0,11.600000000000001,1.2000000000000002,48.980000000000004,1018,0
2024,10,18,14,30,12.200000000000001,1.2000000000000002,47.08,1018,0
2024,10,18,15,0,12.700000000000001,1.3,45.7,1018,0
2024,10,18,15,30,14.200000000000001,1.3,41.5,1019,0
2024,10,18,16,0,15.600000000000001,0.30000000000000004,35.27,1019,0
2024,10,18,16,30,17.3,0.30000000000000004,31.67,1019,0
2024,10,18,17,0,18.900000000000002,-2.1,24.01,1019,0
2024,10,18,17,30,20.3,-2.1,22.02,1019,0
2024,10,18,18,0,21.700000000000003,-4.6000000000000005,16.81,1019,0
2024,10,18,18,30,22.700000000000003,-4.6000000000000005,15.82,1019,0
2024,10,18,19,0,23.8,-6.7,12.58,1019,0
2024,10,18,19,30,24.6,-6.7,11.98,1018,0
2024,10,18,20,0,25.400000000000002,-8.3,10.1,1018,0
2024,10,18,20,30,26,-8.3,9.75,1018,0
2024,10,18,21,0,26.6,-9.8,8.41,1017,0
2024,10,18,21,30,27,-9.8,8.21,1017,0
2024,10,18,22,0,27.3,-11,7.34,1017,0
2024,10,18,22,30,27.5,-11,7.24,1016,0
2024,10,18,23,0,27.6,-12.200000000000001,6.54,1016,0
2024,10,18,23,30,27.1,-12.200000000000001,6.74,1016,0
2024,10,19,0,0,26.700000000000003,-12.600000000000001,6.67,1016,0
2024,10,19,0,30,24.6,-12.600000000000001,7.5600000000000005,1016,0
2024,10,19,1,0,22.5,-11.700000000000001,9.23,1017,0
2024,10,19,1,30,21.400000000000002,-11.700000000000001,9.86,1017,0
2024,10,19,2,0,20.3,-10.9,11.23,1017,0
2024,10,19,2,30,19.8,-10.9,11.6,1018,0
2024,10,19,3,0,19.3,-10.100000000000001,12.74,1018,0
2024,10,19,3,30,19,-10.100000000000001,12.98,1018,0
2024,10,19,4,0,18.7,-9.3,14.05,1018,0
2024,10,19,4,30,18.5,-9.3,14.23,1018,0
2024,10,19,5,0,18.3,-8.6,15.26,1018,0
2024,10,19,5,30,18,-8.6,15.540000000000001,1018,0
2024,10,19,6,0,17.7,-7.800000000000001,16.86,1018,0
2024,10,19,6,30,17.3,-7.800000000000001,17.29,1018,0
2024,10,19,7,0,16.900000000000002,-6.800000000000001,19.07,1018,0
2024,10,19,7,30,16.6,-6.800000000000001,19.44,1018,0
2024,10,19,8,0,16.3,-6.1000000000000005,21,1017,0
2024,10,19,8,30,16.1,-6.1000000000000005,21.27,1017,0
2024,10,19,9,0,16,-5.4,22.52,1017,0
2024,10,19,9,30,15.700000000000001,-5.4,22.96,1017,0
2024,10,19,10,0,15.3,-4.7,24.86,1017,0
2024,10,19,10,30,15,-4.7,25.34,1017,0
2024,10,19,11,0,14.700000000000001,-4,27.23,1018,0
2024,10,19,11,30,14.4,-4,27.76,1018,0
2024,10,19,12,0,14.100000000000001,-3.5,29.48,1018,0
2024,10,19,12,30,13.8,-3.5,30.060000000000002,1018,0
2024,10,19,13,0,13.5,-3.1,31.54,1018,0
2024,10,19,13,30,13.200000000000001,-3.1,32.160000000000004,1018,0
2024,10,19,14,0,12.9,-2.8000000000000003,33.4,1018,0
2024,10,19,14,30,13.700000000000001,-2.8000000000000003,31.7,1018,0
2024,10,19,15,0,14.600000000000001,-2.7,30.11,1018,0
2024,10,19,15,30,16.1,-2.7,27.38,1019,0
2024,10,19,16,0,17.7,-3.7,23.05,1019,0
2024,10,19,16,30,19.400000000000002,-3.7,20.73,1019,0
2024,10,19,17,0,21.1,-5.9,15.72,1019,0
2024,10,19,17,30,22.400000000000002,-5.9,14.530000000000001,1019,0
2024,10,19,18,0,23.8,-7.800000000000001,11.53,1018,0
2024,10,19,18,30,25,-7.800000000000001,10.73,1018,0
2024,10,19,19,0,26.3,-9.3,8.89,1018,0
2024,10,19,19,30,27.200000000000003,-9.3,8.43,1018,0
2024,10,19,20,0,28.1,-10.200000000000001,7.46,1017,0
2024,10,19,20,30,28.700000000000003,-10.200000000000001,7.21,1017,0
2024,10,19,21,0,29.200000000000003,-10.8,6.67,1016,0
2024,10,19,21,30,29.400000000000002,-10.8,6.59,1016,0
2024,10,19,22,0,29.6,-11.3,6.2700000000000005,1016,0
2024,10,19,22,30,29.400000000000002,-11.3,6.33,1015,0
2024,10,19,23,0,29.200000000000003,-11.600000000000001,6.25,1015,0
2024,10,19,23,30,28.200000000000003,-11.600000000000001,6.62,1015,0
2024,10,20,0,0,27.1,-8.4,9.11,1015,0
2024,10,20,0,30,24.700000000000003,-8.4,10.49,1015,0
2024,10,20,1,0,22.3,-8.200000000000001,12.27,1015,0
2024,10,20,1,30,21,-8.200000000000001,13.3,1016,0
2024,10,20,2,0,19.700000000000003,-8.5,14.07,1016,0
2024,10,20,2,30,19.1,-8.5,14.61,1016,0
2024,10,20,3,0,18.6,-8.4,15.17,1016,0
2024,10,20,3,30,18.3,-8.4,15.46,1016,0
2024,10,20,4,0,18,-8.4,15.780000000000001,1016,0
2024,10,20,4,30,17.900000000000002,-8.4,15.89,1017,0
2024,10,20,5,0,17.7,-8.200000000000001,16.3,1017,0
2024,10,20,5,30,17.400000000000002,-8.200000000000001,16.61,1017,0
2024,10,20,6,0,17.2,-7.9,17.2,1017,0
2024,10,20,6,30,16.8,-7.9,17.64,1017,0
2024,10,20,7,0,16.400000000000002,-7.6000000000000005,18.55,1017,0
2024,10,20,7,30,15.9,-7.6000000000000005,19.150000000000002,1017,0
2024,10,20,8,0,15.4,-7.2,20.41,1017,0
2024,10,20,8,30,14.9,-7.2,21.080000000000002,1017,0
2024,10,20,9,0,14.4,-6.7,22.56,1017,0
2024,10,20,9,30,14.100000000000001,-6.7,23,1017,0
2024,10,20,10,0,13.700000000000001,-6.300000000000001,24.45,1018,0
2024,10,20,10,30,13.600000000000001,-6.300000000000001,24.6,1018,0
2024,10,20,11,0,13.5,-5.800000000000001,25.63,1018,0
2024,10,20,11,30,13.5,-5.800000000000001,25.63,1018,0
2024,10,20,12,0,13.5,-5.300000000000001,26.68,1018,0
2024,10,20,12,30,13.3,-5.300000000000001,27.03,1018,0
2024,10,20,13,0,13.200000000000001,-4.800000000000001,28.26,1018,0
2024,10,20,13,30,13.600000000000001,-4.800000000000001,27.54,1018,0
2024,10,20,14,0,13.9,-4.4,27.86,1018,0
2024,10,20,14,30,14.5,-4.4,26.810000000000002,1018,0
2024,10,20,15,0,15.100000000000001,-3.9000000000000004,26.76,1018,0
2024,10,20,15,30,16.8,-3.9000000000000004,24.01,1018,0
2024,10,20,16,0,18.400000000000002,-3.6,22.240000000000002,1018,0
2024,10,20,16,30,19.900000000000002,-3.6,20.26,1018,0
2024,10,20,17,0,21.5,-4,17.73,1018,0
2024,10,20,17,30,23.3,-4,15.9,1018,0
2024,10,20,18,0,25.1,-6.300000000000001,12.01,1018,0
2024,10,20,18,30,26.3,-6.300000000000001,11.19,1018,0
2024,10,20,19,0,27.5,-8,9.17,1018,0
2024,10,20,19,30,28.200000000000003,-8,8.790000000000001,1017,0
2024,10,20,20,0,28.900000000000002,-8.700000000000001,8.01,1017,0
2024,10,20,20,30,29.3,-8.700000000000001,7.83,1017,0
2024,10,20,21,0,29.700000000000003,-8.9,7.53,1016,0
2024,10,20,21,30,29.8,-8.9,7.48,1016,0
2024,10,20,22,0,29.900000000000002,-8.700000000000001,7.55,1016,0
2024,10,20,22,30,29.6,-8.700000000000001,7.68,1016,0
2024,10,20,23,0,29.3,-8.1,8.2,1016,0
2024,10,20,23,30,28.1,-8.1,8.790000000000001,1016,0
2024,10,21,0,0,26.900000000000002,-5.7,11.33,1016,0
2024,10,21,0,30,24.900000000000002,-5.7,12.75,1016,0
2024,10,21,1,0,22.900000000000002,-3.7,16.740000000000002,1016,0
2024,10,21,1,30,22,-3.7,17.68,1016,0
2024,10,21,2,0,21.1,-1,22.76,1016,0
2024,10,21,2,30,20.400000000000002,-1,23.75,1016,0
2024,10,21,3,0,19.700000000000003,2.4000000000000004,31.76,1017,0
2024,10,21,3,30,19.200000000000003,2.4000000000000004,32.76,1017,0
2024,10,21,4,0,18.8,5.300000000000001,40.99,1017,0
2024,10,21,4,30,18.400000000000002,5.300000000000001,42.03,1017,0
2024,10,21,5,0,18,6.800000000000001,47.96,1017,0
2024,10,21,5,30,17.5,6.800000000000001,49.49,1017,0
2024,10,21,6,0,16.900000000000002,7.7,54.63,1017,0
2024,10,21,6,30,16.7,7.7,55.32,1017,0
2024,10,21,7,0,16.5,8.200000000000001,57.83,1017,0
2024,10,21,7,30,16.3,8.200000000000001,58.57,1017,0
2024,10,21,8,0,16.2,8.5,60.28,1017,0
2024,10,21,8,30,15.9,8.5,61.44,1017,0
2024,10,21,9,0,15.700000000000001,8.5,62.15,1017,0
2024,10,21,9,30,15,8.5,64.99,1017,0
2024,10,21,10,0,14.3,8.4,67.67,1017,0
2024,10,21,10,30,14,8.4,68.99,1017,0
2024,10,21,11,0,13.600000000000001,8.700000000000001,72.34,1017,0
2024,10,21,11,30,13.4,8.700000000000001,73.36,1018,0
2024,10,21,12,0,13.100000000000001,9.4,78.26,1018,0
2024,10,21,12,30,12.8,9.4,79.8,1018,0
2024,10,21,13,0,12.4,10.100000000000001,85.87,1018,0
2024,10,21,13,30,12.200000000000001,10.100000000000001,87,1018,0
2024,10,21,14,0,12,10.600000000000001,91.32000000000001,1018,0
2024,10,21,14,30,13.200000000000001,10.600000000000001,84.43,1018,0
2024,10,21,15,0,14.3,11.200000000000001,81.62,1019,0
2024,10,21,15,30,15.8,11.200000000000001,74.14,1019,0
2024,10,21,16,0,17.400000000000002,11.3,67.48,1019,0
2024,10,21,16,30,19,11.3,61.050000000000004,1019,0
2024,10,21,17,0,20.6,10.4,52.15,1019,0
2024,10,21,17,30,22,10.4,47.870000000000005,1019,0
2024,10,21,18,0,23.3,9.1,40.35,1019,0
2024,10,21,18,30,24.5,9.1,37.56,1019,0
2024,10,21,19,0,25.700000000000003,7.1000000000000005,30.6,1018,0
2024,10,21,19,30,26.5,7.1000000000000005,29.19,1018,0
2024,10,21,20,0,27.3,5.5,24.95,1018,0
2024,10,21,20,30,27.6,5.5,24.490000000000002,1017,0
2024,10,21,21,0,28,5.2,23.45,1017,0
2024,10,21,21,30,28,5.2,23.45,1017,0
2024,10,21,22,0,27.900000000000002,6,24.86,1017,0
2024,10,21,22,30,27.5,6,25.42,1016,0
2024,10,21,23,0,27.1,7.300000000000001,28.5,1016,0
2024,10,21,23,30,26.3,7.300000000000001,29.87,1016,0
2024,10,22,0,0,25.5,8.9,34.96,1016,0
2024,10,22,0,30,23.900000000000002,8.9,38.45,1016,0
2024,10,22,1,0,22.3,10.700000000000001,47.94,1016,0
2024,10,22,1,30,21.200000000000003,10.700000000000001,51.26,1016,0
2024,10,22,2,0,20.1,12.200000000000001,60.230000000000004,1016,0
2024,10,22,2,30,19.3,12.200000000000001,63.29,1016,0
2024,10,22,3,0,18.6,12.600000000000001,68.19,1016,0
2024,10,22,3,30,17.900000000000002,12.600000000000001,71.31,1017,0
2024,10,22,4,0,17.3,12.4,73.16,1017,0
2024,10,22,4,30,16.8,12.4,75.5,1017,0
2024,10,22,5,0,16.2,12,76.06,1017,0
2024,10,22,5,30,15.700000000000001,12,78.52,1017,0
2024,10,22,6,0,15.100000000000001,11.200000000000001,77.49,1017,0
2024,10,22,6,30,14.5,11.200000000000001,80.54,1017,0
2024,10,22,7,0,14,10.600000000000001,79.79,1017,0
2024,10,22,7,30,13.5,10.600000000000001,82.42,1017,0
2024,10,22,8,0,13,10.3,83.55,1017,0
2024,10,22,8,30,12.700000000000001,10.3,85.2,1017,0
2024,10,22,9,0,12.5,10.200000000000001,85.98,1017,0
2024,10,22,9,30,12.4,10.200000000000001,86.54,1017,0
2024,10,22,10,0,12.4,10.200000000000001,86.55,1017,0
2024,10,22,10,30,12.4,10.200000000000001,86.55,1017,0
2024,10,22,11,0,12.4,10.200000000000001,86.71000000000001,1017,0
2024,10,22,11,30,12.4,10.3,86.8,1018,0
2024,10,22,12,0,12.3,10.3,87.64,1018,0
2024,10,22,12,30,12.100000000000001,10.3,88.8,1018,0
2024,10,22,13,0,11.9,10.4,90.35000000000001,1018,0
2024,10,22,13,30,11.5,10.4,92.76,1018,0
2024,10,22,14,0,11.100000000000001,10.4,95.2,1018,0
2024,10,22,14,30,11.8,10.4,90.99,1019,0
2024,10,22,15,0,12.5,10.5,87.56,1019,0
2024,10,22,15,30,13.600000000000001,10.5,81.51,1019,0
2024,10,22,16,0,14.600000000000001,10.9,78.26,1019,0
2024,10,22,16,30,16.5,10.9,69.32000000000001,1019,0
2024,10,22,17,0,18.400000000000002,10.5,60.2,1019,0
2024,10,22,17,30,20.5,10.600000000000001,52.86,1019,0
2024,10,22,18,0,22.700000000000003,4.5,30.54,1019,0
2024,10,22,18,30,24,4.5,28.240000000000002,1019,0
2024,10,22,19,0,25.200000000000003,0.1,19.2,1019,0
2024,10,22,19,30,26,0.1,18.31,1019,0
2024,10,22,20,0,26.8,-2.4000000000000004,14.6,1018,0
2024,10,22,20,30,27.200000000000003,-2.4000000000000004,14.26,1018,0
2024,10,22,21,0,27.6,-4.2,12.13,1018,0
2024,10,22,21,30,27.700000000000003,-4.2,12.06,1018,0
2024,10,22,22,0,27.8,-5.7,10.73,1017,0
2024,10,22,22,30,27.6,-5.7,10.86,1017,0
2024,10,22,23,0,27.3,-6.4,10.44,1017,0
2024,10,22,23,30,26.3,-6.4,11.07,1017,0
2024,10,23,0,0,25.200000000000003,-5.4,12.84,1017,0
2024,10,23,0,30,22.6,-5.4,15,1017,0
2024,10,23,1,0,20.1,-4,19.34,1017,0
2024,10,23,1,30,18.900000000000002,-4,20.85,1018,0
2024,10,23,2,0,17.8,-1.7000000000000002,26.560000000000002,1018,0
2024,10,23,2,30,17.1,-1.7000000000000002,27.76,1018,0
2024,10,23,3,0,16.400000000000002,1.6,36.71,1018,0
2024,10,23,3,30,15.8,1.6,38.13,1018,0
2024,10,23,4,0,15.200000000000001,4,47.01,1018,0
2024,10,23,4,30,14.700000000000001,4,48.54,1018,0
2024,10,23,5,0,14.200000000000001,5.300000000000001,55.07,1019,0
2024,10,23,5,30,13.8,5.300000000000001,56.52,1019,0
2024,10,23,6,0,13.5,5.800000000000001,59.79,1019,0
2024,10,23,6,30,13.200000000000001,5.800000000000001,60.96,1019,0
2024,10,23,7,0,12.9,6.1000000000000005,63.29,1019,0
2024,10,23,7,30,12.9,6.1000000000000005,63.29,1019,0
2024,10,23,8,0,12.9,6.1000000000000005,63.51,1019,0
2024,10,23,8,30,13,6.1000000000000005,63.09,1019,0
2024,10,23,9,0,13.200000000000001,6,61.85,1019,0
2024,10,23,9,30,13.3,6,61.45,1019,0
2024,10,23,10,0,13.4,5.9,60.42,1019,0
2024,10,23,10,30,13.5,5.9,59.97,1018,0
2024,10,23,11,0,13.600000000000001,5.6000000000000005,58.26,1018,0
2024,10,23,11,30,13.700000000000001,5.6000000000000005,57.89,1018,0
2024,10,23,12,0,13.8,5,55.47,1018,0
2024,10,23,12,30,13.8,5,55.47,1018,0
2024,10,23,13,0,13.700000000000001,4.5,53.660000000000004,1018,0
2024,10,23,13,30,13.600000000000001,4.5,54.01,1018,0
2024,10,23,14,0,13.5,4.1000000000000005,52.82,1018,0
2024,10,23,14,30,13.9,4.1000000000000005,51.47,1018,0
2024,10,23,15,0,14.200000000000001,4,50.11,1018,0
2024,10,23,15,30,16,4,44.69,1019,0
2024,10,23,16,0,17.8,4.2,40.52,1019,0
2024,10,23,16,30,19.5,4.2,36.44,1019,0
2024,10,23,17,0,21.200000000000003,4.1000000000000005,32.6,1019,0
2024,10,23,17,30,23,4.1000000000000005,29.22,1019,0
2024,10,23,18,0,24.8,1.8,22.32,1019,0
2024,10,23,18,30,25.900000000000002,1.8,20.91,1019,0
2024,10,23,19,0,27,0.30000000000000004,17.59,1019,0
2024,10,23,19,30,28,0.30000000000000004,16.580000000000002,1018,0
2024,10,23,20,0,28.900000000000002,-2.1,13.22,1018,0
2024,10,23,20,30,29.5,-2.1,12.77,1018,0
2024,10,23,21,0,30.1,-4.1000000000000005,10.61,1017,0
2024,10,23,21,30,30.3,-4.1000000000000005,10.49,1017,0
2024,10,23,22,0,30.5,-4.9,9.790000000000001,1017,0
2024,10,23,22,30,30.400000000000002,-4.9,9.83,1016,0
2024,10,23,23,0,30.200000000000003,-4.5,10.21,1016,0
2024,10,23,23,30,29,-4.5,10.93,1016,0
2024,10,24,0,0,27.900000000000002,-1.7000000000000002,14.34,1016,0
2024,10,24,0,30,25.700000000000003,-1.8,16.31,1016,0
2024,10,24,1,0,23.5,-1.8,18.59,1016,0
2024,10,24,1,30,22.400000000000002,-1.8,19.87,1016,0
2024,10,24,2,0,21.200000000000003,-0.5,23.37,1016,0
2024,10,24,2,30,20.400000000000002,-0.5,24.55,1016,0
2024,10,24,3,0,19.6,1.4000000000000001,29.76,1016,0
2024,10,24,3,30,19.1,1.4000000000000001,30.73,1017,0
2024,10,24,4,0,18.6,3,35.39,1017,0
2024,10,24,4,30,18.6,3,35.39,1017,0
2024,10,24,5,0,18.6,3.9000000000000004,37.82,1017,0
2024,10,24,5,30,18.400000000000002,3.9000000000000004,38.29,1017,0
2024,10,24,6,0,18.3,4.6000000000000005,40.28,1017,0
2024,10,24,6,30,17.6,4.6000000000000005,42.09,1017,0
2024,10,24,7,0,17,4.7,44.12,1017,0
2024,10,24,7,30,16.2,4.7,46.42,1017,0
2024,10,24,8,0,15.5,4.6000000000000005,48.13,1016,0
2024,10,24,8,30,15,4.6000000000000005,49.69,1016,0
2024,10,24,9,0,14.4,4.4,51.14,1016,0
2024,10,24,9,30,13.9,4.4,52.81,1016,0
2024,10,24,10,0,13.5,4.3,53.6,1016,0
2024,10,24,10,30,13.100000000000001,4.3,55.01,1016,0
2024,10,24,11,0,12.700000000000001,4.1000000000000005,55.74,1016,0
2024,10,24,11,30,12.4,4.1000000000000005,56.85,1016,0
2024,10,24,12,0,12,4,57.870000000000005,1016,0
2024,10,24,12,30,11.600000000000001,4,59.410000000000004,1016,0
2024,10,24,13,0,11.3,3.9000000000000004,60.58,1016,0
2024,10,24,13,30,11,3.9000000000000004,61.79,1016,0
2024,10,24,14,0,10.700000000000001,4,63.480000000000004,1016,0
2024,10,24,14,30,11.100000000000001,4,61.82,1016,0
2024,10,24,15,0,11.600000000000001,4.3,60.78,1016,0
2024,10,24,15,30,13.100000000000001,4.3,55.09,1016,0
2024,10,24,16,0,14.5,4.4,50.89,1016,0
2024,10,24,16,30,16.2,4.5,45.64,1016,0
2024,10,24,17,0,17.900000000000002,4.7,41.61,1016,0
2024,10,24,17,30,19.5,4.7,37.660000000000004,1016,0
2024,10,24,18,0,21.200000000000003,4.1000000000000005,32.62,1015,0
2024,10,24,18,30,22.700000000000003,4.1000000000000005,29.77,1015,0
2024,10,24,19,0,24.200000000000003,2.1,23.580000000000002,1015,0
2024,10,24,19,30,25,2.1,22.46,1014,0
2024,10,24,20,0,25.900000000000002,0.30000000000000004,18.66,1014,0
2024,10,24,20,30,26.3,0.2,18.21,1013,0
2024,10,24,21,0,26.700000000000003,-0.9,16.36,1013,0
2024,10,24,21,30,26.8,-0.9,16.25,1012,0
2024,10,24,22,0,26.900000000000002,-1.6,15.36,1012,0
2024,10,24,22,30,26.700000000000003,-1.6,15.540000000000001,1012,0
2024,10,24,23,0,26.5,-2,15.290000000000001,1011,0
2024,10,24,23,30,25.700000000000003,-2,16.02,1011,0
2024,10,25,0,0,24.900000000000002,-1.2000000000000002,17.76,1011,0
2024,10,25,0,30,23.700000000000003,-1.2000000000000002,19.080000000000002,1011,0
2024,10,25,1,0,22.5,-1,20.86,1012,0
2024,10,25,1,30,21.5,-1,22.17,1012,0
2024,10,25,2,0,20.400000000000002,-0.7000000000000001,24.34,1012,0
2024,10,25,2,30,19.900000000000002,-0.7000000000000001,25.1,1012,0
2024,10,25,3,0,19.400000000000002,-0.2,26.79,1012,0
2024,10,25,3,30,19,-0.2,27.490000000000002,1013,0
2024,10,25,4,0,18.7,0.1,28.69,1013,0
2024,10,25,4,30,18.7,0.1,28.69,1013,0
2024,10,25,5,0,18.7,0.4,29.310000000000002,1013,0
2024,10,25,5,30,18.5,0.4,29.650000000000002,1012,0
2024,10,25,6,0,18.3,0.7000000000000001,30.54,1012,0
2024,10,25,6,30,18,0.7000000000000001,31.12,1012,0
2024,10,25,7,0,17.8,0.8,31.93,1012,0
2024,10,25,7,30,17.400000000000002,0.8,32.74,1012,0
2024,10,25,8,0,17.1,1,33.71,1012,0
2024,10,25,8,30,16.5,1,35.01,1012,0
2024,10,25,9,0,15.9,1.1,36.61,1012,0
2024,10,25,9,30,15.4,1.1,37.800000000000004,1012,0
2024,10,25,10,0,15,1.1,38.81,1012,0
2024,10,25,10,30,14.200000000000001,1.1,40.86,1012,0
2024,10,25,11,0,13.5,1,42.410000000000004,1012,0
2024,10,25,11,30,13.200000000000001,1,43.25,1012,0
2024,10,25,12,0,12.9,0.7000000000000001,43.24,1013,0
2024,10,25,12,30,12.9,0.7000000000000001,43.24,1013,0
2024,10,25,13,0,13,0.30000000000000004,41.71,1013,0
2024,10,25,13,30,13,0.30000000000000004,41.71,1013,0
2024,10,25,14,0,13.100000000000001,0,40.61,1013,0
2024,10,25,14,30,13.4,0,39.87,1014,0
2024,10,25,15,0,13.8,0.1,39.09,1014,0
2024,10,25,15,30,14.700000000000001,0.1,36.89,1014,0
2024,10,25,16,0,15.5,0.5,35.99,1014,0
2024,10,25,16,30,16.2,0.5,34.42,1014,0
2024,10,25,17,0,16.900000000000002,1,34.08,1015,0
2024,10,25,17,30,17.8,1,32.2,1015,0
2024,10,25,18,0,18.7,1.3,31.1,1015,0
2024,10,25,18,30,19.8,1.3,29.05,1015,0
2024,10,25,19,0,21,1.5,27.51,1015,0
2024,10,25,19,30,22.400000000000002,1.5,25.27,1015,0
2024,10,25,20,0,23.8,1.2000000000000002,22.7,1015,0
2024,10,25,20,30,24.900000000000002,1.2000000000000002,21.26,1015,0
2024,10,25,21,0,25.900000000000002,0.8,19.37,1015,0
2024,10,25,21,30,26.5,0.8,18.7,1015,0
2024,10,25,22,0,27,0.30000000000000004,17.59,1015,0
2024,10,25,22,30,27.1,0.30000000000000004,17.47,1014,0
2024,10,25,23,0,27.1,0,17.12,1014,0
2024,10,25,23,30,26,0,18.26,1014,0
2024,10,26,0,0,24.900000000000002,0.8,20.55,1014,0
2024,10,26,0,30,22.6,0.8,23.59,1014,0
2024,10,26,1,0,20.400000000000002,1.2000000000000002,27.76,1015,0
2024,10,26,1,30,19.3,1.1,29.71,1015,0
2024,10,26,2,0,18.2,2.1,34.07,1015,0
2024,10,26,2,30,17.6,2.1,35.38,1015,0
2024,10,26,3,0,17,3.1,39.34,1016,0
2024,10,26,3,30,16.5,3.1,40.61,1016,0
2024,10,26,4,0,15.9,3.6,43.71,1016,0
2024,10,26,4,30,15.4,3.6,45.12,1016,0
2024,10,26,5,0,14.8,3.3000000000000003,46.08,1016,0
2024,10,26,5,30,14.3,3.3000000000000003,47.64,1017,0
2024,10,26,6,0,13.9,2.2,45.2,1017,0
2024,10,26,6,30,13.5,2.2,46.38,1017,0
2024,10,26,7,0,13.100000000000001,1.1,43.93,1017,0
2024,10,26,7,30,12.9,1.1,44.51,1017,0
2024,10,26,8,0,12.600000000000001,0.30000000000000004,42.93,1017,0
2024,10,26,8,30,12.3,0.30000000000000004,43.78,1017,0
2024,10,26,9,0,12.100000000000001,-0.30000000000000004,42.38,1017,0
2024,10,26,9,30,11.9,-0.30000000000000004,42.95,1017,0
2024,10,26,10,0,11.600000000000001,-0.1,44.62,1017,0
2024,10,26,10,30,11.5,-0.1,44.910000000000004,1017,0
2024,10,26,11,0,11.4,0.9,48.410000000000004,1017,0
2024,10,26,11,30,11.4,0.9,48.410000000000004,1017,0
2024,10,26,12,0,11.4,2.6,54.71,1018,0
2024,10,26,12,30,11.5,2.6,54.35,1018,0
2024,10,26,13,0,11.600000000000001,4.3,60.870000000000005,1018,0
2024,10,26,13,30,11.700000000000001,4.3,60.47,1018,0
2024,10,26,14,0,11.700000000000001,5.6000000000000005,66.37,1018,0
2024,10,26,14,30,12.5,5.6000000000000005,62.97,1018,0
2024,10,26,15,0,13.200000000000001,6.7,64.74,1018,0
2024,10,26,15,30,14.9,6.7,58.06,1019,0
2024,10,26,16,0,16.5,7.4,54.76,1019,0
2024,10,26,16,30,18.2,7.4,49.2,1019,0
2024,10,26,17,0,19.8,8.200000000000001,47.19,1019,0
2024,10,26,17,30,21.5,8.200000000000001,42.52,1019,0
2024,10,26,18,0,23.3,9,40.18,1019,0
2024,10,26,18,30,25.3,9,35.63,1018,0
2024,10,26,19,0,27.3,6.9,27.35,1018,0
2024,10,26,19,30,28.3,6.9,25.8,1018,0
2024,10,26,20,0,29.3,6.5,23.84,1017,0
2024,10,26,20,30,29.6,6.5,23.43,1017,0
2024,10,26,21,0,29.900000000000002,7.4,24.42,1016,0
2024,10,26,21,30,29.8,7.4,24.560000000000002,1016,0
2024,10,26,22,0,29.700000000000003,8.5,26.54,1016,0
2024,10,26,22,30,29.3,8.5,27.16,1016,0
2024,10,26,23,0,28.900000000000002,9.5,29.73,1016,0
2024,10,26,23,30,27.700000000000003,9.4,31.86,1016,0
2024,10,27,0,0,26.5,10.200000000000001,36.07,1016,0
2024,10,27,0,30,25,10.200000000000001,39.410000000000004,1016,0
2024,10,27,1,0,23.400000000000002,10.8,45.12,1016,0
2024,10,27,1,30,22.6,10.8,47.35,1016,0
2024,10,27,2,0,21.8,11.3,51.300000000000004,1016,0
2024,10,27,2,30,21.1,11.3,53.53,1016,0
2024,10,27,3,0,20.400000000000002,11.600000000000001,56.910000000000004,1017,0
2024,10,27,3,30,19.8,11.600000000000001,59.050000000000004,1017,0
2024,10,27,4,0,19.3,11.8,61.88,1017,0
2024,10,27,4,30,18.7,11.8,64.23,1017,0
2024,10,27,5,0,18.2,12.100000000000001,67.36,1017,0
2024,10,27,5,30,17.7,12.100000000000001,69.57000000000001,1018,0
2024,10,27,6,0,17.3,12.4,73,1018,0
2024,10,27,6,30,16.900000000000002,12.4,74.86,1018,0
2024,10,27,7,0,16.5,12.9,79.31,1018,0
2024,10,27,7,30,16.2,12.9,80.84,1018,0
2024,10,27,8,0,15.9,13.4,84.96000000000001,1018,0
2024,10,27,8,30,15.600000000000001,13.4,86.60000000000001,1018,0
2024,10,27,9,0,15.3,13.700000000000001,90.36,1018,0
2024,10,27,9,30,15.100000000000001,13.700000000000001,91.53,1018,0
2024,10,27,10,0,14.8,14,94.9,1018,0
2024,10,27,10,30,14.600000000000001,14,96.13,1018,0
2024,10,27,11,0,14.5,14.100000000000001,97.67,1017,0
2024,10,27,11,30,14.3,14.100000000000001,98.94,1017,0
2024,10,27,12,0,14.100000000000001,14.100000000000001,100,1017,0
2024,10,27,12,30,14,14,100,1017,0
2024,10,27,13,0,13.8,13.8,100,1017,0
2024,10,27,13,30,13.600000000000001,13.600000000000001,100,1017,0
2024,10,27,14,0,13.5,13.5,100,1017,0
2024,10,27,14,30,14.3,14.100000000000001,98.48,1018,0
2024,10,27,15,0,15.200000000000001,14.200000000000001,93.49,1018,0
2024,10,27,15,30,16.6,14.200000000000001,85.52,1018,0
2024,10,27,16,0,18,14.4,79.56,1018,0
2024,10,27,16,30,19.5,14.4,72.46000000000001,1018,0
2024,10,27,17,0,21,13.8,63.27,1018,0
2024,10,27,17,30,22.200000000000003,13.8,58.81,1018,0
2024,10,27,18,0,23.5,13.200000000000001,52.36,1018,0
2024,10,27,18,30,24.200000000000003,13.200000000000001,50.160000000000004,1017,0
2024,10,27,19,0,24.900000000000002,13.100000000000001,47.730000000000004,1017,0
2024,10,27,19,30,25.3,13.100000000000001,46.61,1017,0
2024,10,27,20,0,25.700000000000003,12.8,44.88,1017,0
2024,10,27,20,30,25.700000000000003,12.8,44.84,1016,0
2024,10,27,21,0,25.8,12.3,43.15,1016,0
2024,10,27,21,30,25.3,12.3,44.4,1015,0
2024,10,27,22,0,24.8,11.9,44.6,1015,0
2024,10,27,22,30,24.5,11.9,45.4,1015,0
2024,10,27,23,0,24.200000000000003,11.4,44.72,1015,0
2024,10,27,23,30,23.5,11.4,46.64,1015,0
2024,10,28,0,0,22.8,10.8,46.77,1015,0
2024,10,28,0,30,21.5,10.8,50.61,1015,0
2024,10,28,1,0,20.3,10.5,53.36,1015,0
2024,10,28,1,30,19.400000000000002,10.5,56.410000000000004,1015,0
2024,10,28,2,0,18.400000000000002,10.5,59.910000000000004,1016,0
2024,10,28,2,30,17.7,10.5,62.6,1016,0
2024,10,28,3,0,17.1,10.4,64.81,1016,0
2024,10,28,3,30,16.5,10.4,67.32000000000001,1016,0
2024,10,28,4,0,16,10.3,69.05,1016,0
2024,10,28,4,30,15.4,10.3,71.74,1016,0
2024,10,28,5,0,14.8,10.3,74.44,1016,0
2024,10,28,5,30,14.200000000000001,10.3,77.37,1016,0
2024,10,28,6,0,13.700000000000001,10.5,81.12,1016,0
2024,10,28,6,30,13.200000000000001,10.5,83.8,1016,0
2024,10,28,7,0,12.700000000000001,10.9,88.99,1016,0
2024,10,28,7,30,12.4,10.9,90.76,1016,0
2024,10,28,8,0,12.100000000000001,11.200000000000001,94.44,1016,0
2024,10,28,8,30,11.9,11.200000000000001,95.69,1016,0
2024,10,28,9,0,11.600000000000001,11.3,97.96000000000001,1016,0
2024,10,28,9,30,11.4,11.3,99.26,1016,0
2024,10,28,10,0,11.200000000000001,11.200000000000001,100,1016,0
2024,10,28,10,30,11.100000000000001,11.100000000000001,100,1016,0
2024,10,28,11,0,10.9,10.9,100,1016,0
2024,10,28,11,30,10.8,10.8,100,1016,0
2024,10,28,12,0,10.700000000000001,10.700000000000001,100,1016,0
2024,10,28,12,30,10.700000000000001,10.700000000000001,100,1016,0
2024,10,28,13,0,10.700000000000001,10.700000000000001,100,1016,0
2024,10,28,13,30,10.700000000000001,10.700000000000001,100,1016,0
2024,10,28,14,0,10.700000000000001,10.600000000000001,99.47,1016,0
2024,10,28,14,30,11.4,10.600000000000001,94.97,1016,0
2024,10,28,15,0,12.200000000000001,10.8,91.05,1016,0
2024,10,28,15,30,13.4,10.8,84.19,1016,0
2024,10,28,16,0,14.5,10.200000000000001,75.17,1016,0
2024,10,28,16,30,15.8,10.200000000000001,69.17,1016,0
2024,10,28,17,0,17.1,7.9,54.79,1016,0
2024,10,28,17,30,18.2,7.9,51.14,1016,0
2024,10,28,18,0,19.3,6.7,43.76,1015,0
2024,10,28,18,30,19.900000000000002,6.7,42.160000000000004,1015,0
2024,10,28,19,0,20.6,6.1000000000000005,38.88,1015,0
2024,10,28,19,30,21,6.1000000000000005,37.9,1014,0
2024,10,28,20,0,21.3,5.7,36.14,1014,0
2024,10,28,20,30,21.400000000000002,5.7,35.88,1013,0
2024,10,28,21,0,21.5,5.4,35.04,1013,0
2024,10,28,21,30,21.3,5.4,35.47,1013,0
2024,10,28,22,0,21.200000000000003,5.2,35.160000000000004,1012,0
2024,10,28,22,30,20.8,5.2,36.03,1012,0
2024,10,28,23,0,20.5,5,36.19,1012,0
2024,10,28,23,30,20,5,37.32,1012,0
2024,10,29,0,0,19.5,5,38.45,1012,0
2024,10,29,0,30,18.2,5,41.69,1012,0
2024,10,29,1,0,16.8,5.4,47.03,1012,0
2024,10,29,1,30,16.2,5.4,48.85,1012,0
2024,10,29,2,0,15.700000000000001,6.1000000000000005,52.72,1012,0
2024,10,29,2,30,15.3,6.1000000000000005,54.14,1013,0
2024,10,29,3,0,14.9,6.5,57.160000000000004,1013,0
2024,10,29,3,30,14.600000000000001,6.5,58.27,1013,0
2024,10,29,4,0,14.200000000000001,6.300000000000001,59.07,1013,0
2024,10,29,4,30,13.9,6.300000000000001,60.230000000000004,1013,0
2024,10,29,5,0,13.700000000000001,5.800000000000001,58.89,1013,0
2024,10,29,5,30,13.5,5.800000000000001,59.65,1013,0
2024,10,29,6,0,13.3,5.2,58.160000000000004,1013,0
2024,10,29,6,30,12.9,5.2,59.7,1013,0
2024,10,29,7,0,12.5,5.1000000000000005,60.72,1013,0
2024,10,29,7,30,11.9,5.1000000000000005,63.160000000000004,1013,0
2024,10,29,8,0,11.4,5.4,66.54,1013,0
2024,10,29,8,30,11,5.4,68.33,1013,0
2024,10,29,9,0,10.600000000000001,5.6000000000000005,71.28,1013,0
2024,10,29,9,30,10.4,5.6000000000000005,72.23,1013,0
2024,10,29,10,0,10.3,5.6000000000000005,72.63,1013,0
2024,10,29,10,30,10.100000000000001,5.6000000000000005,73.61,1013,0
2024,10,29,11,0,10,5.300000000000001,72.74,1013,0
2024,10,29,11,30,9.8,5.300000000000001,73.8,1014,0
2024,10,29,12,0,9.600000000000001,5,73.17,1014,0
2024,10,29,12,30,9.5,5,73.66,1014,0
2024,10,29,13,0,9.3,4.7,73.13,1015,0
2024,10,29,13,30,9.200000000000001,4.7,73.63,1015,0
2024,10,29,14,0,9,4.4,72.92,1015,0
2024,10,29,14,30,9.700000000000001,4.4,69.58,1015,0
2024,10,29,15,0,10.3,4.2,66.03,1016,0
2024,10,29,15,30,11.700000000000001,4.2,60.18,1016,0
2024,10,29,16,0,13.100000000000001,4,54.14,1016,0
2024,10,29,16,30,14.600000000000001,4,49.13,1016,0
2024,10,29,17,0,16,3.3000000000000003,42.550000000000004,1016,0
2024,10,29,17,30,17.2,3.3000000000000003,39.43,1016,0
2024,10,29,18,0,18.5,2.2,33.76,1016,0
2024,10,29,18,30,19.5,2.2,31.73,1016,0
2024,10,29,19,0,20.400000000000002,1.3,27.97,1016,0
2024,10,29,19,30,21.1,1.2000000000000002,26.77,1015,0
2024,10,29,20,0,21.8,0.4,24.19,1015,0
2024,10,29,20,30,22.200000000000003,0.4,23.61,1015,0
2024,10,29,21,0,22.5,-0.30000000000000004,21.97,1014,0
2024,10,29,21,30,22.6,-0.30000000000000004,21.84,1014,0
2024,10,29,22,0,22.700000000000003,-1,20.69,1014,0
2024,10,29,22,30,22.5,-1,20.94,1014,0
2024,10,29,23,0,22.3,-1.6,20.21,1014,0
2024,10,29,23,30,21.400000000000002,-1.6,21.35,1014,0
2024,10,30,0,0,20.5,-1.7000000000000002,22.48,1014,0
2024,10,30,0,30,18.7,-1.7000000000000002,25.13,1014,0
2024,10,30,1,0,16.900000000000002,-1.6,28.36,1014,0
2024,10,30,1,30,15.600000000000001,-1.6,30.8,1014,0
2024,10,30,2,0,14.4,-0.7000000000000001,35.4,1015,0
2024,10,30,2,30,13.8,-0.7000000000000001,36.800000000000004,1015,0
2024,10,30,3,0,13.200000000000001,1.4000000000000001,44.7,1015,0
2024,10,30,3,30,12.600000000000001,1.4000000000000001,46.49,1015,0
2024,10,30,4,0,12.100000000000001,4.1000000000000005,58.01,1015,0
2024,10,30,4,30,11.5,4.1000000000000005,60.4,1016,0
2024,10,30,5,0,11,6.2,72.46000000000001,1016,0
2024,10,30,5,30,10.5,6.2,74.9,1016,0
2024,10,30,6,0,10.100000000000001,7.7,84.81,1016,0
2024,10,30,6,30,9.8,7.7,86.53,1016,0
2024,10,30,7,0,9.4,8.5,93.87,1016,0
2024,10,30,7,30,9.3,8.5,94.51,1016,0
2024,10,30,8,0,9.200000000000001,9,98.52,1016,0
2024,10,30,8,30,9.200000000000001,9,98.52,1016,0
2024,10,30,9,0,9.200000000000001,9.200000000000001,100,1017,0
2024,10,30,9,30,9.200000000000001,9.200000000000001,100,1017,0
2024,10,30,10,0,9.200000000000001,9.200000000000001,100,1017,0
2024,10,30,10,30,9.200000000000001,9.200000000000001,100,1017,0
2024,10,30,11,0,9.200000000000001,9.200000000000001,100,1017,0
2024,10,30,11,30,9.3,9.3,100,1017,0
2024,10,30,12,0,9.4,9.4,100,1017,0
2024,10,30,12,30,9.600000000000001,9.5,99.24000000000001,1018,0
2024,10,30,13,0,9.700000000000001,9.600000000000001,99.18,1018,0
2024,10,30,13,30,9.8,9.600000000000001,98.52,1018,0
2024,10,30,14,0,9.9,9.600000000000001,98.33,1018,0
2024,10,30,14,30,10.4,9.700000000000001,95.2,1019,0
2024,10,30,15,0,10.8,9.8,93.65,1019,0
2024,10,30,15,30,11.9,9.8,87.08,1019,0
2024,10,30,16,0,13.100000000000001,9.4,78.21000000000001,1019,0
2024,10,30,16,30,14.5,9.4,71.43,1019,0
2024,10,30,17,0,15.9,7.300000000000001,56.800000000000004,1020,0
2024,10,30,17,30,17.1,7.300000000000001,52.59,1019,0
2024,10,30,18,0,18.3,5.300000000000001,42.42,1019,0
2024,10,30,18,30,19.1,5.300000000000001,40.35,1019,0
2024,10,30,19,0,20,3.9000000000000004,34.480000000000004,1019,0
2024,10,30,19,30,20.5,3.8000000000000003,33.4,1018,0
2024,10,30,20,0,21.1,2.7,29.740000000000002,1018,0
2024,10,30,20,30,21.400000000000002,2.7,29.2,1018,0
2024,10,30,21,0,21.6,2,27.39,1017,0
2024,10,30,21,30,21.400000000000002,2,27.72,1017,0
2024,10,30,22,0,21.200000000000003,1.8,27.71,1017,0
2024,10,30,22,30,20.6,1.8,28.75,1017,0
2024,10,30,23,0,20,2.4000000000000004,31.18,1017,0
2024,10,30,23,30,19.1,2.4000000000000004,32.96,1017,0
2024,10,31,0,0,18.1,3.8000000000000003,38.6,1017,0
2024,10,31,0,30,16.6,3.8000000000000003,42.42,1017,0
2024,10,31,1,0,15.200000000000001,5.4,52.1,1017,0
2024,10,31,1,30,14.3,5.4,55.2,1017,0
2024,10,31,2,0,13.4,7.1000000000000005,65.69,1018,0
2024,10,31,2,30,13.100000000000001,7.1000000000000005,66.98,1018,0
2024,10,31,3,0,12.700000000000001,8.5,75.64,1018,0
2024,10,31,3,30,12.8,8.5,75.15,1018,0
2024,10,31,4,0,12.8,9.4,79.98,1018,0
2024,10,31,4,30,12.8,9.4,79.98,1018,0
2024,10,31,5,0,12.8,10,82.96000000000001,1018,0
2024,10,31,5,30,12.8,10,82.96000000000001,1018,0
2024,10,31,6,0,12.8,10.4,85.16,1017,0
2024,10,31,6,30,13,10.4,84.05,1017,0
2024,10,31,7,0,13.100000000000001,10.700000000000001,85.61,1017,0
2024,10,31,7,30,13.3,10.700000000000001,84.5,1017,0
2024,10,31,8,0,13.4,11.3,87.26,1017,0
2024,10,31,8,30,13.4,11.3,87.26,1017,0
2024,10,31,9,0,13.4,11.8,89.95,1017,0
2024,10,31,9,30,12.8,11.8,93.53,1017,0
2024,10,31,10,0,12.200000000000001,11.600000000000001,96.22,1017,0
2024,10,31,10,30,11.600000000000001,11.600000000000001,100,1017,0
2024,10,31,11,0,10.9,10.9,100,1017,0
2024,10,31,11,30,10.5,10.5,100,1017,0
2024,10,31,12,0,10,10,100,1017,0
2024,10,31,12,30,9.600000000000001,9.600000000000001,100,1017,0
2024,10,31,13,0,9.200000000000001,9.200000000000001,100,1017,0
2024,10,31,13,30,8.8,8.8,100,1018,0
2024,10,31,14,0,8.4,8.4,100,1018,0
2024,10,31,14,30,9,9,100,1018,0
2024,10,31,15,0,9.600000000000001,9.1,96.62,1019,0
2024,10,31,15,30,10.600000000000001,9.1,90.39,1019,0
2024,10,31,16,0,11.700000000000001,9.1,84.08,1019,0
2024,10,31,16,30,13.200000000000001,9.1,76.3,1020,0
2024,10,31,17,0,14.600000000000001,7.5,62.63,1020,0
2024,10,31,17,30,16,7.6000000000000005,57.27,1020,0
2024,10,31,18,0,17.3,5.9,47.15,1020,0
2024,10,31,18,30,18.2,5.9,44.56,1020,0
2024,10,31,19,0,19.1,5.2,40.08,1020,0
2024,10,31,19,30,19.5,5.2,39.06,1019,0
2024,10,31,20,0,20,4.9,37.07,1019,0
2024,10,31,20,30,20.1,4.9,36.84,1019,0
2024,10,31,21,0,20.3,5,36.65,1018,0
2024,10,31,21,30,20.3,5,36.65,1018,0
2024,10,31,22,0,20.200000000000003,5.2,37.36,1018,0
2024,10,31,22,30,20,5.2,37.83,1018,0
2024,10,31,23,0,19.8,5.300000000000001,38.6,1017,0
2024,10,31,23,30,19.3,5.300000000000001,39.81,1017,0
2024,11,1,0,0,18.7,6,43.43,1017,0
2024,11,1,0,30,17.400000000000002,6,47.12,1017,0
2024,11,1,1,0,16,6.4,52.9,1017,0
2024,11,1,1,30,15.100000000000001,6.4,56.03,1017,0
2024,11,1,2,0,14.200000000000001,6.6000000000000005,60.29,1017,0
2024,11,1,2,30,13.700000000000001,6.6000000000000005,62.27,1017,0
2024,11,1,3,0,13.100000000000001,7.4,68.4,1018,0
2024,11,1,3,30,12.8,7.4,69.75,1018,0
2024,11,1,4,0,12.5,8.200000000000001,74.93,1018,0
2024,11,1,4,30,12.3,8.200000000000001,75.92,1018,0
2024,11,1,5,0,12.200000000000001,8.8,79.51,1018,0
2024,11,1,5,30,12,8.8,80.56,1018,0
2024,11,1,6,0,11.9,9.1,82.87,1018,0
2024,11,1,6,30,11.600000000000001,9.1,84.52,1018,0
2024,11,1,7,0,11.4,9.200000000000001,86.48,1018,0
2024,11,1,7,30,10.8,9.200000000000001,89.98,1018,0
2024,11,1,8,0,10.3,9.3,93.7,1018,0
2024,11,1,8,30,10.3,9.3,93.60000000000001,1017,0
2024,11,1,9,0,10.4,9.4,93.51,1017,0
2024,11,1,9,30,10.3,9.4,94.13,1017,0
2024,11,1,10,0,10.3,9.4,94.15,1017,0
2024,11,1,10,30,9.700000000000001,9.4,97.99000000000001,1017,0
2024,11,1,11,0,9.200000000000001,9.200000000000001,100,1017,0
2024,11,1,11,30,8.9,8.9,100,1017,0
2024,11,1,12,0,8.700000000000001,8.700000000000001,100,1017,0
2024,11,1,12,30,8.6,8.6,100,1016,0
2024,11,1,13,0,8.5,8.5,100,1016,0
2024,11,1,13,30,8.4,8.4,100,1016,0
2024,11,1,14,0,8.3,8.3,100,1016,0
2024,11,1,14,30,9.1,9.1,100,1016,0
2024,11,1,15,0,9.8,9.5,97.82000000000001,1016,0
2024,11,1,15,30,11.4,9.5,88.04,1017,0
2024,11,1,16,0,13,9.9,81.41,1017,0
2024,11,1,16,30,14.4,9.9,74.35000000000001,1017,0
2024,11,1,17,0,15.8,9,64.16,1016,0
2024,11,1,17,30,17.1,9,59.08,1016,0
2024,11,1,18,0,18.400000000000002,7.4,48.75,1016,0
2024,11,1,18,30,19.200000000000003,7.4,46.38,1016,0
2024,11,1,19,0,20,6.4,41.28,1015,0
2024,11,1,19,30,19.900000000000002,6.4,41.53,1015,0
2024,11,1,20,0,19.8,6,40.64,1014,0
2024,11,1,20,30,19.6,6,41.15,1014,0
2024,11,1,21,0,19.5,6.4,42.52,1014,0
2024,11,1,21,30,19.3,6.4,43,1013,0
2024,11,1,22,0,19.1,7.300000000000001,46.19,1013,0
2024,11,1,22,30,18.6,7.300000000000001,47.65,1013,0
2024,11,1,23,0,18.1,8.3,52.88,1013,0
2024,11,1,23,30,17.3,8.3,55.61,1013,0
2024,11,2,0,0,16.6,9.5,63.04,1013,0
2024,11,2,0,30,15.8,9.5,66.27,1012,0
2024,11,2,1,0,15.100000000000001,10.5,74.2,1012,0
2024,11,2,1,30,14.700000000000001,10.5,76.13,1012,0
2024,11,2,2,0,14.4,11.3,81.45,1011,0
2024,11,2,2,30,14.3,11.3,81.98,1011,0
2024,11,2,3,0,14.100000000000001,11.9,86.61,1011,0
2024,11,2,3,30,14.100000000000001,11.9,86.61,1011,0
2024,11,2,4,0,14.100000000000001,12.4,89.65,1011,0
2024,11,2,4,30,14.100000000000001,12.4,89.65,1011,0
2024,11,2,5,0,14.100000000000001,12.8,91.59,1011,0
2024,11,2,5,30,14.200000000000001,12.700000000000001,90.91,1010,0
2024,11,2,6,0,14.3,12.9,91.54,1010,0
2024,11,2,6,30,14.3,12.9,91.54,1010,0
2024,11,2,7,0,14.3,13.100000000000001,92.67,1010,0
2024,11,2,7,30,14.200000000000001,13.100000000000001,93.27,1010,0
2024,11,2,8,0,14,13.200000000000001,94.67,1010,0
2024,11,2,8,30,13.4,13.200000000000001,98.42,1010,0
2024,11,2,9,0,12.700000000000001,12.600000000000001,99.45,1010,0
2024,11,2,9,30,12.4,12.4,100,1010,0
2024,11,2,10,0,12.100000000000001,12,99.65,1010,0
2024,11,2,10,30,11.9,11.9,100,1010,0
2024,11,2,11,0,11.700000000000001,11.600000000000001,99.33,1010,0
2024,11,2,11,30,11.200000000000001,11.200000000000001,100,1010,0
2024,11,2,12,0,10.700000000000001,10.700000000000001,100,1011,0
2024,11,2,12,30,10.200000000000001,10.200000000000001,100,1011,0
2024,11,2,13,0,9.700000000000001,9.700000000000001,100,1011,0
2024,11,2,13,30,9.4,9.4,100,1011,0
2024,11,2,14,0,9.1,9.1,100,1011,0
2024,11,2,14,30,9.600000000000001,9.5,99.11,1012,0
2024,11,2,15,0,10.100000000000001,9.700000000000001,97.49000000000001,1012,0
2024,11,2,15,30,11.100000000000001,9.700000000000001,91.31,1013,0
2024,11,2,16,0,12.100000000000001,9.9,86.64,1013,0
2024,11,2,16,30,13.100000000000001,9.9,81.16,1013,0
2024,11,2,17,0,14,9.4,74.02,1014,0
2024,11,2,17,30,15.100000000000001,9.4,68.96000000000001,1014,0
2024,11,2,18,0,16.1,8.9,62.25,1014,0
2024,11,2,18,30,16.8,8.9,59.550000000000004,1014,0
2024,11,2,19,0,17.6,7.800000000000001,52.58,1014,0
2024,11,2,19,30,18.1,7.800000000000001,50.96,1014,0
2024,11,2,20,0,18.6,6.800000000000001,46.300000000000004,1013,0
2024,11,2,20,30,18.900000000000002,6.800000000000001,45.44,1013,0
2024,11,2,21,0,19.200000000000003,6.300000000000001,42.88,1013,0
2024,11,2,21,30,19.3,6.300000000000001,42.61,1013,0
2024,11,2,22,0,19.400000000000002,6,41.46,1013,0
2024,11,2,22,30,19.200000000000003,6,41.980000000000004,1013,0
2024,11,2,23,0,19.1,5.800000000000001,41.81,1013,0
2024,11,2,23,30,18.5,5.800000000000001,43.4,1013,0
2024,11,3,0,0,17.8,8,52.6,1013,0
2024,11,3,0,30,16.6,8,56.730000000000004,1013,0
2024,11,3,1,0,15.3,7.5,59.81,1013,0
2024,11,3,1,30,14.5,7.5,63.02,1014,0
2024,11,3,2,0,13.700000000000001,7.5,66.4,1014,0
2024,11,3,2,30,13.3,7.5,68.15,1014,0
2024,11,3,3,0,12.8,7.9,71.89,1014,0
2024,11,3,3,30,12.4,7.9,73.86,1015,0
2024,11,3,4,0,11.9,7.9,76.71000000000001,1015,0
2024,11,3,4,30,11.5,7.9,78.76,1015,0
2024,11,3,5,0,11,7.9,81.46000000000001,1015,0
2024,11,3,5,30,10.600000000000001,7.9,83.65,1015,0
2024,11,3,6,0,10.3,7.800000000000001,84.54,1015,0
2024,11,3,6,30,10.100000000000001,7.800000000000001,85.68,1015,0
2024,11,3,7,0,9.9,7.6000000000000005,85.61,1015,0
2024,11,3,7,30,9.8,7.6000000000000005,86.27,1016,0
2024,11,3,8,0,9.8,7.5,85.4,1016,0
2024,11,3,8,30,9.600000000000001,7.5,86.55,1016,0
2024,11,3,9,0,9.4,7.4,87.27,1016,0
2024,11,3,9,30,9.200000000000001,7.4,88.45,1016,0
2024,11,3,10,0,9,7.4,89.8,1016,0
2024,11,3,10,30,8.9,7.4,90.4,1016,0
2024,11,3,11,0,8.8,7.5,91.36,1016,0
2024,11,3,11,30,8.700000000000001,7.5,91.98,1016,0
2024,11,3,12,0,8.700000000000001,7.5,92.03,1016,0
2024,11,3,12,30,8.700000000000001,7.5,92.12,1017,0
2024,11,3,13,0,8.700000000000001,7.4,91.76,1017,0
2024,11,3,13,30,8.6,7.4,92.38,1017,0
2024,11,3,14,0,8.6,7.300000000000001,91.56,1017,0
2024,11,3,14,30,9.3,7.300000000000001,87.35000000000001,1017,0
2024,11,3,15,0,10,7.4,83.94,1017,0
2024,11,3,15,30,11.3,7.4,77.08,1018,0
2024,11,3,16,0,12.700000000000001,7.7,71.49,1018,0
2024,11,3,16,30,14.3,7.7,64.43,1018,0
2024,11,3,17,0,16,6.7,54.17,1018,0
2024,11,3,17,30,17.2,6.7,50.2,1018,0
2024,11,3,18,0,18.400000000000002,5.300000000000001,42.27,1018,0
2024,11,3,18,30,19.200000000000003,5.300000000000001,40.18,1017,0
2024,11,3,19,0,20.1,4,34.52,1017,0
2024,11,3,19,30,20.6,4,33.47,1017,0
2024,11,3,20,0,21.200000000000003,2.9000000000000004,30.01,1017,0
2024,11,3,20,30,21.5,2.9000000000000004,29.43,1016,0
2024,11,3,21,0,21.8,2,27.12,1016,0
2024,11,3,21,30,21.900000000000002,2,26.96,1016,0
2024,11,3,22,0,22,1.3,25.48,1016,0
2024,11,3,22,30,21.900000000000002,1.3,25.63,1016,0
2024,11,3,23,0,21.700000000000003,0.8,24.93,1016,0
2024,11,3,23,30,20.8,0.8,26.34,1016,0
2024,11,4,0,0,20,1.2000000000000002,28.51,1016,0
2024,11,4,0,30,18.5,1.2000000000000002,31.32,1017,0
2024,11,4,1,0,17,1.9000000000000001,36.31,1017,0
2024,11,4,1,30,16.3,1.9000000000000001,37.96,1017,0
2024,11,4,2,0,15.600000000000001,2.4000000000000004,41.03,1018,0
2024,11,4,2,30,15.3,2.4000000000000004,41.82,1018,0
2024,11,4,3,0,15,2.7,43.5,1019,0
2024,11,4,3,30,14.8,2.7,44.06,1019,0
2024,11,4,4,0,14.5,2.9000000000000004,45.64,1019,0
2024,11,4,4,30,14.100000000000001,2.9000000000000004,46.83,1019,0
2024,11,4,5,0,13.600000000000001,3.2,49.49,1019,0
2024,11,4,5,30,13.100000000000001,3.2,51.120000000000005,1019,0
2024,11,4,6,0,12.5,3.6,54.49,1019,0
2024,11,4,6,30,12.200000000000001,3.6,55.57,1019,0
2024,11,4,7,0,11.8,3.9000000000000004,58.31,1020,0
2024,11,4,7,30,11.600000000000001,3.9000000000000004,59.08,1020,0
2024,11,4,8,0,11.3,4.1000000000000005,61.38,1020,0
2024,11,4,8,30,11.100000000000001,4.1000000000000005,62.2,1020,0
2024,11,4,9,0,10.9,4.3,63.53,1020,0
2024,11,4,9,30,10.600000000000001,4.2,64.81,1020,0
2024,11,4,10,0,10.4,4.2,65.41,1020,0
2024,11,4,10,30,10.200000000000001,4.2,66.29,1020,0
2024,11,4,11,0,10,4.1000000000000005,66.59,1020,0
2024,11,4,11,30,9.700000000000001,4.1000000000000005,67.94,1020,0
2024,11,4,12,0,9.4,4,68.77,1020,0
2024,11,4,12,30,9.3,3.9000000000000004,69.23,1020,0
2024,11,4,13,0,9.1,3.9000000000000004,69.89,1020,0
2024,11,4,13,30,8.9,3.9000000000000004,70.84,1020,0
2024,11,4,14,0,8.8,3.9000000000000004,71.45,1020,0
2024,11,4,14,30,9.200000000000001,3.9000000000000004,69.55,1020,0
2024,11,4,15,0,9.700000000000001,4.2,68.42,1021,0
2024,11,4,15,30,11,4.2,62.74,1021,0
2024,11,4,16,0,12.3,4,57.11,1021,0
2024,11,4,16,30,13.600000000000001,4.1000000000000005,52.47,1021,0
2024,11,4,17,0,14.9,3.1,45.230000000000004,1021,0
2024,11,4,17,30,16.3,3.1,41.37,1021,0
2024,11,4,18,0,17.8,1.8,34.26,1021,0
2024,11,4,18,30,19.1,1.8,31.59,1021,0
2024,11,4,19,0,20.5,0.6000000000000001,26.490000000000002,1021,0
2024,11,4,19,30,21.700000000000003,0.6000000000000001,24.59,1020,0
2024,11,4,20,0,22.8,-0.30000000000000004,21.54,1020,0
2024,11,4,20,30,23.6,-0.30000000000000004,20.52,1020,0
2024,11,4,21,0,24.400000000000002,-0.30000000000000004,19.57,1019,0
2024,11,4,21,30,24.8,-0.30000000000000004,19.11,1019,0
2024,11,4,22,0,25.1,0.9,20.54,1018,0
2024,11,4,22,30,25,0.9,20.67,1018,0
2024,11,4,23,0,24.8,3.1,24.45,1018,0
2024,11,4,23,30,23.700000000000003,3.1,26.11,1018,0
2024,11,5,0,0,22.6,8.8,41.4,1018,0
2024,11,5,0,30,21.900000000000002,8.8,43.2,1018,0
2024,11,5,1,0,21.1,6.1000000000000005,37.78,1018,0
2024,11,5,1,30,20,6.1000000000000005,40.42,1018,0
2024,11,5,2,0,18.900000000000002,6.800000000000001,45.29,1018,0
2024,11,5,2,30,18.2,6.800000000000001,47.32,1018,0
2024,11,5,3,0,17.5,7.4,51.64,1018,0
2024,11,5,3,30,17.2,7.4,52.620000000000005,1018,0
2024,11,5,4,0,16.900000000000002,8.1,56.29,1019,0
2024,11,5,4,30,16.6,8.1,57.370000000000005,1019,0
2024,11,5,5,0,16.3,8.700000000000001,60.82,1019,0
2024,11,5,5,30,16.1,8.700000000000001,61.6,1019,0
2024,11,5,6,0,16,9.3,64.27,1019,0
2024,11,5,6,30,15.5,9.3,66.35,1019,0
2024,11,5,7,0,15,9.9,71.34,1018,0
2024,11,5,7,30,14.3,9.9,74.69,1019,0
2024,11,5,8,0,13.5,10.600000000000001,82.35000000000001,1019,0
2024,11,5,8,30,12.9,10.5,85.63,1019,0
2024,11,5,9,0,12.3,10.9,91.39,1019,0
2024,11,5,9,30,12,10.9,93.21000000000001,1019,0
2024,11,5,10,0,11.700000000000001,10.9,94.53,1018,0
2024,11,5,10,30,11.4,10.8,96.41,1018,0
2024,11,5,11,0,11.100000000000001,10.600000000000001,96.68,1018,0
2024,11,5,11,30,10.700000000000001,10.600000000000001,99.28,1018,0
2024,11,5,12,0,10.4,10.100000000000001,98.31,1018,0
2024,11,5,12,30,10.200000000000001,10.200000000000001,99.72,1019,0
2024,11,5,13,0,10,9,93.73,1019,0
2024,11,5,13,30,10.200000000000001,9,92.49,1019,0
2024,11,5,14,0,10.3,7.7,83.69,1019,0
2024,11,5,14,30,10.700000000000001,7.7,81.49,1019,0
2024,11,5,15,0,11.200000000000001,6.4,72.47,1019,0
2024,11,5,15,30,12.5,6.4,66.54,1019,0
2024,11,5,16,0,13.9,5.7,57.6,1019,0
2024,11,5,16,30,15.3,5.7,52.64,1019,0
2024,11,5,17,0,16.7,4.800000000000001,45.31,1019,0
2024,11,5,17,30,18,4.800000000000001,41.75,1019,0
2024,11,5,18,0,19.3,3.2,34.45,1018,0
2024,11,5,18,30,20.3,3.2,32.39,1018,0
2024,11,5,19,0,21.400000000000002,0.9,25.560000000000002,1017,0
2024,11,5,19,30,22.200000000000003,0.9,24.34,1017,0
2024,11,5,20,0,22.900000000000002,-1.7000000000000002,19.330000000000002,1016,0
2024,11,5,20,30,23.3,-1.7000000000000002,18.87,1016,0
2024,11,5,21,0,23.6,-3.6,16.11,1016,0
2024,11,5,21,30,23.700000000000003,-3.6,16,1015,0
2024,11,5,22,0,23.700000000000003,-4.7,14.71,1015,0
2024,11,5,22,30,23.400000000000002,-4.7,14.97,1015,0
2024,11,5,23,0,23.1,-4.6000000000000005,15.46,1015,0
2024,11,5,23,30,22.1,-4.6000000000000005,16.42,1015,0
2024,11,6,0,0,21,-2.6,20.31,1015,0
2024,11,6,0,30,19.700000000000003,-2.6,22,1015,0
2024,11,6,1,0,18.400000000000002,-1.4000000000000001,26.05,1015,0
2024,11,6,1,30,18.1,-1.4000000000000001,26.54,1015,0
2024,11,6,2,0,17.900000000000002,-1.4000000000000001,26.88,1015,0
2024,11,6,2,30,18,-1.4000000000000001,26.71,1015,0
2024,11,6,3,0,18,-1.4000000000000001,26.740000000000002,1015,0
2024,11,6,3,30,17.8,-1.4000000000000001,27.080000000000002,1015,0
2024,11,6,4,0,17.6,-1.2000000000000002,27.97,1015,0
2024,11,6,4,30,17,-1.2000000000000002,29.04,1015,0
2024,11,6,5,0,16.3,-0.6000000000000001,31.7,1015,0
2024,11,6,5,30,15.8,-0.6000000000000001,32.72,1015,0
2024,11,6,6,0,15.3,0,35.230000000000004,1015,0
2024,11,6,6,30,14.9,0,36.14,1015,0
2024,11,6,7,0,14.5,0.30000000000000004,37.89,1015,0
2024,11,6,7,30,14,0.30000000000000004,39.14,1015,0
2024,11,6,8,0,13.600000000000001,0.5,40.64,1015,0
2024,11,6,8,30,13.3,0.5,41.44,1015,0
2024,11,6,9,0,13,0.4,42.11,1014,0
2024,11,6,9,30,12.8,0.4,42.660000000000004,1014,0
2024,11,6,10,0,12.5,0.30000000000000004,43.11,1014,0
2024,11,6,10,30,12.4,0.30000000000000004,43.39,1014,0
2024,11,6,11,0,12.200000000000001,0.1,43.38,1014,0
2024,11,6,11,30,12.100000000000001,0.1,43.660000000000004,1014,0
2024,11,6,12,0,11.9,-0.1,43.480000000000004,1014,0
2024,11,6,12,30,11.8,-0.1,43.77,1014,0
2024,11,6,13,0,11.600000000000001,-0.5,43.28,1014,0
2024,11,6,13,30,11.5,-0.5,43.57,1014,0
2024,11,6,14,0,11.4,-1.1,41.89,1015,0
2024,11,6,14,30,11.5,-1.1,41.61,1015,0
2024,11,6,15,0,11.700000000000001,-1.9000000000000001,38.67,1015,0
2024,11,6,15,30,12.600000000000001,-1.9000000000000001,36.45,1015,0
2024,11,6,16,0,13.5,-2.9000000000000004,32.05,1016,0
2024,11,6,16,30,14.700000000000001,-2.9000000000000004,29.66,1016,0
2024,11,6,17,0,16,-5.1000000000000005,23.02,1016,0
2024,11,6,17,30,17.2,-5.1000000000000005,21.34,1016,0
2024,11,6,18,0,18.3,-6.9,17.34,1016,0
2024,11,6,18,30,19.400000000000002,-6.9,16.19,1016,0
2024,11,6,19,0,20.400000000000002,-8.3,13.68,1015,0
2024,11,6,19,30,21.200000000000003,-8.3,13.030000000000001,1015,0
2024,11,6,20,0,22.1,-9.600000000000001,11.13,1015,0
2024,11,6,20,30,22.6,-9.600000000000001,10.78,1014,0
2024,11,6,21,0,23,-10.200000000000001,10.08,1014,0
2024,11,6,21,30,23.200000000000003,-10.200000000000001,9.96,1014,0
2024,11,6,22,0,23.400000000000002,-10,9.950000000000001,1014,0
2024,11,6,22,30,23.200000000000003,-10,10.07,1014,0
2024,11,6,23,0,22.900000000000002,-8.6,11.48,1014,0
2024,11,6,23,30,21.5,-8.6,12.5,1014,0
2024,11,7,0,0,20,0,26.09,1014,0
2024,11,7,0,30,18.5,0,28.66,1015,0
2024,11,7,1,0,16.900000000000002,-1.6,28.38,1015,0
2024,11,7,1,30,16,-1.6,30.05,1015,0
2024,11,7,2,0,15.100000000000001,-1.6,31.8,1015,0
2024,11,7,2,30,14.3,-1.6,33.51,1016,0
2024,11,7,3,0,13.5,-1.5,35.37,1016,0
2024,11,7,3,30,13.200000000000001,-1.5,36.07,1016,0
2024,11,7,4,0,12.8,-1.8,36.230000000000004,1017,0
2024,11,7,4,30,12.8,-1.8,36.230000000000004,1017,0
2024,11,7,5,0,12.700000000000001,-2.1,35.77,1017,0
2024,11,7,5,30,12.9,-2.1,35.31,1017,0
2024,11,7,6,0,13.100000000000001,-2.5,33.75,1017,0
2024,11,7,6,30,12.9,-2.5,34.230000000000004,1018,0
2024,11,7,7,0,12.700000000000001,-2.3000000000000003,35.2,1018,0
2024,11,7,7,30,12.3,-2.3000000000000003,36.13,1018,0
2024,11,7,8,0,11.9,-2.1,37.6,1018,0
2024,11,7,8,30,11.5,-2.1,38.6,1018,0
2024,11,7,9,0,11.100000000000001,-2.4000000000000004,38.93,1018,0
2024,11,7,9,30,10.8,-2.4000000000000004,39.71,1018,0
2024,11,7,10,0,10.5,-2.7,39.53,1019,0
2024,11,7,10,30,10.200000000000001,-2.7,40.32,1019,0
2024,11,7,11,0,9.8,-3,40.44,1019,0
2024,11,7,11,30,9.4,-3,41.53,1019,0
2024,11,7,12,0,8.9,-3.4000000000000004,41.92,1020,0
2024,11,7,12,30,8.5,-3.4000000000000004,43.06,1020,0
2024,11,7,13,0,8.200000000000001,-3.6,43.03,1020,0
2024,11,7,13,30,7.800000000000001,-3.6,44.22,1020,0
2024,11,7,14,0,7.5,-3.9000000000000004,44.29,1021,0
2024,11,7,14,30,7.7,-3.9000000000000004,43.69,1021,0
2024,11,7,15,0,8,-2.6,47.11,1021,0
2024,11,7,15,30,9.9,-2.6,41.49,1022,0
2024,11,7,16,0,11.8,-2.8000000000000003,35.89,1022,0
2024,11,7,16,30,13.3,-2.8000000000000003,32.54,1022,0
2024,11,7,17,0,14.700000000000001,-3.3000000000000003,28.8,1022,0
2024,11,7,17,30,16.1,-3.3000000000000003,26.330000000000002,1022,0
2024,11,7,18,0,17.5,-2.8000000000000003,24.87,1022,0
2024,11,7,18,30,18.8,-2.8000000000000003,22.93,1022,0
2024,11,7,19,0,20,-3.5,20.26,1022,0
2024,11,7,19,30,21,-3.5,19.03,1021,0
2024,11,7,20,0,22,-4.9,16.080000000000002,1021,0
2024,11,7,20,30,22.400000000000002,-4.9,15.68,1020,0
2024,11,7,21,0,22.8,-5.300000000000001,14.85,1020,0
2024,11,7,21,30,22.8,-5.300000000000001,14.85,1020,0
2024,11,7,22,0,22.900000000000002,-5.300000000000001,14.82,1020,0
2024,11,7,22,30,22.6,-5.300000000000001,15.08,1019,0
2024,11,7,23,0,22.200000000000003,-4.4,16.52,1019,0
2024,11,7,23,30,21.3,-4.4,17.45,1019,0
2024,11,8,0,0,20.3,0.7000000000000001,26.96,1019,0
2024,11,8,0,30,19.400000000000002,0.7000000000000001,28.5,1019,0
2024,11,8,1,0,18.400000000000002,-1.1,26.73,1020,0
2024,11,8,1,30,17.900000000000002,-1.1,27.580000000000002,1020,0
2024,11,8,2,0,17.3,-1.2000000000000002,28.47,1020,0
2024,11,8,2,30,16.5,-1.2000000000000002,29.95,1020,0
2024,11,8,3,0,15.8,-0.6000000000000001,32.72,1020,0
2024,11,8,3,30,15.5,-0.6000000000000001,33.35,1020,0
2024,11,8,4,0,15.200000000000001,-0.30000000000000004,34.76,1021,0
2024,11,8,4,30,14.8,-0.30000000000000004,35.660000000000004,1021,0
2024,11,8,5,0,14.5,0.2,37.63,1021,0
2024,11,8,5,30,14.100000000000001,0.2,38.62,1021,0
2024,11,8,6,0,13.8,0.5,40.33,1021,0
2024,11,8,6,30,13.5,0.5,41.12,1021,0
2024,11,8,7,0,13.100000000000001,0.9,43.36,1021,0
2024,11,8,7,30,12.8,0.9,44.21,1021,0
2024,11,8,8,0,12.4,1.3,46.61,1021,0
2024,11,8,8,30,12.200000000000001,1.3,47.230000000000004,1021,0
2024,11,8,9,0,12,1.3,47.910000000000004,1021,0
2024,11,8,9,30,11.700000000000001,1.3,48.870000000000005,1021,0
2024,11,8,10,0,11.4,1.1,49.08,1021,0
2024,11,8,10,30,11.100000000000001,1.1,50.07,1021,0
2024,11,8,11,0,10.9,0.8,49.65,1021,0
2024,11,8,11,30,10.700000000000001,0.8,50.32,1021,0
2024,11,8,12,0,10.5,0.5,49.86,1021,0
2024,11,8,12,30,10.4,0.5,50.19,1021,0
2024,11,8,13,0,10.200000000000001,0.2,49.79,1021,0
2024,11,8,13,30,9.9,0.2,50.800000000000004,1021,0
2024,11,8,14,0,9.600000000000001,-0.1,50.65,1021,0
2024,11,8,14,30,9.200000000000001,-0.1,52.02,1021,0
2024,11,8,15,0,8.9,0.2,54.36,1021,0
2024,11,8,15,30,10.200000000000001,0.2,49.83,1021,0
2024,11,8,16,0,11.5,0.2,45.74,1021,0
2024,11,8,16,30,12.8,0.2,42,1021,0
2024,11,8,17,0,14.100000000000001,-0.4,37.04,1021,0
2024,11,8,17,30,15.700000000000001,-0.4,33.42,1021,0
2024,11,8,18,0,17.3,-0.8,29.26,1021,0
2024,11,8,18,30,18.900000000000002,-0.8,26.45,1020,0
2024,11,8,19,0,20.5,-2.8000000000000003,20.6,1020,0
2024,11,8,19,30,21.200000000000003,-2.9000000000000004,19.71,1019,0
2024,11,8,20,0,21.900000000000002,-3.2,18.36,1019,0
2024,11,8,20,30,22.200000000000003,-3.2,18.03,1019,0
2024,11,8,21,0,22.5,-3.1,17.89,1018,0
2024,11,8,21,30,22.5,-3.1,17.89,1018,0
2024,11,8,22,0,22.5,-2.9000000000000004,18.12,1017,0
2024,11,8,22,30,22.200000000000003,-2.9000000000000004,18.46,1017,0
2024,11,8,23,0,21.8,-2.3000000000000003,19.740000000000002,1017,0
2024,11,8,23,30,20.900000000000002,-2.3000000000000003,20.86,1017,0
2024,11,9,0,0,19.900000000000002,1.7000000000000002,29.76,1017,0
2024,11,9,0,30,18.900000000000002,1.7000000000000002,31.66,1017,0
2024,11,9,1,0,17.8,0.5,31.07,1017,0
2024,11,9,1,30,17,0.5,32.67,1017,0
2024,11,9,2,0,16.1,0.4,34.4,1017,0
2024,11,9,2,30,15.4,0.4,35.97,1017,0
2024,11,9,3,0,14.700000000000001,1.1,39.74,1017,0
2024,11,9,3,30,14.100000000000001,1.1,41.31,1017,0
2024,11,9,4,0,13.5,1.7000000000000002,44.550000000000004,1017,0
2024,11,9,4,30,13,1.7000000000000002,46.03,1017,0
2024,11,9,5,0,12.5,2.3000000000000003,49.74,1017,0
2024,11,9,5,30,12,2.3000000000000003,51.4,1017,0
2024,11,9,6,0,11.600000000000001,3,55.54,1017,0
2024,11,9,6,30,11.100000000000001,3,57.410000000000004,1017,0
2024,11,9,7,0,10.700000000000001,3.6,61.730000000000004,1016,0
2024,11,9,7,30,10.3,3.6,63.39,1016,0
2024,11,9,8,0,9.9,4.2,67.91,1016,0
2024,11,9,8,30,9.5,4.2,69.75,1016,0
2024,11,9,9,0,9.1,4.5,73.12,1016,0
2024,11,9,9,30,8.9,4.5,74.11,1016,0
2024,11,9,10,0,8.6,4.5,75.54,1016,0
2024,11,9,10,30,8.700000000000001,4.5,75.03,1016,0
2024,11,9,11,0,8.8,4.4,73.67,1015,0
2024,11,9,11,30,8.9,4.4,73.17,1015,0
2024,11,9,12,0,9,4.2,71.88,1015,0
2024,11,9,12,30,9,4.2,71.88,1015,0
2024,11,9,13,0,9.1,4.1000000000000005,71.13,1015,0
2024,11,9,13,30,9.1,4.1000000000000005,71.13,1015,0
2024,11,9,14,0,9.1,4.1000000000000005,70.99,1015,0
2024,11,9,14,30,9.1,4.1000000000000005,70.99,1015,0
2024,11,9,15,0,9.1,4.3,71.84,1015,0
2024,11,9,15,30,10.5,4.3,65.42,1015,0
2024,11,9,16,0,11.8,4.5,61.1,1016,0
2024,11,9,16,30,13,4.5,56.49,1016,0
2024,11,9,17,0,14.100000000000001,3.8000000000000003,49.97,1016,0
2024,11,9,17,30,15.100000000000001,3.8000000000000003,46.86,1016,0
2024,11,9,18,0,16.1,2.4000000000000004,39.72,1016,0
2024,11,9,18,30,16.7,2.4000000000000004,38.24,1016,0
2024,11,9,19,0,17.3,1.2000000000000002,33.78,1016,0
2024,11,9,19,30,17.900000000000002,1.2000000000000002,32.5,1015,0
2024,11,9,20,0,18.400000000000002,-0.2,28.44,1015,0
2024,11,9,20,30,18.900000000000002,-0.2,27.57,1015,0
2024,11,9,21,0,19.400000000000002,-1,25.29,1015,0
2024,11,9,21,30,19.900000000000002,-1,24.490000000000002,1014,0
2024,11,9,22,0,20.5,-2.4000000000000004,21.23,1014,0
2024,11,9,22,30,20.5,-2.4000000000000004,21.23,1014,0
2024,11,9,23,0,20.400000000000002,-1.6,22.75,1014,0
2024,11,9,23,30,19.8,-1.6,23.61,1014,0
2024,11,10,0,0,19.200000000000003,0.30000000000000004,28.12,1013,0
2024,11,10,0,30,18.6,0.30000000000000004,29.22,1014,0
2024,11,10,1,0,18,-1.1,27.3,1014,0
2024,11,10,1,30,17.7,-1.1,27.82,1014,0
2024,11,10,2,0,17.400000000000002,-1.2000000000000002,28.16,1014,0
2024,11,10,2,30,17.1,-1.2000000000000002,28.69,1014,0
2024,11,10,3,0,16.900000000000002,-1,29.490000000000002,1014,0
2024,11,10,3,30,16.7,-1,29.86,1014,0
2024,11,10,4,0,16.400000000000002,-0.6000000000000001,31.32,1014,0
2024,11,10,4,30,15.8,-0.6000000000000001,32.54,1014,0
2024,11,10,5,0,15.200000000000001,-0.1,35.230000000000004,1014,0
2024,11,10,5,30,14.4,-0.1,37.13,1015,0
2024,11,10,6,0,13.600000000000001,1.1,42.43,1015,0
2024,11,10,6,30,13,1.1,44.12,1015,0
2024,11,10,7,0,12.4,2.3000000000000003,50.28,1015,0
2024,11,10,7,30,12.100000000000001,2.3000000000000003,51.28,1015,0
2024,11,10,8,0,11.8,3.6,57.04,1015,0
2024,11,10,8,30,11.700000000000001,3.6,57.410000000000004,1015,0
2024,11,10,9,0,11.700000000000001,4.2,60.14,1015,0
2024,11,10,9,30,11.700000000000001,4.2,60.14,1015,0
2024,11,10,10,0,11.700000000000001,4.3,60.550000000000004,1015,0
2024,11,10,10,30,11.4,4.3,61.76,1015,0
2024,11,10,11,0,11.200000000000001,3.9000000000000004,60.92,1015,0
2024,11,10,11,30,10.8,3.9000000000000004,62.550000000000004,1015,0
2024,11,10,12,0,10.5,3.2,60.61,1015,0
2024,11,10,12,30,10.100000000000001,3.2,62.24,1015,0
2024,11,10,13,0,9.600000000000001,2.1,59.6,1015,0
2024,11,10,13,30,9.4,2.1,60.4,1015,0
2024,11,10,14,0,9.200000000000001,1.1,56.870000000000005,1015,0
2024,11,10,14,30,9.4,1.1,56.17,1016,0
2024,11,10,15,0,9.600000000000001,1.1,55.24,1016,0
2024,11,10,15,30,10.8,1.1,51,1016,0
2024,11,10,16,0,12,1.8,49.79,1017,0
2024,11,10,16,30,13.3,1.8,45.74,1017,0
2024,11,10,17,0,14.600000000000001,1.6,41.410000000000004,1017,0
2024,11,10,17,30,17.1,1.6,35.31,1017,0
2024,11,10,18,0,19.5,0,26.96,1017,0
2024,11,10,18,30,20.700000000000003,0,25.04,1017,0
2024,11,10,19,0,21.8,-1.4000000000000001,21.14,1016,0
2024,11,10,19,30,22.400000000000002,-1.4000000000000001,20.38,1016,0
2024,11,10,20,0,22.900000000000002,-2.1,18.87,1015,0
2024,11,10,20,30,23.200000000000003,-2.1,18.53,1015,0
2024,11,10,21,0,23.5,-2.5,17.56,1014,0
2024,11,10,21,30,23.5,-2.5,17.56,1014,0
2024,11,10,22,0,23.5,-2.9000000000000004,17.11,1014,0
2024,11,10,22,30,23.1,-2.9000000000000004,17.53,1014,0
2024,11,10,23,0,22.700000000000003,-2.3000000000000003,18.7,1014,0
2024,11,10,23,30,20.8,-2.3000000000000003,21,1014,0
2024,11,11,0,0,18.8,3.8000000000000003,37.11,1014,0
2024,11,11,0,30,16.900000000000002,3.8000000000000003,41.81,1014,0
2024,11,11,1,0,15.100000000000001,2.6,42.83,1014,0
2024,11,11,1,30,14.4,2.5,44.800000000000004,1014,0
2024,11,11,2,0,13.700000000000001,3.9000000000000004,51.69,1015,0
2024,11,11,2,30,13.3,3.9000000000000004,53.050000000000004,1015,0
2024,11,11,3,0,12.8,6.9,67.39,1015,0
2024,11,11,3,30,12.5,6.9,68.79,1016,0
2024,11,11,4,0,12.200000000000001,9.600000000000001,83.87,1016,0
2024,11,11,4,30,11.9,9.5,85.45,1015,0
2024,11,11,5,0,11.600000000000001,10.8,95.12,1015,0
2024,11,11,5,30,11.3,10.8,97.02,1015,0
2024,11,11,6,0,11.100000000000001,11.100000000000001,100,1015,0
2024,11,11,6,30,10.9,10.9,100,1015,0
2024,11,11,7,0,10.8,10.8,100,1015,0
2024,11,11,7,30,10.8,10.8,100,1015,0
2024,11,11,8,0,10.8,10.8,100,1015,0
2024,11,11,8,30,10.9,10.9,100,1014,0
2024,11,11,9,0,11,11,100,1014,0
2024,11,11,9,30,11,11,100,1014,0
2024,11,11,10,0,11,11,100,1014,0
2024,11,11,10,30,10.9,10.9,100,1013,0
2024,11,11,11,0,10.8,10.8,100,1013,0
2024,11,11,11,30,10.9,10.9,100,1013,0
2024,11,11,12,0,11,11,100,1013,0
2024,11,11,12,30,11.200000000000001,11.200000000000001,99.92,1013,0
2024,11,11,13,0,11.4,11.200000000000001,98.83,1013,0
2024,11,11,13,30,11.8,11.200000000000001,96.26,1013,0
2024,11,11,14,0,12.100000000000001,11.600000000000001,96.52,1013,0
2024,11,11,14,30,12.5,11.600000000000001,94.02,1013,0
2024,11,11,15,0,12.8,12,94.82000000000001,1013,0
2024,11,11,15,30,13.3,12,91.78,1013,0
2024,11,11,16,0,13.8,12.600000000000001,92.44,1013,0
2024,11,11,16,30,14.5,12.600000000000001,88.35000000000001,1013,0
2024,11,11,17,0,15.3,13.4,88.48,1013,0
2024,11,11,17,30,15.8,13.4,85.7,1013,0
2024,11,11,18,0,16.3,12.200000000000001,76.79,1013,0
2024,11,11,18,30,16.400000000000002,12.200000000000001,76.38,1014,0
2024,11,11,19,0,16.5,8.8,60.230000000000004,1014,0
2024,11,11,19,30,16.8,8.8,59.1,1014,0
2024,11,11,20,0,17.1,5.7,47.12,1014,0
2024,11,11,20,30,17.6,5.7,45.660000000000004,1014,0
2024,11,11,21,0,18.2,4.4,40.21,1014,0
2024,11,11,21,30,18.400000000000002,4.4,39.71,1014,0
2024,11,11,22,0,18.6,4.2,38.58,1014,0
2024,11,11,22,30,18.3,4.2,39.35,1015,0
2024,11,11,23,0,18.1,4.6000000000000005,40.980000000000004,1015,0
2024,11,11,23,30,16.900000000000002,4.6000000000000005,44.19,1015,0
2024,11,12,0,0,15.700000000000001,8.1,60.63,1015,0
2024,11,12,0,30,14.100000000000001,8.1,67.26,1016,0
2024,11,12,1,0,12.5,7.6000000000000005,72.19,1016,0
2024,11,12,1,30,12,7.6000000000000005,74.67,1017,0
2024,11,12,2,0,11.5,8.200000000000001,80.12,1017,0
2024,11,12,2,30,11.200000000000001,8.200000000000001,81.8,1018,0
2024,11,12,3,0,10.8,9,88.9,1018,0
2024,11,12,3,30,10.5,9,90.69,1018,0
2024,11,12,4,0,10.3,9.600000000000001,95.73,1018,0
2024,11,12,4,30,10,9.600000000000001,97.66,1018,0
2024,11,12,5,0,9.700000000000001,9.700000000000001,100,1019,0
2024,11,12,5,30,9.4,9.4,100,1019,0
2024,11,12,6,0,9.200000000000001,9.200000000000001,100,1019,0
2024,11,12,6,30,8.9,8.9,100,1019,0
2024,11,12,7,0,8.6,8.6,100,1019,0
2024,11,12,7,30,8.4,8.4,100,1019,0
2024,11,12,8,0,8.200000000000001,8.200000000000001,100,1020,0
2024,11,12,8,30,7.9,7.9,100,1020,0
2024,11,12,9,0,7.7,7.7,100,1020,0
2024,11,12,9,30,7.6000000000000005,7.6000000000000005,100,1020,0
2024,11,12,10,0,7.4,7.4,100,1020,0
2024,11,12,10,30,7.4,7.4,100,1020,0
2024,11,12,11,0,7.300000000000001,7.300000000000001,100,1020,0
2024,11,12,11,30,7.2,7.2,100,1021,0
2024,11,12,12,0,7.2,7.2,100,1021,0
2024,11,12,12,30,7.300000000000001,7.300000000000001,100,1021,0
2024,11,12,13,0,7.300000000000001,7.300000000000001,100,1021,0
2024,11,12,13,30,7.4,7.4,100,1022,0
2024,11,12,14,0,7.5,7.2,97.89,1022,0
2024,11,12,14,30,7.6000000000000005,7.2,97.22,1022,0
2024,11,12,15,0,7.6000000000000005,7.1000000000000005,96.51,1023,0
2024,11,12,15,30,8.1,7.1000000000000005,93.29,1023,0
2024,11,12,16,0,8.6,7.2,91.17,1023,0
2024,11,12,16,30,9.5,7.2,85.81,1023,0
2024,11,12,17,0,10.4,7.800000000000001,84.11,1024,0
2024,11,12,17,30,11.5,7.800000000000001,78.2,1024,0
2024,11,12,18,0,12.600000000000001,7.800000000000001,72.34,1024,0
2024,11,12,18,30,14,7.7,65.99,1023,0
2024,11,12,19,0,15.5,6.800000000000001,56.24,1023,0
2024,11,12,19,30,16.6,6.800000000000001,52.39,1022,0
2024,11,12,20,0,17.7,4.7,42.24,1022,0
2024,11,12,20,30,18,4.7,41.410000000000004,1021,0
2024,11,12,21,0,18.400000000000002,3.7,37.57,1021,0
2024,11,12,21,30,18.400000000000002,3.7,37.57,1021,0
2024,11,12,22,0,18.5,3,35.62,1020,0
2024,11,12,22,30,18.2,3,36.300000000000004,1020,0
2024,11,12,23,0,17.900000000000002,2.8000000000000003,36.5,1020,0
2024,11,12,23,30,17.1,2.8000000000000003,38.38,1020,0
2024,11,13,0,0,16.3,5.1000000000000005,47.34,1020,0
2024,11,13,0,30,15,5.1000000000000005,51.43,1020,0
2024,11,13,1,0,13.8,4.9,54.84,1020,0
2024,11,13,1,30,13,4.9,57.76,1020,0
2024,11,13,2,0,12.200000000000001,5.300000000000001,62.59,1020,0
2024,11,13,2,30,11.8,5.300000000000001,64.32000000000001,1021,0
2024,11,13,3,0,11.3,5.7,68.67,1021,0
2024,11,13,3,30,10.9,5.7,70.51,1021,0
2024,11,13,4,0,10.5,6.300000000000001,75.41,1021,0
2024,11,13,4,30,10.200000000000001,6.300000000000001,76.93,1021,0
2024,11,13,5,0,9.9,7.1000000000000005,82.45,1021,0
2024,11,13,5,30,9.700000000000001,7,83.56,1021,0
2024,11,13,6,0,9.600000000000001,7.800000000000001,88.43,1021,0
2024,11,13,6,30,9.5,7.800000000000001,89.02,1021,0
2024,11,13,7,0,9.5,8.4,92.72,1021,0
2024,11,13,7,30,9.3,8.4,93.88,1020,0
2024,11,13,8,0,9.200000000000001,8.8,97.05,1020,0
2024,11,13,8,30,8.9,8.8,99.03,1020,0
2024,11,13,9,0,8.6,8.6,100,1020,0
2024,11,13,9,30,8.3,8.3,100,1019,0
2024,11,13,10,0,8,8,100,1019,0
2024,11,13,10,30,7.7,7.7,100,1019,0
2024,11,13,11,0,7.4,7.4,100,1018,0
2024,11,13,11,30,7.2,7.2,100,1018,0
2024,11,13,12,0,6.9,6.9,100,1018,0
2024,11,13,12,30,6.7,6.7,100,1018,0
2024,11,13,13,0,6.5,6.5,100,1018,0
2024,11,13,13,30,6.4,6.4,100,1018,0
2024,11,13,14,0,6.2,6.2,100,1018,0
2024,11,13,14,30,6.6000000000000005,6.6000000000000005,100,1018,0
2024,11,13,15,0,6.9,6.800000000000001,99.5,1019,0
2024,11,13,15,30,8.4,6.800000000000001,89.85000000000001,1019,0
2024,11,13,16,0,9.8,7,82.84,1019,0
2024,11,13,16,30,11.200000000000001,7,75.48,1019,0
2024,11,13,17,0,12.5,6.800000000000001,68.08,1019,0
2024,11,13,17,30,14,6.800000000000001,61.75,1019,0
2024,11,13,18,0,15.600000000000001,4.9,48.800000000000004,1018,0
2024,11,13,18,30,16.3,4.9,46.68,1018,0
2024,11,13,19,0,17.1,3.9000000000000004,41.45,1018,0
2024,11,13,19,30,17.3,3.9000000000000004,40.89,1017,0
2024,11,13,20,0,17.6,4.7,42.38,1017,0
2024,11,13,20,30,17.5,4.7,42.65,1017,0
2024,11,13,21,0,17.400000000000002,7.1000000000000005,50.94,1017,0
2024,11,13,21,30,16.900000000000002,7.1000000000000005,52.58,1017,0
2024,11,13,22,0,16.5,9.9,65.11,1017,0
2024,11,13,22,30,16.2,9.9,66.36,1017,0
2024,11,13,23,0,15.9,11.700000000000001,76.25,1017,0
2024,11,13,23,30,15.5,11.700000000000001,78.22,1017,0
2024,11,14,0,0,15.200000000000001,12.4,83.56,1017,0
2024,11,14,0,30,14.200000000000001,12.4,89.11,1017,0
2024,11,14,1,0,13.200000000000001,12.4,94.69,1018,0
2024,11,14,1,30,12.4,12.4,99.76,1018,0
2024,11,14,2,0,11.600000000000001,11.600000000000001,100,1018,0
2024,11,14,2,30,11.200000000000001,11.200000000000001,100,1018,0
2024,11,14,3,0,10.8,10.8,100,1019,0
2024,11,14,3,30,10.600000000000001,10.600000000000001,100,1019,0
2024,11,14,4,0,10.4,10.4,100,1019,0
2024,11,14,4,30,10.200000000000001,10.200000000000001,100,1019,0
2024,11,14,5,0,10,10,100,1019,0
2024,11,14,5,30,9.8,9.8,100,1019,0
2024,11,14,6,0,9.700000000000001,9.700000000000001,100,1019,0
2024,11,14,6,30,9.5,9.5,100,1019,0
2024,11,14,7,0,9.4,9.4,100,1019,0
2024,11,14,7,30,9.3,9.3,100,1019,0
2024,11,14,8,0,9.200000000000001,9.200000000000001,100,1019,0
2024,11,14,8,30,9.200000000000001,9.200000000000001,100,1019,0
2024,11,14,9,0,9.1,9.1,100,1018,0
2024,11,14,9,30,9,9,100,1018,0
2024,11,14,10,0,8.9,8.9,100,1018,0
2024,11,14,10,30,9,9,100,1018,0
2024,11,14,11,0,9.1,9.1,100,1018,0
2024,11,14,11,30,9.200000000000001,9.200000000000001,100,1018,0
2024,11,14,12,0,9.4,9.4,100,1018,0
2024,11,14,12,30,9.5,9.5,100,1018,0
2024,11,14,13,0,9.600000000000001,9.600000000000001,100,1018,0
2024,11,14,13,30,9.5,9.5,100,1018,0
2024,11,14,14,0,9.5,9.5,100,1018,0
2024,11,14,14,30,9.5,9.5,100,1018,0
2024,11,14,15,0,9.5,9.5,100,1017,0
2024,11,14,15,30,11,9.9,93.08,1017,0
2024,11,14,16,0,12.4,11.4,93.76,1017,0
2024,11,14,16,30,13.4,11.4,87.84,1017,0
2024,11,14,17,0,14.3,11.3,82.23,1017,0
2024,11,14,17,30,15.100000000000001,11.3,78.11,1017,0
2024,11,14,18,0,15.8,9.9,68.1,1017,0
2024,11,14,18,30,16.3,9.9,65.97,1017,0
2024,11,14,19,0,16.8,8.5,57.95,1017,0
2024,11,14,19,30,17,8.5,57.17,1016,0
2024,11,14,20,0,17.3,7.5,52.46,1016,0
2024,11,14,20,30,17.400000000000002,7.5,52.07,1015,0
2024,11,14,21,0,17.400000000000002,7.2,51.01,1015,0
2024,11,14,21,30,17.2,7.2,51.65,1015,0
2024,11,14,22,0,17,7.300000000000001,52.65,1014,0
2024,11,14,22,30,16.6,7.300000000000001,54,1014,0
2024,11,14,23,0,16.3,7.6000000000000005,56.410000000000004,1014,0
2024,11,14,23,30,15.4,7.6000000000000005,59.74,1014,0
2024,11,15,0,0,14.600000000000001,9.3,70.47,1013,0
2024,11,15,0,30,13.5,9.3,75.67,1013,0
2024,11,15,1,0,12.4,8.8,78.42,1013,0
2024,11,15,1,30,12.100000000000001,8.8,79.98,1013,0
2024,11,15,2,0,11.9,9.1,83.03,1013,0
2024,11,15,2,30,11.700000000000001,9.1,84.13,1013,0
2024,11,15,3,0,11.4,9.3,86.97,1012,0
2024,11,15,3,30,11.100000000000001,9.3,88.71000000000001,1012,0
2024,11,15,4,0,10.8,9.3,90.21000000000001,1012,0
2024,11,15,4,30,10.4,9.3,92.64,1012,0
2024,11,15,5,0,10,9,93.53,1012,0
2024,11,15,5,30,9.5,9,96.71000000000001,1012,0
2024,11,15,6,0,9.1,8.5,96.26,1011,0
2024,11,15,6,30,8.9,8.5,97.57000000000001,1011,0
2024,11,15,7,0,8.6,8.1,96.4,1011,0
2024,11,15,7,30,8.4,8.1,97.71000000000001,1011,0
2024,11,15,8,0,8.200000000000001,7.6000000000000005,95.71000000000001,1011,0
2024,11,15,8,30,7.800000000000001,7.6000000000000005,98.35000000000001,1011,0
2024,11,15,9,0,7.5,7,96.47,1011,0
2024,11,15,9,30,7.2,7,98.47,1011,0
2024,11,15,10,0,6.9,6.4,96.41,1011,0
2024,11,15,10,30,6.6000000000000005,6.4,98.41,1011,0
2024,11,15,11,0,6.300000000000001,5.9,96.97,1011,0
2024,11,15,11,30,6.1000000000000005,5.9,98.31,1011,0
2024,11,15,12,0,5.9,5.4,96.59,1011,0
2024,11,15,12,30,5.7,5.4,97.93,1011,0
2024,11,15,13,0,5.5,5,96.41,1012,0
2024,11,15,13,30,5.4,5,97.08,1012,0
2024,11,15,14,0,5.2,4.5,95.38,1012,0
2024,11,15,14,30,5.5,4.5,93.41,1012,0
2024,11,15,15,0,5.800000000000001,4.4,90.67,1013,0
2024,11,15,15,30,7.2,4.4,82.36,1013,0
2024,11,15,16,0,8.5,4.800000000000001,77.4,1013,0
2024,11,15,16,30,9.9,4.800000000000001,70.52,1014,0
2024,11,15,17,0,11.3,3.7,59.68,1014,0
2024,11,15,17,30,12.600000000000001,3.7,54.79,1014,0
2024,11,15,18,0,13.8,2.1,45.07,1014,0
2024,11,15,18,30,14.600000000000001,2.1,42.800000000000004,1014,0
2024,11,15,19,0,15.4,1,37.7,1013,0
2024,11,15,19,30,15.9,1,36.52,1013,0
2024,11,15,20,0,16.400000000000002,0.5,34.11,1013,0
2024,11,15,20,30,16.7,0.5,33.44,1012,0
2024,11,15,21,0,16.900000000000002,0.4,32.660000000000004,1012,0
2024,11,15,21,30,16.900000000000002,0.4,32.660000000000004,1012,0
2024,11,15,22,0,16.900000000000002,0.4,32.78,1012,0
2024,11,15,22,30,16.7,0.4,33.2,1012,0
2024,11,15,23,0,16.400000000000002,0.5,34.07,1012,0
2024,11,15,23,30,15,0.5,37.28,1013,0
2024,11,16,0,0,13.700000000000001,2.5,46.87,1013,0
2024,11,16,0,30,12,2.5,52.370000000000005,1013,0
2024,11,16,1,0,10.3,2.6,58.84,1014,0
2024,11,16,1,30,9.9,2.6,60.43,1014,0
2024,11,16,2,0,9.600000000000001,2.4000000000000004,60.82,1014,0
2024,11,16,2,30,9.4,2.4000000000000004,61.64,1014,0
2024,11,16,3,0,9.3,2.2,61.27,1015,0
2024,11,16,3,30,9.3,2.2,61.27,1015,0
2024,11,16,4,0,9.4,2.1,60.14,1015,0
2024,11,16,4,30,9.4,2.1,60.14,1015,0
2024,11,16,5,0,9.5,2,59.44,1015,0
2024,11,16,5,30,9.3,2,60.24,1015,0
2024,11,16,6,0,9.200000000000001,2,60.54,1015,0
2024,11,16,6,30,8.700000000000001,2,62.61,1015,0
2024,11,16,7,0,8.3,2.1,64.94,1015,0
2024,11,16,7,30,7.800000000000001,2.1,67.18,1015,0
2024,11,16,8,0,7.4,2.1,69.14,1015,0
2024,11,16,8,30,7.1000000000000005,2.1,70.57000000000001,1015,0
2024,11,16,9,0,6.800000000000001,1.9000000000000001,71.09,1016,0
2024,11,16,9,30,6.6000000000000005,1.9000000000000001,72.07000000000001,1016,0
2024,11,16,10,0,6.300000000000001,1.6,72.07000000000001,1016,0
2024,11,16,10,30,6.2,1.6,72.57000000000001,1016,0
2024,11,16,11,0,6.1000000000000005,1.2000000000000002,70.77,1016,0
2024,11,16,11,30,5.800000000000001,1.2000000000000002,72.25,1016,0
2024,11,16,12,0,5.6000000000000005,0.9,71.52,1016,0
2024,11,16,12,30,5.300000000000001,0.9,73.10000000000001,1017,0
2024,11,16,13,0,5.1000000000000005,0.6000000000000001,72.67,1017,0
2024,11,16,13,30,4.9,0.6000000000000001,73.69,1017,0
2024,11,16,14,0,4.7,0.30000000000000004,73.39,1017,0
2024,11,16,14,30,4.7,0.30000000000000004,73.39,1017,0
2024,11,16,15,0,4.7,0.2,72.86,1017,0
2024,11,16,15,30,5.9,0.30000000000000004,67.11,1018,0
2024,11,16,16,0,7,0.4,62.7,1018,0
2024,11,16,16,30,8.5,0.4,56.620000000000005,1018,0
2024,11,16,17,0,10,0,49.74,1018,0
2024,11,16,17,30,11.200000000000001,0,45.93,1018,0
2024,11,16,18,0,12.5,-0.6000000000000001,40.35,1018,0
2024,11,16,18,30,13.700000000000001,-0.6000000000000001,37.32,1018,0
2024,11,16,19,0,14.8,-2,31.48,1017,0
2024,11,16,19,30,15.5,-2,30.1,1017,0
2024,11,16,20,0,16.1,-3.1,26.67,1017,0
2024,11,16,20,30,16.5,-3.1,26,1017,0
2024,11,16,21,0,16.8,-4,23.84,1016,0
2024,11,16,21,30,16.8,-4,23.84,1016,0
2024,11,16,22,0,16.8,-4.7,22.57,1016,0
2024,11,16,22,30,16.400000000000002,-4.7,23.150000000000002,1016,0
2024,11,16,23,0,16.1,-4.800000000000001,23.37,1016,0
2024,11,16,23,30,14.5,-4.9,25.89,1016,0
2024,11,17,0,0,13,0.6000000000000001,42.67,1016,0
2024,11,17,0,30,12.100000000000001,0.6000000000000001,45.25,1016,0
2024,11,17,1,0,11.200000000000001,-1.9000000000000001,40.15,1017,0
2024,11,17,1,30,10.9,-1.9000000000000001,40.96,1017,0
2024,11,17,2,0,10.700000000000001,-2.2,40.62,1017,0
2024,11,17,2,30,10.3,-2.2,41.71,1017,0
2024,11,17,3,0,9.9,-2.1,43.17,1017,0
2024,11,17,3,30,9.700000000000001,-2.1,43.75,1017,0
2024,11,17,4,0,9.4,-1.8,45.54,1017,0
2024,11,17,4,30,9.200000000000001,-1.8,46.15,1017,0
2024,11,17,5,0,9,-1.3,48.35,1017,0
2024,11,17,5,30,8.9,-1.3,48.68,1017,0
2024,11,17,6,0,8.8,-0.7000000000000001,51.27,1017,0
2024,11,17,6,30,8.6,-0.7000000000000001,51.96,1017,0
2024,11,17,7,0,8.5,-0.2,54.24,1017,0
2024,11,17,7,30,8.1,-0.2,55.730000000000004,1017,0
2024,11,17,8,0,7.800000000000001,0.5,59.81,1017,0
2024,11,17,8,30,7.300000000000001,0.5,61.89,1017,0
2024,11,17,9,0,6.9,1.5,68.68,1017,0
2024,11,17,9,30,6.4,1.5,71.08,1017,0
2024,11,17,10,0,5.9,2.8000000000000003,80.39,1017,0
2024,11,17,10,30,5.6000000000000005,2.8000000000000003,82.07000000000001,1017,0
2024,11,17,11,0,5.300000000000001,4,91.43,1017,0
2024,11,17,11,30,5.1000000000000005,4,92.7,1017,0
2024,11,17,12,0,5,4.9,99.16,1017,0
2024,11,17,12,30,5.2,4.9,97.79,1017,0
2024,11,17,13,0,5.4,5.1000000000000005,98.11,1017,0
2024,11,17,13,30,5.800000000000001,5.1000000000000005,95.43,1017,0
2024,11,17,14,0,6.1000000000000005,4.9,92.17,1018,0
2024,11,17,14,30,6.2,4.9,91.54,1018,0
2024,11,17,15,0,6.300000000000001,4.6000000000000005,89.13,1018,0
2024,11,17,15,30,6.800000000000001,4.6000000000000005,86.12,1018,0
2024,11,17,16,0,7.300000000000001,4.7,83.37,1018,0
2024,11,17,16,30,8.3,4.7,77.9,1018,0
2024,11,17,17,0,9.3,4.6000000000000005,72.64,1018,0
2024,11,17,17,30,10.8,4.6000000000000005,65.72,1018,0
2024,11,17,18,0,12.3,4.1000000000000005,57.31,1018,0
2024,11,17,18,30,13.9,4.1000000000000005,51.58,1017,0
2024,11,17,19,0,15.5,2.6,42.01,1017,0
2024,11,17,19,30,16.1,2.6,40.43,1017,0
2024,11,17,20,0,16.8,3.3000000000000003,40.5,1017,0
2024,11,17,20,30,16.900000000000002,3.3000000000000003,40.2,1016,0
2024,11,17,21,0,17,5.2,45.69,1016,0
2024,11,17,21,30,17,5.2,45.64,1015,0
2024,11,17,22,0,17.1,6.9,51.01,1015,0
2024,11,17,22,30,16.8,6.9,51.99,1015,0
2024,11,17,23,0,16.5,8.3,58.410000000000004,1015,0
2024,11,17,23,30,15.600000000000001,8.3,61.85,1015,0
2024,11,18,0,0,14.700000000000001,9.700000000000001,72.21000000000001,1015,0
2024,11,18,0,30,13.700000000000001,9.700000000000001,77.03,1015,0
2024,11,18,1,0,12.8,10.3,84.97,1015,0
2024,11,18,1,30,12.8,10.3,84.97,1015,0
2024,11,18,2,0,12.8,11.3,90.52,1015,0
2024,11,18,2,30,12.4,11.3,92.92,1015,0
2024,11,18,3,0,12.100000000000001,11.5,96.11,1015,0
2024,11,18,3,30,11.5,11.5,99.98,1015,0
2024,11,18,4,0,10.9,10.8,99.24000000000001,1015,0
2024,11,18,4,30,10.4,10.4,100,1016,0
2024,11,18,5,0,9.8,9.5,97.8,1016,0
2024,11,18,5,30,9.4,9.4,100,1016,0
2024,11,18,6,0,8.9,7.9,93.69,1017,0
2024,11,18,6,30,8.4,7.9,96.9,1017,0
2024,11,18,7,0,7.9,6.9,93.55,1017,0
2024,11,18,7,30,7.5,6.9,96.13,1017,0
2024,11,18,8,0,7.1000000000000005,6.300000000000001,94.75,1017,0
2024,11,18,8,30,6.800000000000001,6.300000000000001,96.72,1017,0
2024,11,18,9,0,6.5,5.800000000000001,95.56,1017,0
2024,11,18,9,30,6.300000000000001,5.800000000000001,96.89,1017,0
2024,11,18,10,0,6,5.300000000000001,95.52,1017,0
2024,11,18,10,30,5.800000000000001,5.300000000000001,96.85000000000001,1017,0
2024,11,18,11,0,5.6000000000000005,4.9,95.46000000000001,1018,0
2024,11,18,11,30,5.5,4.9,96.12,1018,0
2024,11,18,12,0,5.4,4.6000000000000005,94.39,1018,0
2024,11,18,12,30,5.2,4.6000000000000005,95.7,1018,0
2024,11,18,13,0,5,4.2,94.31,1018,0
2024,11,18,13,30,4.800000000000001,4.2,95.72,1019,0
2024,11,18,14,0,4.6000000000000005,3.8000000000000003,94.44,1019,0
2024,11,18,14,30,4.9,3.8000000000000003,92.58,1020,0
2024,11,18,15,0,5.1000000000000005,3.8000000000000003,91.60000000000001,1020,0
2024,11,18,15,30,6.6000000000000005,3.8000000000000003,82.59,1020,0
2024,11,18,16,0,8,4.9,80.78,1021,0
2024,11,18,16,30,9.4,4.9,73.5,1021,0
2024,11,18,17,0,10.8,4.9,66.7,1021,0
2024,11,18,17,30,12.200000000000001,4.9,60.81,1021,0
2024,11,18,18,0,13.700000000000001,3,48.31,1021,0
2024,11,18,18,30,14.5,3,45.83,1020,0
2024,11,18,19,0,15.4,1.5,38.88,1020,0
2024,11,18,19,30,15.700000000000001,1.5,38.15,1020,0
2024,11,18,20,0,16.1,0.5,34.61,1020,0
2024,11,18,20,30,16,0.5,34.800000000000004,1019,0
2024,11,18,21,0,16,-0.2,33.18,1019,0
2024,11,18,21,30,16,-0.2,33.18,1019,0
2024,11,18,22,0,15.9,-0.4,33.01,1019,0
2024,11,18,22,30,15.600000000000001,-0.4,33.65,1019,0
2024,11,18,23,0,15.3,-0.1,35.06,1019,0
2024,11,18,23,30,13.8,-0.1,38.61,1019,0
2024,11,19,0,0,12.3,2.6,51.61,1019,0
2024,11,19,0,30,11,2.6,56.22,1019,0
2024,11,19,1,0,9.700000000000001,2.4000000000000004,60.45,1020,0
2024,11,19,1,30,9.200000000000001,2.4000000000000004,62.51,1020,0
2024,11,19,2,0,8.8,2.3000000000000003,63.85,1020,0
2024,11,19,2,30,8.4,2.3000000000000003,65.6,1020,0
2024,11,19,3,0,8.1,2.5,67.69,1020,0
2024,11,19,3,30,7.800000000000001,2.5,69.08,1020,0
2024,11,19,4,0,7.4,2.4000000000000004,70.79,1020,0
2024,11,19,4,30,7.1000000000000005,2.4000000000000004,72.26,1020,0
2024,11,19,5,0,6.800000000000001,2.4000000000000004,73.48,1020,0
2024,11,19,5,30,6.7,2.4000000000000004,73.98,1020,0
2024,11,19,6,0,6.6000000000000005,2.3000000000000003,74,1020,0
2024,11,19,6,30,6.7,2.3000000000000003,73.5,1020,0
2024,11,19,7,0,6.800000000000001,2.1,72.18,1020,0
2024,11,19,7,30,6.9,2.1,71.69,1020,0
2024,11,19,8,0,7,1.9000000000000001,69.77,1020,0
2024,11,19,8,30,6.9,1.9000000000000001,70.24,1020,0
2024,11,19,9,0,6.800000000000001,1.5,68.85000000000001,1020,0
2024,11,19,9,30,6.7,1.5,69.32000000000001,1020,0
2024,11,19,10,0,6.6000000000000005,1,67.4,1019,0
2024,11,19,10,30,6.4,1,68.34,1019,0
2024,11,19,11,0,6.1000000000000005,0.6000000000000001,67.66,1019,0
2024,11,19,11,30,5.9,0.6000000000000001,68.60000000000001,1019,0
2024,11,19,12,0,5.7,0.30000000000000004,68.24,1019,0
2024,11,19,12,30,5.5,0.30000000000000004,69.19,1019,0
2024,11,19,13,0,5.300000000000001,0.1,69.39,1019,0
2024,11,19,13,30,5,0.1,70.85000000000001,1019,0
2024,11,19,14,0,4.7,0.2,72.39,1019,0
2024,11,19,14,30,4.5,0.2,73.48,1020,0
2024,11,19,15,0,4.4,0.6000000000000001,76.57000000000001,1020,0
2024,11,19,15,30,5.6000000000000005,0.6000000000000001,70.44,1020,0
2024,11,19,16,0,6.800000000000001,1.5,69.06,1020,0
2024,11,19,16,30,7.9,1.5,64.07000000000001,1020,0
2024,11,19,17,0,9.1,2.3000000000000003,62.24,1020,0
2024,11,19,17,30,10.3,2.3000000000000003,57.44,1020,0
2024,11,19,18,0,11.4,2.3000000000000003,53.44,1019,0
2024,11,19,18,30,11.9,2.3000000000000003,51.71,1019,0
2024,11,19,19,0,12.5,1.7000000000000002,47.67,1019,0
2024,11,19,19,30,12.700000000000001,1.7000000000000002,47.050000000000004,1019,0
2024,11,19,20,0,13,1.2000000000000002,44.6,1018,0
2024,11,19,20,30,13.3,1.2000000000000002,43.74,1018,0
2024,11,19,21,0,13.600000000000001,0.9,41.97,1018,0
2024,11,19,21,30,13.700000000000001,0.9,41.69,1018,0
2024,11,19,22,0,13.9,0.7000000000000001,40.6,1018,0
2024,11,19,22,30,13.200000000000001,0.7000000000000001,42.45,1017,0
2024,11,19,23,0,12.5,3.3000000000000003,53.65,1017,0
2024,11,19,23,30,11.700000000000001,3.3000000000000003,56.49,1016,0
2024,11,20,0,0,10.9,3.1,58.64,1016,0
2024,11,20,0,30,10.5,3.1,60.15,1015,0
2024,11,20,1,0,10.100000000000001,2.2,57.99,1015,0
2024,11,20,1,30,10.100000000000001,2.2,57.99,1015,0
2024,11,20,2,0,10,1.8,56.76,1014,0
2024,11,20,2,30,9.9,1.8,57.14,1014,0
2024,11,20,3,0,9.9,1.3,54.980000000000004,1014,0
2024,11,20,3,30,9.700000000000001,1.3,55.72,1014,0
2024,11,20,4,0,9.600000000000001,1.1,55.31,1014,0
2024,11,20,4,30,9.5,1.1,55.74,1015,0
2024,11,20,5,0,9.5,1.3,56.54,1015,0
2024,11,20,5,30,9.4,1.3,56.92,1015,0
2024,11,20,6,0,9.4,1.7000000000000002,58.72,1016,0
2024,11,20,6,30,9.4,1.7000000000000002,58.72,1016,0
2024,11,20,7,0,9.3,2.2,61.18,1016,0
2024,11,20,7,30,9.4,2.2,60.77,1016,0
2024,11,20,8,0,9.4,2.5,62.29,1016,0
2024,11,20,8,30,9.4,2.5,62.29,1016,0
2024,11,20,9,0,9.4,2.8000000000000003,63.45,1016,0
2024,11,20,9,30,9.4,2.8000000000000003,63.45,1016,0
2024,11,20,10,0,9.5,2.5,61.78,1015,0
2024,11,20,10,30,9.5,2.5,61.78,1015,0
2024,11,20,11,0,9.600000000000001,2.1,59.42,1015,0
2024,11,20,11,30,9.600000000000001,2.1,59.36,1014,0
2024,11,20,12,0,9.600000000000001,1.8,58.36,1014,0
2024,11,20,12,30,9.5,1.8,58.75,1014,0
2024,11,20,13,0,9.4,2.1,60.230000000000004,1014,0
2024,11,20,13,30,9.3,2.1,60.63,1014,0
2024,11,20,14,0,9.200000000000001,2.6,63.440000000000005,1014,0
2024,11,20,14,30,9.200000000000001,2.6,63.5,1015,0
2024,11,20,15,0,9.200000000000001,3.3000000000000003,66.57000000000001,1015,0
2024,11,20,15,30,9.700000000000001,3.3000000000000003,64.44,1016,0
2024,11,20,16,0,10.100000000000001,3.8000000000000003,64.98,1016,0
2024,11,20,16,30,10.5,3.8000000000000003,63.28,1016,0
2024,11,20,17,0,10.9,4.1000000000000005,62.97,1016,0
2024,11,20,17,30,11.5,4.1000000000000005,60.52,1016,0
2024,11,20,18,0,12.100000000000001,5.5,63.84,1016,0
2024,11,20,18,30,12.5,5.4,62.13,1015,0
2024,11,20,19,0,12.9,6.9,66.73,1015,0
2024,11,20,19,30,13.100000000000001,6.9,65.86,1015,0
2024,11,20,20,0,13.3,8.1,70.94,1015,0
2024,11,20,20,30,13.5,8.1,70.02,1015,0
2024,11,20,21,0,13.600000000000001,9.4,75.71000000000001,1015,0
2024,11,20,21,30,13.8,9.4,74.66,1014,0
2024,11,20,22,0,13.9,10.3,79.05,1014,0
2024,11,20,22,30,13.9,10.3,79.05,1014,0
2024,11,20,23,0,13.9,11,82.69,1014,0
2024,11,20,23,30,13.8,11,83.22,1014,0
2024,11,21,0,0,13.8,11.4,85.44,1015,0
2024,11,21,0,30,13.700000000000001,11.4,85.99,1015,0
2024,11,21,1,0,13.600000000000001,11.600000000000001,87.63,1015,0
2024,11,21,1,30,13.5,11.600000000000001,88.2,1015,0
2024,11,21,2,0,13.5,11.600000000000001,88.23,1015,0
2024,11,21,2,30,13.5,11.600000000000001,88.23,1015,0
2024,11,21,3,0,13.5,11.5,87.73,1015,0
2024,11,21,3,30,13.5,11.5,87.73,1015,0
2024,11,21,4,0,13.4,11.4,87.85000000000001,1015,0
2024,11,21,4,30,13.3,11.4,88.42,1015,0
2024,11,21,5,0,13.3,11.4,88.31,1015,0
2024,11,21,5,30,13.200000000000001,11.4,88.88,1015,0
2024,11,21,6,0,13.200000000000001,11.4,89.02,1015,0
2024,11,21,6,30,13.100000000000001,11.4,89.68,1016,0
2024,11,21,7,0,13.100000000000001,11.5,89.87,1016,0
2024,11,21,7,30,13.100000000000001,11.5,89.87,1016,0
2024,11,21,8,0,13,11.5,90.43,1016,0
2024,11,21,8,30,13,11.5,90.43,1016,0
2024,11,21,9,0,12.9,11.4,90.47,1016,0
2024,11,21,9,30,13,11.4,89.88,1016,0
2024,11,21,10,0,13,11.3,89.25,1016,0
2024,11,21,10,30,13,11.3,89.25,1016,0
2024,11,21,11,0,13,11.100000000000001,88.12,1016,0
2024,11,21,11,30,12.9,11.100000000000001,88.69,1016,0
2024,11,21,12,0,12.8,10.8,87.91,1015,0
2024,11,21,12,30,12.700000000000001,10.8,88.49,1015,0
2024,11,21,13,0,12.600000000000001,10.700000000000001,88.16,1015,0
2024,11,21,13,30,12.600000000000001,10.700000000000001,88.16,1015,0
2024,11,21,14,0,12.5,10.5,87.48,1015,0
2024,11,21,14,30,12.5,10.5,87.48,1015,0
2024,11,21,15,0,12.5,10.4,87.05,1015,0
2024,11,21,15,30,12.700000000000001,10.4,86,1016,0
2024,11,21,16,0,12.8,10.8,87.63,1016,0
2024,11,21,16,30,13.100000000000001,10.8,85.93,1016,0
2024,11,21,17,0,13.5,11.5,87.42,1016,0
2024,11,21,17,30,13.8,11.5,85.73,1016,0
2024,11,21,18,0,14.200000000000001,12.200000000000001,87.59,1016,0
2024,11,21,18,30,14.700000000000001,12.200000000000001,84.82000000000001,1016,0
2024,11,21,19,0,15.100000000000001,13,87.02,1016,0
2024,11,21,19,30,15.600000000000001,13,84.28,1016,0
2024,11,21,20,0,16,13.700000000000001,86.51,1016,0
2024,11,21,20,30,16.3,13.700000000000001,84.87,1016,0
2024,11,21,21,0,16.7,14.4,86.3,1015,0
2024,11,21,21,30,16.8,14.4,85.75,1015,0
2024,11,21,22,0,16.900000000000002,14.700000000000001,86.76,1015,0
2024,11,21,22,30,16.900000000000002,14.700000000000001,86.76,1015,0
2024,11,21,23,0,16.8,14.600000000000001,87.13,1015,0
2024,11,21,23,30,16.6,14.600000000000001,88.24,1015,0
2024,11,22,0,0,16.400000000000002,14.600000000000001,89.06,1015,0
2024,11,22,0,30,16.1,14.600000000000001,90.78,1015,0
2024,11,22,1,0,15.700000000000001,14.3,91.19,1015,0
2024,11,22,1,30,15.700000000000001,14.3,91.19,1015,0
2024,11,22,2,0,15.600000000000001,14.100000000000001,91.03,1016,0
2024,11,22,2,30,15.5,14.100000000000001,91.61,1016,0
2024,11,22,3,0,15.4,14,91.38,1016,0
2024,11,22,3,30,15.3,14,91.96000000000001,1016,0
2024,11,22,4,0,15.200000000000001,13.8,91.47,1016,0
2024,11,22,4,30,15.200000000000001,13.8,91.47,1016,0
2024,11,22,5,0,15.200000000000001,13.8,91.41,1016,0
2024,11,22,5,30,15.100000000000001,13.8,91.91,1015,0
2024,11,22,6,0,15.100000000000001,13.9,92.27,1015,0
2024,11,22,6,30,14.9,13.9,93.46000000000001,1015,0
2024,11,22,7,0,14.700000000000001,13.700000000000001,94.03,1015,0
2024,11,22,7,30,14.600000000000001,13.700000000000001,94.63,1015,0
2024,11,22,8,0,14.5,13.700000000000001,94.71000000000001,1014,0
2024,11,22,8,30,14.5,13.700000000000001,94.71000000000001,1014,0
2024,11,22,9,0,14.600000000000001,13.8,94.65,1014,0
2024,11,22,9,30,14.5,13.700000000000001,95.26,1014,0
2024,11,22,10,0,14.5,13.700000000000001,94.78,1014,0
2024,11,22,10,30,14.4,13.700000000000001,95.39,1014,0
2024,11,22,11,0,14.4,13.5,94.45,1014,0
2024,11,22,11,30,14.600000000000001,13.5,93.24,1014,0
2024,11,22,12,0,14.9,13.600000000000001,92.15,1013,0
2024,11,22,12,30,14.9,13.600000000000001,92.15,1013,0
2024,11,22,13,0,15,13.600000000000001,91.35000000000001,1013,0
2024,11,22,13,30,15.100000000000001,13.600000000000001,90.77,1013,0
2024,11,22,14,0,15.100000000000001,13.4,89.60000000000001,1013,0
2024,11,22,14,30,15.100000000000001,13.4,89.51,1012,0
2024,11,22,15,0,15,13.100000000000001,88.44,1012,0
2024,11,22,15,30,15,13.100000000000001,88.44,1012,0
2024,11,22,16,0,15,13.100000000000001,88.46000000000001,1012,0
2024,11,22,16,30,15.3,13.100000000000001,86.77,1012,0
2024,11,22,17,0,15.5,13.4,87.21000000000001,1012,0
2024,11,22,17,30,15.8,13.4,85.55,1012,0
2024,11,22,18,0,16.1,13.9,86.89,1012,0
2024,11,22,18,30,16.400000000000002,13.9,85.25,1012,0
2024,11,22,19,0,16.7,14.600000000000001,87.26,1012,0
2024,11,22,19,30,16.8,14.600000000000001,86.62,1011,0
2024,11,22,20,0,17,15,88.10000000000001,1010,0
2024,11,22,20,30,17,15,88.10000000000001,1010,0
2024,11,22,21,0,17.1,15.4,89.56,1009,0
2024,11,22,21,30,17,15.4,90.13,1009,0
2024,11,22,22,0,16.8,15.5,91.94,1008,0
2024,11,22,22,30,16.7,15.5,92.52,1008,0
2024,11,22,23,0,16.5,15.4,93.22,1008,0
2024,11,22,23,30,16.1,15.4,95.62,1008,0
2024,11,23,0,0,15.700000000000001,14.9,95.29,1008,0
2024,11,23,0,30,15.200000000000001,14.9,98.39,1008,0
2024,11,23,1,0,14.700000000000001,14.3,97.69,1009,0
2024,11,23,1,30,14.5,14.3,98.95,1009,0
2024,11,23,2,0,14.200000000000001,13.9,98.01,1009,0
2024,11,23,2,30,14.200000000000001,13.9,98.01,1009,0
2024,11,23,3,0,14.100000000000001,13.5,95.9,1009,0
2024,11,23,3,30,13.700000000000001,13.5,98.41,1009,0
2024,11,23,4,0,13.4,12.700000000000001,95.68,1010,0
2024,11,23,4,30,12.9,12.700000000000001,98.75,1009,0
2024,11,23,5,0,12.4,12,97.56,1009,0
2024,11,23,5,30,12.200000000000001,12,98.85000000000001,1009,0
2024,11,23,6,0,12,11.700000000000001,97.95,1009,0
2024,11,23,6,30,11.9,11.700000000000001,98.59,1009,0
2024,11,23,7,0,11.700000000000001,11.3,97.29,1009,0
2024,11,23,7,30,11.5,11.3,98.58,1009,0
2024,11,23,8,0,11.4,11,97.32000000000001,1009,0
2024,11,23,8,30,11.200000000000001,11,98.61,1009,0
2024,11,23,9,0,11,10.600000000000001,97.63,1009,0
2024,11,23,9,30,10.8,10.600000000000001,98.93,1009,0
2024,11,23,10,0,10.600000000000001,10.3,98.07000000000001,1010,0
2024,11,23,10,30,10.600000000000001,10.3,98.07000000000001,1010,0
2024,11,23,11,0,10.5,10.200000000000001,97.93,1010,0
2024,11,23,11,30,10.5,10.200000000000001,97.93,1010,0
2024,11,23,12,0,10.4,10.100000000000001,98.02,1011,0
2024,11,23,12,30,10.3,10.100000000000001,98.67,1011,0
2024,11,23,13,0,10.200000000000001,9.9,98.11,1011,0
2024,11,23,13,30,10.100000000000001,9.9,98.76,1011,0
2024,11,23,14,0,10.100000000000001,9.8,97.87,1012,0
2024,11,23,14,30,10.200000000000001,9.8,97.22,1012,0
2024,11,23,15,0,10.4,10,97.09,1012,0
2024,11,23,15,30,11,10,93.39,1013,0
2024,11,23,16,0,11.600000000000001,10.8,94.69,1013,0
2024,11,23,16,30,12.3,10.8,90.43,1013,0
2024,11,23,17,0,13,11.100000000000001,88.05,1013,0
2024,11,23,17,30,13.600000000000001,11.100000000000001,84.69,1013,0
2024,11,23,18,0,14.200000000000001,10.4,77.74,1013,0
2024,11,23,18,30,14.700000000000001,10.4,75.28,1013,0
2024,11,23,19,0,15.100000000000001,9.9,70.99,1013,0
2024,11,23,19,30,15.3,9.9,70.08,1013,0
2024,11,23,20,0,15.600000000000001,9.5,67.17,1013,0
2024,11,23,20,30,15.5,9.5,67.53,1012,0
2024,11,23,21,0,15.5,9.200000000000001,66.08,1012,0
2024,11,23,21,30,15.4,9.200000000000001,66.5,1012,0
2024,11,23,22,0,15.200000000000001,9.1,67.01,1012,0
2024,11,23,22,30,14.9,9.1,68.31,1012,0
2024,11,23,23,0,14.600000000000001,9.5,71.25,1012,0
2024,11,23,23,30,13.600000000000001,9.4,76,1012,0
2024,11,24,0,0,12.600000000000001,10.100000000000001,84.48,1012,0
2024,11,24,0,30,11.4,10.100000000000001,91.5,1013,0
2024,11,24,1,0,10.3,8.9,91.15,1013,0
2024,11,24,1,30,9.9,8.9,93.61,1013,0
2024,11,24,2,0,9.5,8.700000000000001,94.62,1013,0
2024,11,24,2,30,9.200000000000001,8.700000000000001,96.55,1013,0
2024,11,24,3,0,8.9,8.5,97.38,1013,0
2024,11,24,3,30,8.6,8.5,99.37,1013,0
2024,11,24,4,0,8.3,8.3,100,1013,0
2024,11,24,4,30,8.1,8.1,100,1013,0
2024,11,24,5,0,7.9,7.9,100,1013,0
2024,11,24,5,30,7.7,7.7,100,1013,0
2024,11,24,6,0,7.5,7.5,100,1014,0
2024,11,24,6,30,7.4,7.4,100,1014,0
2024,11,24,7,0,7.300000000000001,7.300000000000001,100,1014,0
2024,11,24,7,30,7.300000000000001,7.300000000000001,100,1014,0
2024,11,24,8,0,7.300000000000001,7.300000000000001,100,1014,0
2024,11,24,8,30,7.300000000000001,7.300000000000001,100,1014,0
2024,11,24,9,0,7.300000000000001,7.300000000000001,100,1014,0
2024,11,24,9,30,7.4,7.4,100,1014,0
2024,11,24,10,0,7.5,7.5,100,1014,0
2024,11,24,10,30,7.5,7.5,100,1014,0
2024,11,24,11,0,7.6000000000000005,7.6000000000000005,100,1014,0
2024,11,24,11,30,7.5,7.5,100,1015,0
2024,11,24,12,0,7.4,7.4,100,1015,0
2024,11,24,12,30,7.5,7.5,100,1015,0
2024,11,24,13,0,7.5,7.5,99.99000000000001,1015,0
2024,11,24,13,30,7.4,7.4,100,1015,0
2024,11,24,14,0,7.300000000000001,7.300000000000001,99.96000000000001,1016,0
2024,11,24,14,30,7.2,7.2,100,1016,0
2024,11,24,15,0,7.1000000000000005,7.1000000000000005,100,1016,0
2024,11,24,15,30,7.800000000000001,7.1000000000000005,95.42,1016,0
2024,11,24,16,0,8.5,7.800000000000001,95.38,1016,0
2024,11,24,16,30,9.4,7.800000000000001,89.77,1016,0
2024,11,24,17,0,10.3,8.6,89.25,1017,0
2024,11,24,17,30,11.5,8.6,82.43,1017,0
2024,11,24,18,0,12.700000000000001,8.6,75.95,1017,0
2024,11,24,18,30,13.700000000000001,8.6,71.17,1017,0
2024,11,24,19,0,14.600000000000001,8.200000000000001,65.35,1017,0
2024,11,24,19,30,15.3,8.200000000000001,62.42,1016,0
2024,11,24,20,0,16,7.9,58.74,1016,0
2024,11,24,20,30,16.3,7.9,57.64,1016,0
2024,11,24,21,0,16.6,7.9,56.53,1015,0
2024,11,24,21,30,16.6,7.9,56.53,1015,0
2024,11,24,22,0,16.7,8.200000000000001,57.08,1015,0
2024,11,24,22,30,16.400000000000002,8.200000000000001,58.18,1015,0
2024,11,24,23,0,16.1,9.1,63.4,1015,0
2024,11,24,23,30,14.9,9.1,68.45,1015,0
2024,11,25,0,0,13.700000000000001,10.200000000000001,79.46000000000001,1015,0
2024,11,25,0,30,13,10.200000000000001,83.16,1015,0
2024,11,25,1,0,12.3,8.700000000000001,78.86,1015,0
2024,11,25,1,30,12,8.700000000000001,80.43,1015,0
2024,11,25,2,0,11.700000000000001,8.700000000000001,81.56,1015,0
2024,11,25,2,30,11.4,8.700000000000001,83.28,1016,0
2024,11,25,3,0,11,8.5,84.35000000000001,1016,0
2024,11,25,3,30,10.700000000000001,8.5,86.04,1016,0
2024,11,25,4,0,10.4,8.200000000000001,86.36,1016,0
2024,11,25,4,30,10.100000000000001,8.200000000000001,88.11,1016,0
2024,11,25,5,0,9.8,8.1,88.88,1016,0
2024,11,25,5,30,9.600000000000001,8.1,90.07000000000001,1016,0
2024,11,25,6,0,9.4,8.1,91.49,1016,0
2024,11,25,6,30,9.3,8.1,92.10000000000001,1016,0
2024,11,25,7,0,9.1,8.1,93.64,1016,0
2024,11,25,7,30,9,8.1,94.27,1016,0
2024,11,25,8,0,8.8,8.1,95.16,1016,0
2024,11,25,8,30,8.6,8.1,96.46000000000001,1016,0
2024,11,25,9,0,8.3,7.800000000000001,96.75,1016,0
2024,11,25,9,30,8.5,7.800000000000001,95.45,1016,0
2024,11,25,10,0,8.6,7.9,95.58,1016,0
2024,11,25,10,30,8.8,7.9,94.3,1016,0
2024,11,25,11,0,8.9,8.1,94.8,1016,0
2024,11,25,11,30,9.1,8.1,93.53,1016,0
2024,11,25,12,0,9.3,8.4,94.24,1017,0
2024,11,25,12,30,9.3,8.4,94.24,1017,0
2024,11,25,13,0,9.3,8.5,94.79,1017,0
2024,11,25,13,30,9.3,8.5,94.79,1017,0
2024,11,25,14,0,9.3,8.5,95.06,1017,0
2024,11,25,14,30,9.4,8.5,94.42,1017,0
2024,11,25,15,0,9.5,8.700000000000001,94.98,1017,0
2024,11,25,15,30,10.100000000000001,8.700000000000001,91.24,1017,0
2024,11,25,16,0,10.600000000000001,9.3,91.95,1017,0
2024,11,25,16,30,11,9.3,89.54,1017,0
2024,11,25,17,0,11.4,9.8,89.74,1017,0
2024,11,25,17,30,12.100000000000001,9.8,85.7,1017,0
2024,11,25,18,0,12.700000000000001,10,83.55,1017,0
2024,11,25,18,30,13,10,81.93,1017,0
2024,11,25,19,0,13.3,9.5,77.62,1017,0
2024,11,25,19,30,13.200000000000001,9.5,78.12,1017,0
2024,11,25,20,0,13.100000000000001,9.3,77.60000000000001,1016,0
2024,11,25,20,30,12.9,9.3,78.62,1016,0
2024,11,25,21,0,12.8,9.600000000000001,80.85000000000001,1016,0
2024,11,25,21,30,12.600000000000001,9.600000000000001,81.83,1015,0
2024,11,25,22,0,12.5,10.100000000000001,85.36,1015,0
2024,11,25,22,30,12.3,10.100000000000001,86.49,1015,0
2024,11,25,23,0,12.200000000000001,10.8,91.05,1015,0
2024,11,25,23,30,11.9,10.8,92.86,1015,0
2024,11,26,0,0,11.600000000000001,10.700000000000001,94.21000000000001,1015,0
2024,11,26,0,30,11.3,10.700000000000001,96.10000000000001,1015,0
2024,11,26,1,0,11,10.5,96.46000000000001,1015,0
2024,11,26,1,30,10.9,10.5,97.10000000000001,1015,0
2024,11,26,2,0,10.700000000000001,10.4,98.12,1015,0
2024,11,26,2,30,10.4,10.4,100,1015,0
2024,11,26,3,0,10.100000000000001,10.100000000000001,99.9,1015,0
2024,11,26,3,30,9.9,9.9,100,1016,0
2024,11,26,4,0,9.8,9.8,100,1016,0
2024,11,26,4,30,9.700000000000001,9.700000000000001,100,1016,0
2024,11,26,5,0,9.600000000000001,9.600000000000001,100,1016,0
2024,11,26,5,30,9.600000000000001,9.600000000000001,100,1017,0
2024,11,26,6,0,9.600000000000001,9.600000000000001,100,1017,0
2024,11,26,6,30,9.600000000000001,9.600000000000001,100,1017,0
2024,11,26,7,0,9.600000000000001,9.600000000000001,100,1017,0
2024,11,26,7,30,9.600000000000001,9.600000000000001,100,1017,0
2024,11,26,8,0,9.600000000000001,9.600000000000001,100,1017,0
2024,11,26,8,30,9.5,9.5,100,1017,0
2024,11,26,9,0,9.5,9.5,100,1017,0
2024,11,26,9,30,9.4,9.4,100,1017,0
2024,11,26,10,0,9.4,9.4,99.93,1017,0
2024,11,26,10,30,9.4,9.4,99.93,1017,0
2024,11,26,11,0,9.3,9.3,100,1018,0
2024,11,26,11,30,9.3,9.3,100,1018,0
2024,11,26,12,0,9.200000000000001,9.200000000000001,100,1018,0
2024,11,26,12,30,9.3,9.200000000000001,99.48,1018,0
2024,11,26,13,0,9.3,9.200000000000001,99.53,1018,0
2024,11,26,13,30,9.3,9.200000000000001,99.53,1018,0
2024,11,26,14,0,9.3,9.200000000000001,99.28,1018,0
2024,11,26,14,30,9.3,9.200000000000001,99.28,1018,0
2024,11,26,15,0,9.4,9.3,99.15,1018,0
2024,11,26,15,30,10.200000000000001,9.3,94.08,1019,0
2024,11,26,16,0,10.9,10.3,96.29,1019,0
2024,11,26,16,30,11.600000000000001,10.3,91.94,1019,0
2024,11,26,17,0,12.200000000000001,11.100000000000001,92.93,1019,0
2024,11,26,17,30,12.700000000000001,11.100000000000001,89.94,1019,0
2024,11,26,18,0,13.200000000000001,11.100000000000001,86.97,1019,0
2024,11,26,18,30,13.600000000000001,11.100000000000001,84.74,1019,0
2024,11,26,19,0,14,10.700000000000001,80.31,1019,0
2024,11,26,19,30,14.200000000000001,10.700000000000001,79.28,1019,0
2024,11,26,20,0,14.5,10.3,75.8,1019,0
2024,11,26,20,30,14.8,10.3,74.35000000000001,1019,0
2024,11,26,21,0,15.100000000000001,10,71.43,1019,0
2024,11,26,21,30,15.200000000000001,10,70.98,1019,0
2024,11,26,22,0,15.3,9.4,67.91,1018,0
2024,11,26,22,30,15.100000000000001,9.4,68.85000000000001,1019,0
2024,11,26,23,0,14.9,9.600000000000001,70.48,1019,0
2024,11,26,23,30,14.100000000000001,9.600000000000001,74.2,1019,0
2024,11,27,0,0,13.3,9.600000000000001,78.31,1019,0
2024,11,27,0,30,13,9.600000000000001,79.86,1019,0
2024,11,27,1,0,12.700000000000001,8.1,73.39,1019,0
2024,11,27,1,30,12.600000000000001,8.1,73.87,1019,0
2024,11,27,2,0,12.4,7.9,74.07000000000001,1019,0
2024,11,27,2,30,12.100000000000001,7.9,75.62,1020,0
2024,11,27,3,0,11.700000000000001,8,78.03,1020,0
2024,11,27,3,30,11.100000000000001,8,81.18,1020,0
2024,11,27,4,0,10.4,8,84.83,1020,0
2024,11,27,4,30,9.8,8,88.3,1020,0
2024,11,27,5,0,9.1,7.800000000000001,91.85000000000001,1020,0
2024,11,27,5,30,8.700000000000001,7.9,94.45,1021,0
2024,11,27,6,0,8.3,7.6000000000000005,95.10000000000001,1021,0
2024,11,27,6,30,7.9,7.6000000000000005,97.72,1021,0
2024,11,27,7,0,7.5,7.1000000000000005,97.34,1021,0
2024,11,27,7,30,7.2,7.1000000000000005,99.35000000000001,1021,0
2024,11,27,8,0,6.9,6.4,96.52,1021,0
2024,11,27,8,30,6.5,6.4,99.21000000000001,1021,0
2024,11,27,9,0,6.1000000000000005,5.300000000000001,94.52,1021,0
2024,11,27,9,30,6,5.300000000000001,95.17,1021,0
2024,11,27,10,0,5.9,4.3,89.47,1021,0
2024,11,27,10,30,5.5,4.3,91.98,1021,0
2024,11,27,11,0,5.1000000000000005,3.6,89.93,1021,0
2024,11,27,11,30,4.7,3.6,92.47,1021,0
2024,11,27,12,0,4.4,3.2,91.75,1021,0
2024,11,27,12,30,4.3,3.2,92.39,1021,0
2024,11,27,13,0,4.3,2.9000000000000004,90.79,1021,0
2024,11,27,13,30,4.4,2.9000000000000004,90.16,1021,0
2024,11,27,14,0,4.6000000000000005,2.9000000000000004,88.51,1021,0
2024,11,27,14,30,4.7,2.9000000000000004,87.89,1021,0
2024,11,27,15,0,4.800000000000001,2.9000000000000004,87.4,1021,0
2024,11,27,15,30,5.5,2.9000000000000004,83.25,1021,0
2024,11,27,16,0,6.300000000000001,3.3000000000000003,81.22,1021,0
2024,11,27,16,30,7.5,3.3000000000000003,74.82000000000001,1021,0
2024,11,27,17,0,8.8,3.6,70.03,1021,0
2024,11,27,17,30,10.100000000000001,3.6,64.18,1021,0
2024,11,27,18,0,11.4,3.6,58.82,1021,0
2024,11,27,18,30,12.4,3.6,55.08,1021,0
2024,11,27,19,0,13.4,3.3000000000000003,50.47,1020,0
2024,11,27,19,30,13.9,3.3000000000000003,48.86,1020,0
2024,11,27,20,0,14.5,3.3000000000000003,47.02,1020,0
2024,11,27,20,30,14.8,3.3000000000000003,46.08,1019,0
2024,11,27,21,0,15,3.6,46.29,1019,0
2024,11,27,21,30,15,3.6,46.29,1019,0
2024,11,27,22,0,15,3.9000000000000004,47.550000000000004,1019,0
2024,11,27,22,30,14.600000000000001,3.9000000000000004,48.74,1018,0
2024,11,27,23,0,14.100000000000001,5,54.410000000000004,1018,0
2024,11,27,23,30,12.4,5,60.77,1018,0
2024,11,28,0,0,10.700000000000001,6.6000000000000005,75.55,1018,0
2024,11,28,0,30,9.3,6.6000000000000005,82.95,1018,0
2024,11,28,1,0,8,4.9,80.72,1019,0
2024,11,28,1,30,7.6000000000000005,4.9,82.95,1019,0
2024,11,28,2,0,7.300000000000001,4.6000000000000005,83.26,1019,0
2024,11,28,2,30,7,4.6000000000000005,84.99,1019,0
2024,11,28,3,0,6.6000000000000005,4.5,86.64,1019,0
2024,11,28,3,30,6.4,4.5,87.84,1019,0
2024,11,28,4,0,6.1000000000000005,4.6000000000000005,90.08,1020,0
2024,11,28,4,30,5.9,4.6000000000000005,91.33,1020,0
2024,11,28,5,0,5.6000000000000005,4.7,93.61,1020,0
2024,11,28,5,30,5.4,4.7,94.92,1020,0
2024,11,28,6,0,5.1000000000000005,4.6000000000000005,96.54,1020,0
2024,11,28,6,30,4.9,4.6000000000000005,97.89,1020,0
2024,11,28,7,0,4.6000000000000005,4.4,98.78,1020,0
2024,11,28,7,30,4.4,4.4,100,1020,0
2024,11,28,8,0,4.2,4.2,99.68,1020,0
2024,11,28,8,30,4,4,100,1020,0
2024,11,28,9,0,3.8000000000000003,3.7,99.31,1020,0
2024,11,28,9,30,3.6,3.6,100,1020,0
2024,11,28,10,0,3.4000000000000004,3,97.2,1020,0
2024,11,28,10,30,3.2,3,98.58,1020,0
2024,11,28,11,0,3,2.1,93.9,1020,0
2024,11,28,11,30,2.9000000000000004,2.1,94.66,1021,0
2024,11,28,12,0,2.7,1.1,88.95,1021,0
2024,11,28,12,30,2.6,1.1,89.59,1021,0
2024,11,28,13,0,2.4000000000000004,-0.1,83.60000000000001,1021,0
2024,11,28,13,30,2.3000000000000003,-0.1,84.19,1021,0
2024,11,28,14,0,2.2,-1,79.63,1021,0
2024,11,28,14,30,2.3000000000000003,-1,79.06,1021,0
2024,11,28,15,0,2.4000000000000004,-1,78.48,1021,0
2024,11,28,15,30,4.3,-1,68.65,1021,0
2024,11,28,16,0,6.1000000000000005,0.9,69.56,1021,0
2024,11,28,16,30,7.300000000000001,1,64.06,1021,0
2024,11,28,17,0,8.6,0.7000000000000001,57.75,1021,0
2024,11,28,17,30,9.5,0.7000000000000001,54.35,1021,0
2024,11,28,18,0,10.4,1.9000000000000001,55.82,1021,0
2024,11,28,18,30,11.4,2,52.24,1021,0
2024,11,28,19,0,12.4,2.9000000000000004,52.21,1021,0
2024,11,28,19,30,13.100000000000001,2.9000000000000004,49.83,1020,0
2024,11,28,20,0,13.700000000000001,3.7,50.97,1020,0
2024,11,28,20,30,14.200000000000001,3.7,49.34,1020,0
2024,11,28,21,0,14.700000000000001,3.9000000000000004,48.24,1020,0
2024,11,28,21,30,14.8,3.9000000000000004,47.88,1019,0
2024,11,28,22,0,14.8,4.2,49.2,1019,0
2024,11,28,22,30,14.4,4.2,50.49,1019,0
2024,11,28,23,0,14,5.6000000000000005,57.08,1019,0
2024,11,28,23,30,12.200000000000001,5.6000000000000005,64.18,1019,0
2024,11,29,0,0,10.5,6.300000000000001,75.49,1019,0
2024,11,29,0,30,9.3,6.300000000000001,81.79,1019,0
2024,11,29,1,0,8,4.1000000000000005,76.63,1019,0
2024,11,29,1,30,7.5,4.1000000000000005,79.28,1019,0
2024,11,29,2,0,7,3.8000000000000003,79.98,1019,0
2024,11,29,2,30,6.7,3.8000000000000003,81.64,1019,0
2024,11,29,3,0,6.300000000000001,3.6,82.74,1019,0
2024,11,29,3,30,6.2,3.6,83.31,1019,0
2024,11,29,4,0,6.1000000000000005,3.4000000000000004,82.79,1019,0
2024,11,29,4,30,5.9,3.4000000000000004,84.03,1020,0
2024,11,29,5,0,5.800000000000001,3.3000000000000003,83.77,1020,0
2024,11,29,5,30,5.5,3.3000000000000003,85.53,1020,0
2024,11,29,6,0,5.2,3.1,86.54,1020,0
2024,11,29,6,30,5.2,3.1,86.54,1020,0
2024,11,29,7,0,5.2,3,85.84,1021,0
2024,11,29,7,30,5.1000000000000005,3,86.44,1021,0
2024,11,29,8,0,5.1000000000000005,3,86.24,1021,0
2024,11,29,8,30,4.9,3,87.45,1021,0
2024,11,29,9,0,4.7,2.9000000000000004,88.09,1021,0
2024,11,29,9,30,4.4,2.9000000000000004,89.96000000000001,1021,0
2024,11,29,10,0,4.1000000000000005,2.7,90.72,1020,0
2024,11,29,10,30,3.7,2.7,93.3,1020,0
2024,11,29,11,0,3.4000000000000004,2.4000000000000004,92.96000000000001,1020,0
2024,11,29,11,30,3.5,2.4000000000000004,92.3,1020,0
2024,11,29,12,0,3.6,2,88.98,1020,0
2024,11,29,12,30,3.4000000000000004,2,90.24,1020,0
2024,11,29,13,0,3.3000000000000003,1.3,86.93,1020,0
2024,11,29,13,30,2.9000000000000004,1.3,89.42,1020,0
2024,11,29,14,0,2.6,0.6000000000000001,86.97,1020,0
2024,11,29,14,30,2.6,0.6000000000000001,86.97,1020,0
2024,11,29,15,0,2.6,0.30000000000000004,84.8,1020,0
2024,11,29,15,30,4.4,0.30000000000000004,74.79,1021,0
2024,11,29,16,0,6.2,2.1,74.92,1021,0
2024,11,29,16,30,7.6000000000000005,2.1,68.08,1021,0
2024,11,29,17,0,9,2,61.52,1021,0
2024,11,29,17,30,10.100000000000001,2,57.15,1021,0
2024,11,29,18,0,11.200000000000001,3.1,57.53,1021,0
2024,11,29,18,30,12.200000000000001,3.1,53.870000000000005,1021,0
2024,11,29,19,0,13.100000000000001,4.2,54.72,1020,0
2024,11,29,19,30,13.8,4.2,52.29,1020,0
2024,11,29,20,0,14.5,5,52.75,1019,0
2024,11,29,20,30,14.9,5,51.410000000000004,1019,0
2024,11,29,21,0,15.3,5.4,51.5,1019,0
2024,11,29,21,30,15.3,5.300000000000001,51.45,1018,0
2024,11,29,22,0,15.4,5.5,51.620000000000005,1018,0
2024,11,29,22,30,14.9,5.5,53.300000000000004,1018,0
2024,11,29,23,0,14.3,7.4,63.43,1018,0
2024,11,29,23,30,12.8,7.4,69.91,1018,0
2024,11,30,0,0,11.3,6.9,74.37,1018,0
2024,11,30,0,30,10.5,6.9,78.42,1018,0
2024,11,30,1,0,9.8,5.1000000000000005,72.52,1018,0
2024,11,30,1,30,9.5,5.1000000000000005,74.07000000000001,1019,0
2024,11,30,2,0,9.3,5,74.66,1019,0
2024,11,30,2,30,9,5,76.19,1019,0
2024,11,30,3,0,8.8,5.1000000000000005,77.41,1019,0
2024,11,30,3,30,8.5,5.1000000000000005,78.99,1019,0
2024,11,30,4,0,8.200000000000001,5.1000000000000005,80.98,1020,0
2024,11,30,4,30,7.800000000000001,5.1000000000000005,83.21000000000001,1020,0
2024,11,30,5,0,7.4,5.2,85.86,1020,0
2024,11,30,5,30,6.9,5.2,88.84,1020,0
2024,11,30,6,0,6.4,5.2,92.14,1020,0
2024,11,30,6,30,6,5.2,94.71000000000001,1020,0
2024,11,30,7,0,5.6000000000000005,5.2,97.42,1020,0
2024,11,30,7,30,5.4,5.2,98.78,1020,0
2024,11,30,8,0,5.1000000000000005,5.1000000000000005,100,1020,0
2024,11,30,8,30,4.800000000000001,4.800000000000001,100,1020,0
2024,11,30,9,0,4.5,4.5,100,1020,0
2024,11,30,9,30,4.2,4.2,100,1020,0
2024,11,30,10,0,3.9000000000000004,3.9000000000000004,100,1020,0
2024,11,30,10,30,3.6,3.6,100,1020,0
2024,11,30,11,0,3.3000000000000003,3.3000000000000003,100,1020,0
2024,11,30,11,30,3.1,3.1,100,1020,0
2024,11,30,12,0,2.8000000000000003,2.8000000000000003,100,1020,0
2024,11,30,12,30,2.8000000000000003,2.8000000000000003,100,1020,0
2024,11,30,13,0,2.7,2.7,100,1020,0
2024,11,30,13,30,2.7,2.7,100,1020,0
2024,11,30,14,0,2.6,1.9000000000000001,94.96000000000001,1020,0
2024,11,30,14,30,2.8000000000000003,1.9000000000000001,93.63,1020,0
2024,11,30,15,0,2.9000000000000004,1.1,88.14,1020,0
2024,11,30,15,30,4.3,1.1,79.87,1020,0
2024,11,30,16,0,5.7,1.7000000000000002,75.7,1021,0
2024,11,30,16,30,7,1.7000000000000002,69.23,1021,0
2024,11,30,17,0,8.3,2.4000000000000004,66.35,1021,0
2024,11,30,17,30,9.700000000000001,2.4000000000000004,60.39,1021,0
2024,11,30,18,0,11.100000000000001,3.5,59.35,1021,0
2024,11,30,18,30,12.200000000000001,3.5,55.2,1021,0
2024,11,30,19,0,13.200000000000001,4.2,54.58,1020,0
2024,11,30,19,30,13.9,4.2,52.160000000000004,1020,0
2024,11,30,20,0,14.600000000000001,4.2,49.74,1020,0
2024,11,30,20,30,14.9,4.2,48.74,1019,0
2024,11,30,21,0,15.100000000000001,4.5,49.25,1019,0
2024,11,30,21,30,15,4.5,49.57,1019,0
2024,11,30,22,0,15,5,51.15,1018,0
2024,11,30,22,30,14.5,5,52.82,1018,0
2024,11,30,23,0,13.9,6.2,59.730000000000004,1018,0
2024,11,30,23,30,12.100000000000001,6.2,67.23,1019,0
2024,12,1,0,0,10.200000000000001,6.6000000000000005,78.35000000000001,1019,0
2024,12,1,0,30,8.9,6.6000000000000005,85.47,1019,0
2024,12,1,1,0,7.6000000000000005,5.1000000000000005,84.31,1019,0
2024,12,1,1,30,7.2,5.1000000000000005,86.64,1019,0
2024,12,1,2,0,6.9,5.1000000000000005,88.59,1019,0
2024,12,1,2,30,6.6000000000000005,5.1000000000000005,90.43,1019,0
2024,12,1,3,0,6.4,5.1000000000000005,91.33,1020,0
2024,12,1,3,30,6.2,5.1000000000000005,92.59,1020,0
2024,12,1,4,0,6.1000000000000005,4.9,91.95,1020,0
2024,12,1,4,30,5.9,4.9,93.22,1020,0
2024,12,1,5,0,5.6000000000000005,4.6000000000000005,93.48,1020,0
2024,12,1,5,30,5.5,4.6000000000000005,94.13,1020,0
2024,12,1,6,0,5.300000000000001,4.3,93.28,1020,0
2024,12,1,6,30,5.2,4.3,93.93,1020,0
2024,12,1,7,0,5.1000000000000005,3.8000000000000003,91.03,1020,0
2024,12,1,7,30,5,3.8000000000000003,91.66,1020,0
2024,12,1,8,0,4.9,2.9000000000000004,87.19,1019,0
2024,12,1,8,30,4.800000000000001,2.9000000000000004,87.8,1019,0
2024,12,1,9,0,4.7,2.2,83.69,1019,0
2024,12,1,9,30,4.7,2.2,83.69,1019,0
2024,12,1,10,0,4.6000000000000005,1.6,80.65,1019,0
2024,12,1,10,30,4.800000000000001,1.6,79.53,1019,0
2024,12,1,11,0,5.1000000000000005,1.6,77.94,1020,0
2024,12,1,11,30,5.300000000000001,1.6,76.86,1020,0
2024,12,1,12,0,5.4,1.9000000000000001,78.12,1020,0
2024,12,1,12,30,5.4,1.9000000000000001,78.12,1020,0
2024,12,1,13,0,5.4,2.3000000000000003,80.35000000000001,1020,0
2024,12,1,13,30,5.300000000000001,2.3000000000000003,80.99,1021,0
2024,12,1,14,0,5.300000000000001,2.5,82.28,1021,0
2024,12,1,14,30,5.300000000000001,2.5,82.28,1021,0
2024,12,1,15,0,5.300000000000001,2.5,81.94,1021,0
2024,12,1,15,30,5.7,2.5,79.7,1021,0
2024,12,1,16,0,6.1000000000000005,2.6,78.10000000000001,1021,0
2024,12,1,16,30,7,2.6,73.49,1022,0
2024,12,1,17,0,7.800000000000001,2.6,69.53,1022,0
2024,12,1,17,30,8.700000000000001,2.6,65.42,1022,0
2024,12,1,18,0,9.600000000000001,3.3000000000000003,64.61,1022,0
2024,12,1,18,30,10.600000000000001,3.2,60.38,1021,0
2024,12,1,19,0,11.700000000000001,3.6,57.69,1021,0
2024,12,1,19,30,12.600000000000001,3.6,54.38,1021,0
2024,12,1,20,0,13.4,4.4,54.39,1020,0
2024,12,1,20,30,14,4.4,52.31,1020,0
2024,12,1,21,0,14.600000000000001,4.800000000000001,51.74,1020,0
2024,12,1,21,30,14.8,4.800000000000001,51.08,1020,0
2024,12,1,22,0,15,5.4,52.71,1019,0
2024,12,1,22,30,14.700000000000001,5.4,53.79,1020,0
2024,12,1,23,0,14.4,7.2,61.82,1020,0
2024,12,1,23,30,12.8,7.2,68.58,1020,0
2024,12,2,0,0,11.3,7.6000000000000005,78.02,1020,0
2024,12,2,0,30,10.200000000000001,7.6000000000000005,83.92,1020,0
2024,12,2,1,0,9.1,6,81.11,1020,0
2024,12,2,1,30,8.9,6,82.21000000000001,1020,0
2024,12,2,2,0,8.700000000000001,5.9,82.83,1020,0
2024,12,2,2,30,8.6,5.9,83.39,1020,0
2024,12,2,3,0,8.4,6.1000000000000005,85.29,1020,0
2024,12,2,3,30,8.200000000000001,6.1000000000000005,86.45,1020,0
2024,12,2,4,0,8.1,6.2,87.89,1020,0
2024,12,2,4,30,7.800000000000001,6.2,89.7,1020,0
2024,12,2,5,0,7.6000000000000005,6.4,91.95,1020,0
2024,12,2,5,30,7.300000000000001,6.4,93.85000000000001,1020,0
2024,12,2,6,0,7.1000000000000005,6.4,95.46000000000001,1020,0
2024,12,2,6,30,6.9,6.4,96.78,1020,0
2024,12,2,7,0,6.7,6.300000000000001,97.18,1020,0
2024,12,2,7,30,6.5,6.300000000000001,98.53,1020,0
2024,12,2,8,0,6.300000000000001,5.9,97.55,1020,0
2024,12,2,8,30,6.1000000000000005,5.9,98.9,1020,0
2024,12,2,9,0,5.9,5.5,97.60000000000001,1020,0
2024,12,2,9,30,5.800000000000001,5.5,98.28,1020,0
2024,12,2,10,0,5.7,5.1000000000000005,95.99000000000001,1020,0
2024,12,2,10,30,5.6000000000000005,5.1000000000000005,96.65,1020,0
2024,12,2,11,0,5.5,4.7,94.35000000000001,1020,0
2024,12,2,11,30,5.4,4.7,95.01,1020,0
2024,12,2,12,0,5.300000000000001,4.2,92.88,1020,0
2024,12,2,12,30,5.300000000000001,4.2,92.88,1020,0
2024,12,2,13,0,5.2,3.9000000000000004,91.18,1020,0
2024,12,2,13,30,5.1000000000000005,3.9000000000000004,91.9,1021,0
2024,12,2,14,0,5.1000000000000005,3.6,90.18,1021,0
2024,12,2,14,30,5.2,3.6,89.56,1021,0
2024,12,2,15,0,5.300000000000001,3.5,88.34,1021,0
2024,12,2,15,30,6.9,3.5,79.12,1021,0
2024,12,2,16,0,8.5,5.2,79.67,1021,0
2024,12,2,16,30,9.8,5.2,73.08,1022,0
2024,12,2,17,0,11.100000000000001,5.5,68.5,1022,0
2024,12,2,17,30,12.200000000000001,5.5,63.71,1022,0
2024,12,2,18,0,13.3,6.800000000000001,64.73,1022,0
2024,12,2,18,30,14.100000000000001,6.800000000000001,61.46,1022,0
2024,12,2,19,0,15,8,62.940000000000005,1021,0
2024,12,2,19,30,15.600000000000001,8,60.57,1021,0
2024,12,2,20,0,16.3,8.6,60.22,1021,0
2024,12,2,20,30,16.7,8.6,58.65,1020,0
2024,12,2,21,0,17,9.1,59.64,1020,0
2024,12,2,21,30,17.2,9.1,58.9,1020,0
2024,12,2,22,0,17.3,9.4,59.89,1019,0
2024,12,2,22,30,16.900000000000002,9.4,61.42,1019,0
2024,12,2,23,0,16.5,10.8,68.97,1019,0
2024,12,2,23,30,15.200000000000001,10.8,74.93,1019,0
2024,12,3,0,0,13.9,9.9,76.57000000000001,1019,0
2024,12,3,0,30,13.200000000000001,9.8,80.13,1019,0
2024,12,3,1,0,12.5,8.5,76.38,1019,0
2024,12,3,1,30,12.200000000000001,8.5,77.9,1019,0
2024,12,3,2,0,11.9,8.4,79.28,1019,0
2024,12,3,2,30,11.8,8.4,79.88,1020,0
2024,12,3,3,0,11.600000000000001,8.5,81.02,1020,0
2024,12,3,3,30,11.4,8.5,82.10000000000001,1020,0
2024,12,3,4,0,11.200000000000001,8.5,83.35000000000001,1020,0
2024,12,3,4,30,11,8.5,84.37,1019,0
2024,12,3,5,0,10.8,8.5,85.92,1019,0
2024,12,3,5,30,10.600000000000001,8.5,87.07000000000001,1019,0
2024,12,3,6,0,10.4,8.6,88.37,1019,0
2024,12,3,6,30,10,8.6,90.76,1019,0
2024,12,3,7,0,9.600000000000001,8.4,92.08,1019,0
2024,12,3,7,30,9.1,8.4,95.23,1019,0
2024,12,3,8,0,8.700000000000001,7.9,94.49,1019,0
2024,12,3,8,30,8.4,7.9,96.42,1019,0
2024,12,3,9,0,8.1,7.2,93.93,1019,0
2024,12,3,9,30,7.800000000000001,7.2,95.86,1019,0
2024,12,3,10,0,7.5,6.4,92.69,1019,0
2024,12,3,10,30,7.300000000000001,6.4,93.97,1019,0
2024,12,3,11,0,7,5.6000000000000005,90.78,1019,0
2024,12,3,11,30,6.6000000000000005,5.6000000000000005,93.3,1019,0
2024,12,3,12,0,6.300000000000001,4.800000000000001,90.08,1019,0
2024,12,3,12,30,6,4.800000000000001,91.96000000000001,1019,0
2024,12,3,13,0,5.7,4,88.79,1020,0
2024,12,3,13,30,5.5,4,90.03,1020,0
2024,12,3,14,0,5.300000000000001,3.3000000000000003,86.74,1020,0
2024,12,3,14,30,5.300000000000001,3.3000000000000003,86.74,1020,0
2024,12,3,15,0,5.300000000000001,3.1,85.52,1020,0
2024,12,3,15,30,7,3.1,76.07000000000001,1020,0
2024,12,3,16,0,8.6,4.6000000000000005,75.8,1021,0
2024,12,3,16,30,9.9,4.6000000000000005,69.46000000000001,1021,0
2024,12,3,17,0,11.200000000000001,4.800000000000001,64.87,1021,0
2024,12,3,17,30,12.3,4.800000000000001,60.34,1021,0
2024,12,3,18,0,13.5,5.9,59.99,1021,0
2024,12,3,18,30,14.3,5.9,56.96,1021,0
2024,12,3,19,0,15.200000000000001,7.1000000000000005,58.33,1020,0
2024,12,3,19,30,15.9,7.1000000000000005,55.78,1020,0
2024,12,3,20,0,16.5,8,57.11,1020,0
2024,12,3,20,30,16.900000000000002,8,55.63,1019,0
2024,12,3,21,0,17.3,8.8,57.230000000000004,1019,0
2024,12,3,21,30,17.400000000000002,8.8,56.870000000000005,1019,0
2024,12,3,22,0,17.5,9.4,58.95,1019,0
2024,12,3,22,30,17.1,9.4,60.45,1019,0
2024,12,3,23,0,16.7,11,68.94,1019,0
2024,12,3,23,30,15.100000000000001,11,76.34,1019,0
2024,12,4,0,0,13.4,10.3,81.53,1019,0
2024,12,4,0,30,12.5,10.3,86.46000000000001,1019,0
2024,12,4,1,0,11.600000000000001,9.200000000000001,85.45,1019,0
2024,12,4,1,30,11.3,9.3,87.24,1020,0
2024,12,4,2,0,11,9.3,89.10000000000001,1020,0
2024,12,4,2,30,10.9,9.3,89.7,1020,0
2024,12,4,3,0,10.8,9.200000000000001,89.60000000000001,1020,0
2024,12,4,3,30,10.700000000000001,9.200000000000001,90.2,1020,0
2024,12,4,4,0,10.700000000000001,9,89.21000000000001,1020,0
2024,12,4,4,30,10.5,9,90.49,1021,0
2024,12,4,5,0,10.3,8.9,90.94,1021,0
2024,12,4,5,30,9.9,8.9,93.4,1021,0
2024,12,4,6,0,9.5,8.700000000000001,94.71000000000001,1021,0
2024,12,4,6,30,9,8.700000000000001,97.95,1021,0
2024,12,4,7,0,8.6,8.4,98.37,1021,0
2024,12,4,7,30,8.200000000000001,8.200000000000001,100,1021,0
2024,12,4,8,0,7.800000000000001,7.7,99.59,1021,0
2024,12,4,8,30,7.5,7.5,100,1021,0
2024,12,4,9,0,7.2,6.9,98.27,1021,0
2024,12,4,9,30,7,6.9,99.62,1021,0
2024,12,4,10,0,6.800000000000001,5.9,93.88,1021,0
2024,12,4,10,30,6.6000000000000005,5.9,95.18,1021,0
2024,12,4,11,0,6.5,4.7,88.14,1021,0
2024,12,4,11,30,6.4,4.7,88.75,1021,0
2024,12,4,12,0,6.300000000000001,3.8000000000000003,83.92,1021,0
2024,12,4,12,30,6.2,3.8000000000000003,84.5,1021,0
2024,12,4,13,0,6.1000000000000005,3.2,81.62,1022,0
2024,12,4,13,30,6,3.2,82.18,1022,0
2024,12,4,14,0,5.9,2.7,80.11,1022,0
2024,12,4,14,30,6,2.7,79.56,1022,0
2024,12,4,15,0,6,2.8000000000000003,79.92,1022,0
2024,12,4,15,30,7.6000000000000005,2.8000000000000003,71.62,1022,0
2024,12,4,16,0,9.1,4.800000000000001,74.47,1023,0
2024,12,4,16,30,10.4,4.800000000000001,68.27,1023,0
2024,12,4,17,0,11.700000000000001,5.300000000000001,64.72,1023,0
2024,12,4,17,30,12.700000000000001,5.300000000000001,60.61,1023,0
2024,12,4,18,0,13.8,6.2,60.22,1023,0
2024,12,4,18,30,14.600000000000001,6.2,57.19,1023,0
2024,12,4,19,0,15.4,7.4,58.99,1023,0
2024,12,4,19,30,16.2,7.4,56,1022,0
2024,12,4,20,0,16.900000000000002,8.200000000000001,56.56,1022,0
2024,12,4,20,30,17.2,8.200000000000001,55.49,1022,0
2024,12,4,21,0,17.6,8.9,56.61,1021,0
2024,12,4,21,30,17.7,8.9,56.25,1021,0
2024,12,4,22,0,17.8,9.4,57.99,1021,0
2024,12,4,22,30,17.3,9.4,59.84,1021,0
2024,12,4,23,0,16.900000000000002,11,68.18,1021,0
2024,12,4,23,30,15.4,11,75,1021,0
2024,12,5,0,0,14,10,76.94,1021,0
2024,12,5,0,30,13.200000000000001,10,81.04,1021,0
2024,12,5,1,0,12.4,8.9,78.99,1021,0
2024,12,5,1,30,12.100000000000001,8.9,80.56,1021,0
2024,12,5,2,0,11.8,9.1,83.4,1021,0
2024,12,5,2,30,11.600000000000001,9.1,84.5,1021,0
2024,12,5,3,0,11.4,9.3,86.67,1021,0
2024,12,5,3,30,11.100000000000001,9.3,88.4,1021,0
2024,12,5,4,0,10.700000000000001,9.4,91.42,1021,0
2024,12,5,4,30,10.700000000000001,9.4,91.51,1022,0
2024,12,5,5,0,10.600000000000001,9.5,92.71000000000001,1022,0
2024,12,5,5,30,10.700000000000001,9.5,92.10000000000001,1022,0
2024,12,5,6,0,10.8,9.5,91.56,1022,0
2024,12,5,6,30,10.700000000000001,9.5,92.16,1022,0
2024,12,5,7,0,10.600000000000001,9.4,92.45,1022,0
2024,12,5,7,30,10.8,9.4,91.23,1022,0
2024,12,5,8,0,11,9.4,89.87,1022,0
2024,12,5,8,30,11,9.4,89.87,1022,0
2024,12,5,9,0,11,9.4,89.65,1022,0
2024,12,5,9,30,10.600000000000001,9.4,92.06,1022,0
2024,12,5,10,0,10.3,9.3,93.61,1022,0
2024,12,5,10,30,9.600000000000001,9.3,98.09,1022,0
2024,12,5,11,0,8.9,8.9,100,1022,0
2024,12,5,11,30,8.5,8.5,100,1022,0
2024,12,5,12,0,8,8,100,1022,0
2024,12,5,12,30,7.9,7.9,100,1022,0
2024,12,5,13,0,7.9,7.9,100,1022,0
2024,12,5,13,30,7.800000000000001,7.800000000000001,100,1022,0
2024,12,5,14,0,7.800000000000001,7.5,98.23,1022,0
2024,12,5,14,30,7.9,7.5,97.56,1022,0
2024,12,5,15,0,8,7,93.48,1023,0
2024,12,5,15,30,8.8,7,88.55,1023,0
2024,12,5,16,0,9.700000000000001,7.4,85.52,1023,0
2024,12,5,16,30,10.600000000000001,7.4,80.54,1023,0
2024,12,5,17,0,11.5,7.6000000000000005,76.89,1023,0
2024,12,5,17,30,12.4,7.6000000000000005,72.47,1023,0
2024,12,5,18,0,13.3,8.3,71.53,1023,0
2024,12,5,18,30,14.600000000000001,8.3,65.76,1023,0
2024,12,5,19,0,15.9,9.5,65.86,1023,0
2024,12,5,19,30,16.900000000000002,9.5,61.81,1023,0
2024,12,5,20,0,17.900000000000002,9.9,59.67,1022,0
2024,12,5,20,30,18.3,9.9,58.19,1022,0
2024,12,5,21,0,18.6,10.200000000000001,58.25,1022,0
2024,12,5,21,30,18.6,10.200000000000001,58.19,1021,0
2024,12,5,22,0,18.6,10.4,58.86,1021,0
2024,12,5,22,30,18.2,10.4,60.35,1021,0
2024,12,5,23,0,17.7,11.8,68.5,1021,0
2024,12,5,23,30,16.1,11.8,75.79,1021,0
2024,12,6,0,0,14.600000000000001,10.8,77.87,1021,0
2024,12,6,0,30,13.8,10.8,82,1021,0
2024,12,6,1,0,13,9.200000000000001,77.7,1021,0
2024,12,6,1,30,12.9,9.200000000000001,78.21000000000001,1021,0
2024,12,6,2,0,12.8,9.200000000000001,78.57000000000001,1021,0
2024,12,6,2,30,13,9.200000000000001,77.55,1021,0
2024,12,6,3,0,13.100000000000001,9.3,77.78,1021,0
2024,12,6,3,30,13.100000000000001,9.3,77.78,1021,0
2024,12,6,4,0,13.200000000000001,9.5,78.09,1021,0
2024,12,6,4,30,12.8,9.5,80.15,1021,0
2024,12,6,5,0,12.3,9.5,83.08,1021,0
2024,12,6,5,30,11.700000000000001,9.5,86.42,1021,0
2024,12,6,6,0,11.100000000000001,9.5,90.08,1021,0
2024,12,6,6,30,10.5,9.5,93.74,1021,0
2024,12,6,7,0,9.9,9.600000000000001,98.09,1021,0
2024,12,6,7,30,9.3,9.3,100,1021,0
2024,12,6,8,0,8.700000000000001,8.700000000000001,100,1021,0
2024,12,6,8,30,8.3,8.3,100,1022,0
2024,12,6,9,0,8,8,100,1022,0
2024,12,6,9,30,7.7,7.7,100,1022,0
2024,12,6,10,0,7.4,7.4,100,1022,0
2024,12,6,10,30,7.2,7.2,100,1022,0
2024,12,6,11,0,7,7,100,1023,0
2024,12,6,11,30,6.800000000000001,6.800000000000001,100,1023,0
2024,12,6,12,0,6.7,6.7,100,1023,0
2024,12,6,12,30,6.4,6.4,100,1023,0
2024,12,6,13,0,6.2,5.6000000000000005,96.21000000000001,1023,0
2024,12,6,13,30,6,5.6000000000000005,97.55,1023,0
2024,12,6,14,0,5.800000000000001,4.5,91.09,1023,0
2024,12,6,14,30,5.800000000000001,4.5,91.09,1023,0
2024,12,6,15,0,5.800000000000001,3.4000000000000004,84.61,1023,0
2024,12,6,15,30,7.300000000000001,3.4000000000000004,76.33,1023,0
2024,12,6,16,0,8.8,4.5,74.46000000000001,1023,0
2024,12,6,16,30,10.100000000000001,4.5,68.31,1024,0
2024,12,6,17,0,11.3,4.800000000000001,64.32000000000001,1024,0
2024,12,6,17,30,12.5,4.800000000000001,59.38,1023,0
2024,12,6,18,0,13.700000000000001,5.9,59.370000000000005,1023,0
2024,12,6,18,30,14.600000000000001,5.9,56.02,1023,0
2024,12,6,19,0,15.4,6.9,57.08,1023,0
2024,12,6,19,30,16,6.9,54.88,1022,0
2024,12,6,20,0,16.5,7.6000000000000005,55.77,1022,0
2024,12,6,20,30,16.900000000000002,7.6000000000000005,54.370000000000005,1022,0
2024,12,6,21,0,17.2,8.200000000000001,55.35,1021,0
2024,12,6,21,30,17.3,8.200000000000001,55,1021,0
2024,12,6,22,0,17.400000000000002,8.6,56.33,1021,0
2024,12,6,22,30,17,8.6,57.77,1021,0
2024,12,6,23,0,16.5,10.3,66.83,1021,0
2024,12,6,23,30,15.100000000000001,10.3,73.07000000000001,1021,0
2024,12,7,0,0,13.600000000000001,9.600000000000001,76.57000000000001,1021,0
2024,12,7,0,30,13,9.600000000000001,79.61,1021,0
2024,12,7,1,0,12.3,8.3,76.61,1020,0
2024,12,7,1,30,11.9,8.3,78.65,1020,0
2024,12,7,2,0,11.600000000000001,8.5,81.3,1020,0
2024,12,7,2,30,11.200000000000001,8.5,83.47,1020,0
2024,12,7,3,0,10.8,8.700000000000001,86.64,1020,0
2024,12,7,3,30,10.100000000000001,8.700000000000001,90.77,1020,0
2024,12,7,4,0,9.5,8.700000000000001,94.71000000000001,1020,0
2024,12,7,4,30,9,8.700000000000001,97.95,1020,0
2024,12,7,5,0,8.4,8.4,100,1021,0
2024,12,7,5,30,8.1,8.1,100,1021,0
2024,12,7,6,0,7.800000000000001,7.800000000000001,100,1021,0
2024,12,7,6,30,7.7,7.7,100,1021,0
2024,12,7,7,0,7.6000000000000005,7.6000000000000005,100,1021,0
2024,12,7,7,30,7.7,7.7,100,1021,0
2024,12,7,8,0,7.800000000000001,7.2,96.08,1021,0
2024,12,7,8,30,7.800000000000001,7.2,96.08,1021,0
2024,12,7,9,0,7.7,6.5,92.31,1021,0
2024,12,7,9,30,7.5,6.5,93.57000000000001,1021,0
2024,12,7,10,0,7.300000000000001,5.9,90.76,1021,0
2024,12,7,10,30,7.1000000000000005,5.9,92.01,1021,0
2024,12,7,11,0,7,5.4,89.66,1021,0
2024,12,7,11,30,6.9,5.4,90.28,1021,0
2024,12,7,12,0,6.800000000000001,5,88,1021,0
2024,12,7,12,30,6.800000000000001,5,88,1021,0
2024,12,7,13,0,6.7,4.5,86.03,1021,0
2024,12,7,13,30,6.7,4.5,86.03,1021,0
2024,12,7,14,0,6.7,4,83.15,1021,0
2024,12,7,14,30,6.7,4,83.15,1021,0
2024,12,7,15,0,6.7,3.7,81.10000000000001,1021,0
2024,12,7,15,30,7.9,3.7,74.73,1021,0
2024,12,7,16,0,9,5.5,78.47,1022,0
2024,12,7,16,30,10.200000000000001,5.5,72.41,1022,0
2024,12,7,17,0,11.5,5.4,66.11,1022,0
2024,12,7,17,30,12.5,5.4,61.9,1022,0
2024,12,7,18,0,13.5,7.1000000000000005,65.15,1022,0
2024,12,7,18,30,14.3,7.1000000000000005,61.81,1021,0
2024,12,7,19,0,15.100000000000001,8.1,63.08,1021,0
2024,12,7,19,30,15.700000000000001,8.1,60.71,1021,0
2024,12,7,20,0,16.3,8.700000000000001,60.660000000000004,1020,0
2024,12,7,20,30,16.7,8.700000000000001,59.14,1020,0
2024,12,7,21,0,17.1,8.9,58.45,1020,0
2024,12,7,21,30,17.2,8.9,58.09,1020,0
2024,12,7,22,0,17.3,9.1,58.57,1019,0
2024,12,7,22,30,16.900000000000002,9.1,60.06,1019,0
2024,12,7,23,0,16.5,10.200000000000001,66.2,1019,0
2024,12,7,23,30,15.200000000000001,10.200000000000001,71.92,1019,0
2024,12,8,0,0,13.9,9.700000000000001,75.64,1019,0
2024,12,8,0,30,13.4,9.700000000000001,78.13,1019,0
2024,12,8,1,0,12.9,8.700000000000001,75.66,1019,0
2024,12,8,1,30,12.600000000000001,8.700000000000001,77.16,1019,0
2024,12,8,2,0,12.3,8.9,79.73,1019,0
2024,12,8,2,30,12,8.9,81.31,1019,0
2024,12,8,3,0,11.600000000000001,8.9,83.63,1019,0
2024,12,8,3,30,11.3,8.9,85.31,1019,0
2024,12,8,4,0,11,8.700000000000001,85.86,1019,0
2024,12,8,4,30,10.700000000000001,8.700000000000001,87.59,1019,0
2024,12,8,5,0,10.5,8.3,86.12,1019,0
2024,12,8,5,30,10.3,8.3,87.27,1019,0
2024,12,8,6,0,10,7.800000000000001,86.16,1019,0
2024,12,8,6,30,9.8,7.800000000000001,87.32000000000001,1019,0
2024,12,8,7,0,9.600000000000001,7.4,86.26,1019,0
2024,12,8,7,30,9.3,7.4,88.01,1019,0
2024,12,8,8,0,8.9,7.300000000000001,89.79,1018,0
2024,12,8,8,30,8.700000000000001,7.300000000000001,91.10000000000001,1019,0
2024,12,8,9,0,8.5,7.7,94.5,1019,0
2024,12,8,9,30,8.5,7.7,94.5,1019,0
2024,12,8,10,0,8.5,8.1,97.57000000000001,1019,0
2024,12,8,10,30,8.5,8.1,97.57000000000001,1019,0
2024,12,8,11,0,8.5,8.5,99.87,1019,0
2024,12,8,11,30,8.6,8.5,99.2,1019,0
2024,12,8,12,0,8.700000000000001,8.6,99.03,1019,0
2024,12,8,12,30,8.9,8.6,97.71000000000001,1019,0
2024,12,8,13,0,9.1,8,93.01,1019,0
2024,12,8,13,30,8.9,8,94.27,1019,0
2024,12,8,14,0,8.700000000000001,6.9,88.36,1019,0
2024,12,8,14,30,8.4,6.9,90.16,1019,0
2024,12,8,15,0,8.1,5.800000000000001,85.62,1019,0
2024,12,8,15,30,8.700000000000001,5.800000000000001,82.29,1020,0
2024,12,8,16,0,9.200000000000001,5.7,78.52,1020,0
2024,12,8,16,30,10.4,5.7,72.46000000000001,1020,0
2024,12,8,17,0,11.5,6,69.15,1020,0
2024,12,8,17,30,12.600000000000001,6,64.33,1020,0
2024,12,8,18,0,13.8,6.300000000000001,60.36,1020,0
2024,12,8,18,30,14.700000000000001,6.300000000000001,56.96,1020,0
2024,12,8,19,0,15.600000000000001,5.800000000000001,52.1,1019,0
2024,12,8,19,30,16.3,5.800000000000001,49.82,1019,0
2024,12,8,20,0,16.900000000000002,5.6000000000000005,47.14,1018,0
2024,12,8,20,30,17.2,5.6000000000000005,46.26,1018,0
2024,12,8,21,0,17.6,5.6000000000000005,45.1,1018,0
2024,12,8,21,30,17.6,5.5,45.06,1017,0
2024,12,8,22,0,17.7,6.2,46.72,1017,0
2024,12,8,22,30,17,6.2,48.83,1017,0
2024,12,8,23,0,16.400000000000002,8.3,58.94,1017,0
2024,12,8,23,30,14.5,8.3,66.54,1017,0
2024,12,9,0,0,12.5,8.200000000000001,75.23,1018,0
2024,12,9,0,30,11.5,8.200000000000001,80.34,1018,0
2024,12,9,1,0,10.4,7.2,80.42,1018,0
2024,12,9,1,30,10.100000000000001,7.2,82.04,1018,0
2024,12,9,2,0,9.9,7,82,1018,0
2024,12,9,2,30,9.700000000000001,7,83.11,1018,0
2024,12,9,3,0,9.5,6.7,82.73,1018,0
2024,12,9,3,30,9.200000000000001,6.7,84.42,1018,0
2024,12,9,4,0,9,6.300000000000001,83.12,1019,0
2024,12,9,4,30,8.700000000000001,6.300000000000001,84.81,1019,0
2024,12,9,5,0,8.4,5.7,83.39,1019,0
2024,12,9,5,30,8.1,5.7,85.10000000000001,1019,0
2024,12,9,6,0,7.800000000000001,5.2,83.86,1019,0
2024,12,9,6,30,7.5,5.2,85.59,1019,0
2024,12,9,7,0,7.2,4.800000000000001,84.5,1019,0
2024,12,9,7,30,6.800000000000001,4.800000000000001,86.84,1019,0
2024,12,9,8,0,6.5,4.3,85.60000000000001,1019,0
2024,12,9,8,30,6.2,4.3,87.39,1019,0
2024,12,9,9,0,5.9,3.7,85.59,1020,0
2024,12,9,9,30,5.6000000000000005,3.7,87.38,1020,0
2024,12,9,10,0,5.4,3.1,85.18,1020,0
2024,12,9,10,30,5.1000000000000005,3.1,86.97,1020,0
2024,12,9,11,0,4.9,2.7,85.51,1020,0
2024,12,9,11,30,4.7,2.7,86.79,1021,0
2024,12,9,12,0,4.5,2.4000000000000004,85.96000000000001,1021,0
2024,12,9,12,30,4.3,2.4000000000000004,87.17,1021,0
2024,12,9,13,0,4.1000000000000005,2.1,86.64,1021,0
2024,12,9,13,30,3.9000000000000004,2.1,87.87,1021,0
2024,12,9,14,0,3.6,1.7000000000000002,87.38,1022,0
2024,12,9,14,30,3.5,1.7000000000000002,88,1022,0
2024,12,9,15,0,3.3000000000000003,1.4000000000000001,87.59,1022,0
2024,12,9,15,30,4.3,1.4000000000000001,81.65,1022,0
2024,12,9,16,0,5.2,1.8,78.68,1023,0
2024,12,9,16,30,6.6000000000000005,1.8,71.43,1023,0
2024,12,9,17,0,8.1,2.1,65.64,1023,0
2024,12,9,17,30,9.5,2.1,59.730000000000004,1023,0
2024,12,9,18,0,11,2.4000000000000004,55.21,1023,0
2024,12,9,18,30,12.200000000000001,2.4000000000000004,51.01,1023,0
2024,12,9,19,0,13.5,2.3000000000000003,46.800000000000004,1023,0
2024,12,9,19,30,14.3,2.3000000000000003,44.4,1022,0
2024,12,9,20,0,15.100000000000001,2.3000000000000003,42.160000000000004,1022,0
2024,12,9,20,30,15.600000000000001,2.3000000000000003,40.83,1022,0
2024,12,9,21,0,16.1,2.8000000000000003,40.980000000000004,1021,0
2024,12,9,21,30,16.2,2.8000000000000003,40.72,1021,0
2024,12,9,22,0,16.400000000000002,3.8000000000000003,43.17,1021,0
2024,12,9,22,30,15.8,3.8000000000000003,44.84,1021,0
2024,12,9,23,0,15.3,5.7,52.75,1021,0
2024,12,9,23,30,13.600000000000001,5.7,58.85,1021,0
2024,12,10,0,0,12,5.9,66.41,1021,0
2024,12,10,0,30,10.9,5.9,71.41,1021,0
2024,12,10,1,0,9.8,5.6000000000000005,75.22,1022,0
2024,12,10,1,30,9.3,5.6000000000000005,77.78,1022,0
2024,12,10,2,0,8.700000000000001,5.4,80.04,1022,0
2024,12,10,2,30,8.200000000000001,5.5,82.87,1023,0
2024,12,10,3,0,7.800000000000001,5,82.62,1023,0
2024,12,10,3,30,7.300000000000001,5,85.48,1023,0
2024,12,10,4,0,6.800000000000001,4.6000000000000005,85.69,1023,0
2024,12,10,4,30,6.300000000000001,4.6000000000000005,88.77,1024,0
2024,12,10,5,0,5.7,4,88.62,1024,0
2024,12,10,5,30,5.2,4,91.74,1024,0
2024,12,10,6,0,4.7,2.9000000000000004,88.34,1024,0
2024,12,10,6,30,4.1000000000000005,2.9000000000000004,92.12,1024,0
2024,12,10,7,0,3.5,1.9000000000000001,89.54,1024,0
2024,12,10,7,30,3.1,1.9000000000000001,92.10000000000001,1024,0
2024,12,10,8,0,2.8000000000000003,1.2000000000000002,89.29,1025,0
2024,12,10,8,30,2.6,1.2000000000000002,90.56,1025,0
2024,12,10,9,0,2.4000000000000004,0.6000000000000001,88.01,1025,0
2024,12,10,9,30,2.2,0.6000000000000001,89.27,1025,0
2024,12,10,10,0,1.9000000000000001,-0.2,85.66,1025,0
2024,12,10,10,30,1.7000000000000002,-0.2,86.89,1025,0
2024,12,10,11,0,1.5,-1.3,81.64,1025,0
2024,12,10,11,30,1.5,-1.3,81.64,1025,0
2024,12,10,12,0,1.4000000000000001,-2.1,77.73,1026,0
2024,12,10,12,30,1.5,-2.1,77.18,1026,0
2024,12,10,13,0,1.5,-2.6,74.21000000000001,1026,0
2024,12,10,13,30,1.5,-2.6,74.21000000000001,1026,0
2024,12,10,14,0,1.5,-2.7,73.76,1026,0
2024,12,10,14,30,1.5,-2.7,73.76,1026,0
2024,12,10,15,0,1.5,-2.1,76.84,1026,0
2024,12,10,15,30,3,-2.1,69.13,1027,0
2024,12,10,16,0,4.4,-0.1,72.79,1027,0
2024,12,10,16,30,5.800000000000001,-0.1,66.05,1027,0
2024,12,10,17,0,7.1000000000000005,-0.1,60.25,1028,0
2024,12,10,17,30,8.200000000000001,-0.1,55.910000000000004,1028,0
2024,12,10,18,0,9.3,0.2,53.15,1028,0
2024,12,10,18,30,10.4,0.2,49.39,1028,0
2024,12,10,19,0,11.5,0.4,46.480000000000004,1027,0
2024,12,10,19,30,12.3,0.4,44.1,1027,0
2024,12,10,20,0,13.100000000000001,0.6000000000000001,42.410000000000004,1027,0
2024,12,10,20,30,13.4,0.6000000000000001,41.550000000000004,1026,0
2024,12,10,21,0,13.8,1.2000000000000002,42.2,1026,0
2024,12,10,21,30,13.9,1.2000000000000002,41.93,1026,0
2024,12,10,22,0,14,1.9000000000000001,44.04,1026,0
2024,12,10,22,30,13.4,1.9000000000000001,45.79,1026,0
2024,12,10,23,0,12.9,5,58.870000000000005,1026,0
2024,12,10,23,30,11.3,5,65.38,1026,0
2024,12,11,0,0,9.600000000000001,4.2,69.2,1026,0
2024,12,11,0,30,8.3,4.2,75.53,1026,0
2024,12,11,1,0,7.1000000000000005,3,75.24,1026,0
2024,12,11,1,30,6.6000000000000005,3,77.86,1026,0
2024,12,11,2,0,6.1000000000000005,2.7,79.09,1026,0
2024,12,11,2,30,5.7,2.7,81.3,1026,0
2024,12,11,3,0,5.4,2.5,81.43,1026,0
2024,12,11,3,30,5.1000000000000005,2.5,83.14,1026,0
2024,12,11,4,0,4.9,2.3000000000000003,83.37,1026,0
2024,12,11,4,30,4.7,2.3000000000000003,84.54,1026,0
2024,12,11,5,0,4.5,2.3000000000000003,85.7,1026,0
2024,12,11,5,30,4.4,2.3000000000000003,86.3,1026,0
2024,12,11,6,0,4.3,2.5,87.93,1026,0
2024,12,11,6,30,4.2,2.5,88.46000000000001,1025,0
2024,12,11,7,0,4.2,2.6,89.25,1025,0
2024,12,11,7,30,4.3,2.6,88.63,1025,0
2024,12,11,8,0,4.4,2.7,88.45,1025,0
2024,12,11,8,30,4.4,2.7,88.45,1025,0
2024,12,11,9,0,4.5,2.6,87.4,1025,0
2024,12,11,9,30,4.4,2.6,88.01,1025,0
2024,12,11,10,0,4.4,2.3000000000000003,86.32000000000001,1024,0
2024,12,11,10,30,4.5,2.3000000000000003,85.72,1024,0
2024,12,11,11,0,4.5,1.9000000000000001,83.42,1024,0
2024,12,11,11,30,4.5,1.9000000000000001,83.42,1024,0
2024,12,11,12,0,4.4,1.4000000000000001,80.63,1023,0
2024,12,11,12,30,4.2,1.4000000000000001,81.77,1023,0
2024,12,11,13,0,4,0.8,79.77,1023,0
2024,12,11,13,30,3.7,0.8,81.47,1023,0
2024,12,11,14,0,3.4000000000000004,0.4,80.95,1023,0
2024,12,11,14,30,3.1,0.4,82.68,1023,0
2024,12,11,15,0,2.8000000000000003,0.5,84.8,1023,0
2024,12,11,15,30,3.9000000000000004,0.5,78.47,1023,0
2024,12,11,16,0,5.1000000000000005,1.9000000000000001,79.83,1023,0
2024,12,11,16,30,6.2,1.9000000000000001,73.99,1023,0
2024,12,11,17,0,7.300000000000001,2.2,69.83,1022,0
2024,12,11,17,30,8.3,2.2,65.24,1022,0
2024,12,11,18,0,9.3,2.4000000000000004,62.03,1022,0
2024,12,11,18,30,10.100000000000001,2.4000000000000004,58.74,1021,0
2024,12,11,19,0,10.8,3.1,58.910000000000004,1021,0
2024,12,11,19,30,11.600000000000001,3.1,55.82,1020,0
2024,12,11,20,0,12.3,3.8000000000000003,56.2,1019,0
2024,12,11,20,30,12.8,3.8000000000000003,54.39,1019,0
2024,12,11,21,0,13.4,4.2,53.7,1018,0
2024,12,11,21,30,13.5,4.2,53.300000000000004,1017,0
2024,12,11,22,0,13.700000000000001,4.4,53.54,1017,0
2024,12,11,22,30,13.3,4.4,54.95,1017,0
2024,12,11,23,0,12.8,6.5,65.72,1016,0
2024,12,11,23,30,11.3,6.5,72.53,1016,0
2024,12,12,0,0,9.9,5.800000000000001,75.85000000000001,1016,0
2024,12,12,0,30,9,5.800000000000001,80.57000000000001,1016,0
2024,12,12,1,0,8.1,5,80.63,1016,0
2024,12,12,1,30,7.800000000000001,5,82.2,1015,0
2024,12,12,2,0,7.5,5.2,85.16,1015,0
2024,12,12,2,30,7.6000000000000005,5.2,84.58,1015,0
2024,12,12,3,0,7.7,5.2,84.02,1015,0
2024,12,12,3,30,7.5,5.2,85.09,1014,0
2024,12,12,4,0,7.2,5,85.75,1014,0
2024,12,12,4,30,6.9,5,87.52,1014,0
2024,12,12,5,0,6.5,4.9,89.32000000000001,1013,0
2024,12,12,5,30,6.5,4.9,89.32000000000001,1013,0
2024,12,12,6,0,6.5,4.9,89.63,1012,0
2024,12,12,6,30,6.7,4.9,88.41,1012,0
2024,12,12,7,0,6.800000000000001,5.2,89.45,1012,0
2024,12,12,7,30,7.300000000000001,5.2,86.36,1011,0
2024,12,12,8,0,7.7,5.800000000000001,87.89,1011,0
2024,12,12,8,30,8.5,5.800000000000001,83.17,1010,0
2024,12,12,9,0,9.200000000000001,7.4,88.68,1010,0
2024,12,12,9,30,9.5,7.4,86.83,1009,0
2024,12,12,10,0,9.700000000000001,8.6,93.04,1009,0
2024,12,12,10,30,10,8.6,91.19,1009,0
2024,12,12,11,0,10.3,9.600000000000001,95.14,1009,0
2024,12,12,11,30,9.9,9.5,97.61,1008,0
2024,12,12,12,0,9.5,9.3,98.78,1008,0
2024,12,12,12,30,9.200000000000001,9.200000000000001,100,1009,0
2024,12,12,13,0,8.9,8.8,99.16,1009,0
2024,12,12,13,30,8.3,8.3,100,1009,0
2024,12,12,14,0,7.7,7.7,100,1010,0
2024,12,12,14,30,7.2,7.2,100,1010,0
2024,12,12,15,0,6.7,6.7,100,1010,0
2024,12,12,15,30,7.9,7,94.17,1011,0
2024,12,12,16,0,9.200000000000001,8.6,95.82000000000001,1011,0
2024,12,12,16,30,10.100000000000001,8.6,90.22,1011,0
2024,12,12,17,0,11,9.5,90.77,1012,0
2024,12,12,17,30,11.5,9.600000000000001,87.82000000000001,1012,0
2024,12,12,18,0,11.9,9.4,84.95,1012,0
2024,12,12,18,30,12.200000000000001,9.4,83.29,1012,0
2024,12,12,19,0,12.5,9.200000000000001,80.09,1012,0
2024,12,12,19,30,12.700000000000001,9.200000000000001,79.05,1012,0
2024,12,12,20,0,13,8.8,75.65,1012,0
2024,12,12,20,30,13,8.8,75.57000000000001,1011,0
2024,12,12,21,0,13.100000000000001,8.8,75.37,1011,0
2024,12,12,21,30,12.700000000000001,8.8,77.36,1011,0
2024,12,12,22,0,12.4,9.3,81.33,1011,0
2024,12,12,22,30,12.100000000000001,9.3,82.95,1011,0
2024,12,12,23,0,11.8,9.700000000000001,87.25,1011,0
2024,12,12,23,30,11.600000000000001,9.700000000000001,88.41,1011,0
2024,12,13,0,0,11.3,9.9,91.39,1011,0
2024,12,13,0,30,11.100000000000001,9.9,92.61,1011,0
2024,12,13,1,0,10.8,10,94.58,1012,0
2024,12,13,1,30,10.700000000000001,10,95.21000000000001,1012,0
2024,12,13,2,0,10.700000000000001,10,95.24,1012,0
2024,12,13,2,30,10.600000000000001,10,95.96000000000001,1013,0
2024,12,13,3,0,10.5,9.9,96.06,1013,0
2024,12,13,3,30,10.3,9.9,97.34,1013,0
2024,12,13,4,0,10.100000000000001,9.600000000000001,96.81,1013,0
2024,12,13,4,30,9.600000000000001,9.600000000000001,100,1014,0
2024,12,13,5,0,9.1,9,99.64,1014,0
2024,12,13,5,30,8.6,8.6,100,1014,0
2024,12,13,6,0,8.1,8.1,100,1014,0
2024,12,13,6,30,7.9,7.9,100,1015,0
2024,12,13,7,0,7.6000000000000005,7.6000000000000005,100,1015,0
2024,12,13,7,30,7.5,7.5,100,1015,0
2024,12,13,8,0,7.5,7.5,100,1015,0
2024,12,13,8,30,7.7,7.7,100,1016,0
2024,12,13,9,0,7.9,7.9,100,1016,0
2024,12,13,9,30,8,8,100,1016,0
2024,12,13,10,0,8.200000000000001,8.200000000000001,100,1016,0
2024,12,13,10,30,8.1,8.1,100,1017,0
2024,12,13,11,0,8,8,100,1017,0
2024,12,13,11,30,8.200000000000001,8,98.93,1017,0
2024,12,13,12,0,8.5,8.4,99.23,1017,0
2024,12,13,12,30,8.6,8.4,98.66,1018,0
2024,12,13,13,0,8.6,8.5,99.05,1018,0
2024,12,13,13,30,8.700000000000001,8.5,98.38,1018,0
2024,12,13,14,0,8.8,8.6,98.4,1018,0
2024,12,13,14,30,8.9,8.6,97.83,1019,0
2024,12,13,15,0,8.9,8.6,98.03,1019,0
2024,12,13,15,30,9.4,8.6,94.79,1019,0
2024,12,13,16,0,9.8,9.1,95.27,1019,0
2024,12,13,16,30,10.3,9.1,92.15,1019,0
2024,12,13,17,0,10.8,9.700000000000001,92.93,1019,0
2024,12,13,17,30,11.4,9.700000000000001,89.32000000000001,1019,0
2024,12,13,18,0,12.100000000000001,10,87.19,1019,0
2024,12,13,18,30,12.600000000000001,10,84.38,1019,0
2024,12,13,19,0,13.200000000000001,9.600000000000001,78.76,1019,0
2024,12,13,19,30,13.5,9.600000000000001,77.24,1019,0
2024,12,13,20,0,13.9,8.9,72.04,1018,0
2024,12,13,20,30,13.700000000000001,8.9,72.98,1018,0
2024,12,13,21,0,13.5,8.5,71.94,1017,0
2024,12,13,21,30,13.5,8.5,71.94,1017,0
2024,12,13,22,0,13.5,8.8,73.08,1017,0
2024,12,13,22,30,13.4,8.8,73.56,1017,0
2024,12,13,23,0,13.3,8.700000000000001,73.67,1017,0
2024,12,13,23,30,13,8.700000000000001,75.05,1016,0
2024,12,14,0,0,12.8,8.3,73.92,1016,0
2024,12,14,0,30,12.5,8.3,75.38,1016,0
2024,12,14,1,0,12.200000000000001,8,75.37,1016,0
2024,12,14,1,30,12.200000000000001,8,75.37,1016,0
2024,12,14,2,0,12.100000000000001,7.9,75.25,1015,0
2024,12,14,2,30,12,7.9,75.75,1015,0
2024,12,14,3,0,12,8,76.42,1015,0
2024,12,14,3,30,11.9,8,76.92,1015,0
2024,12,14,4,0,11.8,8.200000000000001,78.52,1015,0
2024,12,14,4,30,11.9,8.200000000000001,77.92,1014,0
2024,12,14,5,0,11.9,8.4,79.25,1014,0
2024,12,14,5,30,11.8,8.4,79.69,1013,0
2024,12,14,6,0,11.8,8.6,80.76,1013,0
2024,12,14,6,30,11.8,8.6,80.76,1013,0
2024,12,14,7,0,11.8,9,82.96000000000001,1012,0
2024,12,14,7,30,11.8,9,82.96000000000001,1012,0
2024,12,14,8,0,11.9,9.700000000000001,86.3,1013,0
2024,12,14,8,30,11.9,9.700000000000001,86.3,1013,0
2024,12,14,9,0,11.9,10.200000000000001,89.07000000000001,1012,0
2024,12,14,9,30,11.9,10.200000000000001,89.07000000000001,1012,0
2024,12,14,10,0,11.8,10.3,90.56,1012,0
2024,12,14,10,30,11.5,10.3,92.36,1012,0
2024,12,14,11,0,11.3,10,91.81,1011,0
2024,12,14,11,30,10.9,10,94.28,1011,0
2024,12,14,12,0,10.5,9.4,92.85000000000001,1011,0
2024,12,14,12,30,10.200000000000001,9.4,94.63,1010,0
2024,12,14,13,0,10,8.9,92.79,1010,0
2024,12,14,13,30,10.100000000000001,8.9,92.18,1010,0
2024,12,14,14,0,10.200000000000001,9.200000000000001,93.58,1009,0
2024,12,14,14,30,10.5,9.200000000000001,91.73,1009,0
2024,12,14,15,0,10.9,10.100000000000001,94.99,1008,0
2024,12,14,15,30,11.600000000000001,10.100000000000001,90.78,1009,0
2024,12,14,16,0,12.4,11.4,93.34,1009,0
2024,12,14,16,30,12.8,11.4,90.93,1009,0
2024,12,14,17,0,13.3,11.8,90.44,1010,0
2024,12,14,17,30,13.5,11.8,89.27,1010,0
2024,12,14,18,0,13.700000000000001,11.5,86.59,1010,0
2024,12,14,18,30,13.9,11.5,85.56,1011,0
2024,12,14,19,0,14,10.600000000000001,79.96000000000001,1011,0
2024,12,14,19,30,14,10.600000000000001,79.96000000000001,1011,0
2024,12,14,20,0,14,9.600000000000001,74.84,1012,0
2024,12,14,20,30,13.8,9.600000000000001,75.81,1012,0
2024,12,14,21,0,13.700000000000001,8.6,71.14,1013,0
2024,12,14,21,30,13.5,8.6,72.14,1014,0
2024,12,14,22,0,13.3,7.9,69.84,1015,0
2024,12,14,22,30,12.9,7.9,71.76,1016,0
2024,12,14,23,0,12.5,7.9,73.51,1017,0
2024,12,14,23,30,11.700000000000001,7.9,77.47,1017,0
2024,12,15,0,0,10.9,8.1,82.7,1018,0
2024,12,15,0,30,10.3,8.1,86.14,1019,0
2024,12,15,1,0,9.700000000000001,8.1,89.75,1019,0
2024,12,15,1,30,9.200000000000001,8.1,92.9,1020,0
2024,12,15,2,0,8.8,7.9,94.22,1020,0
2024,12,15,2,30,8.4,7.9,96.89,1021,0
2024,12,15,3,0,7.9,7.7,98.48,1021,0
2024,12,15,3,30,7.6000000000000005,7.6000000000000005,100,1021,0
2024,12,15,4,0,7.2,7.2,100,1022,0
2024,12,15,4,30,7,7,100,1022,0
2024,12,15,5,0,6.800000000000001,6.800000000000001,100,1022,0
2024,12,15,5,30,6.6000000000000005,6.6000000000000005,100,1023,0
2024,12,15,6,0,6.5,6.5,100,1023,0
2024,12,15,6,30,6.4,6.4,100,1023,0
2024,12,15,7,0,6.4,6.4,100,1023,0
2024,12,15,7,30,6.5,6.5,100,1023,0
2024,12,15,8,0,6.6000000000000005,6.6000000000000005,100,1023,0
2024,12,15,8,30,6.7,6.7,100,1023,0
2024,12,15,9,0,6.9,6.9,100,1023,0
2024,12,15,9,30,6.800000000000001,6.800000000000001,100,1024,0
2024,12,15,10,0,6.6000000000000005,6.6000000000000005,100,1024,0
2024,12,15,10,30,6.5,6.5,100,1024,0
2024,12,15,11,0,6.4,6.4,100,1024,0
2024,12,15,11,30,6.5,6.5,100,1025,0
2024,12,15,12,0,6.6000000000000005,6.4,98.51,1025,0
2024,12,15,12,30,6.5,6.4,99.18,1025,0
2024,12,15,13,0,6.300000000000001,5.800000000000001,96.4,1025,0
2024,12,15,13,30,6.1000000000000005,5.800000000000001,97.73,1025,0
2024,12,15,14,0,5.9,5.2,95.54,1025,0
2024,12,15,14,30,5.9,5.2,95.54,1025,0
2024,12,15,15,0,5.9,5.1000000000000005,94.45,1025,0
2024,12,15,15,30,6.300000000000001,5.1000000000000005,91.98,1026,0
2024,12,15,16,0,6.6000000000000005,5.5,92.60000000000001,1026,0
2024,12,15,16,30,7,5.5,90.09,1026,0
2024,12,15,17,0,7.300000000000001,5.9,91.13,1027,0
2024,12,15,17,30,7.6000000000000005,5.9,89.29,1027,0
2024,12,15,18,0,7.9,6.4,90.14,1027,0
2024,12,15,18,30,8.200000000000001,6.4,88.24,1026,0
2024,12,15,19,0,8.6,6.7,88.10000000000001,1026,0
2024,12,15,19,30,9,6.7,85.76,1026,0
2024,12,15,20,0,9.4,7.1000000000000005,85.69,1025,0
2024,12,15,20,30,9.700000000000001,7.1000000000000005,83.99,1025,0
2024,12,15,21,0,10,7.2,82.97,1024,0
2024,12,15,21,30,10.100000000000001,7.2,82.41,1024,0
2024,12,15,22,0,10.200000000000001,7.2,81.49,1024,0
2024,12,15,22,30,10.100000000000001,7.2,82.03,1024,0
2024,12,15,23,0,10,7.1000000000000005,82.45,1024,0
2024,12,15,23,30,9.5,7.1000000000000005,85.26,1024,0
2024,12,16,0,0,9.1,7.2,87.82000000000001,1023,0
2024,12,16,0,30,8.6,7.2,90.83,1023,0
2024,12,16,1,0,8.1,6.7,90.69,1023,0
2024,12,16,1,30,7.800000000000001,6.7,92.55,1023,0
2024,12,16,2,0,7.5,6.5,93.25,1023,0
2024,12,16,2,30,7.4,6.5,93.88,1023,0
2024,12,16,3,0,7.300000000000001,6.300000000000001,93.61,1023,0
2024,12,16,3,30,7.4,6.300000000000001,92.98,1023,0
2024,12,16,4,0,7.5,6.2,91.63,1023,0
2024,12,16,4,30,7.6000000000000005,6.2,91,1023,0
2024,12,16,5,0,7.6000000000000005,6.2,90.64,1023,0
2024,12,16,5,30,7.6000000000000005,6.2,90.64,1023,0
2024,12,16,6,0,7.5,6.1000000000000005,90.81,1023,0
2024,12,16,6,30,7.300000000000001,6.1000000000000005,92.06,1023,0
2024,12,16,7,0,7.2,5.7,90.13,1022,0
2024,12,16,7,30,6.5,5.7,94.56,1022,0
2024,12,16,8,0,5.800000000000001,4.7,92.57000000000001,1021,0
2024,12,16,8,30,5.300000000000001,4.7,95.83,1021,0
2024,12,16,9,0,4.800000000000001,4,94.59,1020,0
2024,12,16,9,30,4.6000000000000005,4,95.91,1020,0
2024,12,16,10,0,4.4,3.5,94.12,1020,0
2024,12,16,10,30,4.3,3.5,94.69,1019,0
2024,12,16,11,0,4.2,3.4000000000000004,94.25,1019,0
2024,12,16,11,30,4.3,3.4000000000000004,93.59,1019,0
2024,12,16,12,0,4.3,3.3000000000000003,93.17,1019,0
2024,12,16,12,30,4.7,3.3000000000000003,90.52,1018,0
2024,12,16,13,0,5.1000000000000005,3.7,90.73,1018,0
2024,12,16,13,30,5.5,3.7,88.25,1018,0
2024,12,16,14,0,5.9,4,87.71000000000001,1017,0
2024,12,16,14,30,6.1000000000000005,4,86.51,1017,0
2024,12,16,15,0,6.300000000000001,4.4,87.85000000000001,1017,0
2024,12,16,15,30,6.800000000000001,4.4,84.97,1018,0
2024,12,16,16,0,7.2,5.5,89.01,1019,0
2024,12,16,16,30,7.5,5.5,87.21000000000001,1019,0
2024,12,16,17,0,7.7,5.7,87.46000000000001,1019,0
2024,12,16,17,30,7.800000000000001,5.7,86.86,1019,0
2024,12,16,18,0,8,6.4,89.34,1019,0
2024,12,16,18,30,8.4,6.4,86.95,1019,0
2024,12,16,19,0,8.8,7,88.45,1019,0
2024,12,16,19,30,9.1,7,86.60000000000001,1018,0
2024,12,16,20,0,9.3,7.4,88.09,1018,0
2024,12,16,20,30,9.5,7.4,86.91,1018,0
2024,12,16,21,0,9.700000000000001,7.9,88.67,1017,0
2024,12,16,21,30,9.9,7.9,87.49,1017,0
2024,12,16,22,0,10.200000000000001,8.5,89.31,1017,0
2024,12,16,22,30,10.3,8.5,88.81,1018,0
2024,12,16,23,0,10.4,9,91.27,1018,0
2024,12,16,23,30,10.200000000000001,9.1,92.58,1019,0
2024,12,17,0,0,10,9.1,93.94,1019,0
2024,12,17,0,30,9.600000000000001,9.1,96.58,1020,0
2024,12,17,1,0,9.3,8.9,97.22,1020,0
2024,12,17,1,30,9.1,8.9,98.53,1020,0
2024,12,17,2,0,8.9,8.8,99.34,1021,0
2024,12,17,2,30,8.8,8.8,100,1021,0
2024,12,17,3,0,8.8,8.8,100,1021,0
2024,12,17,3,30,8.8,8.8,100,1021,0
2024,12,17,4,0,8.8,8.8,100,1021,0
2024,12,17,4,30,8.9,8.9,99.82000000000001,1021,0
2024,12,17,5,0,9,8.9,99.5,1022,0
2024,12,17,5,30,9.1,8.9,98.84,1022,0
2024,12,17,6,0,9.1,8.8,98.17,1022,0
2024,12,17,6,30,9.1,8.8,98.17,1022,0
2024,12,17,7,0,9,8.6,97.58,1022,0
2024,12,17,7,30,8.9,8.6,98.24000000000001,1022,0
2024,12,17,8,0,8.700000000000001,8.3,97.59,1023,0
2024,12,17,8,30,8.1,8.1,100,1023,0
2024,12,17,9,0,7.5,7.5,100,1023,0
2024,12,17,9,30,7.2,7.2,100,1023,0
2024,12,17,10,0,6.800000000000001,6.800000000000001,100,1023,0
2024,12,17,10,30,6.6000000000000005,6.6000000000000005,100,1024,0
2024,12,17,11,0,6.4,6.4,100,1024,0
2024,12,17,11,30,6.300000000000001,6.300000000000001,100,1024,0
2024,12,17,12,0,6.300000000000001,6.300000000000001,100,1024,0
2024,12,17,12,30,6.6000000000000005,6.4,98.52,1024,0
2024,12,17,13,0,6.9,6.6000000000000005,98.26,1024,0
2024,12,17,13,30,6.9,6.7,98.36,1025,0
2024,12,17,14,0,7,6.5,96.95,1025,0
2024,12,17,14,30,6.9,6.5,97.61,1025,0
2024,12,17,15,0,6.9,6.4,96.64,1025,0
2024,12,17,15,30,7.2,6.4,94.77,1026,0
2024,12,17,16,0,7.5,6.800000000000001,95.41,1026,0
2024,12,17,16,30,8,6.800000000000001,92.23,1026,0
2024,12,17,17,0,8.6,7.6000000000000005,93.64,1026,0
2024,12,17,17,30,9.5,7.6000000000000005,88.14,1026,0
2024,12,17,18,0,10.4,8.9,90.65,1027,0
2024,12,17,18,30,11.600000000000001,8.9,83.64,1026,0
2024,12,17,19,0,12.8,10.100000000000001,83.77,1026,0
2024,12,17,19,30,13.700000000000001,10.100000000000001,79,1026,0
2024,12,17,20,0,14.5,10.600000000000001,77.21000000000001,1026,0
2024,12,17,20,30,14.9,10.5,75.18,1025,0
2024,12,17,21,0,15.3,10.5,73.25,1025,0
2024,12,17,21,30,15.100000000000001,10.5,74.19,1025,0
2024,12,17,22,0,15,10.600000000000001,74.89,1025,0
2024,12,17,22,30,14.4,10.600000000000001,77.83,1025,0
2024,12,17,23,0,13.8,11.4,85.53,1025,0
2024,12,17,23,30,12.600000000000001,11.4,92.38,1024,0
2024,12,18,0,0,11.3,10,92.01,1024,0
2024,12,18,0,30,10.5,10.100000000000001,97.11,1025,0
2024,12,18,1,0,9.700000000000001,9.4,97.74000000000001,1025,0
2024,12,18,1,30,9.1,9.1,100,1025,0
2024,12,18,2,0,8.5,8.5,100,1025,0
2024,12,18,2,30,8.1,8.1,100,1025,0
2024,12,18,3,0,7.800000000000001,7.800000000000001,100,1025,0
2024,12,18,3,30,7.6000000000000005,7.6000000000000005,100,1025,0
2024,12,18,4,0,7.4,7.4,100,1025,0
2024,12,18,4,30,7.300000000000001,7.300000000000001,100,1025,0
2024,12,18,5,0,7.2,6.800000000000001,97.41,1025,0
2024,12,18,5,30,7,6.800000000000001,98.75,1025,0
2024,12,18,6,0,6.800000000000001,6,94.71000000000001,1025,0
2024,12,18,6,30,6.7,6,95.36,1025,0
2024,12,18,7,0,6.5,5.300000000000001,91.72,1025,0
2024,12,18,7,30,6.4,5.300000000000001,92.36,1025,0
2024,12,18,8,0,6.2,4.800000000000001,90.62,1025,0
2024,12,18,8,30,6,4.800000000000001,91.88,1025,0
2024,12,18,9,0,5.7,4.6000000000000005,92.63,1025,0
2024,12,18,9,30,5.5,4.6000000000000005,93.92,1025,0
2024,12,18,10,0,5.300000000000001,4.6000000000000005,95.22,1026,0
2024,12,18,10,30,5.300000000000001,4.6000000000000005,95.22,1026,0
2024,12,18,11,0,5.4,4.6000000000000005,94.79,1026,0
2024,12,18,11,30,5,4.6000000000000005,97.36,1025,0
2024,12,18,12,0,4.6000000000000005,4.4,98.71000000000001,1025,0
2024,12,18,12,30,4.6000000000000005,4.4,98.71000000000001,1025,0
2024,12,18,13,0,4.6000000000000005,4.3,97.82000000000001,1026,0
2024,12,18,13,30,4.7,4.3,97.14,1026,0
2024,12,18,14,0,4.800000000000001,4.1000000000000005,95.12,1026,0
2024,12,18,14,30,4.7,4.1000000000000005,95.79,1026,0
2024,12,18,15,0,4.7,4,95.12,1026,0
2024,12,18,15,30,5.9,4,87.53,1026,0
2024,12,18,16,0,7.1000000000000005,5.300000000000001,88.26,1026,0
2024,12,18,16,30,8.3,5.300000000000001,81.34,1026,0
2024,12,18,17,0,9.4,6,79.17,1027,0
2024,12,18,17,30,10.200000000000001,6,74.97,1026,0
2024,12,18,18,0,10.9,6.6000000000000005,74.84,1026,0
2024,12,18,18,30,11.600000000000001,6.6000000000000005,71.46000000000001,1026,0
2024,12,18,19,0,12.200000000000001,7,70.31,1025,0
2024,12,18,19,30,12.5,7,68.95,1025,0
2024,12,18,20,0,12.8,7.4,69.65,1024,0
2024,12,18,20,30,13.100000000000001,7.4,68.3,1024,0
2024,12,18,21,0,13.4,7.1000000000000005,65.6,1023,0
2024,12,18,21,30,13.4,7.1000000000000005,65.6,1023,0
2024,12,18,22,0,13.4,7.1000000000000005,65.64,1023,0
2024,12,18,22,30,13,7.1000000000000005,67.37,1023,0
2024,12,18,23,0,12.600000000000001,7.9,72.83,1023,0
2024,12,18,23,30,11.100000000000001,7.800000000000001,80.38,1023,0
2024,12,19,0,0,9.600000000000001,7.9,88.91,1022,0
2024,12,19,0,30,8.700000000000001,7.9,94.45,1022,0
2024,12,19,1,0,7.800000000000001,7.300000000000001,96.75,1022,0
2024,12,19,1,30,7.7,7.300000000000001,97.41,1022,0
2024,12,19,2,0,7.7,7.7,100,1022,0
2024,12,19,2,30,7.6000000000000005,7.6000000000000005,100,1022,0
2024,12,19,3,0,7.6000000000000005,7.6000000000000005,100,1022,0
2024,12,19,3,30,7.5,7.5,100,1022,0
2024,12,19,4,0,7.5,7.5,100,1022,0
2024,12,19,4,30,7.5,7.5,100,1022,0
2024,12,19,5,0,7.6000000000000005,7.6000000000000005,100,1022,0
2024,12,19,5,30,7.6000000000000005,7.6000000000000005,100,1022,0
2024,12,19,6,0,7.7,7.7,100,1022,0
2024,12,19,6,30,7.5,7.5,100,1022,0
2024,12,19,7,0,7.300000000000001,7.300000000000001,100,1022,0
2024,12,19,7,30,7.1000000000000005,7.1000000000000005,100,1022,0
2024,12,19,8,0,6.800000000000001,6.800000000000001,100,1022,0
2024,12,19,8,30,6.7,6.7,100,1022,0
2024,12,19,9,0,6.5,6.5,100,1022,0
2024,12,19,9,30,6.5,6.5,100,1022,0
2024,12,19,10,0,6.5,6.5,100,1021,0
2024,12,19,10,30,6.4,6.4,100,1021,0
2024,12,19,11,0,6.4,6.4,100,1021,0
2024,12,19,11,30,6.300000000000001,6.300000000000001,100,1021,0
2024,12,19,12,0,6.300000000000001,6.300000000000001,100,1021,0
2024,12,19,12,30,6.4,6.4,100,1021,0
2024,12,19,13,0,6.5,6.2,98.27,1020,0
2024,12,19,13,30,6.5,6.300000000000001,98.37,1021,0
2024,12,19,14,0,6.5,6,96.34,1021,0
2024,12,19,14,30,6.5,6,96.34,1021,0
2024,12,19,15,0,6.5,5.800000000000001,95.36,1021,0
2024,12,19,15,30,6.9,5.800000000000001,92.78,1021,0
2024,12,19,16,0,7.2,6.2,93.06,1022,0
2024,12,19,16,30,7.7,6.2,89.94,1022,0
2024,12,19,17,0,8.3,6.9,90.67,1022,0
2024,12,19,17,30,9.1,6.9,85.91,1022,0
2024,12,19,18,0,9.8,7.800000000000001,87.33,1022,0
2024,12,19,18,30,10.8,7.800000000000001,81.71000000000001,1022,0
2024,12,19,19,0,11.8,9,82.81,1022,0
2024,12,19,19,30,12.3,9,80.06,1021,0
2024,12,19,20,0,12.9,9.700000000000001,81.17,1021,0
2024,12,19,20,30,13.100000000000001,9.700000000000001,80.04,1020,0
2024,12,19,21,0,13.3,10.200000000000001,81.41,1020,0
2024,12,19,21,30,13.3,10.200000000000001,81.33,1019,0
2024,12,19,22,0,13.200000000000001,10.3,82.41,1019,0
2024,12,19,22,30,12.9,10.3,84.04,1019,0
2024,12,19,23,0,12.5,10.200000000000001,86.12,1019,0
2024,12,19,23,30,11.200000000000001,10.200000000000001,93.72,1018,0
2024,12,20,0,0,9.9,9.700000000000001,98.99000000000001,1018,0
2024,12,20,0,30,8.9,8.9,100,1018,0
2024,12,20,1,0,7.9,7.9,100,1018,0
2024,12,20,1,30,7.7,7.7,100,1019,0
2024,12,20,2,0,7.6000000000000005,7.6000000000000005,100,1019,0
2024,12,20,2,30,7.6000000000000005,7.6000000000000005,100,1019,0
2024,12,20,3,0,7.7,7.7,100,1019,0
2024,12,20,3,30,7.9,7.9,100,1019,0
2024,12,20,4,0,8.1,7.9,98.75,1019,0
2024,12,20,4,30,8.200000000000001,7.9,98.08,1019,0
2024,12,20,5,0,8.4,7.7,95.06,1019,0
2024,12,20,5,30,8.4,7.7,95.06,1019,0
2024,12,20,6,0,8.4,7.4,93.33,1019,0
2024,12,20,6,30,8.4,7.4,93.33,1019,0
2024,12,20,7,0,8.4,7.1000000000000005,91.39,1018,0
2024,12,20,7,30,8.3,7.1000000000000005,92.01,1018,0
2024,12,20,8,0,8.200000000000001,6.800000000000001,90.89,1018,0
2024,12,20,8,30,8.200000000000001,6.800000000000001,90.89,1018,0
2024,12,20,9,0,8.1,6.5,89.82000000000001,1018,0
2024,12,20,9,30,8,6.5,90.43,1018,0
2024,12,20,10,0,7.9,6.300000000000001,89.37,1018,0
2024,12,20,10,30,7.800000000000001,6.300000000000001,90.07000000000001,1019,0
2024,12,20,11,0,7.7,6.1000000000000005,89.32000000000001,1019,0
2024,12,20,11,30,7.6000000000000005,6.1000000000000005,89.92,1019,0
2024,12,20,12,0,7.5,5.9,89.45,1019,0
2024,12,20,12,30,7.4,5.9,90.07000000000001,1019,0
2024,12,20,13,0,7.300000000000001,5.7,89.55,1019,0
2024,12,20,13,30,7.2,5.7,90.16,1019,0
2024,12,20,14,0,7.1000000000000005,5.5,89.66,1019,0
2024,12,20,14,30,7,5.5,90.28,1019,0
2024,12,20,15,0,7,5.4,89.73,1019,0
2024,12,20,15,30,7.1000000000000005,5.4,89.21000000000001,1020,0
2024,12,20,16,0,7.2,5.7,90.37,1020,0
2024,12,20,16,30,7.5,5.7,88.54,1020,0
2024,12,20,17,0,7.800000000000001,6.1000000000000005,88.99,1020,0
2024,12,20,17,30,8.1,6.1000000000000005,87.2,1020,0
2024,12,20,18,0,8.3,6.5,88.16,1020,0
2024,12,20,18,30,8.6,6.5,86.39,1020,0
2024,12,20,19,0,8.8,6.9,87.81,1020,0
2024,12,20,19,30,8.9,6.9,87.13,1019,0
2024,12,20,20,0,9,7.300000000000001,88.95,1019,0
2024,12,20,20,30,9.1,7.300000000000001,88.35000000000001,1019,0
2024,12,20,21,0,9.200000000000001,7.5,89.19,1018,0
2024,12,20,21,30,9.3,7.5,88.59,1018,0
2024,12,20,22,0,9.4,7.6000000000000005,88.66,1018,0
2024,12,20,22,30,9.3,7.6000000000000005,89.35000000000001,1019,0
2024,12,20,23,0,9.200000000000001,7.7,90.15,1019,0
2024,12,20,23,30,8.8,7.7,92.61,1019,0
2024,12,21,0,0,8.4,7.4,93.51,1019,0
2024,12,21,0,30,8.1,7.4,95.43,1019,0
2024,12,21,1,0,7.7,7.1000000000000005,96.16,1019,0
2024,12,21,1,30,7.5,7.1000000000000005,97.47,1019,0
2024,12,21,2,0,7.300000000000001,6.800000000000001,96.56,1019,0
2024,12,21,2,30,7.2,6.800000000000001,97.23,1019,0
2024,12,21,3,0,7.1000000000000005,6.5,96.05,1019,0
2024,12,21,3,30,6.9,6.5,97.38,1019,0
2024,12,21,4,0,6.800000000000001,6.4,97.46000000000001,1019,0
2024,12,21,4,30,6.800000000000001,6.4,97.46000000000001,1019,0
2024,12,21,5,0,6.800000000000001,6.6000000000000005,98.37,1019,0
2024,12,21,5,30,6.9,6.6000000000000005,97.7,1019,0
2024,12,21,6,0,7.1000000000000005,6.800000000000001,97.82000000000001,1019,0
2024,12,21,6,30,7.300000000000001,6.800000000000001,96.49000000000001,1019,0
2024,12,21,7,0,7.5,7,96.39,1019,0
2024,12,21,7,30,7.4,7,97.05,1019,0
2024,12,21,8,0,7.300000000000001,6.800000000000001,96.45,1019,0
2024,12,21,8,30,7,6.800000000000001,98.44,1019,0
2024,12,21,9,0,6.6000000000000005,6.1000000000000005,96.52,1018,0
2024,12,21,9,30,6.6000000000000005,6.1000000000000005,96.52,1018,0
2024,12,21,10,0,6.5,5.7,94.53,1018,0
2024,12,21,10,30,6.5,5.7,94.53,1018,0
2024,12,21,11,0,6.6000000000000005,5.7,94.03,1018,0
2024,12,21,11,30,6.7,5.7,93.39,1018,0
2024,12,21,12,0,6.9,6.1000000000000005,94.73,1017,0
2024,12,21,12,30,6.9,6.1000000000000005,94.73,1017,0
2024,12,21,13,0,7,6.300000000000001,95.42,1017,0
2024,12,21,13,30,7,6.300000000000001,95.51,1018,0
2024,12,21,14,0,7,6.300000000000001,95.28,1018,0
2024,12,21,14,30,7.2,6.300000000000001,93.99,1018,0
2024,12,21,15,0,7.300000000000001,6.4,93.93,1018,0
2024,12,21,15,30,7.800000000000001,6.4,90.79,1018,0
2024,12,21,16,0,8.200000000000001,6.7,90.08,1019,0
2024,12,21,16,30,8.8,6.7,86.5,1019,0
2024,12,21,17,0,9.4,7.4,87.34,1019,0
2024,12,21,17,30,10.100000000000001,7.4,83.34,1019,0
2024,12,21,18,0,10.700000000000001,8.8,87.8,1019,0
2024,12,21,18,30,11,8.8,86.07000000000001,1019,0
2024,12,21,19,0,11.4,9.600000000000001,88.55,1019,0
2024,12,21,19,30,11.4,9.600000000000001,88.55,1019,0
2024,12,21,20,0,11.5,9.9,89.74,1018,0
2024,12,21,20,30,11.5,9.9,89.74,1018,0
2024,12,21,21,0,11.600000000000001,10.100000000000001,90.62,1018,0
2024,12,21,21,30,11.700000000000001,10.100000000000001,90.03,1018,0
2024,12,21,22,0,11.8,10.4,91.26,1018,0
2024,12,21,22,30,11.8,10.4,91.26,1018,0
2024,12,21,23,0,11.8,10.700000000000001,92.93,1018,0
2024,12,21,23,30,11.600000000000001,10.700000000000001,94.16,1018,0
2024,12,22,0,0,11.3,10.200000000000001,93.02,1019,0
2024,12,22,0,30,11.100000000000001,10.200000000000001,94.25,1019,0
2024,12,22,1,0,11,10,93.60000000000001,1019,0
2024,12,22,1,30,10.9,10,94.22,1019,0
2024,12,22,2,0,10.8,9.9,94.2,1019,0
2024,12,22,2,30,10.700000000000001,9.9,94.82000000000001,1019,0
2024,12,22,3,0,10.600000000000001,9.8,94.98,1019,0
2024,12,22,3,30,10.5,9.8,95.61,1019,0
2024,12,22,4,0,10.5,9.8,95.2,1020,0
2024,12,22,4,30,10.4,9.8,95.83,1020,0
2024,12,22,5,0,10.3,9.600000000000001,95.44,1020,0
2024,12,22,5,30,10.200000000000001,9.600000000000001,96.08,1020,0
2024,12,22,6,0,10.100000000000001,9.4,95.53,1020,0
2024,12,22,6,30,10.100000000000001,9.4,95.43,1019,0
2024,12,22,7,0,10,9.3,95.25,1019,0
2024,12,22,7,30,10,9.3,95.25,1019,0
2024,12,22,8,0,9.9,9.200000000000001,95.24,1019,0
2024,12,22,8,30,9.8,9.200000000000001,95.88,1019,0
2024,12,22,9,0,9.8,9,94.92,1018,0
2024,12,22,9,30,9.8,9,95.02,1019,0
2024,12,22,10,0,9.700000000000001,8.9,94.82000000000001,1019,0
2024,12,22,10,30,9.700000000000001,8.9,94.82000000000001,1019,0
2024,12,22,11,0,9.700000000000001,8.9,94.9,1019,0
2024,12,22,11,30,9.600000000000001,8.9,95.54,1019,0
2024,12,22,12,0,9.5,8.9,96.04,1019,0
2024,12,22,12,30,9.5,8.9,96.04,1019,0
2024,12,22,13,0,9.4,9,97.08,1019,0
2024,12,22,13,30,9.5,9,96.43,1019,0
2024,12,22,14,0,9.5,9.1,97.14,1019,0
2024,12,22,14,30,9.5,9.1,97.14,1019,0
2024,12,22,15,0,9.5,9.200000000000001,97.95,1019,0
2024,12,22,15,30,10,9.200000000000001,94.72,1019,0
2024,12,22,16,0,10.4,9.9,96.89,1020,0
2024,12,22,16,30,11.3,9.9,91.28,1020,0
2024,12,22,17,0,12.100000000000001,11,93.13,1020,0
2024,12,22,17,30,13,11,87.81,1020,0
2024,12,22,18,0,14,12.3,89.22,1020,0
2024,12,22,18,30,14.9,12.3,84.19,1020,0
2024,12,22,19,0,15.700000000000001,13.200000000000001,84.87,1020,0
2024,12,22,19,30,16.2,13.100000000000001,82.13,1019,0
2024,12,22,20,0,16.7,13.700000000000001,82.45,1019,0
2024,12,22,20,30,16.900000000000002,13.700000000000001,81.34,1018,0
2024,12,22,21,0,17.1,13.9,81.55,1018,0
2024,12,22,21,30,17.1,13.9,81.55,1018,0
2024,12,22,22,0,17.1,14,82.19,1018,0
2024,12,22,22,30,16.7,14,84.21000000000001,1017,0
2024,12,22,23,0,16.400000000000002,14.5,88.67,1017,0
2024,12,22,23,30,15.4,14.5,94.5,1017,0
2024,12,23,0,0,14.3,13.3,93.75,1017,0
2024,12,23,0,30,13.8,13.3,96.93,1018,0
2024,12,23,1,0,13.3,12.600000000000001,95.49,1018,0
2024,12,23,1,30,13,12.600000000000001,97.37,1018,0
2024,12,23,2,0,12.700000000000001,12.3,97.53,1018,0
2024,12,23,2,30,12.5,12.3,98.81,1018,0
2024,12,23,3,0,12.200000000000001,12,98.8,1018,0
2024,12,23,3,30,12.200000000000001,12,98.8,1018,0
2024,12,23,4,0,12.3,11.9,97.25,1019,0
2024,12,23,4,30,12.4,11.9,96.62,1019,0
2024,12,23,5,0,12.5,11.9,96.25,1019,0
2024,12,23,5,30,12.5,11.9,96.25,1019,0
2024,12,23,6,0,12.5,12,96.46000000000001,1020,0
2024,12,23,6,30,12.4,12,97.09,1020,0
2024,12,23,7,0,12.3,11.9,97.10000000000001,1020,0
2024,12,23,7,30,12.3,11.9,97.10000000000001,1020,0
2024,12,23,8,0,12.200000000000001,11.8,97.27,1020,0
2024,12,23,8,30,12.3,11.8,96.63,1020,0
2024,12,23,9,0,12.3,11.700000000000001,96.19,1020,0
2024,12,23,9,30,12.4,11.700000000000001,95.56,1020,0
2024,12,23,10,0,12.600000000000001,11.8,94.83,1020,0
2024,12,23,10,30,12.600000000000001,11.8,94.83,1020,0
2024,12,23,11,0,12.700000000000001,11.9,94.71000000000001,1020,0
2024,12,23,11,30,12.700000000000001,11.9,94.71000000000001,1020,0
2024,12,23,12,0,12.700000000000001,11.8,94.27,1020,0
2024,12,23,12,30,12.4,11.8,96.14,1020,0
2024,12,23,13,0,12.100000000000001,11.4,95.7,1020,0
2024,12,23,13,30,11.9,11.4,96.97,1020,0
2024,12,23,14,0,11.600000000000001,11.100000000000001,96.54,1020,0
2024,12,23,14,30,11.5,11.100000000000001,97.18,1020,0
2024,12,23,15,0,11.5,11,96.48,1021,0
2024,12,23,15,30,12.100000000000001,11,92.74,1021,0
2024,12,23,16,0,12.700000000000001,11.9,94.97,1021,0
2024,12,23,16,30,13.4,11.9,90.83,1022,0
2024,12,23,17,0,14,12.700000000000001,91.77,1022,0
2024,12,23,17,30,14.8,12.700000000000001,87.16,1022,0
2024,12,23,18,0,15.5,13.600000000000001,88.72,1022,0
2024,12,23,18,30,16.2,13.600000000000001,84.77,1021,0
2024,12,23,19,0,16.900000000000002,14.4,85.33,1021,0
2024,12,23,19,30,17.6,14.4,81.57000000000001,1020,0
2024,12,23,20,0,18.2,15.100000000000001,81.9,1020,0
2024,12,23,20,30,18.5,15,80.3,1019,0
2024,12,23,21,0,18.8,15.3,80.27,1019,0
2024,12,23,21,30,18.7,15.3,80.77,1019,0
2024,12,23,22,0,18.6,15.5,82.23,1018,0
2024,12,23,22,30,18.3,15.5,83.78,1018,0
2024,12,23,23,0,18,15.9,87.77,1018,0
2024,12,23,23,30,17,15.9,93.47,1018,0
2024,12,24,0,0,16,14.9,93.26,1018,0
2024,12,24,0,30,15.5,14.9,96.19,1017,0
2024,12,24,1,0,14.9,14.100000000000001,94.7,1017,0
2024,12,24,1,30,15,14.100000000000001,94.10000000000001,1017,0
2024,12,24,2,0,15.200000000000001,14.200000000000001,93.51,1017,0
2024,12,24,2,30,15.3,14.200000000000001,92.92,1017,0
2024,12,24,3,0,15.4,14.200000000000001,92.8,1017,0
2024,12,24,3,30,15.5,14.200000000000001,92.21000000000001,1017,0
2024,12,24,4,0,15.5,14.3,92.79,1016,0
2024,12,24,4,30,15.5,14.3,92.79,1016,0
2024,12,24,5,0,15.4,14.4,93.68,1016,0
2024,12,24,5,30,15.4,14.4,93.68,1016,0
2024,12,24,6,0,15.4,14.4,93.74,1016,0
2024,12,24,6,30,15.3,14.4,94.34,1016,0
2024,12,24,7,0,15.3,14.4,94.65,1016,0
2024,12,24,7,30,15.3,14.4,94.56,1015,0
2024,12,24,8,0,15.3,14.4,94.38,1015,0
2024,12,24,8,30,15.3,14.4,94.29,1014,0
2024,12,24,9,0,15.3,14.3,94.04,1014,0
2024,12,24,9,30,15.4,14.3,93.44,1014,0
2024,12,24,10,0,15.4,14.4,93.93,1014,0
2024,12,24,10,30,15.3,14.4,94.53,1014,0
2024,12,24,11,0,15.100000000000001,14.100000000000001,93.81,1014,0
2024,12,24,11,30,14.5,14.100000000000001,97.49000000000001,1014,0
2024,12,24,12,0,13.8,12.3,90.89,1014,0
2024,12,24,12,30,13,12.4,95.83,1015,0
2024,12,24,13,0,12.200000000000001,10.600000000000001,89.83,1015,0
2024,12,24,13,30,11.600000000000001,10.600000000000001,93.53,1016,0
2024,12,24,14,0,11,9.4,89.59,1017,0
2024,12,24,14,30,10.5,9.4,92.61,1017,0
2024,12,24,15,0,9.9,8.6,91.64,1017,0
2024,12,24,15,30,10,8.6,91.03,1017,0
2024,12,24,16,0,10.100000000000001,9,92.73,1017,0
2024,12,24,16,30,10.4,9,90.98,1018,0
2024,12,24,17,0,10.700000000000001,9.5,92.44,1018,0
2024,12,24,17,30,11.100000000000001,9.5,90.02,1018,0
2024,12,24,18,0,11.5,10.200000000000001,91.49,1019,0
2024,12,24,18,30,12.3,10.200000000000001,86.8,1019,0
2024,12,24,19,0,13,10.8,86.29,1018,0
2024,12,24,19,30,13.700000000000001,10.8,82.45,1018,0
2024,12,24,20,0,14.4,10.5,77.48,1017,0
2024,12,24,20,30,14.8,10.5,75.51,1017,0
2024,12,24,21,0,15.200000000000001,9.700000000000001,69.9,1017,0
2024,12,24,21,30,15.200000000000001,9.700000000000001,69.9,1017,0
2024,12,24,22,0,15.3,9.200000000000001,67.17,1017,0
2024,12,24,22,30,14.9,9.200000000000001,68.91,1017,0
2024,12,24,23,0,14.5,9.700000000000001,72.99,1018,0
2024,12,24,23,30,13.3,9.700000000000001,78.88,1018,0
2024,12,25,0,0,12.200000000000001,9.600000000000001,83.96000000000001,1018,0
2024,12,25,0,30,11.3,9.600000000000001,89.09,1018,0
2024,12,25,1,0,10.5,8.8,89.17,1018,0
2024,12,25,1,30,10.100000000000001,8.8,91.67,1019,0
2024,12,25,2,0,9.600000000000001,8.5,92.84,1019,0
2024,12,25,2,30,9,8.5,96.65,1019,0
2024,12,25,3,0,8.5,8,96.77,1019,0
2024,12,25,3,30,8.5,8,96.77,1019,0
2024,12,25,4,0,8.4,7.800000000000001,95.86,1019,0
2024,12,25,4,30,8.3,7.800000000000001,96.51,1019,0
2024,12,25,5,0,8.200000000000001,7.6000000000000005,95.89,1019,0
2024,12,25,5,30,7.7,7.6000000000000005,99.2,1019,0
2024,12,25,6,0,7.1000000000000005,7.1000000000000005,100,1020,0
2024,12,25,6,30,7.1000000000000005,7.1000000000000005,100,1019,0
2024,12,25,7,0,7.1000000000000005,7.1000000000000005,99.68,1019,0
2024,12,25,7,30,6.7,6.7,100,1020,0
2024,12,25,8,0,6.300000000000001,6.300000000000001,100,1020,0
2024,12,25,8,30,6.1000000000000005,6.1000000000000005,100,1020,0
2024,12,25,9,0,5.800000000000001,5.800000000000001,100,1020,0
2024,12,25,9,30,5.7,5.7,100,1021,0
2024,12,25,10,0,5.7,5.7,100,1021,0
2024,12,25,10,30,5.5,5.5,100,1021,0
2024,12,25,11,0,5.4,5.4,100,1020,0
2024,12,25,11,30,5.300000000000001,5.300000000000001,100,1021,0
2024,12,25,12,0,5.300000000000001,5.2,98.98,1021,0
2024,12,25,12,30,5.300000000000001,5.2,98.98,1021,0
2024,12,25,13,0,5.300000000000001,4.800000000000001,96.53,1021,0
2024,12,25,13,30,5.300000000000001,4.800000000000001,96.53,1021,0
2024,12,25,14,0,5.300000000000001,4.5,94.44,1021,0
2024,12,25,14,30,5.4,4.5,93.88,1022,0
2024,12,25,15,0,5.5,4.4,92.65,1022,0
2024,12,25,15,30,6.1000000000000005,4.4,88.89,1022,0
2024,12,25,16,0,6.7,5.300000000000001,90.95,1022,0
2024,12,25,16,30,7.9,5.300000000000001,83.8,1022,0
2024,12,25,17,0,9.1,6.2,82.05,1022,0
2024,12,25,17,30,10.4,6.2,75.22,1022,0
2024,12,25,18,0,11.700000000000001,7.800000000000001,77.09,1022,0
2024,12,25,18,30,12.100000000000001,7.800000000000001,75.02,1021,0
2024,12,25,19,0,12.4,8.3,76.10000000000001,1020,0
2024,12,25,19,30,12.700000000000001,8.3,74.7,1021,0
2024,12,25,20,0,12.9,8.3,73.69,1021,0
2024,12,25,20,30,12.8,8.3,74.18,1021,0
2024,12,25,21,0,12.700000000000001,8.200000000000001,74.03,1020,0
2024,12,25,21,30,13,8.200000000000001,72.59,1020,0
2024,12,25,22,0,13.4,8.200000000000001,70.69,1020,0
2024,12,25,22,30,12.600000000000001,8.200000000000001,74.47,1020,0
2024,12,25,23,0,11.8,9,82.72,1021,0
2024,12,25,23,30,11,9,87.2,1021,0
2024,12,26,0,0,10.100000000000001,8.3,88.33,1022,0
2024,12,26,0,30,9.700000000000001,8.200000000000001,90.63,1021,0
2024,12,26,1,0,9.3,7.800000000000001,90.35000000000001,1021,0
2024,12,26,1,30,9.200000000000001,7.800000000000001,90.96000000000001,1021,0
2024,12,26,2,0,9,7.7,91.84,1021,0
2024,12,26,2,30,8.9,7.7,92.46000000000001,1021,0
2024,12,26,3,0,8.8,7.6000000000000005,92.3,1021,0
2024,12,26,3,30,8.700000000000001,7.6000000000000005,92.92,1021,0
2024,12,26,4,0,8.700000000000001,7.6000000000000005,92.61,1021,0
2024,12,26,4,30,8.6,7.6000000000000005,93.24,1021,0
2024,12,26,5,0,8.5,7.5,93.63,1020,0
2024,12,26,5,30,8.6,7.5,93,1020,0
2024,12,26,6,0,8.8,7.7,93.04,1020,0
2024,12,26,6,30,8.8,7.7,93.04,1020,0
2024,12,26,7,0,8.8,7.800000000000001,93.56,1020,0
2024,12,26,7,30,8.9,7.800000000000001,92.94,1020,0
2024,12,26,8,0,9,7.9,93.09,1019,0
2024,12,26,8,30,9.1,7.9,92.47,1019,0
2024,12,26,9,0,9.200000000000001,8.200000000000001,93.32000000000001,1019,0
2024,12,26,9,30,9.4,8.200000000000001,92.08,1019,0
2024,12,26,10,0,9.5,8.200000000000001,91.85000000000001,1019,0
2024,12,26,10,30,9.600000000000001,8.200000000000001,91.23,1019,0
2024,12,26,11,0,9.600000000000001,8,89.95,1018,0
2024,12,26,11,30,9.600000000000001,8,89.95,1018,0
2024,12,26,12,0,9.600000000000001,7.9,89.22,1018,0
2024,12,26,12,30,9.600000000000001,7.9,89.22,1018,0
2024,12,26,13,0,9.600000000000001,8.1,90.07000000000001,1017,0
2024,12,26,13,30,9.700000000000001,8.1,89.56,1018,0
2024,12,26,14,0,9.8,8.3,90.52,1018,0
2024,12,26,14,30,9.8,8.3,90.52,1018,0
2024,12,26,15,0,9.8,8.6,92.16,1018,0
2024,12,26,15,30,10,8.6,90.94,1018,0
2024,12,26,16,0,10.200000000000001,9.1,92.8,1018,0
2024,12,26,16,30,10.600000000000001,9.1,90.45,1019,0
2024,12,26,17,0,11.100000000000001,9.9,92.47,1019,0
2024,12,26,17,30,11.4,9.9,90.65,1019,0
2024,12,26,18,0,11.8,10.700000000000001,92.86,1018,0
2024,12,26,18,30,12.4,10.700000000000001,89.27,1018,0
2024,12,26,19,0,13,11.600000000000001,90.99,1018,0
2024,12,26,19,30,13.3,11.600000000000001,89.23,1018,0
2024,12,26,20,0,13.600000000000001,12.200000000000001,91.15,1018,0
2024,12,26,20,30,13.600000000000001,12.200000000000001,91.15,1018,0
2024,12,26,21,0,13.700000000000001,12.5,92.45,1018,0
2024,12,26,21,30,13.600000000000001,12.5,92.96000000000001,1017,0
2024,12,26,22,0,13.5,12.600000000000001,94.10000000000001,1017,0
2024,12,26,22,30,13.100000000000001,12.600000000000001,96.58,1017,0
2024,12,26,23,0,12.8,12.100000000000001,95.5,1017,0
2024,12,26,23,30,12.4,12.100000000000001,98.03,1017,0
2024,12,27,0,0,12,11.600000000000001,97.57000000000001,1017,0
2024,12,27,0,30,11.9,11.600000000000001,98.22,1017,0
2024,12,27,1,0,11.8,11.5,98.33,1017,0
2024,12,27,1,30,11.8,11.5,98.33,1017,0
2024,12,27,2,0,11.8,11.5,98.26,1017,0
2024,12,27,2,30,12,11.5,96.97,1017,0
2024,12,27,3,0,12.200000000000001,11.700000000000001,97.01,1016,0
2024,12,27,3,30,12.200000000000001,11.700000000000001,97.01,1016,0
2024,12,27,4,0,12.3,11.600000000000001,95.41,1015,0
2024,12,27,4,30,12.200000000000001,11.600000000000001,96.04,1015,0
2024,12,27,5,0,12.200000000000001,11.4,94.55,1015,0
2024,12,27,5,30,12.100000000000001,11.4,95.17,1015,0
2024,12,27,6,0,12,11.200000000000001,95,1014,0
2024,12,27,6,30,12,11.200000000000001,95,1014,0
2024,12,27,7,0,11.9,11.200000000000001,95.32000000000001,1013,0
2024,12,27,7,30,12,11.200000000000001,94.7,1013,0
2024,12,27,8,0,12.100000000000001,11.3,94.81,1012,0
2024,12,27,8,30,12.200000000000001,11.3,94.09,1011,0
2024,12,27,9,0,12.4,11.700000000000001,95.4,1010,0
2024,12,27,9,30,12.8,11.700000000000001,92.94,1010,0
2024,12,27,10,0,13.100000000000001,12.4,95.59,1009,0
2024,12,27,10,30,13.5,12.4,93.14,1009,0
2024,12,27,11,0,13.9,13.200000000000001,95.65,1009,0
2024,12,27,11,30,14,13.200000000000001,95.03,1009,0
2024,12,27,12,0,14.100000000000001,13.4,95.75,1009,0
2024,12,27,12,30,14,13.4,96.46000000000001,1010,0
2024,12,27,13,0,13.8,13.200000000000001,96.15,1010,0
2024,12,27,13,30,13.3,13.200000000000001,99.32000000000001,1010,0
2024,12,27,14,0,12.8,12.5,98.29,1011,0
2024,12,27,14,30,12.600000000000001,12.5,99.58,1011,0
2024,12,27,15,0,12.4,12.100000000000001,97.88,1012,0
2024,12,27,15,30,13,12.100000000000001,94.12,1012,0
2024,12,27,16,0,13.5,12.700000000000001,94.91,1013,0
2024,12,27,16,30,13.9,12.700000000000001,92.48,1013,0
2024,12,27,17,0,14.4,12.8,90.24,1014,0
2024,12,27,17,30,14.700000000000001,12.8,88.60000000000001,1015,0
2024,12,27,18,0,15.100000000000001,12.3,83.61,1015,0
2024,12,27,18,30,15.5,12.3,81.5,1015,0
2024,12,27,19,0,15.9,12,77.55,1016,0
2024,12,27,19,30,16.1,12,76.56,1016,0
2024,12,27,20,0,16.400000000000002,11.600000000000001,73.39,1016,0
2024,12,27,20,30,16.5,11.600000000000001,72.93,1016,0
2024,12,27,21,0,16.6,11.5,71.84,1016,0
2024,12,27,21,30,16.400000000000002,11.5,72.76,1016,0
2024,12,27,22,0,16.2,11.5,73.67,1016,0
2024,12,27,22,30,15.8,11.5,75.57000000000001,1016,0
2024,12,27,23,0,15.3,11.9,80.06,1016,0
2024,12,27,23,30,14.200000000000001,11.9,86.01,1017,0
2024,12,28,0,0,13.200000000000001,11.700000000000001,90.72,1017,0
2024,12,28,0,30,12.3,11.700000000000001,96.21000000000001,1017,0
2024,12,28,1,0,11.4,11,97.49000000000001,1018,0
2024,12,28,1,30,11.200000000000001,11,98.79,1018,0
2024,12,28,2,0,11,11,100,1018,0
2024,12,28,2,30,11.3,11.100000000000001,98.86,1019,0
2024,12,28,3,0,11.5,11.3,98.8,1019,0
2024,12,28,3,30,11.5,11.3,98.8,1019,0
2024,12,28,4,0,11.5,11.3,98.94,1019,0
2024,12,28,4,30,11.4,11.3,99.60000000000001,1019,0
2024,12,28,5,0,11.3,11.3,99.81,1019,0
2024,12,28,5,30,11.4,11.3,99.16,1019,0
2024,12,28,6,0,11.5,11.3,98.60000000000001,1019,0
2024,12,28,6,30,11.5,11.3,98.60000000000001,1019,0
2024,12,28,7,0,11.5,11.3,98.45,1019,0
2024,12,28,7,30,11.4,11.3,99.10000000000001,1019,0
2024,12,28,8,0,11.200000000000001,11,98.97,1018,0
2024,12,28,8,30,11.200000000000001,11,98.97,1018,0
2024,12,28,9,0,11.200000000000001,11,98.42,1018,0
2024,12,28,9,30,11.4,11,97.13,1018,0
2024,12,28,10,0,11.5,11.100000000000001,97.5,1019,0
2024,12,28,10,30,11.700000000000001,11.100000000000001,96.13,1018,0
2024,12,28,11,0,11.8,11.3,96.71000000000001,1018,0
2024,12,28,11,30,11.9,11.3,96.08,1018,0
2024,12,28,12,0,12,11.4,96.39,1018,0
2024,12,28,12,30,12,11.4,96.39,1018,0
2024,12,28,13,0,12,11.4,96.37,1018,0
2024,12,28,13,30,11.9,11.4,97.01,1018,0
2024,12,28,14,0,11.9,11.4,96.67,1018,0
2024,12,28,14,30,11.9,11.4,96.67,1018,0
2024,12,28,15,0,12,11.5,96.7,1019,0
2024,12,28,15,30,12.600000000000001,11.5,92.97,1019,0
2024,12,28,16,0,13.200000000000001,12.4,94.92,1019,0
2024,12,28,16,30,13.9,12.4,90.71000000000001,1019,0
2024,12,28,17,0,14.5,13.4,92.98,1019,0
2024,12,28,17,30,15.200000000000001,13.4,88.98,1020,0
2024,12,28,18,0,16,14.3,89.78,1020,0
2024,12,28,18,30,16.5,14.3,86.98,1020,0
2024,12,28,19,0,17.1,14.600000000000001,85.19,1020,0
2024,12,28,19,30,17.3,14.600000000000001,84.04,1019,0
2024,12,28,20,0,17.5,14.5,82.78,1019,0
2024,12,28,20,30,17.5,14.5,82.78,1019,0
2024,12,28,21,0,17.5,14.600000000000001,83.05,1019,0
2024,12,28,21,30,17.400000000000002,14.600000000000001,83.49,1018,0
2024,12,28,22,0,17.3,14.8,85.44,1018,0
2024,12,28,22,30,17,14.8,87.07000000000001,1018,0
2024,12,28,23,0,16.7,15,89.57000000000001,1018,0
2024,12,28,23,30,16.2,15,92.46000000000001,1018,0
2024,12,29,0,0,15.700000000000001,14.600000000000001,93.39,1018,0
2024,12,29,0,30,15.3,14.600000000000001,95.9,1019,0
2024,12,29,1,0,14.9,14.200000000000001,95.74000000000001,1019,0
2024,12,29,1,30,14.8,14.200000000000001,96.35000000000001,1019,0
2024,12,29,2,0,14.600000000000001,14,95.93,1019,0
2024,12,29,2,30,14.3,14,97.8,1019,0
2024,12,29,3,0,14.100000000000001,13.600000000000001,96.91,1019,0
2024,12,29,3,30,13.700000000000001,13.600000000000001,99.46000000000001,1019,0
2024,12,29,4,0,13.3,13.100000000000001,98.83,1019,0
2024,12,29,4,30,12.9,12.9,100,1019,0
2024,12,29,5,0,12.600000000000001,12.600000000000001,100,1019,0
2024,12,29,5,30,12.3,12.3,100,1019,0
2024,12,29,6,0,12,12,100,1019,0
2024,12,29,6,30,11.8,11.8,100,1019,0
2024,12,29,7,0,11.600000000000001,11.600000000000001,100,1019,0
2024,12,29,7,30,11.4,11.4,100,1019,0
2024,12,29,8,0,11.3,11.3,100,1019,0
2024,12,29,8,30,11.100000000000001,11.100000000000001,100,1018,0
2024,12,29,9,0,10.9,10.9,100,1018,0
2024,12,29,9,30,10.9,10.9,100,1018,0
2024,12,29,10,0,10.9,10.9,99.79,1018,0
2024,12,29,10,30,11.100000000000001,10.9,98.48,1018,0
2024,12,29,11,0,11.4,11,97.60000000000001,1017,0
2024,12,29,11,30,11.9,11,94.44,1017,0
2024,12,29,12,0,12.4,11.5,94.54,1017,0
2024,12,29,12,30,12.600000000000001,11.5,93.22,1016,0
2024,12,29,13,0,12.9,11.8,93.11,1015,0
2024,12,29,13,30,13,11.8,92.51,1015,0
2024,12,29,14,0,13.100000000000001,12,93.21000000000001,1014,0
2024,12,29,14,30,13.3,12,92.01,1014,0
2024,12,29,15,0,13.5,12.600000000000001,94.02,1014,0
2024,12,29,15,30,13.8,12.600000000000001,92.21000000000001,1014,0
2024,12,29,16,0,14,13.200000000000001,95.23,1015,0
2024,12,29,16,30,14.3,13.3,93.5,1016,0
2024,12,29,17,0,14.600000000000001,13.4,92.36,1016,0
2024,12,29,17,30,14.8,13.4,91.27,1017,0
2024,12,29,18,0,15,12.200000000000001,83.3,1018,0
2024,12,29,18,30,15.3,12.200000000000001,81.72,1018,0
2024,12,29,19,0,15.600000000000001,11.100000000000001,74.8,1018,0
2024,12,29,19,30,15.9,11.100000000000001,73.39,1018,0
2024,12,29,20,0,16.3,11.100000000000001,71.49,1018,0
2024,12,29,20,30,16.400000000000002,11.100000000000001,71.04,1018,0
2024,12,29,21,0,16.5,11.200000000000001,70.97,1018,0
2024,12,29,21,30,16.400000000000002,11.200000000000001,71.42,1018,0
2024,12,29,22,0,16.3,11,71.02,1018,0
2024,12,29,22,30,15.9,11,72.85000000000001,1018,0
2024,12,29,23,0,15.5,11,74.55,1018,0
2024,12,29,23,30,14.200000000000001,11,81.12,1019,0
2024,12,30,0,0,12.9,10.8,86.93,1019,0
2024,12,30,0,30,11.9,10.8,92.81,1019,0
2024,12,30,1,0,10.9,9.8,93.11,1020,0
2024,12,30,1,30,10.5,9.8,95.61,1020,0
2024,12,30,2,0,10.100000000000001,9.5,96.15,1021,0
2024,12,30,2,30,9.600000000000001,9.5,99.41,1021,0
2024,12,30,3,0,9.1,9,99.54,1022,0
2024,12,30,3,30,8.700000000000001,8.700000000000001,100,1022,0
2024,12,30,4,0,8.3,8.3,100,1022,0
2024,12,30,4,30,8,8,100,1022,0
2024,12,30,5,0,7.6000000000000005,7.6000000000000005,100,1023,0
2024,12,30,5,30,7.300000000000001,7.300000000000001,100,1023,0
2024,12,30,6,0,7,7,100,1023,0
2024,12,30,6,30,6.800000000000001,6.800000000000001,100,1023,0
2024,12,30,7,0,6.5,6.5,100,1023,0
2024,12,30,7,30,6.300000000000001,6.300000000000001,100,1023,0
2024,12,30,8,0,6.1000000000000005,6.1000000000000005,100,1023,0
2024,12,30,8,30,6,6,100,1023,0
2024,12,30,9,0,5.9,5.9,100,1023,0
2024,12,30,9,30,5.800000000000001,5.800000000000001,100,1023,0
2024,12,30,10,0,5.800000000000001,5.800000000000001,100,1023,0
2024,12,30,10,30,5.800000000000001,5.800000000000001,100,1023,0
2024,12,30,11,0,5.800000000000001,5.4,97.13,1023,0
2024,12,30,11,30,5.800000000000001,5.4,97.13,1023,0
2024,12,30,12,0,5.7,4.9,94.75,1023,0
2024,12,30,12,30,5.7,4.9,94.75,1023,0
2024,12,30,13,0,5.7,4.4,91.65,1023,0
2024,12,30,13,30,5.6000000000000005,4.4,92.28,1023,0
2024,12,30,14,0,5.6000000000000005,4,89.29,1023,0
2024,12,30,14,30,5.5,4,89.91,1023,0
2024,12,30,15,0,5.5,3.6,87.73,1023,0
2024,12,30,15,30,6.300000000000001,3.6,83.10000000000001,1024,0
2024,12,30,16,0,7.1000000000000005,4.4,82.91,1024,0
2024,12,30,16,30,8.1,4.4,77.46000000000001,1024,0
2024,12,30,17,0,9,5.300000000000001,77.7,1024,0
2024,12,30,17,30,10.100000000000001,5.300000000000001,72.18,1024,0
2024,12,30,18,0,11.100000000000001,5.800000000000001,69.63,1024,0
2024,12,30,18,30,11.8,5.7,66.42,1023,0
2024,12,30,19,0,12.4,6.1000000000000005,65.36,1023,0
2024,12,30,19,30,12.700000000000001,6.1000000000000005,64.03,1022,0
2024,12,30,20,0,13.100000000000001,6.4,63.730000000000004,1022,0
2024,12,30,20,30,13.100000000000001,6.4,63.67,1021,0
2024,12,30,21,0,13.200000000000001,6.7,64.77,1021,0
2024,12,30,21,30,13.100000000000001,6.7,65.19,1021,0
2024,12,30,22,0,13.100000000000001,7.2,67.23,1020,0
2024,12,30,22,30,12.700000000000001,7.2,69.01,1020,0
2024,12,30,23,0,12.3,8,74.78,1020,0
2024,12,30,23,30,11.200000000000001,7.9,80.4,1020,0
2024,12,31,0,0,10.200000000000001,7.7,84.58,1020,0
2024,12,31,0,30,9.5,7.7,88.63,1020,0
2024,12,31,1,0,8.8,6.6000000000000005,86.21000000000001,1020,0
2024,12,31,1,30,8.4,6.6000000000000005,88.57000000000001,1020,0
2024,12,31,2,0,8.1,6.1000000000000005,87.07000000000001,1021,0
2024,12,31,2,30,7.800000000000001,6.1000000000000005,88.86,1021,0
2024,12,31,3,0,7.5,5.7,88.39,1021,0
2024,12,31,3,30,7.1000000000000005,5.7,90.83,1021,0
2024,12,31,4,0,6.6000000000000005,5.1000000000000005,90.31,1021,0
2024,12,31,4,30,6.300000000000001,5.1000000000000005,92.19,1021,0
2024,12,31,5,0,5.9,4.9,93.51,1021,0
2024,12,31,5,30,5.6000000000000005,4.9,95.57000000000001,1022,0
2024,12,31,6,0,5.300000000000001,4.6000000000000005,95.51,1022,0
2024,12,31,6,30,5.1000000000000005,4.6000000000000005,96.75,1021,0
2024,12,31,7,0,4.800000000000001,4.1000000000000005,95.15,1021,0
2024,12,31,7,30,4.6000000000000005,4.1000000000000005,96.49000000000001,1021,0
2024,12,31,8,0,4.3,3.6,94.89,1021,0
2024,12,31,8,30,4,3.6,96.91,1021,0
2024,12,31,9,0,3.8000000000000003,3.1,95.08,1021,0
2024,12,31,9,30,3.6,3.1,96.42,1021,0
2024,12,31,10,0,3.4000000000000004,2.6,94.54,1021,0
2024,12,31,10,30,3.3000000000000003,2.6,95.21000000000001,1021,0
2024,12,31,11,0,3.2,2.1,92.56,1021,0
2024,12,31,11,30,3.1,2.1,93.22,1021,0
2024,12,31,12,0,3,1.8,91.89,1020,0
2024,12,31,12,30,3.1,1.8,91.34,1021,0
2024,12,31,13,0,3.1,1.7000000000000002,90.4,1021,0
2024,12,31,13,30,2.9000000000000004,1.7000000000000002,91.69,1021,0
2024,12,31,14,0,2.6,1.6,92.82000000000001,1022,0
2024,12,31,14,30,3,1.6,90.23,1022,0
2024,12,31,15,0,3.3000000000000003,1.8,89.8,1022,0
2024,12,31,15,30,4,1.8,85.49,1022,0
2024,12,31,16,0,4.7,2.7,86.92,1022,0
2024,12,31,16,30,5.9,2.7,80.06,1023,0
2024,12,31,17,0,7.1000000000000005,3.7,79.10000000000001,1023,0
2024,12,31,17,30,8.5,3.7,71.92,1023,0
2024,12,31,18,0,10,4.7,69.68,1023,0
2024,12,31,18,30,10.9,4.7,65.63,1023,0
2024,12,31,19,0,11.9,5.2,63.730000000000004,1023,0
2024,12,31,19,30,12.4,5.2,61.61,1022,0
2024,12,31,20,0,13,5.4,59.76,1022,0
2024,12,31,20,30,13.200000000000001,5.300000000000001,58.93,1021,0
2024,12,31,21,0,13.4,5.2,57.79,1021,0
2024,12,31,21,30,13.200000000000001,5.2,58.54,1021,0
2024,12,31,22,0,13.100000000000001,5.6000000000000005,60.28,1020,0
2024,12,31,22,30,12.700000000000001,5.6000000000000005,61.870000000000005,1020,0
2024,12,31,23,0,12.3,6.9,69.72,1020,0
2024,12,31,23,30,12.3,6.9,69.72,1020,0
